Activating Python environment...
Environment activated.
--- GPU Status ---
Sun Oct 12 08:10:49 2025       
+---------------------------------------------------------------------------------------+
| NVIDIA-SMI 535.247.01             Driver Version: 535.247.01   CUDA Version: 12.2     |
|-----------------------------------------+----------------------+----------------------+
| GPU  Name                 Persistence-M | Bus-Id        Disp.A | Volatile Uncorr. ECC |
| Fan  Temp   Perf          Pwr:Usage/Cap |         Memory-Usage | GPU-Util  Compute M. |
|                                         |                      |               MIG M. |
|=========================================+======================+======================|
|   0  NVIDIA A100-SXM4-40GB          On  | 00000000:01:00.0 Off |                    0 |
| N/A   28C    P0              52W / 400W |      0MiB / 40960MiB |      0%      Default |
|                                         |                      |             Disabled |
+-----------------------------------------+----------------------+----------------------+
                                                                                         
+---------------------------------------------------------------------------------------+
| Processes:                                                                            |
|  GPU   GI   CI        PID   Type   Process name                            GPU Memory |
|        ID   ID                                                             Usage      |
|=======================================================================================|
|  No running processes found                                                           |
+---------------------------------------------------------------------------------------+
--- Running on Host ---
Running on n-hpc-gz6
--- Current Directory ---
Current working directory: /work/shapovalov/KML
--- Temporary Directories Debug ---
SLURM_TMPDIR is: 
TMPDIR is: /tmp
Checking /tmp content:
drwxrwxrwt 24 root root 229376 Oct 12 08:06 /tmp
Checking /dev/shm content:
drwxrwxrwt 22 root root 16520 Oct 12 08:06 /dev/shm
---
Staging model from ./downloaded_model to local scratch /tmp/shapovalov_setfit_model_cache_1386162...
sending incremental file list
./
README.md
config.json
config_sentence_transformers.json
config_setfit.json
model.safetensors
model_head.pkl
modules.json
sentence_bert_config.json
special_tokens_map.json
tokenizer.json
tokenizer_config.json
vocab.txt
1_Pooling/
1_Pooling/config.json

sent 439,027,280 bytes  received 274 bytes  292,685,036.00 bytes/sec
total size is 438,919,162  speedup is 1.00
Model staging complete.
SETFIT_MODEL_PATH set to: /tmp/shapovalov_setfit_model_cache_1386162
Starting Few_Shot_Training.py...
Starting optuna cross validation training...
Loading data from Training_Data_Filtered with text column 'text' and label column 'label'
Data_Journalism_Daten_Filtered.csv loaded with 100 examples.
Loaded 100 to add to training.
Loaded 100 to use for kfold
Using device: cuda
CUDA available: True
Starting cross validation with optuna with 5 folds and 30 trials
Filtering dones. Loaded texsts and labels
Labels: {'Half Data Journalism', 'Data Journalism', 'Not Data Journalism'}
Trial 0: {'num_iterations': 14, 'num_epochs': 3, 'batch_size': 8, 'head_lr': 2.3073636940063274e-05}
Fold 1/5
Loading model from HPC local scratch: /tmp/shapovalov_setfit_model_cache_1386162
{'embedding_loss': 0.3481, 'grad_norm': 3.2261974811553955, 'learning_rate': 0.0, 'epoch': 0.0}
{'embedding_loss': 0.239, 'grad_norm': 1.3728256225585938, 'learning_rate': 5.185185185185185e-06, 'epoch': 0.08}
{'embedding_loss': 0.1538, 'grad_norm': 1.18724524974823, 'learning_rate': 1.0476190476190477e-05, 'epoch': 0.16}
{'embedding_loss': 0.0536, 'grad_norm': 1.5064479112625122, 'learning_rate': 1.576719576719577e-05, 'epoch': 0.24}
{'embedding_loss': 0.0453, 'grad_norm': 0.8117921352386475, 'learning_rate': 1.988242210464433e-05, 'epoch': 0.32}
{'embedding_loss': 0.0215, 'grad_norm': 0.38225042819976807, 'learning_rate': 1.929453262786596e-05, 'epoch': 0.4}
{'embedding_loss': 0.0207, 'grad_norm': 0.232319638133049, 'learning_rate': 1.8706643151087597e-05, 'epoch': 0.48}
{'embedding_loss': 0.0113, 'grad_norm': 0.08424356579780579, 'learning_rate': 1.811875367430923e-05, 'epoch': 0.56}
{'embedding_loss': 0.0031, 'grad_norm': 0.05802273750305176, 'learning_rate': 1.7530864197530865e-05, 'epoch': 0.63}
{'embedding_loss': 0.0011, 'grad_norm': 0.009964018128812313, 'learning_rate': 1.69429747207525e-05, 'epoch': 0.71}
{'embedding_loss': 0.0015, 'grad_norm': 0.04622899740934372, 'learning_rate': 1.6355085243974133e-05, 'epoch': 0.79}
{'embedding_loss': 0.0014, 'grad_norm': 0.020234353840351105, 'learning_rate': 1.576719576719577e-05, 'epoch': 0.87}
{'embedding_loss': 0.0003, 'grad_norm': 0.015274250879883766, 'learning_rate': 1.5179306290417405e-05, 'epoch': 0.95}
{'eval_embedding_loss': 0.00017073699564207345, 'eval_embedding_runtime': 12.4287, 'eval_embedding_samples_per_second': 45.057, 'eval_embedding_steps_per_second': 5.632, 'epoch': 1.0}
{'embedding_loss': 0.0002, 'grad_norm': 0.0023640452418476343, 'learning_rate': 1.4591416813639037e-05, 'epoch': 1.03}
{'embedding_loss': 0.0001, 'grad_norm': 0.014805455692112446, 'learning_rate': 1.4003527336860671e-05, 'epoch': 1.11}
{'embedding_loss': 0.0001, 'grad_norm': 0.01103956624865532, 'learning_rate': 1.3415637860082307e-05, 'epoch': 1.19}
{'embedding_loss': 0.0001, 'grad_norm': 0.011449730023741722, 'learning_rate': 1.2827748383303939e-05, 'epoch': 1.27}
{'embedding_loss': 0.0001, 'grad_norm': 0.002649485133588314, 'learning_rate': 1.2239858906525575e-05, 'epoch': 1.35}
{'embedding_loss': 0.0001, 'grad_norm': 0.0036511707585304976, 'learning_rate': 1.1651969429747207e-05, 'epoch': 1.43}
{'embedding_loss': 0.0001, 'grad_norm': 0.0035702630411833525, 'learning_rate': 1.1064079952968843e-05, 'epoch': 1.51}
{'embedding_loss': 0.0001, 'grad_norm': 0.010167793370783329, 'learning_rate': 1.0476190476190477e-05, 'epoch': 1.59}
{'embedding_loss': 0.0001, 'grad_norm': 0.026961226016283035, 'learning_rate': 9.888300999412111e-06, 'epoch': 1.67}
{'embedding_loss': 0.0001, 'grad_norm': 0.0008928797324188054, 'learning_rate': 9.300411522633745e-06, 'epoch': 1.75}
{'embedding_loss': 0.0001, 'grad_norm': 0.019294172525405884, 'learning_rate': 8.712522045855379e-06, 'epoch': 1.83}
{'embedding_loss': 0.0001, 'grad_norm': 0.007191395852714777, 'learning_rate': 8.124632569077015e-06, 'epoch': 1.9}
{'embedding_loss': 0.0001, 'grad_norm': 0.01134157832711935, 'learning_rate': 7.536743092298649e-06, 'epoch': 1.98}
{'eval_embedding_loss': 0.000108786225609947, 'eval_embedding_runtime': 12.4371, 'eval_embedding_samples_per_second': 45.027, 'eval_embedding_steps_per_second': 5.628, 'epoch': 2.0}
{'embedding_loss': 0.0001, 'grad_norm': 0.01007834542542696, 'learning_rate': 6.948853615520282e-06, 'epoch': 2.06}
{'embedding_loss': 0.0001, 'grad_norm': 0.010320109315216541, 'learning_rate': 6.360964138741918e-06, 'epoch': 2.14}
{'embedding_loss': 0.0, 'grad_norm': 0.0007540665683336556, 'learning_rate': 5.773074661963552e-06, 'epoch': 2.22}
{'embedding_loss': 0.0, 'grad_norm': 0.0032941147219389677, 'learning_rate': 5.185185185185185e-06, 'epoch': 2.3}
{'embedding_loss': 0.0, 'grad_norm': 0.006860639899969101, 'learning_rate': 4.59729570840682e-06, 'epoch': 2.38}
{'embedding_loss': 0.0, 'grad_norm': 0.004856583662331104, 'learning_rate': 4.009406231628454e-06, 'epoch': 2.46}
{'embedding_loss': 0.0, 'grad_norm': 0.008720059879124165, 'learning_rate': 3.4215167548500884e-06, 'epoch': 2.54}
{'embedding_loss': 0.0, 'grad_norm': 0.00887034647166729, 'learning_rate': 2.833627278071723e-06, 'epoch': 2.62}
{'embedding_loss': 0.0, 'grad_norm': 0.006344521418213844, 'learning_rate': 2.245737801293357e-06, 'epoch': 2.7}
{'embedding_loss': 0.0001, 'grad_norm': 0.0030314954929053783, 'learning_rate': 1.6578483245149912e-06, 'epoch': 2.78}
{'embedding_loss': 0.0, 'grad_norm': 0.0015976640861481428, 'learning_rate': 1.0699588477366256e-06, 'epoch': 2.86}
{'embedding_loss': 0.0, 'grad_norm': 0.007060157600790262, 'learning_rate': 4.820693709582599e-07, 'epoch': 2.94}
{'eval_embedding_loss': 7.100582297425717e-05, 'eval_embedding_runtime': 13.0506, 'eval_embedding_samples_per_second': 42.91, 'eval_embedding_steps_per_second': 5.364, 'epoch': 3.0}
{'train_runtime': 826.0136, 'train_samples_per_second': 18.305, 'train_steps_per_second': 2.288, 'train_loss': 0.01472654539528771, 'epoch': 3.0}

🔍 Evaluation Metrics
----------------------------------------
📊 Label Distribution:
  Label Data Journalism: 4
  Label Half Data Journalism: 2
  Label Not Data Journalism: 14

✅ Overall Metrics:
  Accuracy : 1.0000
  Precision: 1.0000
  Recall   : 1.0000
  F1       : 1.0000

🧩 Confusion Matrix:
  [4, 0, 0]
  [0, 2, 0]
  [0, 0, 14]

📌 Per-Class Metrics:
  Class Data Journalism: TP=4, FP=0, FN=0, TN=16
  Class Half Data Journalism: TP=2, FP=0, FN=0, TN=18
  Class Not Data Journalism: TP=14, FP=0, FN=0, TN=6
----------------------------------------
Fold finished F1 Score: 1.0 1.0 None
Fold 2/5
Loading model from HPC local scratch: /tmp/shapovalov_setfit_model_cache_1386162
{'embedding_loss': 0.3751, 'grad_norm': 3.1932528018951416, 'learning_rate': 0.0, 'epoch': 0.0}
{'embedding_loss': 0.2487, 'grad_norm': 1.4144701957702637, 'learning_rate': 5.185185185185185e-06, 'epoch': 0.08}
{'embedding_loss': 0.1634, 'grad_norm': 1.7784510850906372, 'learning_rate': 1.0476190476190477e-05, 'epoch': 0.16}
{'embedding_loss': 0.0503, 'grad_norm': 0.10577673465013504, 'learning_rate': 1.576719576719577e-05, 'epoch': 0.24}
{'embedding_loss': 0.0246, 'grad_norm': 1.1672145128250122, 'learning_rate': 1.988242210464433e-05, 'epoch': 0.32}
{'embedding_loss': 0.0232, 'grad_norm': 0.11246517300605774, 'learning_rate': 1.929453262786596e-05, 'epoch': 0.4}
{'embedding_loss': 0.0132, 'grad_norm': 0.7501987218856812, 'learning_rate': 1.8706643151087597e-05, 'epoch': 0.48}
{'embedding_loss': 0.0116, 'grad_norm': 0.04561401158571243, 'learning_rate': 1.811875367430923e-05, 'epoch': 0.56}
{'embedding_loss': 0.0032, 'grad_norm': 0.006288259290158749, 'learning_rate': 1.7530864197530865e-05, 'epoch': 0.63}
{'embedding_loss': 0.0013, 'grad_norm': 0.038472626358270645, 'learning_rate': 1.69429747207525e-05, 'epoch': 0.71}
{'embedding_loss': 0.0003, 'grad_norm': 0.009296348318457603, 'learning_rate': 1.6355085243974133e-05, 'epoch': 0.79}
{'embedding_loss': 0.0003, 'grad_norm': 0.015271673910319805, 'learning_rate': 1.576719576719577e-05, 'epoch': 0.87}
{'embedding_loss': 0.0002, 'grad_norm': 0.015082982368767262, 'learning_rate': 1.5179306290417405e-05, 'epoch': 0.95}
{'eval_embedding_loss': 8.679955499246716e-05, 'eval_embedding_runtime': 11.7685, 'eval_embedding_samples_per_second': 47.585, 'eval_embedding_steps_per_second': 5.948, 'epoch': 1.0}
{'embedding_loss': 0.0001, 'grad_norm': 0.006550984922796488, 'learning_rate': 1.4591416813639037e-05, 'epoch': 1.03}
{'embedding_loss': 0.0001, 'grad_norm': 0.002817680826410651, 'learning_rate': 1.4003527336860671e-05, 'epoch': 1.11}
{'embedding_loss': 0.0001, 'grad_norm': 0.026843199506402016, 'learning_rate': 1.3415637860082307e-05, 'epoch': 1.19}
{'embedding_loss': 0.0001, 'grad_norm': 0.019679900258779526, 'learning_rate': 1.2827748383303939e-05, 'epoch': 1.27}
{'embedding_loss': 0.0001, 'grad_norm': 0.005059688352048397, 'learning_rate': 1.2239858906525575e-05, 'epoch': 1.35}
{'embedding_loss': 0.0001, 'grad_norm': 0.005839153658598661, 'learning_rate': 1.1651969429747207e-05, 'epoch': 1.43}
{'embedding_loss': 0.0001, 'grad_norm': 0.0030078799463808537, 'learning_rate': 1.1064079952968843e-05, 'epoch': 1.51}
{'embedding_loss': 0.0, 'grad_norm': 0.010956017300486565, 'learning_rate': 1.0476190476190477e-05, 'epoch': 1.59}
{'embedding_loss': 0.0001, 'grad_norm': 0.005582005716860294, 'learning_rate': 9.888300999412111e-06, 'epoch': 1.67}
{'embedding_loss': 0.0, 'grad_norm': 0.005578591488301754, 'learning_rate': 9.300411522633745e-06, 'epoch': 1.75}
{'embedding_loss': 0.0001, 'grad_norm': 0.004206610377877951, 'learning_rate': 8.712522045855379e-06, 'epoch': 1.83}
{'embedding_loss': 0.0001, 'grad_norm': 0.00100042880512774, 'learning_rate': 8.124632569077015e-06, 'epoch': 1.9}
{'embedding_loss': 0.0, 'grad_norm': 0.004591039847582579, 'learning_rate': 7.536743092298649e-06, 'epoch': 1.98}
{'eval_embedding_loss': 6.488426151918247e-05, 'eval_embedding_runtime': 11.7566, 'eval_embedding_samples_per_second': 47.633, 'eval_embedding_steps_per_second': 5.954, 'epoch': 2.0}
{'embedding_loss': 0.0001, 'grad_norm': 0.004890643060207367, 'learning_rate': 6.948853615520282e-06, 'epoch': 2.06}
{'embedding_loss': 0.0001, 'grad_norm': 0.003933009225875139, 'learning_rate': 6.360964138741918e-06, 'epoch': 2.14}
{'embedding_loss': 0.0, 'grad_norm': 0.002656331053003669, 'learning_rate': 5.773074661963552e-06, 'epoch': 2.22}
{'embedding_loss': 0.0, 'grad_norm': 0.00330703379586339, 'learning_rate': 5.185185185185185e-06, 'epoch': 2.3}
{'embedding_loss': 0.0, 'grad_norm': 0.0037084524519741535, 'learning_rate': 4.59729570840682e-06, 'epoch': 2.38}
{'embedding_loss': 0.0, 'grad_norm': 0.005350388586521149, 'learning_rate': 4.009406231628454e-06, 'epoch': 2.46}
{'embedding_loss': 0.0, 'grad_norm': 0.006395771633833647, 'learning_rate': 3.4215167548500884e-06, 'epoch': 2.54}
{'embedding_loss': 0.0, 'grad_norm': 0.001557780895382166, 'learning_rate': 2.833627278071723e-06, 'epoch': 2.62}
{'embedding_loss': 0.0, 'grad_norm': 0.007749583106487989, 'learning_rate': 2.245737801293357e-06, 'epoch': 2.7}
{'embedding_loss': 0.0, 'grad_norm': 0.0034642545506358147, 'learning_rate': 1.6578483245149912e-06, 'epoch': 2.78}
{'embedding_loss': 0.0, 'grad_norm': 0.00486474996432662, 'learning_rate': 1.0699588477366256e-06, 'epoch': 2.86}
{'embedding_loss': 0.0, 'grad_norm': 0.008816566318273544, 'learning_rate': 4.820693709582599e-07, 'epoch': 2.94}
{'eval_embedding_loss': 4.13195593864657e-05, 'eval_embedding_runtime': 11.8922, 'eval_embedding_samples_per_second': 47.09, 'eval_embedding_steps_per_second': 5.886, 'epoch': 3.0}
{'train_runtime': 822.2009, 'train_samples_per_second': 18.39, 'train_steps_per_second': 2.299, 'train_loss': 0.014396578185112467, 'epoch': 3.0}

🔍 Evaluation Metrics
----------------------------------------
📊 Label Distribution:
  Label Not Data Journalism: 14
  Label Data Journalism: 4
  Label Half Data Journalism: 2

✅ Overall Metrics:
  Accuracy : 1.0000
  Precision: 1.0000
  Recall   : 1.0000
  F1       : 1.0000

🧩 Confusion Matrix:
  [4, 0, 0]
  [0, 2, 0]
  [0, 0, 14]

📌 Per-Class Metrics:
  Class Data Journalism: TP=4, FP=0, FN=0, TN=16
  Class Half Data Journalism: TP=2, FP=0, FN=0, TN=18
  Class Not Data Journalism: TP=14, FP=0, FN=0, TN=6
----------------------------------------
Fold finished F1 Score: 1.0 1.0 None
Fold 3/5
Loading model from HPC local scratch: /tmp/shapovalov_setfit_model_cache_1386162
{'embedding_loss': 0.3095, 'grad_norm': 3.6427505016326904, 'learning_rate': 0.0, 'epoch': 0.0}
{'embedding_loss': 0.2511, 'grad_norm': 1.5912286043167114, 'learning_rate': 5.185185185185185e-06, 'epoch': 0.08}
{'embedding_loss': 0.1548, 'grad_norm': 1.9371837377548218, 'learning_rate': 1.0476190476190477e-05, 'epoch': 0.16}
{'embedding_loss': 0.0643, 'grad_norm': 3.256195306777954, 'learning_rate': 1.576719576719577e-05, 'epoch': 0.24}
{'embedding_loss': 0.0401, 'grad_norm': 0.8830974698066711, 'learning_rate': 1.988242210464433e-05, 'epoch': 0.32}
{'embedding_loss': 0.0274, 'grad_norm': 1.3359280824661255, 'learning_rate': 1.929453262786596e-05, 'epoch': 0.4}
{'embedding_loss': 0.015, 'grad_norm': 0.20270347595214844, 'learning_rate': 1.8706643151087597e-05, 'epoch': 0.48}
{'embedding_loss': 0.0182, 'grad_norm': 0.01193114835768938, 'learning_rate': 1.811875367430923e-05, 'epoch': 0.56}
{'embedding_loss': 0.0071, 'grad_norm': 0.02501976117491722, 'learning_rate': 1.7530864197530865e-05, 'epoch': 0.63}
{'embedding_loss': 0.0084, 'grad_norm': 0.038615528494119644, 'learning_rate': 1.69429747207525e-05, 'epoch': 0.71}
{'embedding_loss': 0.0056, 'grad_norm': 0.5698909759521484, 'learning_rate': 1.6355085243974133e-05, 'epoch': 0.79}
{'embedding_loss': 0.004, 'grad_norm': 0.01134553924202919, 'learning_rate': 1.576719576719577e-05, 'epoch': 0.87}
{'embedding_loss': 0.0044, 'grad_norm': 0.04232481122016907, 'learning_rate': 1.5179306290417405e-05, 'epoch': 0.95}
{'eval_embedding_loss': 0.00028542333166114986, 'eval_embedding_runtime': 11.218, 'eval_embedding_samples_per_second': 49.92, 'eval_embedding_steps_per_second': 6.24, 'epoch': 1.0}
{'embedding_loss': 0.0038, 'grad_norm': 0.040954090654850006, 'learning_rate': 1.4591416813639037e-05, 'epoch': 1.03}
{'embedding_loss': 0.0002, 'grad_norm': 0.008421486243605614, 'learning_rate': 1.4003527336860671e-05, 'epoch': 1.11}
{'embedding_loss': 0.0001, 'grad_norm': 0.015488415025174618, 'learning_rate': 1.3415637860082307e-05, 'epoch': 1.19}
{'embedding_loss': 0.0001, 'grad_norm': 0.0033598775044083595, 'learning_rate': 1.2827748383303939e-05, 'epoch': 1.27}
{'embedding_loss': 0.0001, 'grad_norm': 0.006600598338991404, 'learning_rate': 1.2239858906525575e-05, 'epoch': 1.35}
{'embedding_loss': 0.0001, 'grad_norm': 0.016251111403107643, 'learning_rate': 1.1651969429747207e-05, 'epoch': 1.43}
{'embedding_loss': 0.0001, 'grad_norm': 0.010212915018200874, 'learning_rate': 1.1064079952968843e-05, 'epoch': 1.51}
{'embedding_loss': 0.0001, 'grad_norm': 0.010917315259575844, 'learning_rate': 1.0476190476190477e-05, 'epoch': 1.59}
{'embedding_loss': 0.0001, 'grad_norm': 0.0026603781152516603, 'learning_rate': 9.888300999412111e-06, 'epoch': 1.67}
{'embedding_loss': 0.0001, 'grad_norm': 0.004275721963495016, 'learning_rate': 9.300411522633745e-06, 'epoch': 1.75}
{'embedding_loss': 0.0001, 'grad_norm': 0.020902367308735847, 'learning_rate': 8.712522045855379e-06, 'epoch': 1.83}
{'embedding_loss': 0.0001, 'grad_norm': 0.014657451771199703, 'learning_rate': 8.124632569077015e-06, 'epoch': 1.9}
{'embedding_loss': 0.0001, 'grad_norm': 0.013614197261631489, 'learning_rate': 7.536743092298649e-06, 'epoch': 1.98}
{'eval_embedding_loss': 9.875682735582814e-05, 'eval_embedding_runtime': 11.5021, 'eval_embedding_samples_per_second': 48.687, 'eval_embedding_steps_per_second': 6.086, 'epoch': 2.0}
{'embedding_loss': 0.0001, 'grad_norm': 0.027048436924815178, 'learning_rate': 6.948853615520282e-06, 'epoch': 2.06}
{'embedding_loss': 0.0, 'grad_norm': 0.003722391091287136, 'learning_rate': 6.360964138741918e-06, 'epoch': 2.14}
{'embedding_loss': 0.0001, 'grad_norm': 0.003099819179624319, 'learning_rate': 5.773074661963552e-06, 'epoch': 2.22}
{'embedding_loss': 0.0, 'grad_norm': 0.005748508498072624, 'learning_rate': 5.185185185185185e-06, 'epoch': 2.3}
{'embedding_loss': 0.0, 'grad_norm': 0.004684992600232363, 'learning_rate': 4.59729570840682e-06, 'epoch': 2.38}
{'embedding_loss': 0.0, 'grad_norm': 0.004495750181376934, 'learning_rate': 4.009406231628454e-06, 'epoch': 2.46}
{'embedding_loss': 0.0, 'grad_norm': 0.004068728070706129, 'learning_rate': 3.4215167548500884e-06, 'epoch': 2.54}
{'embedding_loss': 0.0, 'grad_norm': 0.0008572541992180049, 'learning_rate': 2.833627278071723e-06, 'epoch': 2.62}
{'embedding_loss': 0.0, 'grad_norm': 0.007699666079133749, 'learning_rate': 2.245737801293357e-06, 'epoch': 2.7}
{'embedding_loss': 0.0, 'grad_norm': 0.0060690403915941715, 'learning_rate': 1.6578483245149912e-06, 'epoch': 2.78}
{'embedding_loss': 0.0, 'grad_norm': 0.004503057803958654, 'learning_rate': 1.0699588477366256e-06, 'epoch': 2.86}
{'embedding_loss': 0.0, 'grad_norm': 0.013598233461380005, 'learning_rate': 4.820693709582599e-07, 'epoch': 2.94}
{'eval_embedding_loss': 8.282719500130042e-05, 'eval_embedding_runtime': 11.3118, 'eval_embedding_samples_per_second': 49.506, 'eval_embedding_steps_per_second': 6.188, 'epoch': 3.0}
{'train_runtime': 823.7941, 'train_samples_per_second': 18.354, 'train_steps_per_second': 2.294, 'train_loss': 0.01605777226286206, 'epoch': 3.0}

🔍 Evaluation Metrics
----------------------------------------
📊 Label Distribution:
  Label Not Data Journalism: 13
  Label Half Data Journalism: 2
  Label Data Journalism: 5

✅ Overall Metrics:
  Accuracy : 1.0000
  Precision: 1.0000
  Recall   : 1.0000
  F1       : 1.0000

🧩 Confusion Matrix:
  [5, 0, 0]
  [0, 2, 0]
  [0, 0, 13]

📌 Per-Class Metrics:
  Class Data Journalism: TP=5, FP=0, FN=0, TN=15
  Class Half Data Journalism: TP=2, FP=0, FN=0, TN=18
  Class Not Data Journalism: TP=13, FP=0, FN=0, TN=7
----------------------------------------
Fold finished F1 Score: 1.0 1.0 None
Fold 4/5
Loading model from HPC local scratch: /tmp/shapovalov_setfit_model_cache_1386162
{'embedding_loss': 0.2473, 'grad_norm': 3.0483310222625732, 'learning_rate': 0.0, 'epoch': 0.0}
{'embedding_loss': 0.2438, 'grad_norm': 1.2668225765228271, 'learning_rate': 5.185185185185185e-06, 'epoch': 0.08}
{'embedding_loss': 0.1509, 'grad_norm': 4.342517852783203, 'learning_rate': 1.0476190476190477e-05, 'epoch': 0.16}
{'embedding_loss': 0.062, 'grad_norm': 1.144790530204773, 'learning_rate': 1.576719576719577e-05, 'epoch': 0.24}
{'embedding_loss': 0.0287, 'grad_norm': 0.12600627541542053, 'learning_rate': 1.988242210464433e-05, 'epoch': 0.32}
{'embedding_loss': 0.0243, 'grad_norm': 1.0105750560760498, 'learning_rate': 1.929453262786596e-05, 'epoch': 0.4}
{'embedding_loss': 0.0197, 'grad_norm': 0.16073565185070038, 'learning_rate': 1.8706643151087597e-05, 'epoch': 0.48}
{'embedding_loss': 0.0074, 'grad_norm': 0.057272665202617645, 'learning_rate': 1.811875367430923e-05, 'epoch': 0.56}
{'embedding_loss': 0.0081, 'grad_norm': 0.11056114733219147, 'learning_rate': 1.7530864197530865e-05, 'epoch': 0.63}
{'embedding_loss': 0.006, 'grad_norm': 0.008298391476273537, 'learning_rate': 1.69429747207525e-05, 'epoch': 0.71}
{'embedding_loss': 0.0038, 'grad_norm': 0.003620459698140621, 'learning_rate': 1.6355085243974133e-05, 'epoch': 0.79}
{'embedding_loss': 0.0038, 'grad_norm': 0.018175538629293442, 'learning_rate': 1.576719576719577e-05, 'epoch': 0.87}
{'embedding_loss': 0.0039, 'grad_norm': 0.012063739821314812, 'learning_rate': 1.5179306290417405e-05, 'epoch': 0.95}
{'eval_embedding_loss': 0.011757789179682732, 'eval_embedding_runtime': 10.6041, 'eval_embedding_samples_per_second': 52.81, 'eval_embedding_steps_per_second': 6.601, 'epoch': 1.0}
{'embedding_loss': 0.0007, 'grad_norm': 0.008045174181461334, 'learning_rate': 1.4591416813639037e-05, 'epoch': 1.03}
{'embedding_loss': 0.0025, 'grad_norm': 0.009729987010359764, 'learning_rate': 1.4003527336860671e-05, 'epoch': 1.11}
{'embedding_loss': 0.0017, 'grad_norm': 0.05491998419165611, 'learning_rate': 1.3415637860082307e-05, 'epoch': 1.19}
{'embedding_loss': 0.0019, 'grad_norm': 0.003394646104425192, 'learning_rate': 1.2827748383303939e-05, 'epoch': 1.27}
{'embedding_loss': 0.0005, 'grad_norm': 0.016160892322659492, 'learning_rate': 1.2239858906525575e-05, 'epoch': 1.35}
{'embedding_loss': 0.0053, 'grad_norm': 0.005619609262794256, 'learning_rate': 1.1651969429747207e-05, 'epoch': 1.43}
{'embedding_loss': 0.0044, 'grad_norm': 0.43902984261512756, 'learning_rate': 1.1064079952968843e-05, 'epoch': 1.51}
{'embedding_loss': 0.0021, 'grad_norm': 0.05778157338500023, 'learning_rate': 1.0476190476190477e-05, 'epoch': 1.59}
{'embedding_loss': 0.0077, 'grad_norm': 0.013476046733558178, 'learning_rate': 9.888300999412111e-06, 'epoch': 1.67}
{'embedding_loss': 0.0038, 'grad_norm': 0.020588545128703117, 'learning_rate': 9.300411522633745e-06, 'epoch': 1.75}
{'embedding_loss': 0.0007, 'grad_norm': 0.02433774620294571, 'learning_rate': 8.712522045855379e-06, 'epoch': 1.83}
{'embedding_loss': 0.001, 'grad_norm': 0.001185669214464724, 'learning_rate': 8.124632569077015e-06, 'epoch': 1.9}
{'embedding_loss': 0.0017, 'grad_norm': 0.021427882835268974, 'learning_rate': 7.536743092298649e-06, 'epoch': 1.98}
{'eval_embedding_loss': 0.001208621310070157, 'eval_embedding_runtime': 10.5822, 'eval_embedding_samples_per_second': 52.919, 'eval_embedding_steps_per_second': 6.615, 'epoch': 2.0}
{'embedding_loss': 0.0003, 'grad_norm': 0.007687562610954046, 'learning_rate': 6.948853615520282e-06, 'epoch': 2.06}
{'embedding_loss': 0.0001, 'grad_norm': 0.004850334487855434, 'learning_rate': 6.360964138741918e-06, 'epoch': 2.14}
{'embedding_loss': 0.0002, 'grad_norm': 0.00144565524533391, 'learning_rate': 5.773074661963552e-06, 'epoch': 2.22}
{'embedding_loss': 0.0002, 'grad_norm': 0.014264903962612152, 'learning_rate': 5.185185185185185e-06, 'epoch': 2.3}
{'embedding_loss': 0.0001, 'grad_norm': 0.0059865498915314674, 'learning_rate': 4.59729570840682e-06, 'epoch': 2.38}
{'embedding_loss': 0.0001, 'grad_norm': 0.00886098574846983, 'learning_rate': 4.009406231628454e-06, 'epoch': 2.46}
{'embedding_loss': 0.0001, 'grad_norm': 0.002781887771561742, 'learning_rate': 3.4215167548500884e-06, 'epoch': 2.54}
{'embedding_loss': 0.0001, 'grad_norm': 0.0019499949412420392, 'learning_rate': 2.833627278071723e-06, 'epoch': 2.62}
{'embedding_loss': 0.0001, 'grad_norm': 0.007218661718070507, 'learning_rate': 2.245737801293357e-06, 'epoch': 2.7}
{'embedding_loss': 0.0, 'grad_norm': 0.0013322700979188085, 'learning_rate': 1.6578483245149912e-06, 'epoch': 2.78}
{'embedding_loss': 0.0, 'grad_norm': 0.002008654410019517, 'learning_rate': 1.0699588477366256e-06, 'epoch': 2.86}
{'embedding_loss': 0.0, 'grad_norm': 0.007887291721999645, 'learning_rate': 4.820693709582599e-07, 'epoch': 2.94}
{'eval_embedding_loss': 0.00014480412937700748, 'eval_embedding_runtime': 10.907, 'eval_embedding_samples_per_second': 51.343, 'eval_embedding_steps_per_second': 6.418, 'epoch': 3.0}
{'train_runtime': 822.2106, 'train_samples_per_second': 18.389, 'train_steps_per_second': 2.299, 'train_loss': 0.01582044120194272, 'epoch': 3.0}

🔍 Evaluation Metrics
----------------------------------------
📊 Label Distribution:
  Label Not Data Journalism: 13
  Label Data Journalism: 4
  Label Half Data Journalism: 3

✅ Overall Metrics:
  Accuracy : 1.0000
  Precision: 1.0000
  Recall   : 1.0000
  F1       : 1.0000

🧩 Confusion Matrix:
  [4, 0, 0]
  [0, 3, 0]
  [0, 0, 13]

📌 Per-Class Metrics:
  Class Data Journalism: TP=4, FP=0, FN=0, TN=16
  Class Half Data Journalism: TP=3, FP=0, FN=0, TN=17
  Class Not Data Journalism: TP=13, FP=0, FN=0, TN=7
----------------------------------------
Fold finished F1 Score: 1.0 1.0 None
Fold 5/5
Loading model from HPC local scratch: /tmp/shapovalov_setfit_model_cache_1386162
{'embedding_loss': 0.3095, 'grad_norm': 3.2965927124023438, 'learning_rate': 0.0, 'epoch': 0.0}
{'embedding_loss': 0.2463, 'grad_norm': 1.4329466819763184, 'learning_rate': 5.185185185185185e-06, 'epoch': 0.08}
{'embedding_loss': 0.146, 'grad_norm': 1.2800843715667725, 'learning_rate': 1.0476190476190477e-05, 'epoch': 0.16}
{'embedding_loss': 0.0624, 'grad_norm': 0.1139296144247055, 'learning_rate': 1.576719576719577e-05, 'epoch': 0.24}
{'embedding_loss': 0.0253, 'grad_norm': 0.1670089215040207, 'learning_rate': 1.988242210464433e-05, 'epoch': 0.32}
{'embedding_loss': 0.0226, 'grad_norm': 2.26432204246521, 'learning_rate': 1.929453262786596e-05, 'epoch': 0.4}
{'embedding_loss': 0.0138, 'grad_norm': 0.09113510698080063, 'learning_rate': 1.8706643151087597e-05, 'epoch': 0.48}
{'embedding_loss': 0.0122, 'grad_norm': 0.06536024808883667, 'learning_rate': 1.811875367430923e-05, 'epoch': 0.56}
{'embedding_loss': 0.003, 'grad_norm': 0.02403213270008564, 'learning_rate': 1.7530864197530865e-05, 'epoch': 0.63}
{'embedding_loss': 0.0061, 'grad_norm': 0.030535781756043434, 'learning_rate': 1.69429747207525e-05, 'epoch': 0.71}
{'embedding_loss': 0.0038, 'grad_norm': 0.004836822394281626, 'learning_rate': 1.6355085243974133e-05, 'epoch': 0.79}
{'embedding_loss': 0.0097, 'grad_norm': 0.03215591982007027, 'learning_rate': 1.576719576719577e-05, 'epoch': 0.87}
{'embedding_loss': 0.0018, 'grad_norm': 0.049379877746105194, 'learning_rate': 1.5179306290417405e-05, 'epoch': 0.95}
{'eval_embedding_loss': 0.0004677696852013469, 'eval_embedding_runtime': 10.1425, 'eval_embedding_samples_per_second': 55.213, 'eval_embedding_steps_per_second': 6.902, 'epoch': 1.0}
{'embedding_loss': 0.0008, 'grad_norm': 0.004739779978990555, 'learning_rate': 1.4591416813639037e-05, 'epoch': 1.03}
{'embedding_loss': 0.0003, 'grad_norm': 0.006424984894692898, 'learning_rate': 1.4003527336860671e-05, 'epoch': 1.11}
{'embedding_loss': 0.0001, 'grad_norm': 0.0018504633335396647, 'learning_rate': 1.3415637860082307e-05, 'epoch': 1.19}
{'embedding_loss': 0.0002, 'grad_norm': 0.011395548470318317, 'learning_rate': 1.2827748383303939e-05, 'epoch': 1.27}
{'embedding_loss': 0.0002, 'grad_norm': 0.006167803891003132, 'learning_rate': 1.2239858906525575e-05, 'epoch': 1.35}
{'embedding_loss': 0.0001, 'grad_norm': 0.020381005480885506, 'learning_rate': 1.1651969429747207e-05, 'epoch': 1.43}
{'embedding_loss': 0.0001, 'grad_norm': 0.01845124363899231, 'learning_rate': 1.1064079952968843e-05, 'epoch': 1.51}
{'embedding_loss': 0.0001, 'grad_norm': 0.008803417906165123, 'learning_rate': 1.0476190476190477e-05, 'epoch': 1.59}
{'embedding_loss': 0.0001, 'grad_norm': 0.02484392374753952, 'learning_rate': 9.888300999412111e-06, 'epoch': 1.67}
{'embedding_loss': 0.0, 'grad_norm': 0.0009749711607582867, 'learning_rate': 9.300411522633745e-06, 'epoch': 1.75}
{'embedding_loss': 0.0001, 'grad_norm': 0.0032041012309491634, 'learning_rate': 8.712522045855379e-06, 'epoch': 1.83}
{'embedding_loss': 0.0001, 'grad_norm': 0.002927062101662159, 'learning_rate': 8.124632569077015e-06, 'epoch': 1.9}
{'embedding_loss': 0.0, 'grad_norm': 0.015080945566296577, 'learning_rate': 7.536743092298649e-06, 'epoch': 1.98}
{'eval_embedding_loss': 0.00014387124974746257, 'eval_embedding_runtime': 10.4542, 'eval_embedding_samples_per_second': 53.567, 'eval_embedding_steps_per_second': 6.696, 'epoch': 2.0}
{'embedding_loss': 0.0001, 'grad_norm': 0.011029932647943497, 'learning_rate': 6.948853615520282e-06, 'epoch': 2.06}
{'embedding_loss': 0.0001, 'grad_norm': 0.0050536817871034145, 'learning_rate': 6.360964138741918e-06, 'epoch': 2.14}
{'embedding_loss': 0.0001, 'grad_norm': 0.001448341878131032, 'learning_rate': 5.773074661963552e-06, 'epoch': 2.22}
{'embedding_loss': 0.0, 'grad_norm': 0.00825490802526474, 'learning_rate': 5.185185185185185e-06, 'epoch': 2.3}
{'embedding_loss': 0.0, 'grad_norm': 0.007059084717184305, 'learning_rate': 4.59729570840682e-06, 'epoch': 2.38}
{'embedding_loss': 0.0, 'grad_norm': 0.012713123112916946, 'learning_rate': 4.009406231628454e-06, 'epoch': 2.46}
{'embedding_loss': 0.0, 'grad_norm': 0.00899057649075985, 'learning_rate': 3.4215167548500884e-06, 'epoch': 2.54}
{'embedding_loss': 0.0001, 'grad_norm': 0.0031404972542077303, 'learning_rate': 2.833627278071723e-06, 'epoch': 2.62}
{'embedding_loss': 0.0, 'grad_norm': 0.006736244075000286, 'learning_rate': 2.245737801293357e-06, 'epoch': 2.7}
{'embedding_loss': 0.0001, 'grad_norm': 0.005176398903131485, 'learning_rate': 1.6578483245149912e-06, 'epoch': 2.78}
{'embedding_loss': 0.0, 'grad_norm': 0.0022402063477784395, 'learning_rate': 1.0699588477366256e-06, 'epoch': 2.86}
{'embedding_loss': 0.0, 'grad_norm': 0.01049888413399458, 'learning_rate': 4.820693709582599e-07, 'epoch': 2.94}
{'eval_embedding_loss': 8.832455205265433e-05, 'eval_embedding_runtime': 10.3852, 'eval_embedding_samples_per_second': 53.923, 'eval_embedding_steps_per_second': 6.74, 'epoch': 3.0}
{'train_runtime': 822.2346, 'train_samples_per_second': 18.389, 'train_steps_per_second': 2.299, 'train_loss': 0.014734958768785295, 'epoch': 3.0}

🔍 Evaluation Metrics
----------------------------------------
📊 Label Distribution:
  Label Not Data Journalism: 13
  Label Data Journalism: 4
  Label Half Data Journalism: 3

✅ Overall Metrics:
  Accuracy : 1.0000
  Precision: 1.0000
  Recall   : 1.0000
  F1       : 1.0000

🧩 Confusion Matrix:
  [4, 0, 0]
  [0, 3, 0]
  [0, 0, 13]

📌 Per-Class Metrics:
  Class Data Journalism: TP=4, FP=0, FN=0, TN=16
  Class Half Data Journalism: TP=3, FP=0, FN=0, TN=17
  Class Not Data Journalism: TP=13, FP=0, FN=0, TN=7
----------------------------------------
Fold finished F1 Score: 1.0 1.0 None
Average VRAM usage: 3342.42 MB, Max VRAM usage: 11337.79 MB
Trial 0 completed with avg fold F1 score: 1.0
Trial 1: {'num_iterations': 11, 'num_epochs': 1, 'batch_size': 8, 'head_lr': 3.826488420343061e-05}
Fold 1/5
Loading model from HPC local scratch: /tmp/shapovalov_setfit_model_cache_1386162
{'embedding_loss': 0.3891, 'grad_norm': 3.777667760848999, 'learning_rate': 0.0, 'epoch': 0.0}
{'embedding_loss': 0.2186, 'grad_norm': 1.4890196323394775, 'learning_rate': 1.9600000000000002e-05, 'epoch': 0.1}
{'embedding_loss': 0.0682, 'grad_norm': 1.2371392250061035, 'learning_rate': 1.7797752808988767e-05, 'epoch': 0.2}
{'embedding_loss': 0.0461, 'grad_norm': 0.05678239464759827, 'learning_rate': 1.555056179775281e-05, 'epoch': 0.3}
{'embedding_loss': 0.0278, 'grad_norm': 0.0426248200237751, 'learning_rate': 1.3303370786516856e-05, 'epoch': 0.4}
{'embedding_loss': 0.0208, 'grad_norm': 0.044179562479257584, 'learning_rate': 1.10561797752809e-05, 'epoch': 0.51}
{'embedding_loss': 0.0131, 'grad_norm': 0.022668983787298203, 'learning_rate': 8.808988764044944e-06, 'epoch': 0.61}
{'embedding_loss': 0.0081, 'grad_norm': 0.430088609457016, 'learning_rate': 6.561797752808989e-06, 'epoch': 0.71}
{'embedding_loss': 0.0023, 'grad_norm': 0.0066472128964960575, 'learning_rate': 4.314606741573034e-06, 'epoch': 0.81}
{'embedding_loss': 0.002, 'grad_norm': 0.011223520152270794, 'learning_rate': 2.067415730337079e-06, 'epoch': 0.91}
{'eval_embedding_loss': 0.0012648135889321566, 'eval_embedding_runtime': 9.7411, 'eval_embedding_samples_per_second': 45.17, 'eval_embedding_steps_per_second': 5.646, 'epoch': 1.0}
{'train_runtime': 215.0024, 'train_samples_per_second': 18.418, 'train_steps_per_second': 2.302, 'train_loss': 0.04153407428300742, 'epoch': 1.0}

🔍 Evaluation Metrics
----------------------------------------
📊 Label Distribution:
  Label Data Journalism: 4
  Label Half Data Journalism: 2
  Label Not Data Journalism: 14

✅ Overall Metrics:
  Accuracy : 1.0000
  Precision: 1.0000
  Recall   : 1.0000
  F1       : 1.0000

🧩 Confusion Matrix:
  [4, 0, 0]
  [0, 2, 0]
  [0, 0, 14]

📌 Per-Class Metrics:
  Class Data Journalism: TP=4, FP=0, FN=0, TN=16
  Class Half Data Journalism: TP=2, FP=0, FN=0, TN=18
  Class Not Data Journalism: TP=14, FP=0, FN=0, TN=6
----------------------------------------
Fold finished F1 Score: 1.0 1.0 None
Fold 2/5
Loading model from HPC local scratch: /tmp/shapovalov_setfit_model_cache_1386162
{'embedding_loss': 0.3836, 'grad_norm': 4.879110336303711, 'learning_rate': 0.0, 'epoch': 0.0}
{'embedding_loss': 0.1964, 'grad_norm': 1.8551583290100098, 'learning_rate': 1.9600000000000002e-05, 'epoch': 0.1}
{'embedding_loss': 0.0675, 'grad_norm': 2.903377056121826, 'learning_rate': 1.7797752808988767e-05, 'epoch': 0.2}
{'embedding_loss': 0.0412, 'grad_norm': 0.7808781862258911, 'learning_rate': 1.555056179775281e-05, 'epoch': 0.3}
{'embedding_loss': 0.0282, 'grad_norm': 0.09867610782384872, 'learning_rate': 1.3303370786516856e-05, 'epoch': 0.4}
{'embedding_loss': 0.0243, 'grad_norm': 0.017228299751877785, 'learning_rate': 1.10561797752809e-05, 'epoch': 0.51}
{'embedding_loss': 0.0083, 'grad_norm': 0.04273446649312973, 'learning_rate': 8.808988764044944e-06, 'epoch': 0.61}
{'embedding_loss': 0.0069, 'grad_norm': 0.9745491743087769, 'learning_rate': 6.561797752808989e-06, 'epoch': 0.71}
{'embedding_loss': 0.0047, 'grad_norm': 0.006091659888625145, 'learning_rate': 4.314606741573034e-06, 'epoch': 0.81}
{'embedding_loss': 0.0016, 'grad_norm': 0.05347447469830513, 'learning_rate': 2.067415730337079e-06, 'epoch': 0.91}
{'eval_embedding_loss': 0.00045472747297026217, 'eval_embedding_runtime': 9.9842, 'eval_embedding_samples_per_second': 44.07, 'eval_embedding_steps_per_second': 5.509, 'epoch': 1.0}
{'train_runtime': 215.2765, 'train_samples_per_second': 18.395, 'train_steps_per_second': 2.299, 'train_loss': 0.038784645482747244, 'epoch': 1.0}

🔍 Evaluation Metrics
----------------------------------------
📊 Label Distribution:
  Label Not Data Journalism: 14
  Label Data Journalism: 4
  Label Half Data Journalism: 2

✅ Overall Metrics:
  Accuracy : 1.0000
  Precision: 1.0000
  Recall   : 1.0000
  F1       : 1.0000

🧩 Confusion Matrix:
  [4, 0, 0]
  [0, 2, 0]
  [0, 0, 14]

📌 Per-Class Metrics:
  Class Data Journalism: TP=4, FP=0, FN=0, TN=16
  Class Half Data Journalism: TP=2, FP=0, FN=0, TN=18
  Class Not Data Journalism: TP=14, FP=0, FN=0, TN=6
----------------------------------------
Fold finished F1 Score: 1.0 1.0 None
Fold 3/5
Loading model from HPC local scratch: /tmp/shapovalov_setfit_model_cache_1386162
{'embedding_loss': 0.4814, 'grad_norm': 5.508308410644531, 'learning_rate': 0.0, 'epoch': 0.0}
{'embedding_loss': 0.2087, 'grad_norm': 1.6353001594543457, 'learning_rate': 1.9600000000000002e-05, 'epoch': 0.1}
{'embedding_loss': 0.0735, 'grad_norm': 0.9264017939567566, 'learning_rate': 1.7797752808988767e-05, 'epoch': 0.2}
{'embedding_loss': 0.0277, 'grad_norm': 0.1260892003774643, 'learning_rate': 1.555056179775281e-05, 'epoch': 0.3}
{'embedding_loss': 0.0216, 'grad_norm': 1.1265448331832886, 'learning_rate': 1.3303370786516856e-05, 'epoch': 0.4}
{'embedding_loss': 0.0136, 'grad_norm': 1.3803565502166748, 'learning_rate': 1.10561797752809e-05, 'epoch': 0.51}
{'embedding_loss': 0.0099, 'grad_norm': 0.32109853625297546, 'learning_rate': 8.808988764044944e-06, 'epoch': 0.61}
{'embedding_loss': 0.0141, 'grad_norm': 0.021390756592154503, 'learning_rate': 6.561797752808989e-06, 'epoch': 0.71}
{'embedding_loss': 0.0094, 'grad_norm': 0.2530117630958557, 'learning_rate': 4.314606741573034e-06, 'epoch': 0.81}
{'embedding_loss': 0.0032, 'grad_norm': 0.11052589118480682, 'learning_rate': 2.067415730337079e-06, 'epoch': 0.91}
{'eval_embedding_loss': 0.0007129267323762178, 'eval_embedding_runtime': 8.7547, 'eval_embedding_samples_per_second': 50.259, 'eval_embedding_steps_per_second': 6.282, 'epoch': 1.0}
{'train_runtime': 213.7689, 'train_samples_per_second': 18.525, 'train_steps_per_second': 2.316, 'train_loss': 0.03922835683280772, 'epoch': 1.0}

🔍 Evaluation Metrics
----------------------------------------
📊 Label Distribution:
  Label Not Data Journalism: 13
  Label Half Data Journalism: 2
  Label Data Journalism: 5

✅ Overall Metrics:
  Accuracy : 1.0000
  Precision: 1.0000
  Recall   : 1.0000
  F1       : 1.0000

🧩 Confusion Matrix:
  [5, 0, 0]
  [0, 2, 0]
  [0, 0, 13]

📌 Per-Class Metrics:
  Class Data Journalism: TP=5, FP=0, FN=0, TN=15
  Class Half Data Journalism: TP=2, FP=0, FN=0, TN=18
  Class Not Data Journalism: TP=13, FP=0, FN=0, TN=7
----------------------------------------
Fold finished F1 Score: 1.0 1.0 None
Fold 4/5
Loading model from HPC local scratch: /tmp/shapovalov_setfit_model_cache_1386162
{'embedding_loss': 0.4253, 'grad_norm': 4.454073429107666, 'learning_rate': 0.0, 'epoch': 0.0}
{'embedding_loss': 0.2035, 'grad_norm': 0.6965979337692261, 'learning_rate': 1.9600000000000002e-05, 'epoch': 0.1}
{'embedding_loss': 0.067, 'grad_norm': 1.071694254875183, 'learning_rate': 1.7797752808988767e-05, 'epoch': 0.2}
{'embedding_loss': 0.029, 'grad_norm': 0.30890971422195435, 'learning_rate': 1.555056179775281e-05, 'epoch': 0.3}
{'embedding_loss': 0.0142, 'grad_norm': 0.1613435596227646, 'learning_rate': 1.3303370786516856e-05, 'epoch': 0.4}
{'embedding_loss': 0.0207, 'grad_norm': 0.37865281105041504, 'learning_rate': 1.10561797752809e-05, 'epoch': 0.51}
{'embedding_loss': 0.0094, 'grad_norm': 0.014198366552591324, 'learning_rate': 8.808988764044944e-06, 'epoch': 0.61}
{'embedding_loss': 0.0078, 'grad_norm': 0.02096135914325714, 'learning_rate': 6.561797752808989e-06, 'epoch': 0.71}
{'embedding_loss': 0.0072, 'grad_norm': 0.021969398483633995, 'learning_rate': 4.314606741573034e-06, 'epoch': 0.81}
{'embedding_loss': 0.0084, 'grad_norm': 0.041759803891181946, 'learning_rate': 2.067415730337079e-06, 'epoch': 0.91}
{'eval_embedding_loss': 0.00429528160020709, 'eval_embedding_runtime': 8.5488, 'eval_embedding_samples_per_second': 51.469, 'eval_embedding_steps_per_second': 6.434, 'epoch': 1.0}
{'train_runtime': 214.9448, 'train_samples_per_second': 18.423, 'train_steps_per_second': 2.303, 'train_loss': 0.037823705932106634, 'epoch': 1.0}

🔍 Evaluation Metrics
----------------------------------------
📊 Label Distribution:
  Label Not Data Journalism: 13
  Label Data Journalism: 4
  Label Half Data Journalism: 3

✅ Overall Metrics:
  Accuracy : 1.0000
  Precision: 1.0000
  Recall   : 1.0000
  F1       : 1.0000

🧩 Confusion Matrix:
  [4, 0, 0]
  [0, 3, 0]
  [0, 0, 13]

📌 Per-Class Metrics:
  Class Data Journalism: TP=4, FP=0, FN=0, TN=16
  Class Half Data Journalism: TP=3, FP=0, FN=0, TN=17
  Class Not Data Journalism: TP=13, FP=0, FN=0, TN=7
----------------------------------------
Fold finished F1 Score: 1.0 1.0 None
Fold 5/5
Loading model from HPC local scratch: /tmp/shapovalov_setfit_model_cache_1386162
{'embedding_loss': 0.5615, 'grad_norm': 5.36397123336792, 'learning_rate': 0.0, 'epoch': 0.0}
{'embedding_loss': 0.2029, 'grad_norm': 1.2381566762924194, 'learning_rate': 1.9600000000000002e-05, 'epoch': 0.1}
{'embedding_loss': 0.0646, 'grad_norm': 0.19610042870044708, 'learning_rate': 1.7797752808988767e-05, 'epoch': 0.2}
{'embedding_loss': 0.0417, 'grad_norm': 0.261474072933197, 'learning_rate': 1.555056179775281e-05, 'epoch': 0.3}
{'embedding_loss': 0.0242, 'grad_norm': 0.1786416620016098, 'learning_rate': 1.3303370786516856e-05, 'epoch': 0.4}
{'embedding_loss': 0.0088, 'grad_norm': 0.18813931941986084, 'learning_rate': 1.10561797752809e-05, 'epoch': 0.51}
{'embedding_loss': 0.0102, 'grad_norm': 0.12950284779071808, 'learning_rate': 8.808988764044944e-06, 'epoch': 0.61}
{'embedding_loss': 0.0015, 'grad_norm': 0.011421065777540207, 'learning_rate': 6.561797752808989e-06, 'epoch': 0.71}
{'embedding_loss': 0.0027, 'grad_norm': 0.06734883785247803, 'learning_rate': 4.314606741573034e-06, 'epoch': 0.81}
{'embedding_loss': 0.0042, 'grad_norm': 0.053997233510017395, 'learning_rate': 2.067415730337079e-06, 'epoch': 0.91}
{'eval_embedding_loss': 0.0059170834720134735, 'eval_embedding_runtime': 8.0188, 'eval_embedding_samples_per_second': 54.871, 'eval_embedding_steps_per_second': 6.859, 'epoch': 1.0}
{'train_runtime': 215.1607, 'train_samples_per_second': 18.405, 'train_steps_per_second': 2.301, 'train_loss': 0.03733216448865755, 'epoch': 1.0}

🔍 Evaluation Metrics
----------------------------------------
📊 Label Distribution:
  Label Not Data Journalism: 13
  Label Data Journalism: 4
  Label Half Data Journalism: 3

✅ Overall Metrics:
  Accuracy : 1.0000
  Precision: 1.0000
  Recall   : 1.0000
  F1       : 1.0000

🧩 Confusion Matrix:
  [4, 0, 0]
  [0, 3, 0]
  [0, 0, 13]

📌 Per-Class Metrics:
  Class Data Journalism: TP=4, FP=0, FN=0, TN=16
  Class Half Data Journalism: TP=3, FP=0, FN=0, TN=17
  Class Not Data Journalism: TP=13, FP=0, FN=0, TN=7
----------------------------------------
Fold finished F1 Score: 1.0 1.0 None
Average VRAM usage: 3508.72 MB, Max VRAM usage: 11397.18 MB
Trial 1 completed with avg fold F1 score: 1.0
Trial 2: {'num_iterations': 10, 'num_epochs': 3, 'batch_size': 8, 'head_lr': 2.362574024071316e-05}
Fold 1/5
Loading model from HPC local scratch: /tmp/shapovalov_setfit_model_cache_1386162
{'embedding_loss': 0.4173, 'grad_norm': 3.6245787143707275, 'learning_rate': 0.0, 'epoch': 0.0}
{'embedding_loss': 0.2392, 'grad_norm': 1.6637029647827148, 'learning_rate': 7.2592592592592605e-06, 'epoch': 0.11}
{'embedding_loss': 0.1367, 'grad_norm': 0.9086427092552185, 'learning_rate': 1.4666666666666666e-05, 'epoch': 0.22}
{'embedding_loss': 0.0474, 'grad_norm': 0.8289747834205627, 'learning_rate': 1.9769547325102883e-05, 'epoch': 0.33}
{'embedding_loss': 0.0284, 'grad_norm': 0.9027277231216431, 'learning_rate': 1.894650205761317e-05, 'epoch': 0.44}
{'embedding_loss': 0.0196, 'grad_norm': 0.15292930603027344, 'learning_rate': 1.812345679012346e-05, 'epoch': 0.56}
{'embedding_loss': 0.0153, 'grad_norm': 0.3117814064025879, 'learning_rate': 1.7300411522633746e-05, 'epoch': 0.67}
{'embedding_loss': 0.0063, 'grad_norm': 0.02897847443819046, 'learning_rate': 1.6477366255144033e-05, 'epoch': 0.78}
{'embedding_loss': 0.0018, 'grad_norm': 0.036290086805820465, 'learning_rate': 1.565432098765432e-05, 'epoch': 0.89}
{'embedding_loss': 0.0004, 'grad_norm': 0.054504718631505966, 'learning_rate': 1.4831275720164611e-05, 'epoch': 1.0}
{'eval_embedding_loss': 0.00021622331405524164, 'eval_embedding_runtime': 8.6212, 'eval_embedding_samples_per_second': 46.397, 'eval_embedding_steps_per_second': 5.8, 'epoch': 1.0}
{'embedding_loss': 0.0002, 'grad_norm': 0.030138442292809486, 'learning_rate': 1.4008230452674898e-05, 'epoch': 1.11}
{'embedding_loss': 0.0002, 'grad_norm': 0.01760958507657051, 'learning_rate': 1.3185185185185185e-05, 'epoch': 1.22}
{'embedding_loss': 0.0002, 'grad_norm': 0.026264896616339684, 'learning_rate': 1.2362139917695475e-05, 'epoch': 1.33}
{'embedding_loss': 0.0001, 'grad_norm': 0.005576035939157009, 'learning_rate': 1.1539094650205761e-05, 'epoch': 1.44}
{'embedding_loss': 0.0001, 'grad_norm': 0.003721674671396613, 'learning_rate': 1.071604938271605e-05, 'epoch': 1.56}
{'embedding_loss': 0.0001, 'grad_norm': 0.022231195122003555, 'learning_rate': 9.893004115226338e-06, 'epoch': 1.67}
{'embedding_loss': 0.0001, 'grad_norm': 0.01951291225850582, 'learning_rate': 9.069958847736626e-06, 'epoch': 1.78}
{'embedding_loss': 0.0001, 'grad_norm': 0.014391792938113213, 'learning_rate': 8.246913580246915e-06, 'epoch': 1.89}
{'embedding_loss': 0.0001, 'grad_norm': 0.014919573441147804, 'learning_rate': 7.423868312757202e-06, 'epoch': 2.0}
{'eval_embedding_loss': 7.904911763034761e-05, 'eval_embedding_runtime': 8.5013, 'eval_embedding_samples_per_second': 47.052, 'eval_embedding_steps_per_second': 5.881, 'epoch': 2.0}
{'embedding_loss': 0.0001, 'grad_norm': 0.0011088077444583178, 'learning_rate': 6.6008230452674905e-06, 'epoch': 2.11}
{'embedding_loss': 0.0001, 'grad_norm': 0.07649539411067963, 'learning_rate': 5.777777777777778e-06, 'epoch': 2.22}
{'embedding_loss': 0.0001, 'grad_norm': 0.012561407871544361, 'learning_rate': 4.954732510288066e-06, 'epoch': 2.33}
{'embedding_loss': 0.0001, 'grad_norm': 0.006297771818935871, 'learning_rate': 4.131687242798354e-06, 'epoch': 2.44}
{'embedding_loss': 0.0001, 'grad_norm': 0.004366870503872633, 'learning_rate': 3.3086419753086426e-06, 'epoch': 2.56}
{'embedding_loss': 0.0, 'grad_norm': 0.0024638751056045294, 'learning_rate': 2.48559670781893e-06, 'epoch': 2.67}
{'embedding_loss': 0.0001, 'grad_norm': 0.04630276560783386, 'learning_rate': 1.6625514403292182e-06, 'epoch': 2.78}
{'embedding_loss': 0.0, 'grad_norm': 0.003080456517636776, 'learning_rate': 8.395061728395062e-07, 'epoch': 2.89}
{'embedding_loss': 0.0001, 'grad_norm': 0.0030997786670923233, 'learning_rate': 1.646090534979424e-08, 'epoch': 3.0}
{'eval_embedding_loss': 7.06451537553221e-05, 'eval_embedding_runtime': 8.5676, 'eval_embedding_samples_per_second': 46.688, 'eval_embedding_steps_per_second': 5.836, 'epoch': 3.0}
{'train_runtime': 587.8726, 'train_samples_per_second': 18.371, 'train_steps_per_second': 2.296, 'train_loss': 0.018530467363005437, 'epoch': 3.0}

🔍 Evaluation Metrics
----------------------------------------
📊 Label Distribution:
  Label Data Journalism: 4
  Label Half Data Journalism: 2
  Label Not Data Journalism: 14

✅ Overall Metrics:
  Accuracy : 1.0000
  Precision: 1.0000
  Recall   : 1.0000
  F1       : 1.0000

🧩 Confusion Matrix:
  [4, 0, 0]
  [0, 2, 0]
  [0, 0, 14]

📌 Per-Class Metrics:
  Class Data Journalism: TP=4, FP=0, FN=0, TN=16
  Class Half Data Journalism: TP=2, FP=0, FN=0, TN=18
  Class Not Data Journalism: TP=14, FP=0, FN=0, TN=6
----------------------------------------
Fold finished F1 Score: 1.0 1.0 None
Fold 2/5
Loading model from HPC local scratch: /tmp/shapovalov_setfit_model_cache_1386162
{'embedding_loss': 0.3003, 'grad_norm': 2.9449827671051025, 'learning_rate': 0.0, 'epoch': 0.0}
{'embedding_loss': 0.2339, 'grad_norm': 1.613232970237732, 'learning_rate': 7.2592592592592605e-06, 'epoch': 0.11}
{'embedding_loss': 0.1432, 'grad_norm': 1.3897974491119385, 'learning_rate': 1.4666666666666666e-05, 'epoch': 0.22}
{'embedding_loss': 0.035, 'grad_norm': 0.22721987962722778, 'learning_rate': 1.9769547325102883e-05, 'epoch': 0.33}
{'embedding_loss': 0.0372, 'grad_norm': 0.8609068393707275, 'learning_rate': 1.894650205761317e-05, 'epoch': 0.44}
{'embedding_loss': 0.0347, 'grad_norm': 0.8863368034362793, 'learning_rate': 1.812345679012346e-05, 'epoch': 0.56}
{'embedding_loss': 0.0133, 'grad_norm': 0.02372840791940689, 'learning_rate': 1.7300411522633746e-05, 'epoch': 0.67}
{'embedding_loss': 0.0084, 'grad_norm': 0.038629502058029175, 'learning_rate': 1.6477366255144033e-05, 'epoch': 0.78}
{'embedding_loss': 0.0029, 'grad_norm': 0.5058454275131226, 'learning_rate': 1.565432098765432e-05, 'epoch': 0.89}
{'embedding_loss': 0.0006, 'grad_norm': 0.024695543572306633, 'learning_rate': 1.4831275720164611e-05, 'epoch': 1.0}
{'eval_embedding_loss': 0.0004261935537215322, 'eval_embedding_runtime': 8.348, 'eval_embedding_samples_per_second': 47.916, 'eval_embedding_steps_per_second': 5.989, 'epoch': 1.0}
{'embedding_loss': 0.0004, 'grad_norm': 0.011013234034180641, 'learning_rate': 1.4008230452674898e-05, 'epoch': 1.11}
{'embedding_loss': 0.0006, 'grad_norm': 0.04739844426512718, 'learning_rate': 1.3185185185185185e-05, 'epoch': 1.22}
{'embedding_loss': 0.0004, 'grad_norm': 0.008840648457407951, 'learning_rate': 1.2362139917695475e-05, 'epoch': 1.33}
{'embedding_loss': 0.0002, 'grad_norm': 0.0009752899641171098, 'learning_rate': 1.1539094650205761e-05, 'epoch': 1.44}
{'embedding_loss': 0.0002, 'grad_norm': 0.0035640355199575424, 'learning_rate': 1.071604938271605e-05, 'epoch': 1.56}
{'embedding_loss': 0.0002, 'grad_norm': 0.006105911917984486, 'learning_rate': 9.893004115226338e-06, 'epoch': 1.67}
{'embedding_loss': 0.0001, 'grad_norm': 0.0017949147149920464, 'learning_rate': 9.069958847736626e-06, 'epoch': 1.78}
{'embedding_loss': 0.0001, 'grad_norm': 0.010040764696896076, 'learning_rate': 8.246913580246915e-06, 'epoch': 1.89}
{'embedding_loss': 0.0001, 'grad_norm': 0.009849678725004196, 'learning_rate': 7.423868312757202e-06, 'epoch': 2.0}
{'eval_embedding_loss': 7.469429692719132e-05, 'eval_embedding_runtime': 8.335, 'eval_embedding_samples_per_second': 47.991, 'eval_embedding_steps_per_second': 5.999, 'epoch': 2.0}
{'embedding_loss': 0.0001, 'grad_norm': 0.004393750336021185, 'learning_rate': 6.6008230452674905e-06, 'epoch': 2.11}
{'embedding_loss': 0.0001, 'grad_norm': 0.015164699405431747, 'learning_rate': 5.777777777777778e-06, 'epoch': 2.22}
{'embedding_loss': 0.0001, 'grad_norm': 0.01698623225092888, 'learning_rate': 4.954732510288066e-06, 'epoch': 2.33}
{'embedding_loss': 0.0001, 'grad_norm': 0.017348524183034897, 'learning_rate': 4.131687242798354e-06, 'epoch': 2.44}
{'embedding_loss': 0.0001, 'grad_norm': 0.01212344504892826, 'learning_rate': 3.3086419753086426e-06, 'epoch': 2.56}
{'embedding_loss': 0.0001, 'grad_norm': 0.007382471114397049, 'learning_rate': 2.48559670781893e-06, 'epoch': 2.67}
{'embedding_loss': 0.0001, 'grad_norm': 0.007376368623226881, 'learning_rate': 1.6625514403292182e-06, 'epoch': 2.78}
{'embedding_loss': 0.0001, 'grad_norm': 0.011272023431956768, 'learning_rate': 8.395061728395062e-07, 'epoch': 2.89}
{'embedding_loss': 0.0001, 'grad_norm': 0.0011424662079662085, 'learning_rate': 1.646090534979424e-08, 'epoch': 3.0}
{'eval_embedding_loss': 0.00011460011592134833, 'eval_embedding_runtime': 9.2241, 'eval_embedding_samples_per_second': 43.364, 'eval_embedding_steps_per_second': 5.421, 'epoch': 3.0}
{'train_runtime': 587.9743, 'train_samples_per_second': 18.368, 'train_steps_per_second': 2.296, 'train_loss': 0.01903225995151809, 'epoch': 3.0}

🔍 Evaluation Metrics
----------------------------------------
📊 Label Distribution:
  Label Not Data Journalism: 14
  Label Data Journalism: 4
  Label Half Data Journalism: 2

✅ Overall Metrics:
  Accuracy : 1.0000
  Precision: 1.0000
  Recall   : 1.0000
  F1       : 1.0000

🧩 Confusion Matrix:
  [4, 0, 0]
  [0, 2, 0]
  [0, 0, 14]

📌 Per-Class Metrics:
  Class Data Journalism: TP=4, FP=0, FN=0, TN=16
  Class Half Data Journalism: TP=2, FP=0, FN=0, TN=18
  Class Not Data Journalism: TP=14, FP=0, FN=0, TN=6
----------------------------------------
Fold finished F1 Score: 1.0 1.0 None
Fold 3/5
Loading model from HPC local scratch: /tmp/shapovalov_setfit_model_cache_1386162
{'embedding_loss': 0.3662, 'grad_norm': 3.498105525970459, 'learning_rate': 0.0, 'epoch': 0.0}
{'embedding_loss': 0.241, 'grad_norm': 1.7127363681793213, 'learning_rate': 7.2592592592592605e-06, 'epoch': 0.11}
{'embedding_loss': 0.131, 'grad_norm': 2.9790613651275635, 'learning_rate': 1.4666666666666666e-05, 'epoch': 0.22}
{'embedding_loss': 0.0453, 'grad_norm': 0.11869404464960098, 'learning_rate': 1.9769547325102883e-05, 'epoch': 0.33}
{'embedding_loss': 0.0265, 'grad_norm': 0.2142220288515091, 'learning_rate': 1.894650205761317e-05, 'epoch': 0.44}
{'embedding_loss': 0.0094, 'grad_norm': 0.06058308854699135, 'learning_rate': 1.812345679012346e-05, 'epoch': 0.56}
{'embedding_loss': 0.0092, 'grad_norm': 0.03330468758940697, 'learning_rate': 1.7300411522633746e-05, 'epoch': 0.67}
{'embedding_loss': 0.0134, 'grad_norm': 0.008834728971123695, 'learning_rate': 1.6477366255144033e-05, 'epoch': 0.78}
{'embedding_loss': 0.0125, 'grad_norm': 0.09617550671100616, 'learning_rate': 1.565432098765432e-05, 'epoch': 0.89}
{'embedding_loss': 0.0057, 'grad_norm': 0.11394579708576202, 'learning_rate': 1.4831275720164611e-05, 'epoch': 1.0}
{'eval_embedding_loss': 0.0004077174235135317, 'eval_embedding_runtime': 8.0962, 'eval_embedding_samples_per_second': 49.406, 'eval_embedding_steps_per_second': 6.176, 'epoch': 1.0}
{'embedding_loss': 0.0067, 'grad_norm': 0.0046414900571107864, 'learning_rate': 1.4008230452674898e-05, 'epoch': 1.11}
{'embedding_loss': 0.003, 'grad_norm': 0.02674902230501175, 'learning_rate': 1.3185185185185185e-05, 'epoch': 1.22}
{'embedding_loss': 0.0014, 'grad_norm': 0.02655351534485817, 'learning_rate': 1.2362139917695475e-05, 'epoch': 1.33}
{'embedding_loss': 0.0019, 'grad_norm': 0.011759812012314796, 'learning_rate': 1.1539094650205761e-05, 'epoch': 1.44}
{'embedding_loss': 0.0007, 'grad_norm': 0.009264559485018253, 'learning_rate': 1.071604938271605e-05, 'epoch': 1.56}
{'embedding_loss': 0.0001, 'grad_norm': 0.00226404401473701, 'learning_rate': 9.893004115226338e-06, 'epoch': 1.67}
{'embedding_loss': 0.0001, 'grad_norm': 0.008463884703814983, 'learning_rate': 9.069958847736626e-06, 'epoch': 1.78}
{'embedding_loss': 0.0001, 'grad_norm': 0.009214570745825768, 'learning_rate': 8.246913580246915e-06, 'epoch': 1.89}
{'embedding_loss': 0.0001, 'grad_norm': 0.0140017569065094, 'learning_rate': 7.423868312757202e-06, 'epoch': 2.0}
{'eval_embedding_loss': 9.055089321918786e-05, 'eval_embedding_runtime': 8.4449, 'eval_embedding_samples_per_second': 47.366, 'eval_embedding_steps_per_second': 5.921, 'epoch': 2.0}
{'embedding_loss': 0.0001, 'grad_norm': 0.0027999700978398323, 'learning_rate': 6.6008230452674905e-06, 'epoch': 2.11}
{'embedding_loss': 0.0001, 'grad_norm': 0.011765754781663418, 'learning_rate': 5.777777777777778e-06, 'epoch': 2.22}
{'embedding_loss': 0.0001, 'grad_norm': 0.009854649193584919, 'learning_rate': 4.954732510288066e-06, 'epoch': 2.33}
{'embedding_loss': 0.0, 'grad_norm': 0.01065407320857048, 'learning_rate': 4.131687242798354e-06, 'epoch': 2.44}
{'embedding_loss': 0.0001, 'grad_norm': 0.006298951338976622, 'learning_rate': 3.3086419753086426e-06, 'epoch': 2.56}
{'embedding_loss': 0.0, 'grad_norm': 0.0067395856603980064, 'learning_rate': 2.48559670781893e-06, 'epoch': 2.67}
{'embedding_loss': 0.0, 'grad_norm': 0.007260293234139681, 'learning_rate': 1.6625514403292182e-06, 'epoch': 2.78}
{'embedding_loss': 0.0, 'grad_norm': 0.009247640147805214, 'learning_rate': 8.395061728395062e-07, 'epoch': 2.89}
{'embedding_loss': 0.0, 'grad_norm': 0.005571326240897179, 'learning_rate': 1.646090534979424e-08, 'epoch': 3.0}
{'eval_embedding_loss': 8.470178727293387e-05, 'eval_embedding_runtime': 7.9363, 'eval_embedding_samples_per_second': 50.401, 'eval_embedding_steps_per_second': 6.3, 'epoch': 3.0}
{'train_runtime': 588.055, 'train_samples_per_second': 18.366, 'train_steps_per_second': 2.296, 'train_loss': 0.018919861639625633, 'epoch': 3.0}

🔍 Evaluation Metrics
----------------------------------------
📊 Label Distribution:
  Label Not Data Journalism: 13
  Label Half Data Journalism: 2
  Label Data Journalism: 5

✅ Overall Metrics:
  Accuracy : 1.0000
  Precision: 1.0000
  Recall   : 1.0000
  F1       : 1.0000

🧩 Confusion Matrix:
  [5, 0, 0]
  [0, 2, 0]
  [0, 0, 13]

📌 Per-Class Metrics:
  Class Data Journalism: TP=5, FP=0, FN=0, TN=15
  Class Half Data Journalism: TP=2, FP=0, FN=0, TN=18
  Class Not Data Journalism: TP=13, FP=0, FN=0, TN=7
----------------------------------------
Fold finished F1 Score: 1.0 1.0 None
Fold 4/5
Loading model from HPC local scratch: /tmp/shapovalov_setfit_model_cache_1386162
{'embedding_loss': 0.4226, 'grad_norm': 7.66180419921875, 'learning_rate': 0.0, 'epoch': 0.0}
{'embedding_loss': 0.2364, 'grad_norm': 1.9313685894012451, 'learning_rate': 7.2592592592592605e-06, 'epoch': 0.11}
{'embedding_loss': 0.1308, 'grad_norm': 0.5402320623397827, 'learning_rate': 1.4666666666666666e-05, 'epoch': 0.22}
{'embedding_loss': 0.0374, 'grad_norm': 0.04639421030879021, 'learning_rate': 1.9769547325102883e-05, 'epoch': 0.33}
{'embedding_loss': 0.03, 'grad_norm': 0.162095308303833, 'learning_rate': 1.894650205761317e-05, 'epoch': 0.44}
{'embedding_loss': 0.0318, 'grad_norm': 0.9180511236190796, 'learning_rate': 1.812345679012346e-05, 'epoch': 0.56}
{'embedding_loss': 0.0311, 'grad_norm': 0.7308809757232666, 'learning_rate': 1.7300411522633746e-05, 'epoch': 0.67}
{'embedding_loss': 0.0189, 'grad_norm': 0.12167003005743027, 'learning_rate': 1.6477366255144033e-05, 'epoch': 0.78}
{'embedding_loss': 0.0023, 'grad_norm': 0.0185182336717844, 'learning_rate': 1.565432098765432e-05, 'epoch': 0.89}
{'embedding_loss': 0.0132, 'grad_norm': 0.033141836524009705, 'learning_rate': 1.4831275720164611e-05, 'epoch': 1.0}
{'eval_embedding_loss': 0.030124003067612648, 'eval_embedding_runtime': 7.4662, 'eval_embedding_samples_per_second': 53.575, 'eval_embedding_steps_per_second': 6.697, 'epoch': 1.0}
{'embedding_loss': 0.0037, 'grad_norm': 0.023826897144317627, 'learning_rate': 1.4008230452674898e-05, 'epoch': 1.11}
{'embedding_loss': 0.0033, 'grad_norm': 0.02359001897275448, 'learning_rate': 1.3185185185185185e-05, 'epoch': 1.22}
{'embedding_loss': 0.0037, 'grad_norm': 0.005021235905587673, 'learning_rate': 1.2362139917695475e-05, 'epoch': 1.33}
{'embedding_loss': 0.0005, 'grad_norm': 0.016457734629511833, 'learning_rate': 1.1539094650205761e-05, 'epoch': 1.44}
{'embedding_loss': 0.0002, 'grad_norm': 0.07726118713617325, 'learning_rate': 1.071604938271605e-05, 'epoch': 1.56}
{'embedding_loss': 0.0001, 'grad_norm': 0.012546881102025509, 'learning_rate': 9.893004115226338e-06, 'epoch': 1.67}
{'embedding_loss': 0.0001, 'grad_norm': 0.012167109176516533, 'learning_rate': 9.069958847736626e-06, 'epoch': 1.78}
{'embedding_loss': 0.0001, 'grad_norm': 0.01579965464770794, 'learning_rate': 8.246913580246915e-06, 'epoch': 1.89}
{'embedding_loss': 0.0001, 'grad_norm': 0.026703674346208572, 'learning_rate': 7.423868312757202e-06, 'epoch': 2.0}
{'eval_embedding_loss': 0.00015888323832768947, 'eval_embedding_runtime': 7.4902, 'eval_embedding_samples_per_second': 53.403, 'eval_embedding_steps_per_second': 6.675, 'epoch': 2.0}
{'embedding_loss': 0.0001, 'grad_norm': 0.0040364377200603485, 'learning_rate': 6.6008230452674905e-06, 'epoch': 2.11}
{'embedding_loss': 0.0001, 'grad_norm': 0.011920532211661339, 'learning_rate': 5.777777777777778e-06, 'epoch': 2.22}
{'embedding_loss': 0.0001, 'grad_norm': 0.006108118686825037, 'learning_rate': 4.954732510288066e-06, 'epoch': 2.33}
{'embedding_loss': 0.0001, 'grad_norm': 0.017311550676822662, 'learning_rate': 4.131687242798354e-06, 'epoch': 2.44}
{'embedding_loss': 0.0001, 'grad_norm': 0.008344936184585094, 'learning_rate': 3.3086419753086426e-06, 'epoch': 2.56}
{'embedding_loss': 0.0001, 'grad_norm': 0.008194591850042343, 'learning_rate': 2.48559670781893e-06, 'epoch': 2.67}
{'embedding_loss': 0.0, 'grad_norm': 0.003393913386389613, 'learning_rate': 1.6625514403292182e-06, 'epoch': 2.78}
{'embedding_loss': 0.0001, 'grad_norm': 0.005168948322534561, 'learning_rate': 8.395061728395062e-07, 'epoch': 2.89}
{'embedding_loss': 0.0001, 'grad_norm': 0.0053123291581869125, 'learning_rate': 1.646090534979424e-08, 'epoch': 3.0}
{'eval_embedding_loss': 0.00013320143625605851, 'eval_embedding_runtime': 7.5323, 'eval_embedding_samples_per_second': 53.105, 'eval_embedding_steps_per_second': 6.638, 'epoch': 3.0}
{'train_runtime': 585.6693, 'train_samples_per_second': 18.44, 'train_steps_per_second': 2.305, 'train_loss': 0.020300188006281302, 'epoch': 3.0}

🔍 Evaluation Metrics
----------------------------------------
📊 Label Distribution:
  Label Not Data Journalism: 13
  Label Data Journalism: 4
  Label Half Data Journalism: 3

✅ Overall Metrics:
  Accuracy : 1.0000
  Precision: 1.0000
  Recall   : 1.0000
  F1       : 1.0000

🧩 Confusion Matrix:
  [4, 0, 0]
  [0, 3, 0]
  [0, 0, 13]

📌 Per-Class Metrics:
  Class Data Journalism: TP=4, FP=0, FN=0, TN=16
  Class Half Data Journalism: TP=3, FP=0, FN=0, TN=17
  Class Not Data Journalism: TP=13, FP=0, FN=0, TN=7
----------------------------------------
Fold finished F1 Score: 1.0 1.0 None
Fold 5/5
Loading model from HPC local scratch: /tmp/shapovalov_setfit_model_cache_1386162
{'embedding_loss': 0.4917, 'grad_norm': 4.377663612365723, 'learning_rate': 0.0, 'epoch': 0.0}
{'embedding_loss': 0.2356, 'grad_norm': 2.0495846271514893, 'learning_rate': 7.2592592592592605e-06, 'epoch': 0.11}
{'embedding_loss': 0.1318, 'grad_norm': 0.5539571046829224, 'learning_rate': 1.4666666666666666e-05, 'epoch': 0.22}
{'embedding_loss': 0.0409, 'grad_norm': 0.16551370918750763, 'learning_rate': 1.9769547325102883e-05, 'epoch': 0.33}
{'embedding_loss': 0.0243, 'grad_norm': 0.645206868648529, 'learning_rate': 1.894650205761317e-05, 'epoch': 0.44}
{'embedding_loss': 0.0331, 'grad_norm': 0.07152869552373886, 'learning_rate': 1.812345679012346e-05, 'epoch': 0.56}
{'embedding_loss': 0.016, 'grad_norm': 0.23543387651443481, 'learning_rate': 1.7300411522633746e-05, 'epoch': 0.67}
{'embedding_loss': 0.01, 'grad_norm': 0.034055277705192566, 'learning_rate': 1.6477366255144033e-05, 'epoch': 0.78}
{'embedding_loss': 0.004, 'grad_norm': 0.007652494590729475, 'learning_rate': 1.565432098765432e-05, 'epoch': 0.89}
{'embedding_loss': 0.0031, 'grad_norm': 0.010463238693773746, 'learning_rate': 1.4831275720164611e-05, 'epoch': 1.0}
{'eval_embedding_loss': 0.0069335042499005795, 'eval_embedding_runtime': 7.5808, 'eval_embedding_samples_per_second': 52.765, 'eval_embedding_steps_per_second': 6.596, 'epoch': 1.0}
{'embedding_loss': 0.0029, 'grad_norm': 0.022079961374402046, 'learning_rate': 1.4008230452674898e-05, 'epoch': 1.11}
{'embedding_loss': 0.0024, 'grad_norm': 0.012432080693542957, 'learning_rate': 1.3185185185185185e-05, 'epoch': 1.22}
{'embedding_loss': 0.0012, 'grad_norm': 0.03631538897752762, 'learning_rate': 1.2362139917695475e-05, 'epoch': 1.33}
{'embedding_loss': 0.0006, 'grad_norm': 0.0069538443349301815, 'learning_rate': 1.1539094650205761e-05, 'epoch': 1.44}
{'embedding_loss': 0.0003, 'grad_norm': 0.004952482413500547, 'learning_rate': 1.071604938271605e-05, 'epoch': 1.56}
{'embedding_loss': 0.0002, 'grad_norm': 0.0014839653158560395, 'learning_rate': 9.893004115226338e-06, 'epoch': 1.67}
{'embedding_loss': 0.0001, 'grad_norm': 0.014269518665969372, 'learning_rate': 9.069958847736626e-06, 'epoch': 1.78}
{'embedding_loss': 0.0001, 'grad_norm': 0.0023609462659806013, 'learning_rate': 8.246913580246915e-06, 'epoch': 1.89}
{'embedding_loss': 0.0002, 'grad_norm': 0.008045745082199574, 'learning_rate': 7.423868312757202e-06, 'epoch': 2.0}
{'eval_embedding_loss': 0.00021853861107956618, 'eval_embedding_runtime': 7.3604, 'eval_embedding_samples_per_second': 54.345, 'eval_embedding_steps_per_second': 6.793, 'epoch': 2.0}
{'embedding_loss': 0.0001, 'grad_norm': 0.020716067403554916, 'learning_rate': 6.6008230452674905e-06, 'epoch': 2.11}
{'embedding_loss': 0.0001, 'grad_norm': 0.005942041054368019, 'learning_rate': 5.777777777777778e-06, 'epoch': 2.22}
{'embedding_loss': 0.0001, 'grad_norm': 0.004350588191300631, 'learning_rate': 4.954732510288066e-06, 'epoch': 2.33}
{'embedding_loss': 0.0001, 'grad_norm': 0.0037421234883368015, 'learning_rate': 4.131687242798354e-06, 'epoch': 2.44}
{'embedding_loss': 0.0001, 'grad_norm': 0.01934237591922283, 'learning_rate': 3.3086419753086426e-06, 'epoch': 2.56}
{'embedding_loss': 0.0001, 'grad_norm': 0.008310828357934952, 'learning_rate': 2.48559670781893e-06, 'epoch': 2.67}
{'embedding_loss': 0.0001, 'grad_norm': 0.02018885500729084, 'learning_rate': 1.6625514403292182e-06, 'epoch': 2.78}
{'embedding_loss': 0.0001, 'grad_norm': 0.003908722661435604, 'learning_rate': 8.395061728395062e-07, 'epoch': 2.89}
{'embedding_loss': 0.0001, 'grad_norm': 0.0027040643617510796, 'learning_rate': 1.646090534979424e-08, 'epoch': 3.0}
{'eval_embedding_loss': 0.00018477234698366374, 'eval_embedding_runtime': 7.3238, 'eval_embedding_samples_per_second': 54.616, 'eval_embedding_steps_per_second': 6.827, 'epoch': 3.0}
{'train_runtime': 589.6583, 'train_samples_per_second': 18.316, 'train_steps_per_second': 2.289, 'train_loss': 0.01899457035586238, 'epoch': 3.0}

🔍 Evaluation Metrics
----------------------------------------
📊 Label Distribution:
  Label Not Data Journalism: 13
  Label Data Journalism: 4
  Label Half Data Journalism: 3

✅ Overall Metrics:
  Accuracy : 1.0000
  Precision: 1.0000
  Recall   : 1.0000
  F1       : 1.0000

🧩 Confusion Matrix:
  [4, 0, 0]
  [0, 3, 0]
  [0, 0, 13]

📌 Per-Class Metrics:
  Class Data Journalism: TP=4, FP=0, FN=0, TN=16
  Class Half Data Journalism: TP=3, FP=0, FN=0, TN=17
  Class Not Data Journalism: TP=13, FP=0, FN=0, TN=7
----------------------------------------
Fold finished F1 Score: 1.0 1.0 None
Average VRAM usage: 3347.69 MB, Max VRAM usage: 11319.06 MB
Trial 2 completed with avg fold F1 score: 1.0
Trial 3: {'num_iterations': 12, 'num_epochs': 1, 'batch_size': 8, 'head_lr': 2.6116905777210972e-05}
Fold 1/5
Loading model from HPC local scratch: /tmp/shapovalov_setfit_model_cache_1386162
{'embedding_loss': 0.2862, 'grad_norm': 6.102879524230957, 'learning_rate': 0.0, 'epoch': 0.0}
{'embedding_loss': 0.2157, 'grad_norm': 1.6795605421066284, 'learning_rate': 1.814814814814815e-05, 'epoch': 0.09}
{'embedding_loss': 0.0675, 'grad_norm': 1.2840086221694946, 'learning_rate': 1.814814814814815e-05, 'epoch': 0.19}
{'embedding_loss': 0.0407, 'grad_norm': 1.3775310516357422, 'learning_rate': 1.609053497942387e-05, 'epoch': 0.28}
{'embedding_loss': 0.0296, 'grad_norm': 2.1199557781219482, 'learning_rate': 1.4032921810699589e-05, 'epoch': 0.37}
{'embedding_loss': 0.0144, 'grad_norm': 1.2196292877197266, 'learning_rate': 1.1975308641975309e-05, 'epoch': 0.46}
{'embedding_loss': 0.008, 'grad_norm': 0.05819183588027954, 'learning_rate': 9.91769547325103e-06, 'epoch': 0.56}
{'embedding_loss': 0.0055, 'grad_norm': 0.05962977185845375, 'learning_rate': 7.860082304526749e-06, 'epoch': 0.65}
{'embedding_loss': 0.0042, 'grad_norm': 0.09334203600883484, 'learning_rate': 5.80246913580247e-06, 'epoch': 0.74}
{'embedding_loss': 0.0022, 'grad_norm': 0.019525891169905663, 'learning_rate': 3.7448559670781896e-06, 'epoch': 0.83}
{'embedding_loss': 0.0005, 'grad_norm': 0.21196752786636353, 'learning_rate': 1.6872427983539098e-06, 'epoch': 0.93}
{'eval_embedding_loss': 0.000583995133638382, 'eval_embedding_runtime': 10.5602, 'eval_embedding_samples_per_second': 45.454, 'eval_embedding_steps_per_second': 5.682, 'epoch': 1.0}
{'train_runtime': 235.3531, 'train_samples_per_second': 18.355, 'train_steps_per_second': 2.294, 'train_loss': 0.036164100268096834, 'epoch': 1.0}

🔍 Evaluation Metrics
----------------------------------------
📊 Label Distribution:
  Label Data Journalism: 4
  Label Half Data Journalism: 2
  Label Not Data Journalism: 14

✅ Overall Metrics:
  Accuracy : 1.0000
  Precision: 1.0000
  Recall   : 1.0000
  F1       : 1.0000

🧩 Confusion Matrix:
  [4, 0, 0]
  [0, 2, 0]
  [0, 0, 14]

📌 Per-Class Metrics:
  Class Data Journalism: TP=4, FP=0, FN=0, TN=16
  Class Half Data Journalism: TP=2, FP=0, FN=0, TN=18
  Class Not Data Journalism: TP=14, FP=0, FN=0, TN=6
----------------------------------------
Fold finished F1 Score: 1.0 1.0 None
Fold 2/5
Loading model from HPC local scratch: /tmp/shapovalov_setfit_model_cache_1386162
{'embedding_loss': 0.3664, 'grad_norm': 3.230531692504883, 'learning_rate': 0.0, 'epoch': 0.0}
{'embedding_loss': 0.2008, 'grad_norm': 1.6236237287521362, 'learning_rate': 1.814814814814815e-05, 'epoch': 0.09}
{'embedding_loss': 0.0908, 'grad_norm': 0.9368130564689636, 'learning_rate': 1.814814814814815e-05, 'epoch': 0.19}
{'embedding_loss': 0.0461, 'grad_norm': 1.3503785133361816, 'learning_rate': 1.609053497942387e-05, 'epoch': 0.28}
{'embedding_loss': 0.0285, 'grad_norm': 0.3018028438091278, 'learning_rate': 1.4032921810699589e-05, 'epoch': 0.37}
{'embedding_loss': 0.0103, 'grad_norm': 0.07514037191867828, 'learning_rate': 1.1975308641975309e-05, 'epoch': 0.46}
{'embedding_loss': 0.0075, 'grad_norm': 0.09813793003559113, 'learning_rate': 9.91769547325103e-06, 'epoch': 0.56}
{'embedding_loss': 0.0069, 'grad_norm': 0.02873215824365616, 'learning_rate': 7.860082304526749e-06, 'epoch': 0.65}
{'embedding_loss': 0.0031, 'grad_norm': 0.10300258547067642, 'learning_rate': 5.80246913580247e-06, 'epoch': 0.74}
{'embedding_loss': 0.0007, 'grad_norm': 0.014233740977942944, 'learning_rate': 3.7448559670781896e-06, 'epoch': 0.83}
{'embedding_loss': 0.002, 'grad_norm': 0.15363264083862305, 'learning_rate': 1.6872427983539098e-06, 'epoch': 0.93}
{'eval_embedding_loss': 0.00045776006300002337, 'eval_embedding_runtime': 9.9062, 'eval_embedding_samples_per_second': 48.454, 'eval_embedding_steps_per_second': 6.057, 'epoch': 1.0}
{'train_runtime': 235.5002, 'train_samples_per_second': 18.344, 'train_steps_per_second': 2.293, 'train_loss': 0.03715872672145013, 'epoch': 1.0}

🔍 Evaluation Metrics
----------------------------------------
📊 Label Distribution:
  Label Not Data Journalism: 14
  Label Data Journalism: 4
  Label Half Data Journalism: 2

✅ Overall Metrics:
  Accuracy : 1.0000
  Precision: 1.0000
  Recall   : 1.0000
  F1       : 1.0000

🧩 Confusion Matrix:
  [4, 0, 0]
  [0, 2, 0]
  [0, 0, 14]

📌 Per-Class Metrics:
  Class Data Journalism: TP=4, FP=0, FN=0, TN=16
  Class Half Data Journalism: TP=2, FP=0, FN=0, TN=18
  Class Not Data Journalism: TP=14, FP=0, FN=0, TN=6
----------------------------------------
Fold finished F1 Score: 1.0 1.0 None
Fold 3/5
Loading model from HPC local scratch: /tmp/shapovalov_setfit_model_cache_1386162
{'embedding_loss': 0.3668, 'grad_norm': 3.4851067066192627, 'learning_rate': 0.0, 'epoch': 0.0}
{'embedding_loss': 0.2152, 'grad_norm': 1.5420461893081665, 'learning_rate': 1.814814814814815e-05, 'epoch': 0.09}
{'embedding_loss': 0.0725, 'grad_norm': 0.06425060331821442, 'learning_rate': 1.814814814814815e-05, 'epoch': 0.19}
{'embedding_loss': 0.0374, 'grad_norm': 0.08887491375207901, 'learning_rate': 1.609053497942387e-05, 'epoch': 0.28}
{'embedding_loss': 0.028, 'grad_norm': 0.04608917236328125, 'learning_rate': 1.4032921810699589e-05, 'epoch': 0.37}
{'embedding_loss': 0.0177, 'grad_norm': 0.02861105464398861, 'learning_rate': 1.1975308641975309e-05, 'epoch': 0.46}
{'embedding_loss': 0.0107, 'grad_norm': 0.05266501009464264, 'learning_rate': 9.91769547325103e-06, 'epoch': 0.56}
{'embedding_loss': 0.0049, 'grad_norm': 0.5241988897323608, 'learning_rate': 7.860082304526749e-06, 'epoch': 0.65}
{'embedding_loss': 0.0045, 'grad_norm': 15.54423713684082, 'learning_rate': 5.80246913580247e-06, 'epoch': 0.74}
{'embedding_loss': 0.0032, 'grad_norm': 0.02976006269454956, 'learning_rate': 3.7448559670781896e-06, 'epoch': 0.83}
{'embedding_loss': 0.0025, 'grad_norm': 0.03126680105924606, 'learning_rate': 1.6872427983539098e-06, 'epoch': 0.93}
{'eval_embedding_loss': 0.0003858115815091878, 'eval_embedding_runtime': 9.6547, 'eval_embedding_samples_per_second': 49.717, 'eval_embedding_steps_per_second': 6.215, 'epoch': 1.0}
{'train_runtime': 235.4353, 'train_samples_per_second': 18.349, 'train_steps_per_second': 2.294, 'train_loss': 0.03710218910817747, 'epoch': 1.0}

🔍 Evaluation Metrics
----------------------------------------
📊 Label Distribution:
  Label Not Data Journalism: 13
  Label Half Data Journalism: 2
  Label Data Journalism: 5

✅ Overall Metrics:
  Accuracy : 1.0000
  Precision: 1.0000
  Recall   : 1.0000
  F1       : 1.0000

🧩 Confusion Matrix:
  [5, 0, 0]
  [0, 2, 0]
  [0, 0, 13]

📌 Per-Class Metrics:
  Class Data Journalism: TP=5, FP=0, FN=0, TN=15
  Class Half Data Journalism: TP=2, FP=0, FN=0, TN=18
  Class Not Data Journalism: TP=13, FP=0, FN=0, TN=7
----------------------------------------
Fold finished F1 Score: 1.0 1.0 None
Fold 4/5
Loading model from HPC local scratch: /tmp/shapovalov_setfit_model_cache_1386162
{'embedding_loss': 0.4083, 'grad_norm': 3.6230061054229736, 'learning_rate': 0.0, 'epoch': 0.0}
{'embedding_loss': 0.208, 'grad_norm': 2.0025017261505127, 'learning_rate': 1.814814814814815e-05, 'epoch': 0.09}
{'embedding_loss': 0.0675, 'grad_norm': 0.11217982321977615, 'learning_rate': 1.814814814814815e-05, 'epoch': 0.19}
{'embedding_loss': 0.0235, 'grad_norm': 0.03610609099268913, 'learning_rate': 1.609053497942387e-05, 'epoch': 0.28}
{'embedding_loss': 0.0302, 'grad_norm': 0.03938179835677147, 'learning_rate': 1.4032921810699589e-05, 'epoch': 0.37}
{'embedding_loss': 0.0236, 'grad_norm': 0.04003610089421272, 'learning_rate': 1.1975308641975309e-05, 'epoch': 0.46}
{'embedding_loss': 0.0057, 'grad_norm': 0.18231645226478577, 'learning_rate': 9.91769547325103e-06, 'epoch': 0.56}
{'embedding_loss': 0.0112, 'grad_norm': 0.03718933090567589, 'learning_rate': 7.860082304526749e-06, 'epoch': 0.65}
{'embedding_loss': 0.0063, 'grad_norm': 0.02421785518527031, 'learning_rate': 5.80246913580247e-06, 'epoch': 0.74}
{'embedding_loss': 0.0058, 'grad_norm': 0.04807189106941223, 'learning_rate': 3.7448559670781896e-06, 'epoch': 0.83}
{'embedding_loss': 0.0042, 'grad_norm': 0.026308352127671242, 'learning_rate': 1.6872427983539098e-06, 'epoch': 0.93}
{'eval_embedding_loss': 0.012339801527559757, 'eval_embedding_runtime': 9.1436, 'eval_embedding_samples_per_second': 52.495, 'eval_embedding_steps_per_second': 6.562, 'epoch': 1.0}
{'train_runtime': 237.245, 'train_samples_per_second': 18.209, 'train_steps_per_second': 2.276, 'train_loss': 0.0362966179985691, 'epoch': 1.0}

🔍 Evaluation Metrics
----------------------------------------
📊 Label Distribution:
  Label Not Data Journalism: 13
  Label Data Journalism: 4
  Label Half Data Journalism: 3

✅ Overall Metrics:
  Accuracy : 1.0000
  Precision: 1.0000
  Recall   : 1.0000
  F1       : 1.0000

🧩 Confusion Matrix:
  [4, 0, 0]
  [0, 3, 0]
  [0, 0, 13]

📌 Per-Class Metrics:
  Class Data Journalism: TP=4, FP=0, FN=0, TN=16
  Class Half Data Journalism: TP=3, FP=0, FN=0, TN=17
  Class Not Data Journalism: TP=13, FP=0, FN=0, TN=7
----------------------------------------
Fold finished F1 Score: 1.0 1.0 None
Fold 5/5
Loading model from HPC local scratch: /tmp/shapovalov_setfit_model_cache_1386162
{'embedding_loss': 0.2594, 'grad_norm': 2.7141921520233154, 'learning_rate': 0.0, 'epoch': 0.0}
{'embedding_loss': 0.2082, 'grad_norm': 1.0674867630004883, 'learning_rate': 1.814814814814815e-05, 'epoch': 0.09}
{'embedding_loss': 0.074, 'grad_norm': 0.3630254864692688, 'learning_rate': 1.814814814814815e-05, 'epoch': 0.19}
{'embedding_loss': 0.0175, 'grad_norm': 1.5851945877075195, 'learning_rate': 1.609053497942387e-05, 'epoch': 0.28}
{'embedding_loss': 0.0123, 'grad_norm': 0.1931747943162918, 'learning_rate': 1.4032921810699589e-05, 'epoch': 0.37}
{'embedding_loss': 0.0103, 'grad_norm': 0.04367394000291824, 'learning_rate': 1.1975308641975309e-05, 'epoch': 0.46}
{'embedding_loss': 0.0025, 'grad_norm': 0.02484109438955784, 'learning_rate': 9.91769547325103e-06, 'epoch': 0.56}
{'embedding_loss': 0.0054, 'grad_norm': 0.03596381098031998, 'learning_rate': 7.860082304526749e-06, 'epoch': 0.65}
{'embedding_loss': 0.0047, 'grad_norm': 0.020307406783103943, 'learning_rate': 5.80246913580247e-06, 'epoch': 0.74}
{'embedding_loss': 0.0039, 'grad_norm': 0.008506708778440952, 'learning_rate': 3.7448559670781896e-06, 'epoch': 0.83}
{'embedding_loss': 0.0016, 'grad_norm': 0.02015024796128273, 'learning_rate': 1.6872427983539098e-06, 'epoch': 0.93}
{'eval_embedding_loss': 0.0037499533500522375, 'eval_embedding_runtime': 8.9396, 'eval_embedding_samples_per_second': 53.693, 'eval_embedding_steps_per_second': 6.712, 'epoch': 1.0}
{'train_runtime': 235.1645, 'train_samples_per_second': 18.37, 'train_steps_per_second': 2.296, 'train_loss': 0.0316692206422212, 'epoch': 1.0}

🔍 Evaluation Metrics
----------------------------------------
📊 Label Distribution:
  Label Not Data Journalism: 13
  Label Data Journalism: 4
  Label Half Data Journalism: 3

✅ Overall Metrics:
  Accuracy : 1.0000
  Precision: 1.0000
  Recall   : 1.0000
  F1       : 1.0000

🧩 Confusion Matrix:
  [4, 0, 0]
  [0, 3, 0]
  [0, 0, 13]

📌 Per-Class Metrics:
  Class Data Journalism: TP=4, FP=0, FN=0, TN=16
  Class Half Data Journalism: TP=3, FP=0, FN=0, TN=17
  Class Not Data Journalism: TP=13, FP=0, FN=0, TN=7
----------------------------------------
Fold finished F1 Score: 1.0 1.0 None
Average VRAM usage: 3341.26 MB, Max VRAM usage: 11308.77 MB
Trial 3 completed with avg fold F1 score: 1.0
Trial 4: {'num_iterations': 16, 'num_epochs': 1, 'batch_size': 16, 'head_lr': 3.037515404772984e-05}
Fold 1/5
Loading model from HPC local scratch: /tmp/shapovalov_setfit_model_cache_1386162
{'embedding_loss': 0.3277, 'grad_norm': 3.0673506259918213, 'learning_rate': 0.0, 'epoch': 0.0}
{'embedding_loss': 0.1925, 'grad_norm': 1.1563295125961304, 'learning_rate': 1.9197530864197534e-05, 'epoch': 0.14}
{'embedding_loss': 0.0334, 'grad_norm': 0.11122573167085648, 'learning_rate': 1.6111111111111115e-05, 'epoch': 0.28}
{'embedding_loss': 0.0275, 'grad_norm': 0.5840001106262207, 'learning_rate': 1.3024691358024692e-05, 'epoch': 0.42}
{'embedding_loss': 0.0109, 'grad_norm': 0.3101279139518738, 'learning_rate': 9.938271604938273e-06, 'epoch': 0.56}
{'embedding_loss': 0.0024, 'grad_norm': 0.06745372712612152, 'learning_rate': 6.851851851851853e-06, 'epoch': 0.69}
{'embedding_loss': 0.0008, 'grad_norm': 0.26489347219467163, 'learning_rate': 3.7654320987654325e-06, 'epoch': 0.83}
{'embedding_loss': 0.001, 'grad_norm': 0.011084575206041336, 'learning_rate': 6.790123456790124e-07, 'epoch': 0.97}
{'eval_embedding_loss': 0.00047128283767960966, 'eval_embedding_runtime': 13.1807, 'eval_embedding_samples_per_second': 48.556, 'eval_embedding_steps_per_second': 3.035, 'epoch': 1.0}
{'train_runtime': 293.1147, 'train_samples_per_second': 19.651, 'train_steps_per_second': 1.228, 'train_loss': 0.037668456922337, 'epoch': 1.0}

🔍 Evaluation Metrics
----------------------------------------
📊 Label Distribution:
  Label Data Journalism: 4
  Label Half Data Journalism: 2
  Label Not Data Journalism: 14

✅ Overall Metrics:
  Accuracy : 1.0000
  Precision: 1.0000
  Recall   : 1.0000
  F1       : 1.0000

🧩 Confusion Matrix:
  [4, 0, 0]
  [0, 2, 0]
  [0, 0, 14]

📌 Per-Class Metrics:
  Class Data Journalism: TP=4, FP=0, FN=0, TN=16
  Class Half Data Journalism: TP=2, FP=0, FN=0, TN=18
  Class Not Data Journalism: TP=14, FP=0, FN=0, TN=6
----------------------------------------
Fold finished F1 Score: 1.0 1.0 None
Fold 2/5
Loading model from HPC local scratch: /tmp/shapovalov_setfit_model_cache_1386162
{'embedding_loss': 0.3748, 'grad_norm': 3.523188829421997, 'learning_rate': 0.0, 'epoch': 0.0}
{'embedding_loss': 0.1809, 'grad_norm': 1.2086209058761597, 'learning_rate': 1.9197530864197534e-05, 'epoch': 0.14}
{'embedding_loss': 0.0449, 'grad_norm': 0.7845865488052368, 'learning_rate': 1.6111111111111115e-05, 'epoch': 0.28}
{'embedding_loss': 0.0195, 'grad_norm': 0.33180171251296997, 'learning_rate': 1.3024691358024692e-05, 'epoch': 0.42}
{'embedding_loss': 0.01, 'grad_norm': 0.6108967065811157, 'learning_rate': 9.938271604938273e-06, 'epoch': 0.56}
{'embedding_loss': 0.0079, 'grad_norm': 0.6539880633354187, 'learning_rate': 6.851851851851853e-06, 'epoch': 0.69}
{'embedding_loss': 0.0052, 'grad_norm': 0.43361756205558777, 'learning_rate': 3.7654320987654325e-06, 'epoch': 0.83}
{'embedding_loss': 0.0022, 'grad_norm': 0.04678596183657646, 'learning_rate': 6.790123456790124e-07, 'epoch': 0.97}
{'eval_embedding_loss': 0.0003408338816370815, 'eval_embedding_runtime': 13.0093, 'eval_embedding_samples_per_second': 49.196, 'eval_embedding_steps_per_second': 3.075, 'epoch': 1.0}
{'train_runtime': 293.3076, 'train_samples_per_second': 19.638, 'train_steps_per_second': 1.227, 'train_loss': 0.038155593194015736, 'epoch': 1.0}

🔍 Evaluation Metrics
----------------------------------------
📊 Label Distribution:
  Label Not Data Journalism: 14
  Label Data Journalism: 4
  Label Half Data Journalism: 2

✅ Overall Metrics:
  Accuracy : 1.0000
  Precision: 1.0000
  Recall   : 1.0000
  F1       : 1.0000

🧩 Confusion Matrix:
  [4, 0, 0]
  [0, 2, 0]
  [0, 0, 14]

📌 Per-Class Metrics:
  Class Data Journalism: TP=4, FP=0, FN=0, TN=16
  Class Half Data Journalism: TP=2, FP=0, FN=0, TN=18
  Class Not Data Journalism: TP=14, FP=0, FN=0, TN=6
----------------------------------------
Fold finished F1 Score: 1.0 1.0 None
Fold 3/5
Loading model from HPC local scratch: /tmp/shapovalov_setfit_model_cache_1386162
{'embedding_loss': 0.3466, 'grad_norm': 3.025583505630493, 'learning_rate': 0.0, 'epoch': 0.0}
{'embedding_loss': 0.1895, 'grad_norm': 1.156162142753601, 'learning_rate': 1.9197530864197534e-05, 'epoch': 0.14}
{'embedding_loss': 0.0408, 'grad_norm': 0.30947595834732056, 'learning_rate': 1.6111111111111115e-05, 'epoch': 0.28}
{'embedding_loss': 0.0152, 'grad_norm': 0.14240749180316925, 'learning_rate': 1.3024691358024692e-05, 'epoch': 0.42}
{'embedding_loss': 0.0115, 'grad_norm': 0.4369954764842987, 'learning_rate': 9.938271604938273e-06, 'epoch': 0.56}
{'embedding_loss': 0.006, 'grad_norm': 0.04276766628026962, 'learning_rate': 6.851851851851853e-06, 'epoch': 0.69}
{'embedding_loss': 0.0029, 'grad_norm': 0.03311288356781006, 'learning_rate': 3.7654320987654325e-06, 'epoch': 0.83}
{'embedding_loss': 0.0032, 'grad_norm': 0.014158438891172409, 'learning_rate': 6.790123456790124e-07, 'epoch': 0.97}
{'eval_embedding_loss': 0.0007044156664051116, 'eval_embedding_runtime': 12.1696, 'eval_embedding_samples_per_second': 52.59, 'eval_embedding_steps_per_second': 3.287, 'epoch': 1.0}
{'train_runtime': 293.6147, 'train_samples_per_second': 19.618, 'train_steps_per_second': 1.226, 'train_loss': 0.037900167962329256, 'epoch': 1.0}

🔍 Evaluation Metrics
----------------------------------------
📊 Label Distribution:
  Label Not Data Journalism: 13
  Label Half Data Journalism: 2
  Label Data Journalism: 5

✅ Overall Metrics:
  Accuracy : 1.0000
  Precision: 1.0000
  Recall   : 1.0000
  F1       : 1.0000

🧩 Confusion Matrix:
  [5, 0, 0]
  [0, 2, 0]
  [0, 0, 13]

📌 Per-Class Metrics:
  Class Data Journalism: TP=5, FP=0, FN=0, TN=15
  Class Half Data Journalism: TP=2, FP=0, FN=0, TN=18
  Class Not Data Journalism: TP=13, FP=0, FN=0, TN=7
----------------------------------------
Fold finished F1 Score: 1.0 1.0 None
Fold 4/5
Loading model from HPC local scratch: /tmp/shapovalov_setfit_model_cache_1386162
{'embedding_loss': 0.4138, 'grad_norm': 3.5564005374908447, 'learning_rate': 0.0, 'epoch': 0.0}
{'embedding_loss': 0.1792, 'grad_norm': 1.3425146341323853, 'learning_rate': 1.9197530864197534e-05, 'epoch': 0.14}
{'embedding_loss': 0.0382, 'grad_norm': 0.12031621485948563, 'learning_rate': 1.6111111111111115e-05, 'epoch': 0.28}
{'embedding_loss': 0.0168, 'grad_norm': 0.03148950636386871, 'learning_rate': 1.3024691358024692e-05, 'epoch': 0.42}
{'embedding_loss': 0.0109, 'grad_norm': 0.45956143736839294, 'learning_rate': 9.938271604938273e-06, 'epoch': 0.56}
{'embedding_loss': 0.0048, 'grad_norm': 0.07555868476629257, 'learning_rate': 6.851851851851853e-06, 'epoch': 0.69}
{'embedding_loss': 0.0043, 'grad_norm': 0.025005292147397995, 'learning_rate': 3.7654320987654325e-06, 'epoch': 0.83}
{'embedding_loss': 0.0069, 'grad_norm': 0.03988680988550186, 'learning_rate': 6.790123456790124e-07, 'epoch': 0.97}
{'eval_embedding_loss': 0.01298721693456173, 'eval_embedding_runtime': 11.6014, 'eval_embedding_samples_per_second': 55.166, 'eval_embedding_steps_per_second': 3.448, 'epoch': 1.0}
{'train_runtime': 292.6975, 'train_samples_per_second': 19.679, 'train_steps_per_second': 1.23, 'train_loss': 0.03713588010933664, 'epoch': 1.0}

🔍 Evaluation Metrics
----------------------------------------
📊 Label Distribution:
  Label Not Data Journalism: 13
  Label Data Journalism: 4
  Label Half Data Journalism: 3

✅ Overall Metrics:
  Accuracy : 0.9500
  Precision: 0.9600
  Recall   : 0.9500
  F1       : 0.9478

🧩 Confusion Matrix:
  [4, 0, 0]
  [1, 2, 0]
  [0, 0, 13]

📌 Per-Class Metrics:
  Class Data Journalism: TP=4, FP=1, FN=0, TN=15
  Class Half Data Journalism: TP=2, FP=0, FN=1, TN=17
  Class Not Data Journalism: TP=13, FP=0, FN=0, TN=7
----------------------------------------
Fold finished F1 Score: 0.9522222222222222 0.9477777777777778 None
Fold 5/5
Loading model from HPC local scratch: /tmp/shapovalov_setfit_model_cache_1386162
{'embedding_loss': 0.373, 'grad_norm': 3.3862838745117188, 'learning_rate': 0.0, 'epoch': 0.0}
{'embedding_loss': 0.1846, 'grad_norm': 1.117892861366272, 'learning_rate': 1.9197530864197534e-05, 'epoch': 0.14}
{'embedding_loss': 0.0354, 'grad_norm': 0.8056561946868896, 'learning_rate': 1.6111111111111115e-05, 'epoch': 0.28}
{'embedding_loss': 0.0206, 'grad_norm': 0.8406287431716919, 'learning_rate': 1.3024691358024692e-05, 'epoch': 0.42}
{'embedding_loss': 0.0059, 'grad_norm': 0.016466718167066574, 'learning_rate': 9.938271604938273e-06, 'epoch': 0.56}
{'embedding_loss': 0.0053, 'grad_norm': 0.02975601889193058, 'learning_rate': 6.851851851851853e-06, 'epoch': 0.69}
{'embedding_loss': 0.0021, 'grad_norm': 0.9164513945579529, 'learning_rate': 3.7654320987654325e-06, 'epoch': 0.83}
{'embedding_loss': 0.0009, 'grad_norm': 0.06581894308328629, 'learning_rate': 6.790123456790124e-07, 'epoch': 0.97}
{'eval_embedding_loss': 0.0016147010028362274, 'eval_embedding_runtime': 11.0023, 'eval_embedding_samples_per_second': 58.169, 'eval_embedding_steps_per_second': 3.636, 'epoch': 1.0}
{'train_runtime': 292.8519, 'train_samples_per_second': 19.669, 'train_steps_per_second': 1.229, 'train_loss': 0.03592487068639861, 'epoch': 1.0}

🔍 Evaluation Metrics
----------------------------------------
📊 Label Distribution:
  Label Not Data Journalism: 13
  Label Data Journalism: 4
  Label Half Data Journalism: 3

✅ Overall Metrics:
  Accuracy : 1.0000
  Precision: 1.0000
  Recall   : 1.0000
  F1       : 1.0000

🧩 Confusion Matrix:
  [4, 0, 0]
  [0, 3, 0]
  [0, 0, 13]

📌 Per-Class Metrics:
  Class Data Journalism: TP=4, FP=0, FN=0, TN=16
  Class Half Data Journalism: TP=3, FP=0, FN=0, TN=17
  Class Not Data Journalism: TP=13, FP=0, FN=0, TN=7
----------------------------------------
Fold finished F1 Score: 1.0 1.0 None
Average VRAM usage: 5217.48 MB, Max VRAM usage: 20725.96 MB
Trial 4 completed with avg fold F1 score: 0.9904444444444443
Trial 5: {'num_iterations': 18, 'num_epochs': 1, 'batch_size': 16, 'head_lr': 2.086961672872305e-05}
Fold 1/5
Loading model from HPC local scratch: /tmp/shapovalov_setfit_model_cache_1386162
{'embedding_loss': 0.2732, 'grad_norm': 2.5835793018341064, 'learning_rate': 0.0, 'epoch': 0.0}
{'embedding_loss': 0.1989, 'grad_norm': 1.3706413507461548, 'learning_rate': 1.9560439560439563e-05, 'epoch': 0.12}
{'embedding_loss': 0.04, 'grad_norm': 0.5661704540252686, 'learning_rate': 1.6813186813186814e-05, 'epoch': 0.25}
{'embedding_loss': 0.0256, 'grad_norm': 0.13088522851467133, 'learning_rate': 1.4065934065934068e-05, 'epoch': 0.37}
{'embedding_loss': 0.0131, 'grad_norm': 0.04237806797027588, 'learning_rate': 1.131868131868132e-05, 'epoch': 0.49}
{'embedding_loss': 0.0057, 'grad_norm': 0.35035377740859985, 'learning_rate': 8.571428571428571e-06, 'epoch': 0.62}
{'embedding_loss': 0.0054, 'grad_norm': 0.02409292757511139, 'learning_rate': 5.824175824175825e-06, 'epoch': 0.74}
{'embedding_loss': 0.0029, 'grad_norm': 0.016383148729801178, 'learning_rate': 3.0769230769230774e-06, 'epoch': 0.86}
{'embedding_loss': 0.0008, 'grad_norm': 0.01061980426311493, 'learning_rate': 3.296703296703297e-07, 'epoch': 0.99}
{'eval_embedding_loss': 0.00042408364242874086, 'eval_embedding_runtime': 14.7826, 'eval_embedding_samples_per_second': 48.706, 'eval_embedding_steps_per_second': 3.044, 'epoch': 1.0}
{'train_runtime': 329.5591, 'train_samples_per_second': 19.663, 'train_steps_per_second': 1.229, 'train_loss': 0.036304362750623695, 'epoch': 1.0}

🔍 Evaluation Metrics
----------------------------------------
📊 Label Distribution:
  Label Data Journalism: 4
  Label Half Data Journalism: 2
  Label Not Data Journalism: 14

✅ Overall Metrics:
  Accuracy : 1.0000
  Precision: 1.0000
  Recall   : 1.0000
  F1       : 1.0000

🧩 Confusion Matrix:
  [4, 0, 0]
  [0, 2, 0]
  [0, 0, 14]

📌 Per-Class Metrics:
  Class Data Journalism: TP=4, FP=0, FN=0, TN=16
  Class Half Data Journalism: TP=2, FP=0, FN=0, TN=18
  Class Not Data Journalism: TP=14, FP=0, FN=0, TN=6
----------------------------------------
Fold finished F1 Score: 1.0 1.0 None
Fold 2/5
Loading model from HPC local scratch: /tmp/shapovalov_setfit_model_cache_1386162
{'embedding_loss': 0.3086, 'grad_norm': 2.7429778575897217, 'learning_rate': 0.0, 'epoch': 0.0}
{'embedding_loss': 0.1886, 'grad_norm': 1.5045666694641113, 'learning_rate': 1.9560439560439563e-05, 'epoch': 0.12}
{'embedding_loss': 0.0476, 'grad_norm': 0.2949657440185547, 'learning_rate': 1.6813186813186814e-05, 'epoch': 0.25}
{'embedding_loss': 0.0259, 'grad_norm': 0.8304005265235901, 'learning_rate': 1.4065934065934068e-05, 'epoch': 0.37}
{'embedding_loss': 0.0103, 'grad_norm': 0.08244819939136505, 'learning_rate': 1.131868131868132e-05, 'epoch': 0.49}
{'embedding_loss': 0.0013, 'grad_norm': 0.04117050766944885, 'learning_rate': 8.571428571428571e-06, 'epoch': 0.62}
{'embedding_loss': 0.0004, 'grad_norm': 0.0732993334531784, 'learning_rate': 5.824175824175825e-06, 'epoch': 0.74}
{'embedding_loss': 0.0005, 'grad_norm': 0.007090059109032154, 'learning_rate': 3.0769230769230774e-06, 'epoch': 0.86}
{'embedding_loss': 0.0003, 'grad_norm': 0.05391889810562134, 'learning_rate': 3.296703296703297e-07, 'epoch': 0.99}
{'eval_embedding_loss': 0.00024241345818154514, 'eval_embedding_runtime': 14.5529, 'eval_embedding_samples_per_second': 49.475, 'eval_embedding_steps_per_second': 3.092, 'epoch': 1.0}
{'train_runtime': 329.8895, 'train_samples_per_second': 19.643, 'train_steps_per_second': 1.228, 'train_loss': 0.03423980778819065, 'epoch': 1.0}

🔍 Evaluation Metrics
----------------------------------------
📊 Label Distribution:
  Label Not Data Journalism: 14
  Label Data Journalism: 4
  Label Half Data Journalism: 2

✅ Overall Metrics:
  Accuracy : 1.0000
  Precision: 1.0000
  Recall   : 1.0000
  F1       : 1.0000

🧩 Confusion Matrix:
  [4, 0, 0]
  [0, 2, 0]
  [0, 0, 14]

📌 Per-Class Metrics:
  Class Data Journalism: TP=4, FP=0, FN=0, TN=16
  Class Half Data Journalism: TP=2, FP=0, FN=0, TN=18
  Class Not Data Journalism: TP=14, FP=0, FN=0, TN=6
----------------------------------------
Fold finished F1 Score: 1.0 1.0 None
Fold 3/5
Loading model from HPC local scratch: /tmp/shapovalov_setfit_model_cache_1386162
{'embedding_loss': 0.3354, 'grad_norm': 5.315678119659424, 'learning_rate': 0.0, 'epoch': 0.0}
{'embedding_loss': 0.1954, 'grad_norm': 1.8766205310821533, 'learning_rate': 1.9560439560439563e-05, 'epoch': 0.12}
{'embedding_loss': 0.0456, 'grad_norm': 0.5511252284049988, 'learning_rate': 1.6813186813186814e-05, 'epoch': 0.25}
{'embedding_loss': 0.0272, 'grad_norm': 0.5157378911972046, 'learning_rate': 1.4065934065934068e-05, 'epoch': 0.37}
{'embedding_loss': 0.0189, 'grad_norm': 0.33557915687561035, 'learning_rate': 1.131868131868132e-05, 'epoch': 0.49}
{'embedding_loss': 0.0088, 'grad_norm': 0.04428501054644585, 'learning_rate': 8.571428571428571e-06, 'epoch': 0.62}
{'embedding_loss': 0.0061, 'grad_norm': 0.7088608145713806, 'learning_rate': 5.824175824175825e-06, 'epoch': 0.74}
{'embedding_loss': 0.0026, 'grad_norm': 0.18174651265144348, 'learning_rate': 3.0769230769230774e-06, 'epoch': 0.86}
{'embedding_loss': 0.0014, 'grad_norm': 0.09271283447742462, 'learning_rate': 3.296703296703297e-07, 'epoch': 0.99}
{'eval_embedding_loss': 0.0010375123238191009, 'eval_embedding_runtime': 13.5981, 'eval_embedding_samples_per_second': 52.949, 'eval_embedding_steps_per_second': 3.309, 'epoch': 1.0}
{'train_runtime': 331.0794, 'train_samples_per_second': 19.572, 'train_steps_per_second': 1.223, 'train_loss': 0.03815739608289283, 'epoch': 1.0}

🔍 Evaluation Metrics
----------------------------------------
📊 Label Distribution:
  Label Not Data Journalism: 13
  Label Half Data Journalism: 2
  Label Data Journalism: 5

✅ Overall Metrics:
  Accuracy : 1.0000
  Precision: 1.0000
  Recall   : 1.0000
  F1       : 1.0000

🧩 Confusion Matrix:
  [5, 0, 0]
  [0, 2, 0]
  [0, 0, 13]

📌 Per-Class Metrics:
  Class Data Journalism: TP=5, FP=0, FN=0, TN=15
  Class Half Data Journalism: TP=2, FP=0, FN=0, TN=18
  Class Not Data Journalism: TP=13, FP=0, FN=0, TN=7
----------------------------------------
Fold finished F1 Score: 1.0 1.0 None
Fold 4/5
Loading model from HPC local scratch: /tmp/shapovalov_setfit_model_cache_1386162
{'embedding_loss': 0.3826, 'grad_norm': 2.9196646213531494, 'learning_rate': 0.0, 'epoch': 0.0}
{'embedding_loss': 0.1871, 'grad_norm': 2.1656532287597656, 'learning_rate': 1.9560439560439563e-05, 'epoch': 0.12}
{'embedding_loss': 0.0464, 'grad_norm': 0.6029825210571289, 'learning_rate': 1.6813186813186814e-05, 'epoch': 0.25}
{'embedding_loss': 0.0171, 'grad_norm': 0.21312518417835236, 'learning_rate': 1.4065934065934068e-05, 'epoch': 0.37}
{'embedding_loss': 0.0033, 'grad_norm': 0.011533185839653015, 'learning_rate': 1.131868131868132e-05, 'epoch': 0.49}
{'embedding_loss': 0.0011, 'grad_norm': 0.02254388853907585, 'learning_rate': 8.571428571428571e-06, 'epoch': 0.62}
{'embedding_loss': 0.0005, 'grad_norm': 0.007589876186102629, 'learning_rate': 5.824175824175825e-06, 'epoch': 0.74}
{'embedding_loss': 0.0004, 'grad_norm': 0.010519870556890965, 'learning_rate': 3.0769230769230774e-06, 'epoch': 0.86}
{'embedding_loss': 0.0003, 'grad_norm': 0.023140762001276016, 'learning_rate': 3.296703296703297e-07, 'epoch': 0.99}
{'eval_embedding_loss': 0.0002899329992942512, 'eval_embedding_runtime': 12.5183, 'eval_embedding_samples_per_second': 57.516, 'eval_embedding_steps_per_second': 3.595, 'epoch': 1.0}
{'train_runtime': 330.866, 'train_samples_per_second': 19.585, 'train_steps_per_second': 1.224, 'train_loss': 0.03212099029627962, 'epoch': 1.0}

🔍 Evaluation Metrics
----------------------------------------
📊 Label Distribution:
  Label Not Data Journalism: 13
  Label Data Journalism: 4
  Label Half Data Journalism: 3

✅ Overall Metrics:
  Accuracy : 1.0000
  Precision: 1.0000
  Recall   : 1.0000
  F1       : 1.0000

🧩 Confusion Matrix:
  [4, 0, 0]
  [0, 3, 0]
  [0, 0, 13]

📌 Per-Class Metrics:
  Class Data Journalism: TP=4, FP=0, FN=0, TN=16
  Class Half Data Journalism: TP=3, FP=0, FN=0, TN=17
  Class Not Data Journalism: TP=13, FP=0, FN=0, TN=7
----------------------------------------
Fold finished F1 Score: 1.0 1.0 None
Fold 5/5
Loading model from HPC local scratch: /tmp/shapovalov_setfit_model_cache_1386162
{'embedding_loss': 0.4328, 'grad_norm': 3.4047930240631104, 'learning_rate': 0.0, 'epoch': 0.0}
{'embedding_loss': 0.177, 'grad_norm': 0.9538367986679077, 'learning_rate': 1.9560439560439563e-05, 'epoch': 0.12}
{'embedding_loss': 0.0318, 'grad_norm': 0.08863186836242676, 'learning_rate': 1.6813186813186814e-05, 'epoch': 0.25}
{'embedding_loss': 0.0132, 'grad_norm': 0.02778335101902485, 'learning_rate': 1.4065934065934068e-05, 'epoch': 0.37}
{'embedding_loss': 0.0047, 'grad_norm': 0.04166979715228081, 'learning_rate': 1.131868131868132e-05, 'epoch': 0.49}
{'embedding_loss': 0.0033, 'grad_norm': 0.02417607791721821, 'learning_rate': 8.571428571428571e-06, 'epoch': 0.62}
{'embedding_loss': 0.0011, 'grad_norm': 0.02778632380068302, 'learning_rate': 5.824175824175825e-06, 'epoch': 0.74}
{'embedding_loss': 0.001, 'grad_norm': 0.02484685741364956, 'learning_rate': 3.0769230769230774e-06, 'epoch': 0.86}
{'embedding_loss': 0.0007, 'grad_norm': 0.017884869128465652, 'learning_rate': 3.296703296703297e-07, 'epoch': 0.99}
{'eval_embedding_loss': 0.0016900640912353992, 'eval_embedding_runtime': 12.2599, 'eval_embedding_samples_per_second': 58.728, 'eval_embedding_steps_per_second': 3.671, 'epoch': 1.0}
{'train_runtime': 329.0726, 'train_samples_per_second': 19.692, 'train_steps_per_second': 1.231, 'train_loss': 0.029368130168245164, 'epoch': 1.0}

🔍 Evaluation Metrics
----------------------------------------
📊 Label Distribution:
  Label Not Data Journalism: 13
  Label Data Journalism: 4
  Label Half Data Journalism: 3

✅ Overall Metrics:
  Accuracy : 1.0000
  Precision: 1.0000
  Recall   : 1.0000
  F1       : 1.0000

🧩 Confusion Matrix:
  [4, 0, 0]
  [0, 3, 0]
  [0, 0, 13]

📌 Per-Class Metrics:
  Class Data Journalism: TP=4, FP=0, FN=0, TN=16
  Class Half Data Journalism: TP=3, FP=0, FN=0, TN=17
  Class Not Data Journalism: TP=13, FP=0, FN=0, TN=7
----------------------------------------
Fold finished F1 Score: 1.0 1.0 None
Average VRAM usage: 5213.78 MB, Max VRAM usage: 20728.04 MB
Trial 5 completed with avg fold F1 score: 1.0
Trial 6: {'num_iterations': 16, 'num_epochs': 1, 'batch_size': 16, 'head_lr': 4.8449981469052626e-05}
Fold 1/5
Loading model from HPC local scratch: /tmp/shapovalov_setfit_model_cache_1386162
{'embedding_loss': 0.3277, 'grad_norm': 3.0673506259918213, 'learning_rate': 0.0, 'epoch': 0.0}
{'embedding_loss': 0.1925, 'grad_norm': 1.1563295125961304, 'learning_rate': 1.9197530864197534e-05, 'epoch': 0.14}
{'embedding_loss': 0.0334, 'grad_norm': 0.11122573167085648, 'learning_rate': 1.6111111111111115e-05, 'epoch': 0.28}
{'embedding_loss': 0.0275, 'grad_norm': 0.5840001106262207, 'learning_rate': 1.3024691358024692e-05, 'epoch': 0.42}
{'embedding_loss': 0.0109, 'grad_norm': 0.3101279139518738, 'learning_rate': 9.938271604938273e-06, 'epoch': 0.56}
{'embedding_loss': 0.0024, 'grad_norm': 0.06745372712612152, 'learning_rate': 6.851851851851853e-06, 'epoch': 0.69}
{'embedding_loss': 0.0008, 'grad_norm': 0.26489347219467163, 'learning_rate': 3.7654320987654325e-06, 'epoch': 0.83}
{'embedding_loss': 0.001, 'grad_norm': 0.011084575206041336, 'learning_rate': 6.790123456790124e-07, 'epoch': 0.97}
{'eval_embedding_loss': 0.00047128283767960966, 'eval_embedding_runtime': 13.6682, 'eval_embedding_samples_per_second': 46.824, 'eval_embedding_steps_per_second': 2.926, 'epoch': 1.0}
{'train_runtime': 295.9748, 'train_samples_per_second': 19.461, 'train_steps_per_second': 1.216, 'train_loss': 0.037668456922337, 'epoch': 1.0}

🔍 Evaluation Metrics
----------------------------------------
📊 Label Distribution:
  Label Data Journalism: 4
  Label Half Data Journalism: 2
  Label Not Data Journalism: 14

✅ Overall Metrics:
  Accuracy : 1.0000
  Precision: 1.0000
  Recall   : 1.0000
  F1       : 1.0000

🧩 Confusion Matrix:
  [4, 0, 0]
  [0, 2, 0]
  [0, 0, 14]

📌 Per-Class Metrics:
  Class Data Journalism: TP=4, FP=0, FN=0, TN=16
  Class Half Data Journalism: TP=2, FP=0, FN=0, TN=18
  Class Not Data Journalism: TP=14, FP=0, FN=0, TN=6
----------------------------------------
Fold finished F1 Score: 1.0 1.0 None
Fold 2/5
Loading model from HPC local scratch: /tmp/shapovalov_setfit_model_cache_1386162
{'embedding_loss': 0.3748, 'grad_norm': 3.523188829421997, 'learning_rate': 0.0, 'epoch': 0.0}
{'embedding_loss': 0.1809, 'grad_norm': 1.2086209058761597, 'learning_rate': 1.9197530864197534e-05, 'epoch': 0.14}
{'embedding_loss': 0.0449, 'grad_norm': 0.7845865488052368, 'learning_rate': 1.6111111111111115e-05, 'epoch': 0.28}
{'embedding_loss': 0.0195, 'grad_norm': 0.33180171251296997, 'learning_rate': 1.3024691358024692e-05, 'epoch': 0.42}
{'embedding_loss': 0.01, 'grad_norm': 0.6108967065811157, 'learning_rate': 9.938271604938273e-06, 'epoch': 0.56}
{'embedding_loss': 0.0079, 'grad_norm': 0.6539880633354187, 'learning_rate': 6.851851851851853e-06, 'epoch': 0.69}
{'embedding_loss': 0.0052, 'grad_norm': 0.43361756205558777, 'learning_rate': 3.7654320987654325e-06, 'epoch': 0.83}
{'embedding_loss': 0.0022, 'grad_norm': 0.04678596183657646, 'learning_rate': 6.790123456790124e-07, 'epoch': 0.97}
{'eval_embedding_loss': 0.0003408338816370815, 'eval_embedding_runtime': 12.7399, 'eval_embedding_samples_per_second': 50.236, 'eval_embedding_steps_per_second': 3.14, 'epoch': 1.0}
{'train_runtime': 294.0803, 'train_samples_per_second': 19.586, 'train_steps_per_second': 1.224, 'train_loss': 0.038155593194015736, 'epoch': 1.0}

🔍 Evaluation Metrics
----------------------------------------
📊 Label Distribution:
  Label Not Data Journalism: 14
  Label Data Journalism: 4
  Label Half Data Journalism: 2

✅ Overall Metrics:
  Accuracy : 1.0000
  Precision: 1.0000
  Recall   : 1.0000
  F1       : 1.0000

🧩 Confusion Matrix:
  [4, 0, 0]
  [0, 2, 0]
  [0, 0, 14]

📌 Per-Class Metrics:
  Class Data Journalism: TP=4, FP=0, FN=0, TN=16
  Class Half Data Journalism: TP=2, FP=0, FN=0, TN=18
  Class Not Data Journalism: TP=14, FP=0, FN=0, TN=6
----------------------------------------
Fold finished F1 Score: 1.0 1.0 None
Fold 3/5
Loading model from HPC local scratch: /tmp/shapovalov_setfit_model_cache_1386162
{'embedding_loss': 0.3466, 'grad_norm': 3.025583505630493, 'learning_rate': 0.0, 'epoch': 0.0}
{'embedding_loss': 0.1895, 'grad_norm': 1.156162142753601, 'learning_rate': 1.9197530864197534e-05, 'epoch': 0.14}
{'embedding_loss': 0.0408, 'grad_norm': 0.30947595834732056, 'learning_rate': 1.6111111111111115e-05, 'epoch': 0.28}
{'embedding_loss': 0.0152, 'grad_norm': 0.14240749180316925, 'learning_rate': 1.3024691358024692e-05, 'epoch': 0.42}
{'embedding_loss': 0.0115, 'grad_norm': 0.4369954764842987, 'learning_rate': 9.938271604938273e-06, 'epoch': 0.56}
{'embedding_loss': 0.006, 'grad_norm': 0.04276766628026962, 'learning_rate': 6.851851851851853e-06, 'epoch': 0.69}
{'embedding_loss': 0.0029, 'grad_norm': 0.03311288356781006, 'learning_rate': 3.7654320987654325e-06, 'epoch': 0.83}
{'embedding_loss': 0.0032, 'grad_norm': 0.014158438891172409, 'learning_rate': 6.790123456790124e-07, 'epoch': 0.97}
{'eval_embedding_loss': 0.0007044156664051116, 'eval_embedding_runtime': 11.5067, 'eval_embedding_samples_per_second': 55.62, 'eval_embedding_steps_per_second': 3.476, 'epoch': 1.0}
{'train_runtime': 294.0272, 'train_samples_per_second': 19.59, 'train_steps_per_second': 1.224, 'train_loss': 0.037900167962329256, 'epoch': 1.0}

🔍 Evaluation Metrics
----------------------------------------
📊 Label Distribution:
  Label Not Data Journalism: 13
  Label Half Data Journalism: 2
  Label Data Journalism: 5

✅ Overall Metrics:
  Accuracy : 1.0000
  Precision: 1.0000
  Recall   : 1.0000
  F1       : 1.0000

🧩 Confusion Matrix:
  [5, 0, 0]
  [0, 2, 0]
  [0, 0, 13]

📌 Per-Class Metrics:
  Class Data Journalism: TP=5, FP=0, FN=0, TN=15
  Class Half Data Journalism: TP=2, FP=0, FN=0, TN=18
  Class Not Data Journalism: TP=13, FP=0, FN=0, TN=7
----------------------------------------
Fold finished F1 Score: 1.0 1.0 None
Fold 4/5
Loading model from HPC local scratch: /tmp/shapovalov_setfit_model_cache_1386162
{'embedding_loss': 0.4138, 'grad_norm': 3.5564005374908447, 'learning_rate': 0.0, 'epoch': 0.0}
{'embedding_loss': 0.1792, 'grad_norm': 1.3425146341323853, 'learning_rate': 1.9197530864197534e-05, 'epoch': 0.14}
{'embedding_loss': 0.0382, 'grad_norm': 0.12031621485948563, 'learning_rate': 1.6111111111111115e-05, 'epoch': 0.28}
{'embedding_loss': 0.0168, 'grad_norm': 0.03148950636386871, 'learning_rate': 1.3024691358024692e-05, 'epoch': 0.42}
{'embedding_loss': 0.0109, 'grad_norm': 0.45956143736839294, 'learning_rate': 9.938271604938273e-06, 'epoch': 0.56}
{'embedding_loss': 0.0048, 'grad_norm': 0.07555868476629257, 'learning_rate': 6.851851851851853e-06, 'epoch': 0.69}
{'embedding_loss': 0.0043, 'grad_norm': 0.025005292147397995, 'learning_rate': 3.7654320987654325e-06, 'epoch': 0.83}
{'embedding_loss': 0.0069, 'grad_norm': 0.03988680988550186, 'learning_rate': 6.790123456790124e-07, 'epoch': 0.97}
{'eval_embedding_loss': 0.01298721693456173, 'eval_embedding_runtime': 11.4041, 'eval_embedding_samples_per_second': 56.12, 'eval_embedding_steps_per_second': 3.508, 'epoch': 1.0}
{'train_runtime': 294.0196, 'train_samples_per_second': 19.591, 'train_steps_per_second': 1.224, 'train_loss': 0.03713588010933664, 'epoch': 1.0}

🔍 Evaluation Metrics
----------------------------------------
📊 Label Distribution:
  Label Not Data Journalism: 13
  Label Data Journalism: 4
  Label Half Data Journalism: 3

✅ Overall Metrics:
  Accuracy : 0.9500
  Precision: 0.9600
  Recall   : 0.9500
  F1       : 0.9478

🧩 Confusion Matrix:
  [4, 0, 0]
  [1, 2, 0]
  [0, 0, 13]

📌 Per-Class Metrics:
  Class Data Journalism: TP=4, FP=1, FN=0, TN=15
  Class Half Data Journalism: TP=2, FP=0, FN=1, TN=17
  Class Not Data Journalism: TP=13, FP=0, FN=0, TN=7
----------------------------------------
Fold finished F1 Score: 0.9522222222222222 0.9477777777777778 None
Fold 5/5
Loading model from HPC local scratch: /tmp/shapovalov_setfit_model_cache_1386162
{'embedding_loss': 0.373, 'grad_norm': 3.3862838745117188, 'learning_rate': 0.0, 'epoch': 0.0}
{'embedding_loss': 0.1846, 'grad_norm': 1.117892861366272, 'learning_rate': 1.9197530864197534e-05, 'epoch': 0.14}
{'embedding_loss': 0.0354, 'grad_norm': 0.8056561946868896, 'learning_rate': 1.6111111111111115e-05, 'epoch': 0.28}
{'embedding_loss': 0.0206, 'grad_norm': 0.8406287431716919, 'learning_rate': 1.3024691358024692e-05, 'epoch': 0.42}
{'embedding_loss': 0.0059, 'grad_norm': 0.016466718167066574, 'learning_rate': 9.938271604938273e-06, 'epoch': 0.56}
{'embedding_loss': 0.0053, 'grad_norm': 0.02975601889193058, 'learning_rate': 6.851851851851853e-06, 'epoch': 0.69}
{'embedding_loss': 0.0021, 'grad_norm': 0.9164513945579529, 'learning_rate': 3.7654320987654325e-06, 'epoch': 0.83}
{'embedding_loss': 0.0009, 'grad_norm': 0.06581894308328629, 'learning_rate': 6.790123456790124e-07, 'epoch': 0.97}
{'eval_embedding_loss': 0.0016147010028362274, 'eval_embedding_runtime': 10.8316, 'eval_embedding_samples_per_second': 59.086, 'eval_embedding_steps_per_second': 3.693, 'epoch': 1.0}
{'train_runtime': 294.5516, 'train_samples_per_second': 19.555, 'train_steps_per_second': 1.222, 'train_loss': 0.03592487068639861, 'epoch': 1.0}

🔍 Evaluation Metrics
----------------------------------------
📊 Label Distribution:
  Label Not Data Journalism: 13
  Label Data Journalism: 4
  Label Half Data Journalism: 3

✅ Overall Metrics:
  Accuracy : 1.0000
  Precision: 1.0000
  Recall   : 1.0000
  F1       : 1.0000

🧩 Confusion Matrix:
  [4, 0, 0]
  [0, 3, 0]
  [0, 0, 13]

📌 Per-Class Metrics:
  Class Data Journalism: TP=4, FP=0, FN=0, TN=16
  Class Half Data Journalism: TP=3, FP=0, FN=0, TN=17
  Class Not Data Journalism: TP=13, FP=0, FN=0, TN=7
----------------------------------------
Fold finished F1 Score: 1.0 1.0 None
Average VRAM usage: 5247.91 MB, Max VRAM usage: 20633.21 MB
Trial 6 completed with avg fold F1 score: 0.9904444444444443
Trial 7: {'num_iterations': 18, 'num_epochs': 1, 'batch_size': 16, 'head_lr': 2.993534604466009e-05}
Fold 1/5
Loading model from HPC local scratch: /tmp/shapovalov_setfit_model_cache_1386162
{'embedding_loss': 0.2732, 'grad_norm': 2.5835793018341064, 'learning_rate': 0.0, 'epoch': 0.0}
{'embedding_loss': 0.1989, 'grad_norm': 1.3706413507461548, 'learning_rate': 1.9560439560439563e-05, 'epoch': 0.12}
{'embedding_loss': 0.04, 'grad_norm': 0.5661704540252686, 'learning_rate': 1.6813186813186814e-05, 'epoch': 0.25}
{'embedding_loss': 0.0256, 'grad_norm': 0.13088522851467133, 'learning_rate': 1.4065934065934068e-05, 'epoch': 0.37}
{'embedding_loss': 0.0131, 'grad_norm': 0.04237806797027588, 'learning_rate': 1.131868131868132e-05, 'epoch': 0.49}
{'embedding_loss': 0.0057, 'grad_norm': 0.35035377740859985, 'learning_rate': 8.571428571428571e-06, 'epoch': 0.62}
{'embedding_loss': 0.0054, 'grad_norm': 0.02409292757511139, 'learning_rate': 5.824175824175825e-06, 'epoch': 0.74}
{'embedding_loss': 0.0029, 'grad_norm': 0.016383148729801178, 'learning_rate': 3.0769230769230774e-06, 'epoch': 0.86}
{'embedding_loss': 0.0008, 'grad_norm': 0.01061980426311493, 'learning_rate': 3.296703296703297e-07, 'epoch': 0.99}
{'eval_embedding_loss': 0.00042408364242874086, 'eval_embedding_runtime': 15.3761, 'eval_embedding_samples_per_second': 46.826, 'eval_embedding_steps_per_second': 2.927, 'epoch': 1.0}
{'train_runtime': 331.4055, 'train_samples_per_second': 19.553, 'train_steps_per_second': 1.222, 'train_loss': 0.036304362750623695, 'epoch': 1.0}

🔍 Evaluation Metrics
----------------------------------------
📊 Label Distribution:
  Label Data Journalism: 4
  Label Half Data Journalism: 2
  Label Not Data Journalism: 14

✅ Overall Metrics:
  Accuracy : 1.0000
  Precision: 1.0000
  Recall   : 1.0000
  F1       : 1.0000

🧩 Confusion Matrix:
  [4, 0, 0]
  [0, 2, 0]
  [0, 0, 14]

📌 Per-Class Metrics:
  Class Data Journalism: TP=4, FP=0, FN=0, TN=16
  Class Half Data Journalism: TP=2, FP=0, FN=0, TN=18
  Class Not Data Journalism: TP=14, FP=0, FN=0, TN=6
----------------------------------------
Fold finished F1 Score: 1.0 1.0 None
Fold 2/5
Loading model from HPC local scratch: /tmp/shapovalov_setfit_model_cache_1386162
{'embedding_loss': 0.3086, 'grad_norm': 2.7429778575897217, 'learning_rate': 0.0, 'epoch': 0.0}
{'embedding_loss': 0.1886, 'grad_norm': 1.5045666694641113, 'learning_rate': 1.9560439560439563e-05, 'epoch': 0.12}
{'embedding_loss': 0.0476, 'grad_norm': 0.2949657440185547, 'learning_rate': 1.6813186813186814e-05, 'epoch': 0.25}
{'embedding_loss': 0.0259, 'grad_norm': 0.8304005265235901, 'learning_rate': 1.4065934065934068e-05, 'epoch': 0.37}
{'embedding_loss': 0.0103, 'grad_norm': 0.08244819939136505, 'learning_rate': 1.131868131868132e-05, 'epoch': 0.49}
{'embedding_loss': 0.0013, 'grad_norm': 0.04117050766944885, 'learning_rate': 8.571428571428571e-06, 'epoch': 0.62}
{'embedding_loss': 0.0004, 'grad_norm': 0.0732993334531784, 'learning_rate': 5.824175824175825e-06, 'epoch': 0.74}
{'embedding_loss': 0.0005, 'grad_norm': 0.007090059109032154, 'learning_rate': 3.0769230769230774e-06, 'epoch': 0.86}
{'embedding_loss': 0.0003, 'grad_norm': 0.05391889810562134, 'learning_rate': 3.296703296703297e-07, 'epoch': 0.99}
{'eval_embedding_loss': 0.00024241345818154514, 'eval_embedding_runtime': 14.8918, 'eval_embedding_samples_per_second': 48.349, 'eval_embedding_steps_per_second': 3.022, 'epoch': 1.0}
{'train_runtime': 328.5448, 'train_samples_per_second': 19.723, 'train_steps_per_second': 1.233, 'train_loss': 0.03423980778819065, 'epoch': 1.0}

🔍 Evaluation Metrics
----------------------------------------
📊 Label Distribution:
  Label Not Data Journalism: 14
  Label Data Journalism: 4
  Label Half Data Journalism: 2

✅ Overall Metrics:
  Accuracy : 1.0000
  Precision: 1.0000
  Recall   : 1.0000
  F1       : 1.0000

🧩 Confusion Matrix:
  [4, 0, 0]
  [0, 2, 0]
  [0, 0, 14]

📌 Per-Class Metrics:
  Class Data Journalism: TP=4, FP=0, FN=0, TN=16
  Class Half Data Journalism: TP=2, FP=0, FN=0, TN=18
  Class Not Data Journalism: TP=14, FP=0, FN=0, TN=6
----------------------------------------
Fold finished F1 Score: 1.0 1.0 None
Fold 3/5
Loading model from HPC local scratch: /tmp/shapovalov_setfit_model_cache_1386162
{'embedding_loss': 0.3354, 'grad_norm': 5.315678119659424, 'learning_rate': 0.0, 'epoch': 0.0}
{'embedding_loss': 0.1954, 'grad_norm': 1.8766205310821533, 'learning_rate': 1.9560439560439563e-05, 'epoch': 0.12}
{'embedding_loss': 0.0456, 'grad_norm': 0.5511252284049988, 'learning_rate': 1.6813186813186814e-05, 'epoch': 0.25}
{'embedding_loss': 0.0272, 'grad_norm': 0.5157378911972046, 'learning_rate': 1.4065934065934068e-05, 'epoch': 0.37}
{'embedding_loss': 0.0189, 'grad_norm': 0.33557915687561035, 'learning_rate': 1.131868131868132e-05, 'epoch': 0.49}
{'embedding_loss': 0.0088, 'grad_norm': 0.04428501054644585, 'learning_rate': 8.571428571428571e-06, 'epoch': 0.62}
{'embedding_loss': 0.0061, 'grad_norm': 0.7088608145713806, 'learning_rate': 5.824175824175825e-06, 'epoch': 0.74}
{'embedding_loss': 0.0026, 'grad_norm': 0.18174651265144348, 'learning_rate': 3.0769230769230774e-06, 'epoch': 0.86}
{'embedding_loss': 0.0014, 'grad_norm': 0.09271283447742462, 'learning_rate': 3.296703296703297e-07, 'epoch': 0.99}
{'eval_embedding_loss': 0.0010375123238191009, 'eval_embedding_runtime': 13.6629, 'eval_embedding_samples_per_second': 52.697, 'eval_embedding_steps_per_second': 3.294, 'epoch': 1.0}
{'train_runtime': 330.2873, 'train_samples_per_second': 19.619, 'train_steps_per_second': 1.226, 'train_loss': 0.03815739608289283, 'epoch': 1.0}

🔍 Evaluation Metrics
----------------------------------------
📊 Label Distribution:
  Label Not Data Journalism: 13
  Label Half Data Journalism: 2
  Label Data Journalism: 5

✅ Overall Metrics:
  Accuracy : 1.0000
  Precision: 1.0000
  Recall   : 1.0000
  F1       : 1.0000

🧩 Confusion Matrix:
  [5, 0, 0]
  [0, 2, 0]
  [0, 0, 13]

📌 Per-Class Metrics:
  Class Data Journalism: TP=5, FP=0, FN=0, TN=15
  Class Half Data Journalism: TP=2, FP=0, FN=0, TN=18
  Class Not Data Journalism: TP=13, FP=0, FN=0, TN=7
----------------------------------------
Fold finished F1 Score: 1.0 1.0 None
Fold 4/5
Loading model from HPC local scratch: /tmp/shapovalov_setfit_model_cache_1386162
{'embedding_loss': 0.3826, 'grad_norm': 2.9196646213531494, 'learning_rate': 0.0, 'epoch': 0.0}
{'embedding_loss': 0.1871, 'grad_norm': 2.1656532287597656, 'learning_rate': 1.9560439560439563e-05, 'epoch': 0.12}
{'embedding_loss': 0.0464, 'grad_norm': 0.6029825210571289, 'learning_rate': 1.6813186813186814e-05, 'epoch': 0.25}
{'embedding_loss': 0.0171, 'grad_norm': 0.21312518417835236, 'learning_rate': 1.4065934065934068e-05, 'epoch': 0.37}
{'embedding_loss': 0.0033, 'grad_norm': 0.011533185839653015, 'learning_rate': 1.131868131868132e-05, 'epoch': 0.49}
{'embedding_loss': 0.0011, 'grad_norm': 0.02254388853907585, 'learning_rate': 8.571428571428571e-06, 'epoch': 0.62}
{'embedding_loss': 0.0005, 'grad_norm': 0.007589876186102629, 'learning_rate': 5.824175824175825e-06, 'epoch': 0.74}
{'embedding_loss': 0.0004, 'grad_norm': 0.010519870556890965, 'learning_rate': 3.0769230769230774e-06, 'epoch': 0.86}
{'embedding_loss': 0.0003, 'grad_norm': 0.023140762001276016, 'learning_rate': 3.296703296703297e-07, 'epoch': 0.99}
{'eval_embedding_loss': 0.0002899329992942512, 'eval_embedding_runtime': 12.879, 'eval_embedding_samples_per_second': 55.905, 'eval_embedding_steps_per_second': 3.494, 'epoch': 1.0}
{'train_runtime': 330.713, 'train_samples_per_second': 19.594, 'train_steps_per_second': 1.225, 'train_loss': 0.03212099029627962, 'epoch': 1.0}

🔍 Evaluation Metrics
----------------------------------------
📊 Label Distribution:
  Label Not Data Journalism: 13
  Label Data Journalism: 4
  Label Half Data Journalism: 3

✅ Overall Metrics:
  Accuracy : 1.0000
  Precision: 1.0000
  Recall   : 1.0000
  F1       : 1.0000

🧩 Confusion Matrix:
  [4, 0, 0]
  [0, 3, 0]
  [0, 0, 13]

📌 Per-Class Metrics:
  Class Data Journalism: TP=4, FP=0, FN=0, TN=16
  Class Half Data Journalism: TP=3, FP=0, FN=0, TN=17
  Class Not Data Journalism: TP=13, FP=0, FN=0, TN=7
----------------------------------------
Fold finished F1 Score: 1.0 1.0 None
Fold 5/5
Loading model from HPC local scratch: /tmp/shapovalov_setfit_model_cache_1386162
{'embedding_loss': 0.4328, 'grad_norm': 3.4047930240631104, 'learning_rate': 0.0, 'epoch': 0.0}
{'embedding_loss': 0.177, 'grad_norm': 0.9538367986679077, 'learning_rate': 1.9560439560439563e-05, 'epoch': 0.12}
{'embedding_loss': 0.0318, 'grad_norm': 0.08863186836242676, 'learning_rate': 1.6813186813186814e-05, 'epoch': 0.25}
{'embedding_loss': 0.0132, 'grad_norm': 0.02778335101902485, 'learning_rate': 1.4065934065934068e-05, 'epoch': 0.37}
{'embedding_loss': 0.0047, 'grad_norm': 0.04166979715228081, 'learning_rate': 1.131868131868132e-05, 'epoch': 0.49}
{'embedding_loss': 0.0033, 'grad_norm': 0.02417607791721821, 'learning_rate': 8.571428571428571e-06, 'epoch': 0.62}
{'embedding_loss': 0.0011, 'grad_norm': 0.02778632380068302, 'learning_rate': 5.824175824175825e-06, 'epoch': 0.74}
{'embedding_loss': 0.001, 'grad_norm': 0.02484685741364956, 'learning_rate': 3.0769230769230774e-06, 'epoch': 0.86}
{'embedding_loss': 0.0007, 'grad_norm': 0.017884869128465652, 'learning_rate': 3.296703296703297e-07, 'epoch': 0.99}
{'eval_embedding_loss': 0.0016900640912353992, 'eval_embedding_runtime': 12.2407, 'eval_embedding_samples_per_second': 58.82, 'eval_embedding_steps_per_second': 3.676, 'epoch': 1.0}
{'train_runtime': 330.208, 'train_samples_per_second': 19.624, 'train_steps_per_second': 1.226, 'train_loss': 0.029368130168245164, 'epoch': 1.0}

🔍 Evaluation Metrics
----------------------------------------
📊 Label Distribution:
  Label Not Data Journalism: 13
  Label Data Journalism: 4
  Label Half Data Journalism: 3

✅ Overall Metrics:
  Accuracy : 1.0000
  Precision: 1.0000
  Recall   : 1.0000
  F1       : 1.0000

🧩 Confusion Matrix:
  [4, 0, 0]
  [0, 3, 0]
  [0, 0, 13]

📌 Per-Class Metrics:
  Class Data Journalism: TP=4, FP=0, FN=0, TN=16
  Class Half Data Journalism: TP=3, FP=0, FN=0, TN=17
  Class Not Data Journalism: TP=13, FP=0, FN=0, TN=7
----------------------------------------
Fold finished F1 Score: 1.0 1.0 None
Average VRAM usage: 5415.46 MB, Max VRAM usage: 21305.36 MB
Trial 7 completed with avg fold F1 score: 1.0
Trial 8: {'num_iterations': 11, 'num_epochs': 2, 'batch_size': 16, 'head_lr': 2.535180605540746e-05}
Fold 1/5
Loading model from HPC local scratch: /tmp/shapovalov_setfit_model_cache_1386162
{'embedding_loss': 0.4009, 'grad_norm': 3.0749661922454834, 'learning_rate': 0.0, 'epoch': 0.0}
{'embedding_loss': 0.1943, 'grad_norm': 1.1274510622024536, 'learning_rate': 1.9600000000000002e-05, 'epoch': 0.2}
{'embedding_loss': 0.0524, 'grad_norm': 0.472910076379776, 'learning_rate': 1.7802690582959642e-05, 'epoch': 0.4}
{'embedding_loss': 0.0216, 'grad_norm': 0.038945626467466354, 'learning_rate': 1.556053811659193e-05, 'epoch': 0.6}
{'embedding_loss': 0.0111, 'grad_norm': 0.00914569292217493, 'learning_rate': 1.3318385650224217e-05, 'epoch': 0.81}
{'eval_embedding_loss': 0.0007173881167545915, 'eval_embedding_runtime': 9.3451, 'eval_embedding_samples_per_second': 47.084, 'eval_embedding_steps_per_second': 2.996, 'epoch': 1.0}
{'embedding_loss': 0.0015, 'grad_norm': 0.022238723933696747, 'learning_rate': 1.1076233183856503e-05, 'epoch': 1.01}
{'embedding_loss': 0.0007, 'grad_norm': 0.029983799904584885, 'learning_rate': 8.83408071748879e-06, 'epoch': 1.21}
{'embedding_loss': 0.0003, 'grad_norm': 0.025751687586307526, 'learning_rate': 6.591928251121077e-06, 'epoch': 1.41}
{'embedding_loss': 0.0003, 'grad_norm': 0.04869887977838516, 'learning_rate': 4.3497757847533635e-06, 'epoch': 1.61}
{'embedding_loss': 0.0003, 'grad_norm': 0.0121452072635293, 'learning_rate': 2.1076233183856503e-06, 'epoch': 1.81}
{'eval_embedding_loss': 0.00026867041015066206, 'eval_embedding_runtime': 9.1953, 'eval_embedding_samples_per_second': 47.851, 'eval_embedding_steps_per_second': 3.045, 'epoch': 2.0}
{'train_runtime': 404.5473, 'train_samples_per_second': 19.577, 'train_steps_per_second': 1.226, 'train_loss': 0.028934765590219607, 'epoch': 2.0}

🔍 Evaluation Metrics
----------------------------------------
📊 Label Distribution:
  Label Data Journalism: 4
  Label Half Data Journalism: 2
  Label Not Data Journalism: 14

✅ Overall Metrics:
  Accuracy : 1.0000
  Precision: 1.0000
  Recall   : 1.0000
  F1       : 1.0000

🧩 Confusion Matrix:
  [4, 0, 0]
  [0, 2, 0]
  [0, 0, 14]

📌 Per-Class Metrics:
  Class Data Journalism: TP=4, FP=0, FN=0, TN=16
  Class Half Data Journalism: TP=2, FP=0, FN=0, TN=18
  Class Not Data Journalism: TP=14, FP=0, FN=0, TN=6
----------------------------------------
Fold finished F1 Score: 1.0 1.0 None
Fold 2/5
Loading model from HPC local scratch: /tmp/shapovalov_setfit_model_cache_1386162
{'embedding_loss': 0.4051, 'grad_norm': 4.048168659210205, 'learning_rate': 0.0, 'epoch': 0.0}
{'embedding_loss': 0.1932, 'grad_norm': 1.9904347658157349, 'learning_rate': 1.9600000000000002e-05, 'epoch': 0.2}
{'embedding_loss': 0.0467, 'grad_norm': 0.0513123981654644, 'learning_rate': 1.7802690582959642e-05, 'epoch': 0.4}
{'embedding_loss': 0.0285, 'grad_norm': 0.03655503690242767, 'learning_rate': 1.556053811659193e-05, 'epoch': 0.6}
{'embedding_loss': 0.0151, 'grad_norm': 0.48378047347068787, 'learning_rate': 1.3318385650224217e-05, 'epoch': 0.81}
{'eval_embedding_loss': 0.0014815586619079113, 'eval_embedding_runtime': 8.9602, 'eval_embedding_samples_per_second': 49.106, 'eval_embedding_steps_per_second': 3.125, 'epoch': 1.0}
{'embedding_loss': 0.0067, 'grad_norm': 0.029924223199486732, 'learning_rate': 1.1076233183856503e-05, 'epoch': 1.01}
{'embedding_loss': 0.0022, 'grad_norm': 0.03704820200800896, 'learning_rate': 8.83408071748879e-06, 'epoch': 1.21}
{'embedding_loss': 0.0006, 'grad_norm': 0.035766519606113434, 'learning_rate': 6.591928251121077e-06, 'epoch': 1.41}
{'embedding_loss': 0.0004, 'grad_norm': 0.0374891571700573, 'learning_rate': 4.3497757847533635e-06, 'epoch': 1.61}
{'embedding_loss': 0.0004, 'grad_norm': 0.03892432898283005, 'learning_rate': 2.1076233183856503e-06, 'epoch': 1.81}
{'eval_embedding_loss': 0.0005228623049333692, 'eval_embedding_runtime': 8.5781, 'eval_embedding_samples_per_second': 51.293, 'eval_embedding_steps_per_second': 3.264, 'epoch': 2.0}
{'train_runtime': 402.2311, 'train_samples_per_second': 19.69, 'train_steps_per_second': 1.233, 'train_loss': 0.030087196185523944, 'epoch': 2.0}

🔍 Evaluation Metrics
----------------------------------------
📊 Label Distribution:
  Label Not Data Journalism: 14
  Label Data Journalism: 4
  Label Half Data Journalism: 2

✅ Overall Metrics:
  Accuracy : 1.0000
  Precision: 1.0000
  Recall   : 1.0000
  F1       : 1.0000

🧩 Confusion Matrix:
  [4, 0, 0]
  [0, 2, 0]
  [0, 0, 14]

📌 Per-Class Metrics:
  Class Data Journalism: TP=4, FP=0, FN=0, TN=16
  Class Half Data Journalism: TP=2, FP=0, FN=0, TN=18
  Class Not Data Journalism: TP=14, FP=0, FN=0, TN=6
----------------------------------------
Fold finished F1 Score: 1.0 1.0 None
Fold 3/5
Loading model from HPC local scratch: /tmp/shapovalov_setfit_model_cache_1386162
{'embedding_loss': 0.3803, 'grad_norm': 3.871190309524536, 'learning_rate': 0.0, 'epoch': 0.0}
{'embedding_loss': 0.1956, 'grad_norm': 0.460416704416275, 'learning_rate': 1.9600000000000002e-05, 'epoch': 0.2}
{'embedding_loss': 0.0464, 'grad_norm': 0.756752073764801, 'learning_rate': 1.7802690582959642e-05, 'epoch': 0.4}
{'embedding_loss': 0.0214, 'grad_norm': 0.6786271929740906, 'learning_rate': 1.556053811659193e-05, 'epoch': 0.6}
{'embedding_loss': 0.0203, 'grad_norm': 0.29017555713653564, 'learning_rate': 1.3318385650224217e-05, 'epoch': 0.81}
{'eval_embedding_loss': 0.0007764889160171151, 'eval_embedding_runtime': 7.976, 'eval_embedding_samples_per_second': 55.165, 'eval_embedding_steps_per_second': 3.511, 'epoch': 1.0}
{'embedding_loss': 0.0066, 'grad_norm': 0.028063014149665833, 'learning_rate': 1.1076233183856503e-05, 'epoch': 1.01}
{'embedding_loss': 0.002, 'grad_norm': 0.01757546328008175, 'learning_rate': 8.83408071748879e-06, 'epoch': 1.21}
{'embedding_loss': 0.0005, 'grad_norm': 0.0629902258515358, 'learning_rate': 6.591928251121077e-06, 'epoch': 1.41}
{'embedding_loss': 0.0003, 'grad_norm': 0.02546790987253189, 'learning_rate': 4.3497757847533635e-06, 'epoch': 1.61}
{'embedding_loss': 0.0004, 'grad_norm': 0.015799470245838165, 'learning_rate': 2.1076233183856503e-06, 'epoch': 1.81}
{'eval_embedding_loss': 0.0003464801120571792, 'eval_embedding_runtime': 8.1843, 'eval_embedding_samples_per_second': 53.762, 'eval_embedding_steps_per_second': 3.421, 'epoch': 2.0}
{'train_runtime': 403.2288, 'train_samples_per_second': 19.641, 'train_steps_per_second': 1.23, 'train_loss': 0.029999778649183892, 'epoch': 2.0}

🔍 Evaluation Metrics
----------------------------------------
📊 Label Distribution:
  Label Not Data Journalism: 13
  Label Half Data Journalism: 2
  Label Data Journalism: 5

✅ Overall Metrics:
  Accuracy : 1.0000
  Precision: 1.0000
  Recall   : 1.0000
  F1       : 1.0000

🧩 Confusion Matrix:
  [5, 0, 0]
  [0, 2, 0]
  [0, 0, 13]

📌 Per-Class Metrics:
  Class Data Journalism: TP=5, FP=0, FN=0, TN=15
  Class Half Data Journalism: TP=2, FP=0, FN=0, TN=18
  Class Not Data Journalism: TP=13, FP=0, FN=0, TN=7
----------------------------------------
Fold finished F1 Score: 1.0 1.0 None
Fold 4/5
Loading model from HPC local scratch: /tmp/shapovalov_setfit_model_cache_1386162
{'embedding_loss': 0.395, 'grad_norm': 3.4161691665649414, 'learning_rate': 0.0, 'epoch': 0.0}
{'embedding_loss': 0.1908, 'grad_norm': 1.7131271362304688, 'learning_rate': 1.9600000000000002e-05, 'epoch': 0.2}
{'embedding_loss': 0.0349, 'grad_norm': 0.16360338032245636, 'learning_rate': 1.7802690582959642e-05, 'epoch': 0.4}
{'embedding_loss': 0.0159, 'grad_norm': 0.014138343743979931, 'learning_rate': 1.556053811659193e-05, 'epoch': 0.6}
{'embedding_loss': 0.0084, 'grad_norm': 0.05362892523407936, 'learning_rate': 1.3318385650224217e-05, 'epoch': 0.81}
{'eval_embedding_loss': 0.00115867517888546, 'eval_embedding_runtime': 7.7031, 'eval_embedding_samples_per_second': 57.12, 'eval_embedding_steps_per_second': 3.635, 'epoch': 1.0}
{'embedding_loss': 0.0052, 'grad_norm': 0.030008910223841667, 'learning_rate': 1.1076233183856503e-05, 'epoch': 1.01}
{'embedding_loss': 0.0006, 'grad_norm': 0.01735799014568329, 'learning_rate': 8.83408071748879e-06, 'epoch': 1.21}
{'embedding_loss': 0.0005, 'grad_norm': 0.0068244943395257, 'learning_rate': 6.591928251121077e-06, 'epoch': 1.41}
{'embedding_loss': 0.0003, 'grad_norm': 0.04102460667490959, 'learning_rate': 4.3497757847533635e-06, 'epoch': 1.61}
{'embedding_loss': 0.0002, 'grad_norm': 0.01421302743256092, 'learning_rate': 2.1076233183856503e-06, 'epoch': 1.81}
{'eval_embedding_loss': 0.0003849748754873872, 'eval_embedding_runtime': 7.6076, 'eval_embedding_samples_per_second': 57.837, 'eval_embedding_steps_per_second': 3.681, 'epoch': 2.0}
{'train_runtime': 402.9559, 'train_samples_per_second': 19.655, 'train_steps_per_second': 1.231, 'train_loss': 0.026318100572098047, 'epoch': 2.0}

🔍 Evaluation Metrics
----------------------------------------
📊 Label Distribution:
  Label Not Data Journalism: 13
  Label Data Journalism: 4
  Label Half Data Journalism: 3

✅ Overall Metrics:
  Accuracy : 1.0000
  Precision: 1.0000
  Recall   : 1.0000
  F1       : 1.0000

🧩 Confusion Matrix:
  [4, 0, 0]
  [0, 3, 0]
  [0, 0, 13]

📌 Per-Class Metrics:
  Class Data Journalism: TP=4, FP=0, FN=0, TN=16
  Class Half Data Journalism: TP=3, FP=0, FN=0, TN=17
  Class Not Data Journalism: TP=13, FP=0, FN=0, TN=7
----------------------------------------
Fold finished F1 Score: 1.0 1.0 None
Fold 5/5
Loading model from HPC local scratch: /tmp/shapovalov_setfit_model_cache_1386162
{'embedding_loss': 0.4698, 'grad_norm': 3.8315234184265137, 'learning_rate': 0.0, 'epoch': 0.0}
{'embedding_loss': 0.191, 'grad_norm': 0.6708179712295532, 'learning_rate': 1.9600000000000002e-05, 'epoch': 0.2}
{'embedding_loss': 0.049, 'grad_norm': 0.34298431873321533, 'learning_rate': 1.7802690582959642e-05, 'epoch': 0.4}
{'embedding_loss': 0.0179, 'grad_norm': 0.6146239042282104, 'learning_rate': 1.556053811659193e-05, 'epoch': 0.6}
{'embedding_loss': 0.0058, 'grad_norm': 0.08641907572746277, 'learning_rate': 1.3318385650224217e-05, 'epoch': 0.81}
{'eval_embedding_loss': 0.017060913145542145, 'eval_embedding_runtime': 7.7386, 'eval_embedding_samples_per_second': 56.858, 'eval_embedding_steps_per_second': 3.618, 'epoch': 1.0}
{'embedding_loss': 0.0073, 'grad_norm': 0.053698088973760605, 'learning_rate': 1.1076233183856503e-05, 'epoch': 1.01}
{'embedding_loss': 0.004, 'grad_norm': 0.07569637149572372, 'learning_rate': 8.83408071748879e-06, 'epoch': 1.21}
{'embedding_loss': 0.0018, 'grad_norm': 0.035947270691394806, 'learning_rate': 6.591928251121077e-06, 'epoch': 1.41}
{'embedding_loss': 0.0004, 'grad_norm': 0.03489308059215546, 'learning_rate': 4.3497757847533635e-06, 'epoch': 1.61}
{'embedding_loss': 0.0008, 'grad_norm': 0.016374655067920685, 'learning_rate': 2.1076233183856503e-06, 'epoch': 1.81}
{'eval_embedding_loss': 0.0014157979749143124, 'eval_embedding_runtime': 7.7585, 'eval_embedding_samples_per_second': 56.712, 'eval_embedding_steps_per_second': 3.609, 'epoch': 2.0}
{'train_runtime': 403.6431, 'train_samples_per_second': 19.621, 'train_steps_per_second': 1.229, 'train_loss': 0.028614162754703073, 'epoch': 2.0}

🔍 Evaluation Metrics
----------------------------------------
📊 Label Distribution:
  Label Not Data Journalism: 13
  Label Data Journalism: 4
  Label Half Data Journalism: 3

✅ Overall Metrics:
  Accuracy : 1.0000
  Precision: 1.0000
  Recall   : 1.0000
  F1       : 1.0000

🧩 Confusion Matrix:
  [4, 0, 0]
  [0, 3, 0]
  [0, 0, 13]

📌 Per-Class Metrics:
  Class Data Journalism: TP=4, FP=0, FN=0, TN=16
  Class Half Data Journalism: TP=3, FP=0, FN=0, TN=17
  Class Not Data Journalism: TP=13, FP=0, FN=0, TN=7
----------------------------------------
Fold finished F1 Score: 1.0 1.0 None
Average VRAM usage: 4946.73 MB, Max VRAM usage: 21309.75 MB
Trial 8 completed with avg fold F1 score: 1.0
Trial 9: {'num_iterations': 17, 'num_epochs': 1, 'batch_size': 16, 'head_lr': 2.3691413854920993e-05}
Fold 1/5
Loading model from HPC local scratch: /tmp/shapovalov_setfit_model_cache_1386162
{'embedding_loss': 0.4581, 'grad_norm': 4.088593006134033, 'learning_rate': 0.0, 'epoch': 0.0}
{'embedding_loss': 0.1756, 'grad_norm': 0.30435723066329956, 'learning_rate': 1.941860465116279e-05, 'epoch': 0.13}
{'embedding_loss': 0.0313, 'grad_norm': 0.563692033290863, 'learning_rate': 1.6511627906976747e-05, 'epoch': 0.26}
{'embedding_loss': 0.0317, 'grad_norm': 0.03753650188446045, 'learning_rate': 1.36046511627907e-05, 'epoch': 0.39}
{'embedding_loss': 0.0149, 'grad_norm': 0.06565683335065842, 'learning_rate': 1.0697674418604651e-05, 'epoch': 0.52}
{'embedding_loss': 0.0064, 'grad_norm': 0.03188268840312958, 'learning_rate': 7.790697674418605e-06, 'epoch': 0.65}
{'embedding_loss': 0.0017, 'grad_norm': 0.04041566327214241, 'learning_rate': 4.883720930232559e-06, 'epoch': 0.78}
{'embedding_loss': 0.0009, 'grad_norm': 0.03761785849928856, 'learning_rate': 1.976744186046512e-06, 'epoch': 0.91}
{'eval_embedding_loss': 0.0007048595580272377, 'eval_embedding_runtime': 15.1559, 'eval_embedding_samples_per_second': 44.867, 'eval_embedding_steps_per_second': 2.837, 'epoch': 1.0}
{'train_runtime': 311.2368, 'train_samples_per_second': 19.663, 'train_steps_per_second': 1.231, 'train_loss': 0.03505384839837763, 'epoch': 1.0}

🔍 Evaluation Metrics
----------------------------------------
📊 Label Distribution:
  Label Data Journalism: 4
  Label Half Data Journalism: 2
  Label Not Data Journalism: 14

✅ Overall Metrics:
  Accuracy : 1.0000
  Precision: 1.0000
  Recall   : 1.0000
  F1       : 1.0000

🧩 Confusion Matrix:
  [4, 0, 0]
  [0, 2, 0]
  [0, 0, 14]

📌 Per-Class Metrics:
  Class Data Journalism: TP=4, FP=0, FN=0, TN=16
  Class Half Data Journalism: TP=2, FP=0, FN=0, TN=18
  Class Not Data Journalism: TP=14, FP=0, FN=0, TN=6
----------------------------------------
Fold finished F1 Score: 1.0 1.0 None
Fold 2/5
Loading model from HPC local scratch: /tmp/shapovalov_setfit_model_cache_1386162
{'embedding_loss': 0.4491, 'grad_norm': 3.744293451309204, 'learning_rate': 0.0, 'epoch': 0.0}
{'embedding_loss': 0.1846, 'grad_norm': 1.5529086589813232, 'learning_rate': 1.941860465116279e-05, 'epoch': 0.13}
{'embedding_loss': 0.0457, 'grad_norm': 0.4892267882823944, 'learning_rate': 1.6511627906976747e-05, 'epoch': 0.26}
{'embedding_loss': 0.0177, 'grad_norm': 0.44069036841392517, 'learning_rate': 1.36046511627907e-05, 'epoch': 0.39}
{'embedding_loss': 0.0092, 'grad_norm': 0.3559398353099823, 'learning_rate': 1.0697674418604651e-05, 'epoch': 0.52}
{'embedding_loss': 0.0054, 'grad_norm': 0.24911396205425262, 'learning_rate': 7.790697674418605e-06, 'epoch': 0.65}
{'embedding_loss': 0.0022, 'grad_norm': 0.10426323860883713, 'learning_rate': 4.883720930232559e-06, 'epoch': 0.78}
{'embedding_loss': 0.0008, 'grad_norm': 0.014479079283773899, 'learning_rate': 1.976744186046512e-06, 'epoch': 0.91}
{'eval_embedding_loss': 0.000649253954179585, 'eval_embedding_runtime': 12.4538, 'eval_embedding_samples_per_second': 54.602, 'eval_embedding_steps_per_second': 3.453, 'epoch': 1.0}
{'train_runtime': 308.8887, 'train_samples_per_second': 19.813, 'train_steps_per_second': 1.24, 'train_loss': 0.035422777051869636, 'epoch': 1.0}

🔍 Evaluation Metrics
----------------------------------------
📊 Label Distribution:
  Label Not Data Journalism: 14
  Label Data Journalism: 4
  Label Half Data Journalism: 2

✅ Overall Metrics:
  Accuracy : 1.0000
  Precision: 1.0000
  Recall   : 1.0000
  F1       : 1.0000

🧩 Confusion Matrix:
  [4, 0, 0]
  [0, 2, 0]
  [0, 0, 14]

📌 Per-Class Metrics:
  Class Data Journalism: TP=4, FP=0, FN=0, TN=16
  Class Half Data Journalism: TP=2, FP=0, FN=0, TN=18
  Class Not Data Journalism: TP=14, FP=0, FN=0, TN=6
----------------------------------------
Fold finished F1 Score: 1.0 1.0 None
Fold 3/5
Loading model from HPC local scratch: /tmp/shapovalov_setfit_model_cache_1386162
{'embedding_loss': 0.4989, 'grad_norm': 3.9663913249969482, 'learning_rate': 0.0, 'epoch': 0.0}
{'embedding_loss': 0.1819, 'grad_norm': 0.620295524597168, 'learning_rate': 1.941860465116279e-05, 'epoch': 0.13}
{'embedding_loss': 0.0383, 'grad_norm': 0.5169547200202942, 'learning_rate': 1.6511627906976747e-05, 'epoch': 0.26}
{'embedding_loss': 0.0229, 'grad_norm': 0.4662817716598511, 'learning_rate': 1.36046511627907e-05, 'epoch': 0.39}
{'embedding_loss': 0.0152, 'grad_norm': 0.28722038865089417, 'learning_rate': 1.0697674418604651e-05, 'epoch': 0.52}
{'embedding_loss': 0.0075, 'grad_norm': 0.037772320210933685, 'learning_rate': 7.790697674418605e-06, 'epoch': 0.65}
{'embedding_loss': 0.0052, 'grad_norm': 0.020688949152827263, 'learning_rate': 4.883720930232559e-06, 'epoch': 0.78}
{'embedding_loss': 0.0056, 'grad_norm': 0.01732330210506916, 'learning_rate': 1.976744186046512e-06, 'epoch': 0.91}
{'eval_embedding_loss': 0.0008261184557341039, 'eval_embedding_runtime': 11.8837, 'eval_embedding_samples_per_second': 57.221, 'eval_embedding_steps_per_second': 3.618, 'epoch': 1.0}
{'train_runtime': 305.9957, 'train_samples_per_second': 20.0, 'train_steps_per_second': 1.252, 'train_loss': 0.03729296022389016, 'epoch': 1.0}

🔍 Evaluation Metrics
----------------------------------------
📊 Label Distribution:
  Label Not Data Journalism: 13
  Label Half Data Journalism: 2
  Label Data Journalism: 5

✅ Overall Metrics:
  Accuracy : 1.0000
  Precision: 1.0000
  Recall   : 1.0000
  F1       : 1.0000

🧩 Confusion Matrix:
  [5, 0, 0]
  [0, 2, 0]
  [0, 0, 13]

📌 Per-Class Metrics:
  Class Data Journalism: TP=5, FP=0, FN=0, TN=15
  Class Half Data Journalism: TP=2, FP=0, FN=0, TN=18
  Class Not Data Journalism: TP=13, FP=0, FN=0, TN=7
----------------------------------------
Fold finished F1 Score: 1.0 1.0 None
Fold 4/5
Loading model from HPC local scratch: /tmp/shapovalov_setfit_model_cache_1386162
{'embedding_loss': 0.4272, 'grad_norm': 3.904106616973877, 'learning_rate': 0.0, 'epoch': 0.0}
{'embedding_loss': 0.1773, 'grad_norm': 0.848750650882721, 'learning_rate': 1.941860465116279e-05, 'epoch': 0.13}
{'embedding_loss': 0.0355, 'grad_norm': 0.4310559630393982, 'learning_rate': 1.6511627906976747e-05, 'epoch': 0.26}
{'embedding_loss': 0.0154, 'grad_norm': 0.126056507229805, 'learning_rate': 1.36046511627907e-05, 'epoch': 0.39}
{'embedding_loss': 0.0057, 'grad_norm': 0.04503669962286949, 'learning_rate': 1.0697674418604651e-05, 'epoch': 0.52}
{'embedding_loss': 0.0037, 'grad_norm': 0.03676442429423332, 'learning_rate': 7.790697674418605e-06, 'epoch': 0.65}
{'embedding_loss': 0.002, 'grad_norm': 0.036118283867836, 'learning_rate': 4.883720930232559e-06, 'epoch': 0.78}
{'embedding_loss': 0.0018, 'grad_norm': 0.010235105641186237, 'learning_rate': 1.976744186046512e-06, 'epoch': 0.91}
{'eval_embedding_loss': 0.0017331641865894198, 'eval_embedding_runtime': 11.7451, 'eval_embedding_samples_per_second': 57.896, 'eval_embedding_steps_per_second': 3.661, 'epoch': 1.0}
{'train_runtime': 306.215, 'train_samples_per_second': 19.986, 'train_steps_per_second': 1.251, 'train_loss': 0.03229340263119566, 'epoch': 1.0}

🔍 Evaluation Metrics
----------------------------------------
📊 Label Distribution:
  Label Not Data Journalism: 13
  Label Data Journalism: 4
  Label Half Data Journalism: 3

✅ Overall Metrics:
  Accuracy : 1.0000
  Precision: 1.0000
  Recall   : 1.0000
  F1       : 1.0000

🧩 Confusion Matrix:
  [4, 0, 0]
  [0, 3, 0]
  [0, 0, 13]

📌 Per-Class Metrics:
  Class Data Journalism: TP=4, FP=0, FN=0, TN=16
  Class Half Data Journalism: TP=3, FP=0, FN=0, TN=17
  Class Not Data Journalism: TP=13, FP=0, FN=0, TN=7
----------------------------------------
Fold finished F1 Score: 1.0 1.0 None
Fold 5/5
Loading model from HPC local scratch: /tmp/shapovalov_setfit_model_cache_1386162
{'embedding_loss': 0.4123, 'grad_norm': 4.071015357971191, 'learning_rate': 0.0, 'epoch': 0.0}
{'embedding_loss': 0.1835, 'grad_norm': 2.701143741607666, 'learning_rate': 1.941860465116279e-05, 'epoch': 0.13}
{'embedding_loss': 0.039, 'grad_norm': 1.040958285331726, 'learning_rate': 1.6511627906976747e-05, 'epoch': 0.26}
{'embedding_loss': 0.0229, 'grad_norm': 0.42025285959243774, 'learning_rate': 1.36046511627907e-05, 'epoch': 0.39}
{'embedding_loss': 0.0089, 'grad_norm': 0.10720134526491165, 'learning_rate': 1.0697674418604651e-05, 'epoch': 0.52}
{'embedding_loss': 0.0033, 'grad_norm': 0.049263570457696915, 'learning_rate': 7.790697674418605e-06, 'epoch': 0.65}
{'embedding_loss': 0.0047, 'grad_norm': 0.056993141770362854, 'learning_rate': 4.883720930232559e-06, 'epoch': 0.78}
{'embedding_loss': 0.0021, 'grad_norm': 0.02560553327202797, 'learning_rate': 1.976744186046512e-06, 'epoch': 0.91}
{'eval_embedding_loss': 0.008874760940670967, 'eval_embedding_runtime': 11.2717, 'eval_embedding_samples_per_second': 60.328, 'eval_embedding_steps_per_second': 3.815, 'epoch': 1.0}
{'train_runtime': 305.9807, 'train_samples_per_second': 20.001, 'train_steps_per_second': 1.252, 'train_loss': 0.035373628567466536, 'epoch': 1.0}

🔍 Evaluation Metrics
----------------------------------------
📊 Label Distribution:
  Label Not Data Journalism: 13
  Label Data Journalism: 4
  Label Half Data Journalism: 3

✅ Overall Metrics:
  Accuracy : 1.0000
  Precision: 1.0000
  Recall   : 1.0000
  F1       : 1.0000

🧩 Confusion Matrix:
  [4, 0, 0]
  [0, 3, 0]
  [0, 0, 13]

📌 Per-Class Metrics:
  Class Data Journalism: TP=4, FP=0, FN=0, TN=16
  Class Half Data Journalism: TP=3, FP=0, FN=0, TN=17
  Class Not Data Journalism: TP=13, FP=0, FN=0, TN=7
----------------------------------------
Fold finished F1 Score: 1.0 1.0 None
Average VRAM usage: 5099.96 MB, Max VRAM usage: 21440.15 MB
Trial 9 completed with avg fold F1 score: 1.0
Trial 10: {'num_iterations': 14, 'num_epochs': 3, 'batch_size': 8, 'head_lr': 2.0331889681353287e-05}
Fold 1/5
Loading model from HPC local scratch: /tmp/shapovalov_setfit_model_cache_1386162
{'embedding_loss': 0.3481, 'grad_norm': 3.2261974811553955, 'learning_rate': 0.0, 'epoch': 0.0}
{'embedding_loss': 0.239, 'grad_norm': 1.3728256225585938, 'learning_rate': 5.185185185185185e-06, 'epoch': 0.08}
{'embedding_loss': 0.1538, 'grad_norm': 1.18724524974823, 'learning_rate': 1.0476190476190477e-05, 'epoch': 0.16}
{'embedding_loss': 0.0536, 'grad_norm': 1.5064479112625122, 'learning_rate': 1.576719576719577e-05, 'epoch': 0.24}
{'embedding_loss': 0.0453, 'grad_norm': 0.8117921352386475, 'learning_rate': 1.988242210464433e-05, 'epoch': 0.32}
{'embedding_loss': 0.0215, 'grad_norm': 0.38225042819976807, 'learning_rate': 1.929453262786596e-05, 'epoch': 0.4}
{'embedding_loss': 0.0207, 'grad_norm': 0.232319638133049, 'learning_rate': 1.8706643151087597e-05, 'epoch': 0.48}
{'embedding_loss': 0.0113, 'grad_norm': 0.08424356579780579, 'learning_rate': 1.811875367430923e-05, 'epoch': 0.56}
{'embedding_loss': 0.0031, 'grad_norm': 0.05802273750305176, 'learning_rate': 1.7530864197530865e-05, 'epoch': 0.63}
{'embedding_loss': 0.0011, 'grad_norm': 0.009964018128812313, 'learning_rate': 1.69429747207525e-05, 'epoch': 0.71}
{'embedding_loss': 0.0015, 'grad_norm': 0.04622899740934372, 'learning_rate': 1.6355085243974133e-05, 'epoch': 0.79}
{'embedding_loss': 0.0014, 'grad_norm': 0.020234353840351105, 'learning_rate': 1.576719576719577e-05, 'epoch': 0.87}
{'embedding_loss': 0.0003, 'grad_norm': 0.015274250879883766, 'learning_rate': 1.5179306290417405e-05, 'epoch': 0.95}
{'eval_embedding_loss': 0.00017073699564207345, 'eval_embedding_runtime': 13.5778, 'eval_embedding_samples_per_second': 41.244, 'eval_embedding_steps_per_second': 5.155, 'epoch': 1.0}
{'embedding_loss': 0.0002, 'grad_norm': 0.0023640452418476343, 'learning_rate': 1.4591416813639037e-05, 'epoch': 1.03}
{'embedding_loss': 0.0001, 'grad_norm': 0.014805455692112446, 'learning_rate': 1.4003527336860671e-05, 'epoch': 1.11}
{'embedding_loss': 0.0001, 'grad_norm': 0.01103956624865532, 'learning_rate': 1.3415637860082307e-05, 'epoch': 1.19}
{'embedding_loss': 0.0001, 'grad_norm': 0.011449730023741722, 'learning_rate': 1.2827748383303939e-05, 'epoch': 1.27}
{'embedding_loss': 0.0001, 'grad_norm': 0.002649485133588314, 'learning_rate': 1.2239858906525575e-05, 'epoch': 1.35}
{'embedding_loss': 0.0001, 'grad_norm': 0.0036511707585304976, 'learning_rate': 1.1651969429747207e-05, 'epoch': 1.43}
{'embedding_loss': 0.0001, 'grad_norm': 0.0035702630411833525, 'learning_rate': 1.1064079952968843e-05, 'epoch': 1.51}
{'embedding_loss': 0.0001, 'grad_norm': 0.010167793370783329, 'learning_rate': 1.0476190476190477e-05, 'epoch': 1.59}
{'embedding_loss': 0.0001, 'grad_norm': 0.026961226016283035, 'learning_rate': 9.888300999412111e-06, 'epoch': 1.67}
{'embedding_loss': 0.0001, 'grad_norm': 0.0008928797324188054, 'learning_rate': 9.300411522633745e-06, 'epoch': 1.75}
{'embedding_loss': 0.0001, 'grad_norm': 0.019294172525405884, 'learning_rate': 8.712522045855379e-06, 'epoch': 1.83}
{'embedding_loss': 0.0001, 'grad_norm': 0.007191395852714777, 'learning_rate': 8.124632569077015e-06, 'epoch': 1.9}
{'embedding_loss': 0.0001, 'grad_norm': 0.01134157832711935, 'learning_rate': 7.536743092298649e-06, 'epoch': 1.98}
{'eval_embedding_loss': 0.000108786225609947, 'eval_embedding_runtime': 12.4096, 'eval_embedding_samples_per_second': 45.126, 'eval_embedding_steps_per_second': 5.641, 'epoch': 2.0}
{'embedding_loss': 0.0001, 'grad_norm': 0.01007834542542696, 'learning_rate': 6.948853615520282e-06, 'epoch': 2.06}
{'embedding_loss': 0.0001, 'grad_norm': 0.010320109315216541, 'learning_rate': 6.360964138741918e-06, 'epoch': 2.14}
{'embedding_loss': 0.0, 'grad_norm': 0.0007540665683336556, 'learning_rate': 5.773074661963552e-06, 'epoch': 2.22}
{'embedding_loss': 0.0, 'grad_norm': 0.0032941147219389677, 'learning_rate': 5.185185185185185e-06, 'epoch': 2.3}
{'embedding_loss': 0.0, 'grad_norm': 0.006860639899969101, 'learning_rate': 4.59729570840682e-06, 'epoch': 2.38}
{'embedding_loss': 0.0, 'grad_norm': 0.004856583662331104, 'learning_rate': 4.009406231628454e-06, 'epoch': 2.46}
{'embedding_loss': 0.0, 'grad_norm': 0.008720059879124165, 'learning_rate': 3.4215167548500884e-06, 'epoch': 2.54}
{'embedding_loss': 0.0, 'grad_norm': 0.00887034647166729, 'learning_rate': 2.833627278071723e-06, 'epoch': 2.62}
{'embedding_loss': 0.0, 'grad_norm': 0.006344521418213844, 'learning_rate': 2.245737801293357e-06, 'epoch': 2.7}
{'embedding_loss': 0.0001, 'grad_norm': 0.0030314954929053783, 'learning_rate': 1.6578483245149912e-06, 'epoch': 2.78}
{'embedding_loss': 0.0, 'grad_norm': 0.0015976640861481428, 'learning_rate': 1.0699588477366256e-06, 'epoch': 2.86}
{'embedding_loss': 0.0, 'grad_norm': 0.007060157600790262, 'learning_rate': 4.820693709582599e-07, 'epoch': 2.94}
{'eval_embedding_loss': 7.100582297425717e-05, 'eval_embedding_runtime': 12.1916, 'eval_embedding_samples_per_second': 45.933, 'eval_embedding_steps_per_second': 5.742, 'epoch': 3.0}
{'train_runtime': 819.841, 'train_samples_per_second': 18.443, 'train_steps_per_second': 2.305, 'train_loss': 0.01472654539528771, 'epoch': 3.0}

🔍 Evaluation Metrics
----------------------------------------
📊 Label Distribution:
  Label Data Journalism: 4
  Label Half Data Journalism: 2
  Label Not Data Journalism: 14

✅ Overall Metrics:
  Accuracy : 1.0000
  Precision: 1.0000
  Recall   : 1.0000
  F1       : 1.0000

🧩 Confusion Matrix:
  [4, 0, 0]
  [0, 2, 0]
  [0, 0, 14]

📌 Per-Class Metrics:
  Class Data Journalism: TP=4, FP=0, FN=0, TN=16
  Class Half Data Journalism: TP=2, FP=0, FN=0, TN=18
  Class Not Data Journalism: TP=14, FP=0, FN=0, TN=6
----------------------------------------
Fold finished F1 Score: 1.0 1.0 None
Fold 2/5
Loading model from HPC local scratch: /tmp/shapovalov_setfit_model_cache_1386162
{'embedding_loss': 0.3751, 'grad_norm': 3.1932528018951416, 'learning_rate': 0.0, 'epoch': 0.0}
{'embedding_loss': 0.2487, 'grad_norm': 1.4144701957702637, 'learning_rate': 5.185185185185185e-06, 'epoch': 0.08}
{'embedding_loss': 0.1634, 'grad_norm': 1.7784510850906372, 'learning_rate': 1.0476190476190477e-05, 'epoch': 0.16}
{'embedding_loss': 0.0503, 'grad_norm': 0.10577673465013504, 'learning_rate': 1.576719576719577e-05, 'epoch': 0.24}
{'embedding_loss': 0.0246, 'grad_norm': 1.1672145128250122, 'learning_rate': 1.988242210464433e-05, 'epoch': 0.32}
{'embedding_loss': 0.0232, 'grad_norm': 0.11246517300605774, 'learning_rate': 1.929453262786596e-05, 'epoch': 0.4}
{'embedding_loss': 0.0132, 'grad_norm': 0.7501987218856812, 'learning_rate': 1.8706643151087597e-05, 'epoch': 0.48}
{'embedding_loss': 0.0116, 'grad_norm': 0.04561401158571243, 'learning_rate': 1.811875367430923e-05, 'epoch': 0.56}
{'embedding_loss': 0.0032, 'grad_norm': 0.006288259290158749, 'learning_rate': 1.7530864197530865e-05, 'epoch': 0.63}
{'embedding_loss': 0.0013, 'grad_norm': 0.038472626358270645, 'learning_rate': 1.69429747207525e-05, 'epoch': 0.71}
{'embedding_loss': 0.0003, 'grad_norm': 0.009296348318457603, 'learning_rate': 1.6355085243974133e-05, 'epoch': 0.79}
{'embedding_loss': 0.0003, 'grad_norm': 0.015271673910319805, 'learning_rate': 1.576719576719577e-05, 'epoch': 0.87}
{'embedding_loss': 0.0002, 'grad_norm': 0.015082982368767262, 'learning_rate': 1.5179306290417405e-05, 'epoch': 0.95}
{'eval_embedding_loss': 8.679955499246716e-05, 'eval_embedding_runtime': 11.7722, 'eval_embedding_samples_per_second': 47.57, 'eval_embedding_steps_per_second': 5.946, 'epoch': 1.0}
{'embedding_loss': 0.0001, 'grad_norm': 0.006550984922796488, 'learning_rate': 1.4591416813639037e-05, 'epoch': 1.03}
{'embedding_loss': 0.0001, 'grad_norm': 0.002817680826410651, 'learning_rate': 1.4003527336860671e-05, 'epoch': 1.11}
{'embedding_loss': 0.0001, 'grad_norm': 0.026843199506402016, 'learning_rate': 1.3415637860082307e-05, 'epoch': 1.19}
{'embedding_loss': 0.0001, 'grad_norm': 0.019679900258779526, 'learning_rate': 1.2827748383303939e-05, 'epoch': 1.27}
{'embedding_loss': 0.0001, 'grad_norm': 0.005059688352048397, 'learning_rate': 1.2239858906525575e-05, 'epoch': 1.35}
{'embedding_loss': 0.0001, 'grad_norm': 0.005839153658598661, 'learning_rate': 1.1651969429747207e-05, 'epoch': 1.43}
{'embedding_loss': 0.0001, 'grad_norm': 0.0030078799463808537, 'learning_rate': 1.1064079952968843e-05, 'epoch': 1.51}
{'embedding_loss': 0.0, 'grad_norm': 0.010956017300486565, 'learning_rate': 1.0476190476190477e-05, 'epoch': 1.59}
{'embedding_loss': 0.0001, 'grad_norm': 0.005582005716860294, 'learning_rate': 9.888300999412111e-06, 'epoch': 1.67}
{'embedding_loss': 0.0, 'grad_norm': 0.005578591488301754, 'learning_rate': 9.300411522633745e-06, 'epoch': 1.75}
{'embedding_loss': 0.0001, 'grad_norm': 0.004206610377877951, 'learning_rate': 8.712522045855379e-06, 'epoch': 1.83}
{'embedding_loss': 0.0001, 'grad_norm': 0.00100042880512774, 'learning_rate': 8.124632569077015e-06, 'epoch': 1.9}
{'embedding_loss': 0.0, 'grad_norm': 0.004591039847582579, 'learning_rate': 7.536743092298649e-06, 'epoch': 1.98}
{'eval_embedding_loss': 6.488426151918247e-05, 'eval_embedding_runtime': 11.349, 'eval_embedding_samples_per_second': 49.343, 'eval_embedding_steps_per_second': 6.168, 'epoch': 2.0}
{'embedding_loss': 0.0001, 'grad_norm': 0.004890643060207367, 'learning_rate': 6.948853615520282e-06, 'epoch': 2.06}
{'embedding_loss': 0.0001, 'grad_norm': 0.003933009225875139, 'learning_rate': 6.360964138741918e-06, 'epoch': 2.14}
{'embedding_loss': 0.0, 'grad_norm': 0.002656331053003669, 'learning_rate': 5.773074661963552e-06, 'epoch': 2.22}
{'embedding_loss': 0.0, 'grad_norm': 0.00330703379586339, 'learning_rate': 5.185185185185185e-06, 'epoch': 2.3}
{'embedding_loss': 0.0, 'grad_norm': 0.0037084524519741535, 'learning_rate': 4.59729570840682e-06, 'epoch': 2.38}
{'embedding_loss': 0.0, 'grad_norm': 0.005350388586521149, 'learning_rate': 4.009406231628454e-06, 'epoch': 2.46}
{'embedding_loss': 0.0, 'grad_norm': 0.006395771633833647, 'learning_rate': 3.4215167548500884e-06, 'epoch': 2.54}
{'embedding_loss': 0.0, 'grad_norm': 0.001557780895382166, 'learning_rate': 2.833627278071723e-06, 'epoch': 2.62}
{'embedding_loss': 0.0, 'grad_norm': 0.007749583106487989, 'learning_rate': 2.245737801293357e-06, 'epoch': 2.7}
{'embedding_loss': 0.0, 'grad_norm': 0.0034642545506358147, 'learning_rate': 1.6578483245149912e-06, 'epoch': 2.78}
{'embedding_loss': 0.0, 'grad_norm': 0.00486474996432662, 'learning_rate': 1.0699588477366256e-06, 'epoch': 2.86}
{'embedding_loss': 0.0, 'grad_norm': 0.008816566318273544, 'learning_rate': 4.820693709582599e-07, 'epoch': 2.94}
{'eval_embedding_loss': 4.13195593864657e-05, 'eval_embedding_runtime': 10.7405, 'eval_embedding_samples_per_second': 52.139, 'eval_embedding_steps_per_second': 6.517, 'epoch': 3.0}
{'train_runtime': 811.1894, 'train_samples_per_second': 18.639, 'train_steps_per_second': 2.33, 'train_loss': 0.014396578185112467, 'epoch': 3.0}

🔍 Evaluation Metrics
----------------------------------------
📊 Label Distribution:
  Label Not Data Journalism: 14
  Label Data Journalism: 4
  Label Half Data Journalism: 2

✅ Overall Metrics:
  Accuracy : 1.0000
  Precision: 1.0000
  Recall   : 1.0000
  F1       : 1.0000

🧩 Confusion Matrix:
  [4, 0, 0]
  [0, 2, 0]
  [0, 0, 14]

📌 Per-Class Metrics:
  Class Data Journalism: TP=4, FP=0, FN=0, TN=16
  Class Half Data Journalism: TP=2, FP=0, FN=0, TN=18
  Class Not Data Journalism: TP=14, FP=0, FN=0, TN=6
----------------------------------------
Fold finished F1 Score: 1.0 1.0 None
Fold 3/5
Loading model from HPC local scratch: /tmp/shapovalov_setfit_model_cache_1386162
{'embedding_loss': 0.3095, 'grad_norm': 3.6427505016326904, 'learning_rate': 0.0, 'epoch': 0.0}
{'embedding_loss': 0.2511, 'grad_norm': 1.5912286043167114, 'learning_rate': 5.185185185185185e-06, 'epoch': 0.08}
{'embedding_loss': 0.1548, 'grad_norm': 1.9371837377548218, 'learning_rate': 1.0476190476190477e-05, 'epoch': 0.16}
{'embedding_loss': 0.0643, 'grad_norm': 3.256195306777954, 'learning_rate': 1.576719576719577e-05, 'epoch': 0.24}
{'embedding_loss': 0.0401, 'grad_norm': 0.8830974698066711, 'learning_rate': 1.988242210464433e-05, 'epoch': 0.32}
{'embedding_loss': 0.0274, 'grad_norm': 1.3359280824661255, 'learning_rate': 1.929453262786596e-05, 'epoch': 0.4}
{'embedding_loss': 0.015, 'grad_norm': 0.20270347595214844, 'learning_rate': 1.8706643151087597e-05, 'epoch': 0.48}
{'embedding_loss': 0.0182, 'grad_norm': 0.01193114835768938, 'learning_rate': 1.811875367430923e-05, 'epoch': 0.56}
{'embedding_loss': 0.0071, 'grad_norm': 0.02501976117491722, 'learning_rate': 1.7530864197530865e-05, 'epoch': 0.63}
{'embedding_loss': 0.0084, 'grad_norm': 0.038615528494119644, 'learning_rate': 1.69429747207525e-05, 'epoch': 0.71}
{'embedding_loss': 0.0056, 'grad_norm': 0.5698909759521484, 'learning_rate': 1.6355085243974133e-05, 'epoch': 0.79}
{'embedding_loss': 0.004, 'grad_norm': 0.01134553924202919, 'learning_rate': 1.576719576719577e-05, 'epoch': 0.87}
{'embedding_loss': 0.0044, 'grad_norm': 0.04232481122016907, 'learning_rate': 1.5179306290417405e-05, 'epoch': 0.95}
{'eval_embedding_loss': 0.00028542333166114986, 'eval_embedding_runtime': 10.4724, 'eval_embedding_samples_per_second': 53.474, 'eval_embedding_steps_per_second': 6.684, 'epoch': 1.0}
{'embedding_loss': 0.0038, 'grad_norm': 0.040954090654850006, 'learning_rate': 1.4591416813639037e-05, 'epoch': 1.03}
{'embedding_loss': 0.0002, 'grad_norm': 0.008421486243605614, 'learning_rate': 1.4003527336860671e-05, 'epoch': 1.11}
{'embedding_loss': 0.0001, 'grad_norm': 0.015488415025174618, 'learning_rate': 1.3415637860082307e-05, 'epoch': 1.19}
{'embedding_loss': 0.0001, 'grad_norm': 0.0033598775044083595, 'learning_rate': 1.2827748383303939e-05, 'epoch': 1.27}
{'embedding_loss': 0.0001, 'grad_norm': 0.006600598338991404, 'learning_rate': 1.2239858906525575e-05, 'epoch': 1.35}
{'embedding_loss': 0.0001, 'grad_norm': 0.016251111403107643, 'learning_rate': 1.1651969429747207e-05, 'epoch': 1.43}
{'embedding_loss': 0.0001, 'grad_norm': 0.010212915018200874, 'learning_rate': 1.1064079952968843e-05, 'epoch': 1.51}
{'embedding_loss': 0.0001, 'grad_norm': 0.010917315259575844, 'learning_rate': 1.0476190476190477e-05, 'epoch': 1.59}
{'embedding_loss': 0.0001, 'grad_norm': 0.0026603781152516603, 'learning_rate': 9.888300999412111e-06, 'epoch': 1.67}
{'embedding_loss': 0.0001, 'grad_norm': 0.004275721963495016, 'learning_rate': 9.300411522633745e-06, 'epoch': 1.75}
{'embedding_loss': 0.0001, 'grad_norm': 0.020902367308735847, 'learning_rate': 8.712522045855379e-06, 'epoch': 1.83}
{'embedding_loss': 0.0001, 'grad_norm': 0.014657451771199703, 'learning_rate': 8.124632569077015e-06, 'epoch': 1.9}
{'embedding_loss': 0.0001, 'grad_norm': 0.013614197261631489, 'learning_rate': 7.536743092298649e-06, 'epoch': 1.98}
{'eval_embedding_loss': 9.875682735582814e-05, 'eval_embedding_runtime': 10.3261, 'eval_embedding_samples_per_second': 54.232, 'eval_embedding_steps_per_second': 6.779, 'epoch': 2.0}
{'embedding_loss': 0.0001, 'grad_norm': 0.027048436924815178, 'learning_rate': 6.948853615520282e-06, 'epoch': 2.06}
{'embedding_loss': 0.0, 'grad_norm': 0.003722391091287136, 'learning_rate': 6.360964138741918e-06, 'epoch': 2.14}
{'embedding_loss': 0.0001, 'grad_norm': 0.003099819179624319, 'learning_rate': 5.773074661963552e-06, 'epoch': 2.22}
{'embedding_loss': 0.0, 'grad_norm': 0.005748508498072624, 'learning_rate': 5.185185185185185e-06, 'epoch': 2.3}
{'embedding_loss': 0.0, 'grad_norm': 0.004684992600232363, 'learning_rate': 4.59729570840682e-06, 'epoch': 2.38}
{'embedding_loss': 0.0, 'grad_norm': 0.004495750181376934, 'learning_rate': 4.009406231628454e-06, 'epoch': 2.46}
{'embedding_loss': 0.0, 'grad_norm': 0.004068728070706129, 'learning_rate': 3.4215167548500884e-06, 'epoch': 2.54}
{'embedding_loss': 0.0, 'grad_norm': 0.0008572541992180049, 'learning_rate': 2.833627278071723e-06, 'epoch': 2.62}
{'embedding_loss': 0.0, 'grad_norm': 0.007699666079133749, 'learning_rate': 2.245737801293357e-06, 'epoch': 2.7}
{'embedding_loss': 0.0, 'grad_norm': 0.0060690403915941715, 'learning_rate': 1.6578483245149912e-06, 'epoch': 2.78}
{'embedding_loss': 0.0, 'grad_norm': 0.004503057803958654, 'learning_rate': 1.0699588477366256e-06, 'epoch': 2.86}
{'embedding_loss': 0.0, 'grad_norm': 0.013598233461380005, 'learning_rate': 4.820693709582599e-07, 'epoch': 2.94}
{'eval_embedding_loss': 8.282719500130042e-05, 'eval_embedding_runtime': 10.306, 'eval_embedding_samples_per_second': 54.337, 'eval_embedding_steps_per_second': 6.792, 'epoch': 3.0}
{'train_runtime': 802.8257, 'train_samples_per_second': 18.833, 'train_steps_per_second': 2.354, 'train_loss': 0.01605777226286206, 'epoch': 3.0}

🔍 Evaluation Metrics
----------------------------------------
📊 Label Distribution:
  Label Not Data Journalism: 13
  Label Half Data Journalism: 2
  Label Data Journalism: 5

✅ Overall Metrics:
  Accuracy : 1.0000
  Precision: 1.0000
  Recall   : 1.0000
  F1       : 1.0000

🧩 Confusion Matrix:
  [5, 0, 0]
  [0, 2, 0]
  [0, 0, 13]

📌 Per-Class Metrics:
  Class Data Journalism: TP=5, FP=0, FN=0, TN=15
  Class Half Data Journalism: TP=2, FP=0, FN=0, TN=18
  Class Not Data Journalism: TP=13, FP=0, FN=0, TN=7
----------------------------------------
Fold finished F1 Score: 1.0 1.0 None
Fold 4/5
Loading model from HPC local scratch: /tmp/shapovalov_setfit_model_cache_1386162
{'embedding_loss': 0.2473, 'grad_norm': 3.0483310222625732, 'learning_rate': 0.0, 'epoch': 0.0}
{'embedding_loss': 0.2438, 'grad_norm': 1.2668225765228271, 'learning_rate': 5.185185185185185e-06, 'epoch': 0.08}
{'embedding_loss': 0.1509, 'grad_norm': 4.342517852783203, 'learning_rate': 1.0476190476190477e-05, 'epoch': 0.16}
{'embedding_loss': 0.062, 'grad_norm': 1.144790530204773, 'learning_rate': 1.576719576719577e-05, 'epoch': 0.24}
{'embedding_loss': 0.0287, 'grad_norm': 0.12600627541542053, 'learning_rate': 1.988242210464433e-05, 'epoch': 0.32}
{'embedding_loss': 0.0243, 'grad_norm': 1.0105750560760498, 'learning_rate': 1.929453262786596e-05, 'epoch': 0.4}
{'embedding_loss': 0.0197, 'grad_norm': 0.16073565185070038, 'learning_rate': 1.8706643151087597e-05, 'epoch': 0.48}
{'embedding_loss': 0.0074, 'grad_norm': 0.057272665202617645, 'learning_rate': 1.811875367430923e-05, 'epoch': 0.56}
{'embedding_loss': 0.0081, 'grad_norm': 0.11056114733219147, 'learning_rate': 1.7530864197530865e-05, 'epoch': 0.63}
{'embedding_loss': 0.006, 'grad_norm': 0.008298391476273537, 'learning_rate': 1.69429747207525e-05, 'epoch': 0.71}
{'embedding_loss': 0.0038, 'grad_norm': 0.003620459698140621, 'learning_rate': 1.6355085243974133e-05, 'epoch': 0.79}
{'embedding_loss': 0.0038, 'grad_norm': 0.018175538629293442, 'learning_rate': 1.576719576719577e-05, 'epoch': 0.87}
{'embedding_loss': 0.0039, 'grad_norm': 0.012063739821314812, 'learning_rate': 1.5179306290417405e-05, 'epoch': 0.95}
{'eval_embedding_loss': 0.011757789179682732, 'eval_embedding_runtime': 9.9933, 'eval_embedding_samples_per_second': 56.038, 'eval_embedding_steps_per_second': 7.005, 'epoch': 1.0}
{'embedding_loss': 0.0007, 'grad_norm': 0.008045174181461334, 'learning_rate': 1.4591416813639037e-05, 'epoch': 1.03}
{'embedding_loss': 0.0025, 'grad_norm': 0.009729987010359764, 'learning_rate': 1.4003527336860671e-05, 'epoch': 1.11}
{'embedding_loss': 0.0017, 'grad_norm': 0.05491998419165611, 'learning_rate': 1.3415637860082307e-05, 'epoch': 1.19}
{'embedding_loss': 0.0019, 'grad_norm': 0.003394646104425192, 'learning_rate': 1.2827748383303939e-05, 'epoch': 1.27}
{'embedding_loss': 0.0005, 'grad_norm': 0.016160892322659492, 'learning_rate': 1.2239858906525575e-05, 'epoch': 1.35}
{'embedding_loss': 0.0053, 'grad_norm': 0.005619609262794256, 'learning_rate': 1.1651969429747207e-05, 'epoch': 1.43}
{'embedding_loss': 0.0044, 'grad_norm': 0.43902984261512756, 'learning_rate': 1.1064079952968843e-05, 'epoch': 1.51}
{'embedding_loss': 0.0021, 'grad_norm': 0.05778157338500023, 'learning_rate': 1.0476190476190477e-05, 'epoch': 1.59}
{'embedding_loss': 0.0077, 'grad_norm': 0.013476046733558178, 'learning_rate': 9.888300999412111e-06, 'epoch': 1.67}
{'embedding_loss': 0.0038, 'grad_norm': 0.020588545128703117, 'learning_rate': 9.300411522633745e-06, 'epoch': 1.75}
{'embedding_loss': 0.0007, 'grad_norm': 0.02433774620294571, 'learning_rate': 8.712522045855379e-06, 'epoch': 1.83}
{'embedding_loss': 0.001, 'grad_norm': 0.001185669214464724, 'learning_rate': 8.124632569077015e-06, 'epoch': 1.9}
{'embedding_loss': 0.0017, 'grad_norm': 0.021427882835268974, 'learning_rate': 7.536743092298649e-06, 'epoch': 1.98}
{'eval_embedding_loss': 0.001208621310070157, 'eval_embedding_runtime': 10.0, 'eval_embedding_samples_per_second': 56.0, 'eval_embedding_steps_per_second': 7.0, 'epoch': 2.0}
{'embedding_loss': 0.0003, 'grad_norm': 0.007687562610954046, 'learning_rate': 6.948853615520282e-06, 'epoch': 2.06}
{'embedding_loss': 0.0001, 'grad_norm': 0.004850334487855434, 'learning_rate': 6.360964138741918e-06, 'epoch': 2.14}
{'embedding_loss': 0.0002, 'grad_norm': 0.00144565524533391, 'learning_rate': 5.773074661963552e-06, 'epoch': 2.22}
{'embedding_loss': 0.0002, 'grad_norm': 0.014264903962612152, 'learning_rate': 5.185185185185185e-06, 'epoch': 2.3}
{'embedding_loss': 0.0001, 'grad_norm': 0.0059865498915314674, 'learning_rate': 4.59729570840682e-06, 'epoch': 2.38}
{'embedding_loss': 0.0001, 'grad_norm': 0.00886098574846983, 'learning_rate': 4.009406231628454e-06, 'epoch': 2.46}
{'embedding_loss': 0.0001, 'grad_norm': 0.002781887771561742, 'learning_rate': 3.4215167548500884e-06, 'epoch': 2.54}
{'embedding_loss': 0.0001, 'grad_norm': 0.0019499949412420392, 'learning_rate': 2.833627278071723e-06, 'epoch': 2.62}
{'embedding_loss': 0.0001, 'grad_norm': 0.007218661718070507, 'learning_rate': 2.245737801293357e-06, 'epoch': 2.7}
{'embedding_loss': 0.0, 'grad_norm': 0.0013322700979188085, 'learning_rate': 1.6578483245149912e-06, 'epoch': 2.78}
{'embedding_loss': 0.0, 'grad_norm': 0.002008654410019517, 'learning_rate': 1.0699588477366256e-06, 'epoch': 2.86}
{'embedding_loss': 0.0, 'grad_norm': 0.007887291721999645, 'learning_rate': 4.820693709582599e-07, 'epoch': 2.94}
{'eval_embedding_loss': 0.00014480412937700748, 'eval_embedding_runtime': 10.0036, 'eval_embedding_samples_per_second': 55.98, 'eval_embedding_steps_per_second': 6.997, 'epoch': 3.0}
{'train_runtime': 801.5778, 'train_samples_per_second': 18.863, 'train_steps_per_second': 2.358, 'train_loss': 0.01582044120194272, 'epoch': 3.0}

🔍 Evaluation Metrics
----------------------------------------
📊 Label Distribution:
  Label Not Data Journalism: 13
  Label Data Journalism: 4
  Label Half Data Journalism: 3

✅ Overall Metrics:
  Accuracy : 1.0000
  Precision: 1.0000
  Recall   : 1.0000
  F1       : 1.0000

🧩 Confusion Matrix:
  [4, 0, 0]
  [0, 3, 0]
  [0, 0, 13]

📌 Per-Class Metrics:
  Class Data Journalism: TP=4, FP=0, FN=0, TN=16
  Class Half Data Journalism: TP=3, FP=0, FN=0, TN=17
  Class Not Data Journalism: TP=13, FP=0, FN=0, TN=7
----------------------------------------
Fold finished F1 Score: 1.0 1.0 None
Fold 5/5
Loading model from HPC local scratch: /tmp/shapovalov_setfit_model_cache_1386162
{'embedding_loss': 0.3095, 'grad_norm': 3.2965927124023438, 'learning_rate': 0.0, 'epoch': 0.0}
{'embedding_loss': 0.2463, 'grad_norm': 1.4329466819763184, 'learning_rate': 5.185185185185185e-06, 'epoch': 0.08}
{'embedding_loss': 0.146, 'grad_norm': 1.2800843715667725, 'learning_rate': 1.0476190476190477e-05, 'epoch': 0.16}
{'embedding_loss': 0.0624, 'grad_norm': 0.1139296144247055, 'learning_rate': 1.576719576719577e-05, 'epoch': 0.24}
{'embedding_loss': 0.0253, 'grad_norm': 0.1670089215040207, 'learning_rate': 1.988242210464433e-05, 'epoch': 0.32}
{'embedding_loss': 0.0226, 'grad_norm': 2.26432204246521, 'learning_rate': 1.929453262786596e-05, 'epoch': 0.4}
{'embedding_loss': 0.0138, 'grad_norm': 0.09113510698080063, 'learning_rate': 1.8706643151087597e-05, 'epoch': 0.48}
{'embedding_loss': 0.0122, 'grad_norm': 0.06536024808883667, 'learning_rate': 1.811875367430923e-05, 'epoch': 0.56}
{'embedding_loss': 0.003, 'grad_norm': 0.02403213270008564, 'learning_rate': 1.7530864197530865e-05, 'epoch': 0.63}
{'embedding_loss': 0.0061, 'grad_norm': 0.030535781756043434, 'learning_rate': 1.69429747207525e-05, 'epoch': 0.71}
{'embedding_loss': 0.0038, 'grad_norm': 0.004836822394281626, 'learning_rate': 1.6355085243974133e-05, 'epoch': 0.79}
{'embedding_loss': 0.0097, 'grad_norm': 0.03215591982007027, 'learning_rate': 1.576719576719577e-05, 'epoch': 0.87}
{'embedding_loss': 0.0018, 'grad_norm': 0.049379877746105194, 'learning_rate': 1.5179306290417405e-05, 'epoch': 0.95}
{'eval_embedding_loss': 0.0004677696852013469, 'eval_embedding_runtime': 9.957, 'eval_embedding_samples_per_second': 56.242, 'eval_embedding_steps_per_second': 7.03, 'epoch': 1.0}
{'embedding_loss': 0.0008, 'grad_norm': 0.004739779978990555, 'learning_rate': 1.4591416813639037e-05, 'epoch': 1.03}
{'embedding_loss': 0.0003, 'grad_norm': 0.006424984894692898, 'learning_rate': 1.4003527336860671e-05, 'epoch': 1.11}
{'embedding_loss': 0.0001, 'grad_norm': 0.0018504633335396647, 'learning_rate': 1.3415637860082307e-05, 'epoch': 1.19}
{'embedding_loss': 0.0002, 'grad_norm': 0.011395548470318317, 'learning_rate': 1.2827748383303939e-05, 'epoch': 1.27}
{'embedding_loss': 0.0002, 'grad_norm': 0.006167803891003132, 'learning_rate': 1.2239858906525575e-05, 'epoch': 1.35}
{'embedding_loss': 0.0001, 'grad_norm': 0.020381005480885506, 'learning_rate': 1.1651969429747207e-05, 'epoch': 1.43}
{'embedding_loss': 0.0001, 'grad_norm': 0.01845124363899231, 'learning_rate': 1.1064079952968843e-05, 'epoch': 1.51}
{'embedding_loss': 0.0001, 'grad_norm': 0.008803417906165123, 'learning_rate': 1.0476190476190477e-05, 'epoch': 1.59}
{'embedding_loss': 0.0001, 'grad_norm': 0.02484392374753952, 'learning_rate': 9.888300999412111e-06, 'epoch': 1.67}
{'embedding_loss': 0.0, 'grad_norm': 0.0009749711607582867, 'learning_rate': 9.300411522633745e-06, 'epoch': 1.75}
{'embedding_loss': 0.0001, 'grad_norm': 0.0032041012309491634, 'learning_rate': 8.712522045855379e-06, 'epoch': 1.83}
{'embedding_loss': 0.0001, 'grad_norm': 0.002927062101662159, 'learning_rate': 8.124632569077015e-06, 'epoch': 1.9}
{'embedding_loss': 0.0, 'grad_norm': 0.015080945566296577, 'learning_rate': 7.536743092298649e-06, 'epoch': 1.98}
{'eval_embedding_loss': 0.00014387124974746257, 'eval_embedding_runtime': 10.1906, 'eval_embedding_samples_per_second': 54.952, 'eval_embedding_steps_per_second': 6.869, 'epoch': 2.0}
{'embedding_loss': 0.0001, 'grad_norm': 0.011029932647943497, 'learning_rate': 6.948853615520282e-06, 'epoch': 2.06}
{'embedding_loss': 0.0001, 'grad_norm': 0.0050536817871034145, 'learning_rate': 6.360964138741918e-06, 'epoch': 2.14}
{'embedding_loss': 0.0001, 'grad_norm': 0.001448341878131032, 'learning_rate': 5.773074661963552e-06, 'epoch': 2.22}
{'embedding_loss': 0.0, 'grad_norm': 0.00825490802526474, 'learning_rate': 5.185185185185185e-06, 'epoch': 2.3}
{'embedding_loss': 0.0, 'grad_norm': 0.007059084717184305, 'learning_rate': 4.59729570840682e-06, 'epoch': 2.38}
{'embedding_loss': 0.0, 'grad_norm': 0.012713123112916946, 'learning_rate': 4.009406231628454e-06, 'epoch': 2.46}
{'embedding_loss': 0.0, 'grad_norm': 0.00899057649075985, 'learning_rate': 3.4215167548500884e-06, 'epoch': 2.54}
{'embedding_loss': 0.0001, 'grad_norm': 0.0031404972542077303, 'learning_rate': 2.833627278071723e-06, 'epoch': 2.62}
{'embedding_loss': 0.0, 'grad_norm': 0.006736244075000286, 'learning_rate': 2.245737801293357e-06, 'epoch': 2.7}
{'embedding_loss': 0.0001, 'grad_norm': 0.005176398903131485, 'learning_rate': 1.6578483245149912e-06, 'epoch': 2.78}
{'embedding_loss': 0.0, 'grad_norm': 0.0022402063477784395, 'learning_rate': 1.0699588477366256e-06, 'epoch': 2.86}
{'embedding_loss': 0.0, 'grad_norm': 0.01049888413399458, 'learning_rate': 4.820693709582599e-07, 'epoch': 2.94}
{'eval_embedding_loss': 8.832455205265433e-05, 'eval_embedding_runtime': 10.1576, 'eval_embedding_samples_per_second': 55.131, 'eval_embedding_steps_per_second': 6.891, 'epoch': 3.0}
{'train_runtime': 812.9573, 'train_samples_per_second': 18.599, 'train_steps_per_second': 2.325, 'train_loss': 0.014734958768785295, 'epoch': 3.0}

🔍 Evaluation Metrics
----------------------------------------
📊 Label Distribution:
  Label Not Data Journalism: 13
  Label Data Journalism: 4
  Label Half Data Journalism: 3

✅ Overall Metrics:
  Accuracy : 1.0000
  Precision: 1.0000
  Recall   : 1.0000
  F1       : 1.0000

🧩 Confusion Matrix:
  [4, 0, 0]
  [0, 3, 0]
  [0, 0, 13]

📌 Per-Class Metrics:
  Class Data Journalism: TP=4, FP=0, FN=0, TN=16
  Class Half Data Journalism: TP=3, FP=0, FN=0, TN=17
  Class Not Data Journalism: TP=13, FP=0, FN=0, TN=7
----------------------------------------
Fold finished F1 Score: 1.0 1.0 None
Average VRAM usage: 3426.07 MB, Max VRAM usage: 11319.92 MB
Trial 10 completed with avg fold F1 score: 1.0
Trial 11: {'num_iterations': 13, 'num_epochs': 2, 'batch_size': 8, 'head_lr': 4.0570049028301614e-05}
Fold 1/5
Loading model from HPC local scratch: /tmp/shapovalov_setfit_model_cache_1386162
{'embedding_loss': 0.4117, 'grad_norm': 4.9377970695495605, 'learning_rate': 0.0, 'epoch': 0.0}
{'embedding_loss': 0.25, 'grad_norm': 1.2052124738693237, 'learning_rate': 8.376068376068377e-06, 'epoch': 0.09}
{'embedding_loss': 0.1174, 'grad_norm': 3.0863137245178223, 'learning_rate': 1.6923076923076924e-05, 'epoch': 0.17}
{'embedding_loss': 0.0504, 'grad_norm': 0.11119477450847626, 'learning_rate': 1.939221272554606e-05, 'epoch': 0.26}
{'embedding_loss': 0.0216, 'grad_norm': 0.33586204051971436, 'learning_rate': 1.8442545109211778e-05, 'epoch': 0.34}
{'embedding_loss': 0.0198, 'grad_norm': 0.012488776817917824, 'learning_rate': 1.7492877492877495e-05, 'epoch': 0.43}
{'embedding_loss': 0.015, 'grad_norm': 0.4260755181312561, 'learning_rate': 1.654320987654321e-05, 'epoch': 0.51}
{'embedding_loss': 0.0051, 'grad_norm': 0.015213362872600555, 'learning_rate': 1.559354226020893e-05, 'epoch': 0.6}
{'embedding_loss': 0.014, 'grad_norm': 1.8533440828323364, 'learning_rate': 1.4643874643874645e-05, 'epoch': 0.68}
{'embedding_loss': 0.0123, 'grad_norm': 1.2867350578308105, 'learning_rate': 1.3694207027540362e-05, 'epoch': 0.77}
{'embedding_loss': 0.0024, 'grad_norm': 0.0536644384264946, 'learning_rate': 1.2744539411206078e-05, 'epoch': 0.85}
{'embedding_loss': 0.0016, 'grad_norm': 0.06117386370897293, 'learning_rate': 1.1794871794871796e-05, 'epoch': 0.94}
{'eval_embedding_loss': 0.00013934743765275925, 'eval_embedding_runtime': 11.3584, 'eval_embedding_samples_per_second': 45.781, 'eval_embedding_steps_per_second': 5.723, 'epoch': 1.0}
{'embedding_loss': 0.0005, 'grad_norm': 0.015439336188137531, 'learning_rate': 1.0845204178537512e-05, 'epoch': 1.03}
{'embedding_loss': 0.0002, 'grad_norm': 0.017055587843060493, 'learning_rate': 9.89553656220323e-06, 'epoch': 1.11}
{'embedding_loss': 0.0002, 'grad_norm': 0.01949440874159336, 'learning_rate': 8.945868945868947e-06, 'epoch': 1.2}
{'embedding_loss': 0.0001, 'grad_norm': 0.014009946025907993, 'learning_rate': 7.996201329534662e-06, 'epoch': 1.28}
{'embedding_loss': 0.0001, 'grad_norm': 0.002739837160333991, 'learning_rate': 7.046533713200381e-06, 'epoch': 1.37}
{'embedding_loss': 0.0001, 'grad_norm': 0.014087943360209465, 'learning_rate': 6.096866096866098e-06, 'epoch': 1.45}
{'embedding_loss': 0.0001, 'grad_norm': 0.012185032479465008, 'learning_rate': 5.147198480531814e-06, 'epoch': 1.54}
{'embedding_loss': 0.0001, 'grad_norm': 0.004258159082382917, 'learning_rate': 4.197530864197531e-06, 'epoch': 1.62}
{'embedding_loss': 0.0001, 'grad_norm': 0.004532231949269772, 'learning_rate': 3.247863247863248e-06, 'epoch': 1.71}
{'embedding_loss': 0.0001, 'grad_norm': 0.006405389402061701, 'learning_rate': 2.298195631528965e-06, 'epoch': 1.79}
{'embedding_loss': 0.0001, 'grad_norm': 0.008418716490268707, 'learning_rate': 1.348528015194682e-06, 'epoch': 1.88}
{'embedding_loss': 0.0001, 'grad_norm': 0.03500180318951607, 'learning_rate': 3.988603988603989e-07, 'epoch': 1.97}
{'eval_embedding_loss': 6.511223909910768e-05, 'eval_embedding_runtime': 12.6795, 'eval_embedding_samples_per_second': 41.011, 'eval_embedding_steps_per_second': 5.126, 'epoch': 2.0}
{'train_runtime': 509.5026, 'train_samples_per_second': 18.371, 'train_steps_per_second': 2.296, 'train_loss': 0.0219906810993472, 'epoch': 2.0}

🔍 Evaluation Metrics
----------------------------------------
📊 Label Distribution:
  Label Data Journalism: 4
  Label Half Data Journalism: 2
  Label Not Data Journalism: 14

✅ Overall Metrics:
  Accuracy : 1.0000
  Precision: 1.0000
  Recall   : 1.0000
  F1       : 1.0000

🧩 Confusion Matrix:
  [4, 0, 0]
  [0, 2, 0]
  [0, 0, 14]

📌 Per-Class Metrics:
  Class Data Journalism: TP=4, FP=0, FN=0, TN=16
  Class Half Data Journalism: TP=2, FP=0, FN=0, TN=18
  Class Not Data Journalism: TP=14, FP=0, FN=0, TN=6
----------------------------------------
Fold finished F1 Score: 1.0 1.0 None
Fold 2/5
Loading model from HPC local scratch: /tmp/shapovalov_setfit_model_cache_1386162
{'embedding_loss': 0.3709, 'grad_norm': 4.01749324798584, 'learning_rate': 0.0, 'epoch': 0.0}
{'embedding_loss': 0.2331, 'grad_norm': 1.873485803604126, 'learning_rate': 8.376068376068377e-06, 'epoch': 0.09}
{'embedding_loss': 0.125, 'grad_norm': 0.8346246480941772, 'learning_rate': 1.6923076923076924e-05, 'epoch': 0.17}
{'embedding_loss': 0.0502, 'grad_norm': 0.05907316133379936, 'learning_rate': 1.939221272554606e-05, 'epoch': 0.26}
{'embedding_loss': 0.0293, 'grad_norm': 0.3768540322780609, 'learning_rate': 1.8442545109211778e-05, 'epoch': 0.34}
{'embedding_loss': 0.0199, 'grad_norm': 0.12626153230667114, 'learning_rate': 1.7492877492877495e-05, 'epoch': 0.43}
{'embedding_loss': 0.0148, 'grad_norm': 0.03402267023921013, 'learning_rate': 1.654320987654321e-05, 'epoch': 0.51}
{'embedding_loss': 0.0116, 'grad_norm': 0.07739883661270142, 'learning_rate': 1.559354226020893e-05, 'epoch': 0.6}
{'embedding_loss': 0.0055, 'grad_norm': 0.04318882152438164, 'learning_rate': 1.4643874643874645e-05, 'epoch': 0.68}
{'embedding_loss': 0.0007, 'grad_norm': 0.01235340628772974, 'learning_rate': 1.3694207027540362e-05, 'epoch': 0.77}
{'embedding_loss': 0.0005, 'grad_norm': 0.04985898733139038, 'learning_rate': 1.2744539411206078e-05, 'epoch': 0.85}
{'embedding_loss': 0.0006, 'grad_norm': 0.002097065094858408, 'learning_rate': 1.1794871794871796e-05, 'epoch': 0.94}
{'eval_embedding_loss': 0.00017319944163318723, 'eval_embedding_runtime': 10.9625, 'eval_embedding_samples_per_second': 47.434, 'eval_embedding_steps_per_second': 5.929, 'epoch': 1.0}
{'embedding_loss': 0.0003, 'grad_norm': 0.04834029823541641, 'learning_rate': 1.0845204178537512e-05, 'epoch': 1.03}
{'embedding_loss': 0.0003, 'grad_norm': 0.015852797776460648, 'learning_rate': 9.89553656220323e-06, 'epoch': 1.11}
{'embedding_loss': 0.0003, 'grad_norm': 0.04295015335083008, 'learning_rate': 8.945868945868947e-06, 'epoch': 1.2}
{'embedding_loss': 0.0003, 'grad_norm': 0.016877295449376106, 'learning_rate': 7.996201329534662e-06, 'epoch': 1.28}
{'embedding_loss': 0.0002, 'grad_norm': 0.007777777500450611, 'learning_rate': 7.046533713200381e-06, 'epoch': 1.37}
{'embedding_loss': 0.0002, 'grad_norm': 0.04839172959327698, 'learning_rate': 6.096866096866098e-06, 'epoch': 1.45}
{'embedding_loss': 0.0001, 'grad_norm': 0.012618176639080048, 'learning_rate': 5.147198480531814e-06, 'epoch': 1.54}
{'embedding_loss': 0.0001, 'grad_norm': 0.004625944420695305, 'learning_rate': 4.197530864197531e-06, 'epoch': 1.62}
{'embedding_loss': 0.0002, 'grad_norm': 0.0420144721865654, 'learning_rate': 3.247863247863248e-06, 'epoch': 1.71}
{'embedding_loss': 0.0001, 'grad_norm': 0.041523754596710205, 'learning_rate': 2.298195631528965e-06, 'epoch': 1.79}
{'embedding_loss': 0.0001, 'grad_norm': 0.00625042337924242, 'learning_rate': 1.348528015194682e-06, 'epoch': 1.88}
{'embedding_loss': 0.0001, 'grad_norm': 0.02061888948082924, 'learning_rate': 3.988603988603989e-07, 'epoch': 1.97}
{'eval_embedding_loss': 0.00022587133571505547, 'eval_embedding_runtime': 11.3211, 'eval_embedding_samples_per_second': 45.932, 'eval_embedding_steps_per_second': 5.741, 'epoch': 2.0}
{'train_runtime': 510.4297, 'train_samples_per_second': 18.337, 'train_steps_per_second': 2.292, 'train_loss': 0.021211653980466292, 'epoch': 2.0}

🔍 Evaluation Metrics
----------------------------------------
📊 Label Distribution:
  Label Not Data Journalism: 14
  Label Data Journalism: 4
  Label Half Data Journalism: 2

✅ Overall Metrics:
  Accuracy : 1.0000
  Precision: 1.0000
  Recall   : 1.0000
  F1       : 1.0000

🧩 Confusion Matrix:
  [4, 0, 0]
  [0, 2, 0]
  [0, 0, 14]

📌 Per-Class Metrics:
  Class Data Journalism: TP=4, FP=0, FN=0, TN=16
  Class Half Data Journalism: TP=2, FP=0, FN=0, TN=18
  Class Not Data Journalism: TP=14, FP=0, FN=0, TN=6
----------------------------------------
Fold finished F1 Score: 1.0 1.0 None
Fold 3/5
Loading model from HPC local scratch: /tmp/shapovalov_setfit_model_cache_1386162
{'embedding_loss': 0.4462, 'grad_norm': 4.235180854797363, 'learning_rate': 0.0, 'epoch': 0.0}
{'embedding_loss': 0.2362, 'grad_norm': 1.4792718887329102, 'learning_rate': 8.376068376068377e-06, 'epoch': 0.09}
{'embedding_loss': 0.1254, 'grad_norm': 1.5804229974746704, 'learning_rate': 1.6923076923076924e-05, 'epoch': 0.17}
{'embedding_loss': 0.0397, 'grad_norm': 0.06642869114875793, 'learning_rate': 1.939221272554606e-05, 'epoch': 0.26}
{'embedding_loss': 0.027, 'grad_norm': 0.7582461833953857, 'learning_rate': 1.8442545109211778e-05, 'epoch': 0.34}
{'embedding_loss': 0.0225, 'grad_norm': 0.03630805388092995, 'learning_rate': 1.7492877492877495e-05, 'epoch': 0.43}
{'embedding_loss': 0.0121, 'grad_norm': 1.5714102983474731, 'learning_rate': 1.654320987654321e-05, 'epoch': 0.51}
{'embedding_loss': 0.0068, 'grad_norm': 0.0076156314462423325, 'learning_rate': 1.559354226020893e-05, 'epoch': 0.6}
{'embedding_loss': 0.0055, 'grad_norm': 0.5649492144584656, 'learning_rate': 1.4643874643874645e-05, 'epoch': 0.68}
{'embedding_loss': 0.0034, 'grad_norm': 0.019163068383932114, 'learning_rate': 1.3694207027540362e-05, 'epoch': 0.77}
{'embedding_loss': 0.0057, 'grad_norm': 0.03081519342958927, 'learning_rate': 1.2744539411206078e-05, 'epoch': 0.85}
{'embedding_loss': 0.0007, 'grad_norm': 0.0032850350253283978, 'learning_rate': 1.1794871794871796e-05, 'epoch': 0.94}
{'eval_embedding_loss': 0.0002844254195224494, 'eval_embedding_runtime': 9.7195, 'eval_embedding_samples_per_second': 53.501, 'eval_embedding_steps_per_second': 6.688, 'epoch': 1.0}
{'embedding_loss': 0.0002, 'grad_norm': 0.011945436708629131, 'learning_rate': 1.0845204178537512e-05, 'epoch': 1.03}
{'embedding_loss': 0.0003, 'grad_norm': 0.037465326488018036, 'learning_rate': 9.89553656220323e-06, 'epoch': 1.11}
{'embedding_loss': 0.0001, 'grad_norm': 0.02599380910396576, 'learning_rate': 8.945868945868947e-06, 'epoch': 1.2}
{'embedding_loss': 0.0001, 'grad_norm': 0.013626866042613983, 'learning_rate': 7.996201329534662e-06, 'epoch': 1.28}
{'embedding_loss': 0.0001, 'grad_norm': 0.004535915330052376, 'learning_rate': 7.046533713200381e-06, 'epoch': 1.37}
{'embedding_loss': 0.0001, 'grad_norm': 0.013888983987271786, 'learning_rate': 6.096866096866098e-06, 'epoch': 1.45}
{'embedding_loss': 0.0001, 'grad_norm': 0.012961064465343952, 'learning_rate': 5.147198480531814e-06, 'epoch': 1.54}
{'embedding_loss': 0.0001, 'grad_norm': 0.002736592199653387, 'learning_rate': 4.197530864197531e-06, 'epoch': 1.62}
{'embedding_loss': 0.0001, 'grad_norm': 0.007943345233798027, 'learning_rate': 3.247863247863248e-06, 'epoch': 1.71}
{'embedding_loss': 0.0001, 'grad_norm': 0.00829043798148632, 'learning_rate': 2.298195631528965e-06, 'epoch': 1.79}
{'embedding_loss': 0.0001, 'grad_norm': 0.004256359301507473, 'learning_rate': 1.348528015194682e-06, 'epoch': 1.88}
{'embedding_loss': 0.0001, 'grad_norm': 0.01588907651603222, 'learning_rate': 3.988603988603989e-07, 'epoch': 1.97}
{'eval_embedding_loss': 0.0001323981850873679, 'eval_embedding_runtime': 10.3373, 'eval_embedding_samples_per_second': 50.303, 'eval_embedding_steps_per_second': 6.288, 'epoch': 2.0}
{'train_runtime': 498.7013, 'train_samples_per_second': 18.769, 'train_steps_per_second': 2.346, 'train_loss': 0.02096948563011809, 'epoch': 2.0}

🔍 Evaluation Metrics
----------------------------------------
📊 Label Distribution:
  Label Not Data Journalism: 13
  Label Half Data Journalism: 2
  Label Data Journalism: 5

✅ Overall Metrics:
  Accuracy : 1.0000
  Precision: 1.0000
  Recall   : 1.0000
  F1       : 1.0000

🧩 Confusion Matrix:
  [5, 0, 0]
  [0, 2, 0]
  [0, 0, 13]

📌 Per-Class Metrics:
  Class Data Journalism: TP=5, FP=0, FN=0, TN=15
  Class Half Data Journalism: TP=2, FP=0, FN=0, TN=18
  Class Not Data Journalism: TP=13, FP=0, FN=0, TN=7
----------------------------------------
Fold finished F1 Score: 1.0 1.0 None
Fold 4/5
Loading model from HPC local scratch: /tmp/shapovalov_setfit_model_cache_1386162
{'embedding_loss': 0.4393, 'grad_norm': 3.841719150543213, 'learning_rate': 0.0, 'epoch': 0.0}
{'embedding_loss': 0.2205, 'grad_norm': 1.1659719944000244, 'learning_rate': 8.376068376068377e-06, 'epoch': 0.09}
{'embedding_loss': 0.1271, 'grad_norm': 1.8093355894088745, 'learning_rate': 1.6923076923076924e-05, 'epoch': 0.17}
{'embedding_loss': 0.0478, 'grad_norm': 1.018038272857666, 'learning_rate': 1.939221272554606e-05, 'epoch': 0.26}
{'embedding_loss': 0.0279, 'grad_norm': 0.0810636356472969, 'learning_rate': 1.8442545109211778e-05, 'epoch': 0.34}
{'embedding_loss': 0.0242, 'grad_norm': 1.9716981649398804, 'learning_rate': 1.7492877492877495e-05, 'epoch': 0.43}
{'embedding_loss': 0.0117, 'grad_norm': 0.175600066781044, 'learning_rate': 1.654320987654321e-05, 'epoch': 0.51}
{'embedding_loss': 0.0063, 'grad_norm': 0.019826920703053474, 'learning_rate': 1.559354226020893e-05, 'epoch': 0.6}
{'embedding_loss': 0.0082, 'grad_norm': 0.05400102958083153, 'learning_rate': 1.4643874643874645e-05, 'epoch': 0.68}
{'embedding_loss': 0.0018, 'grad_norm': 0.007337316405028105, 'learning_rate': 1.3694207027540362e-05, 'epoch': 0.77}
{'embedding_loss': 0.0048, 'grad_norm': 1.1524348258972168, 'learning_rate': 1.2744539411206078e-05, 'epoch': 0.85}
{'embedding_loss': 0.0047, 'grad_norm': 0.02223026566207409, 'learning_rate': 1.1794871794871796e-05, 'epoch': 0.94}
{'eval_embedding_loss': 0.0004334747791290283, 'eval_embedding_runtime': 9.9853, 'eval_embedding_samples_per_second': 52.077, 'eval_embedding_steps_per_second': 6.51, 'epoch': 1.0}
{'embedding_loss': 0.0037, 'grad_norm': 0.13632722198963165, 'learning_rate': 1.0845204178537512e-05, 'epoch': 1.03}
{'embedding_loss': 0.0002, 'grad_norm': 0.004921391606330872, 'learning_rate': 9.89553656220323e-06, 'epoch': 1.11}
{'embedding_loss': 0.0001, 'grad_norm': 0.022682255133986473, 'learning_rate': 8.945868945868947e-06, 'epoch': 1.2}
{'embedding_loss': 0.0005, 'grad_norm': 0.030360186472535133, 'learning_rate': 7.996201329534662e-06, 'epoch': 1.28}
{'embedding_loss': 0.0002, 'grad_norm': 0.011279473081231117, 'learning_rate': 7.046533713200381e-06, 'epoch': 1.37}
{'embedding_loss': 0.0002, 'grad_norm': 0.007654889952391386, 'learning_rate': 6.096866096866098e-06, 'epoch': 1.45}
{'embedding_loss': 0.0001, 'grad_norm': 0.013816557824611664, 'learning_rate': 5.147198480531814e-06, 'epoch': 1.54}
{'embedding_loss': 0.0001, 'grad_norm': 0.02808624505996704, 'learning_rate': 4.197530864197531e-06, 'epoch': 1.62}
{'embedding_loss': 0.0001, 'grad_norm': 0.005197835620492697, 'learning_rate': 3.247863247863248e-06, 'epoch': 1.71}
{'embedding_loss': 0.0002, 'grad_norm': 0.009469468146562576, 'learning_rate': 2.298195631528965e-06, 'epoch': 1.79}
{'embedding_loss': 0.0001, 'grad_norm': 0.023294445127248764, 'learning_rate': 1.348528015194682e-06, 'epoch': 1.88}
{'embedding_loss': 0.0001, 'grad_norm': 0.00965232215821743, 'learning_rate': 3.988603988603989e-07, 'epoch': 1.97}
{'eval_embedding_loss': 0.00013648683670908213, 'eval_embedding_runtime': 9.8506, 'eval_embedding_samples_per_second': 52.789, 'eval_embedding_steps_per_second': 6.599, 'epoch': 2.0}
{'train_runtime': 505.8199, 'train_samples_per_second': 18.505, 'train_steps_per_second': 2.313, 'train_loss': 0.021158354945727584, 'epoch': 2.0}

🔍 Evaluation Metrics
----------------------------------------
📊 Label Distribution:
  Label Not Data Journalism: 13
  Label Data Journalism: 4
  Label Half Data Journalism: 3

✅ Overall Metrics:
  Accuracy : 1.0000
  Precision: 1.0000
  Recall   : 1.0000
  F1       : 1.0000

🧩 Confusion Matrix:
  [4, 0, 0]
  [0, 3, 0]
  [0, 0, 13]

📌 Per-Class Metrics:
  Class Data Journalism: TP=4, FP=0, FN=0, TN=16
  Class Half Data Journalism: TP=3, FP=0, FN=0, TN=17
  Class Not Data Journalism: TP=13, FP=0, FN=0, TN=7
----------------------------------------
Fold finished F1 Score: 1.0 1.0 None
Fold 5/5
Loading model from HPC local scratch: /tmp/shapovalov_setfit_model_cache_1386162
{'embedding_loss': 0.3151, 'grad_norm': 3.527916431427002, 'learning_rate': 0.0, 'epoch': 0.0}
{'embedding_loss': 0.2424, 'grad_norm': 1.3808794021606445, 'learning_rate': 8.376068376068377e-06, 'epoch': 0.09}
{'embedding_loss': 0.1102, 'grad_norm': 0.624647855758667, 'learning_rate': 1.6923076923076924e-05, 'epoch': 0.17}
{'embedding_loss': 0.0437, 'grad_norm': 0.19305267930030823, 'learning_rate': 1.939221272554606e-05, 'epoch': 0.26}
{'embedding_loss': 0.0232, 'grad_norm': 0.11681758612394333, 'learning_rate': 1.8442545109211778e-05, 'epoch': 0.34}
{'embedding_loss': 0.014, 'grad_norm': 0.13870735466480255, 'learning_rate': 1.7492877492877495e-05, 'epoch': 0.43}
{'embedding_loss': 0.014, 'grad_norm': 1.0715185403823853, 'learning_rate': 1.654320987654321e-05, 'epoch': 0.51}
{'embedding_loss': 0.0047, 'grad_norm': 0.08469324558973312, 'learning_rate': 1.559354226020893e-05, 'epoch': 0.6}
{'embedding_loss': 0.0019, 'grad_norm': 0.09194566309452057, 'learning_rate': 1.4643874643874645e-05, 'epoch': 0.68}
{'embedding_loss': 0.0068, 'grad_norm': 0.018676862120628357, 'learning_rate': 1.3694207027540362e-05, 'epoch': 0.77}
{'embedding_loss': 0.0041, 'grad_norm': 0.09172292798757553, 'learning_rate': 1.2744539411206078e-05, 'epoch': 0.85}
{'embedding_loss': 0.004, 'grad_norm': 0.003801328595727682, 'learning_rate': 1.1794871794871796e-05, 'epoch': 0.94}
{'eval_embedding_loss': 0.005279003642499447, 'eval_embedding_runtime': 9.3045, 'eval_embedding_samples_per_second': 55.887, 'eval_embedding_steps_per_second': 6.986, 'epoch': 1.0}
{'embedding_loss': 0.0044, 'grad_norm': 0.0416419692337513, 'learning_rate': 1.0845204178537512e-05, 'epoch': 1.03}
{'embedding_loss': 0.0008, 'grad_norm': 0.030994797125458717, 'learning_rate': 9.89553656220323e-06, 'epoch': 1.11}
{'embedding_loss': 0.0006, 'grad_norm': 0.004040040075778961, 'learning_rate': 8.945868945868947e-06, 'epoch': 1.2}
{'embedding_loss': 0.0003, 'grad_norm': 0.021002577617764473, 'learning_rate': 7.996201329534662e-06, 'epoch': 1.28}
{'embedding_loss': 0.0002, 'grad_norm': 0.011727837845683098, 'learning_rate': 7.046533713200381e-06, 'epoch': 1.37}
{'embedding_loss': 0.0002, 'grad_norm': 0.04056571424007416, 'learning_rate': 6.096866096866098e-06, 'epoch': 1.45}
{'embedding_loss': 0.0001, 'grad_norm': 0.037310030311346054, 'learning_rate': 5.147198480531814e-06, 'epoch': 1.54}
{'embedding_loss': 0.0003, 'grad_norm': 0.01914742961525917, 'learning_rate': 4.197530864197531e-06, 'epoch': 1.62}
{'embedding_loss': 0.0002, 'grad_norm': 0.016306063160300255, 'learning_rate': 3.247863247863248e-06, 'epoch': 1.71}
{'embedding_loss': 0.0001, 'grad_norm': 0.02671145275235176, 'learning_rate': 2.298195631528965e-06, 'epoch': 1.79}
{'embedding_loss': 0.0001, 'grad_norm': 0.0036448067985475063, 'learning_rate': 1.348528015194682e-06, 'epoch': 1.88}
{'embedding_loss': 0.0001, 'grad_norm': 0.03998136892914772, 'learning_rate': 3.988603988603989e-07, 'epoch': 1.97}
{'eval_embedding_loss': 0.0006246933480724692, 'eval_embedding_runtime': 9.4571, 'eval_embedding_samples_per_second': 54.985, 'eval_embedding_steps_per_second': 6.873, 'epoch': 2.0}
{'train_runtime': 496.631, 'train_samples_per_second': 18.847, 'train_steps_per_second': 2.356, 'train_loss': 0.020429189388568584, 'epoch': 2.0}

🔍 Evaluation Metrics
----------------------------------------
📊 Label Distribution:
  Label Not Data Journalism: 13
  Label Data Journalism: 4
  Label Half Data Journalism: 3

✅ Overall Metrics:
  Accuracy : 1.0000
  Precision: 1.0000
  Recall   : 1.0000
  F1       : 1.0000

🧩 Confusion Matrix:
  [4, 0, 0]
  [0, 3, 0]
  [0, 0, 13]

📌 Per-Class Metrics:
  Class Data Journalism: TP=4, FP=0, FN=0, TN=16
  Class Half Data Journalism: TP=3, FP=0, FN=0, TN=17
  Class Not Data Journalism: TP=13, FP=0, FN=0, TN=7
----------------------------------------
Fold finished F1 Score: 1.0 1.0 None
Average VRAM usage: 3257.11 MB, Max VRAM usage: 11286.79 MB
Trial 11 completed with avg fold F1 score: 1.0
Trial 12: {'num_iterations': 20, 'num_epochs': 3, 'batch_size': 8, 'head_lr': 3.78840341907257e-05}
Fold 1/5
Loading model from HPC local scratch: /tmp/shapovalov_setfit_model_cache_1386162
{'embedding_loss': 0.3876, 'grad_norm': 3.940215587615967, 'learning_rate': 0.0, 'epoch': 0.0}
{'embedding_loss': 0.2521, 'grad_norm': 1.4412305355072021, 'learning_rate': 3.6296296296296302e-06, 'epoch': 0.06}
{'embedding_loss': 0.1736, 'grad_norm': 0.9822468757629395, 'learning_rate': 7.333333333333333e-06, 'epoch': 0.11}
{'embedding_loss': 0.0737, 'grad_norm': 0.5748255252838135, 'learning_rate': 1.1037037037037036e-05, 'epoch': 0.17}
{'embedding_loss': 0.0386, 'grad_norm': 0.176187664270401, 'learning_rate': 1.4740740740740741e-05, 'epoch': 0.22}
{'embedding_loss': 0.0342, 'grad_norm': 0.05089489743113518, 'learning_rate': 1.8444444444444448e-05, 'epoch': 0.28}
{'embedding_loss': 0.0232, 'grad_norm': 0.012688405811786652, 'learning_rate': 1.9761316872427985e-05, 'epoch': 0.33}
{'embedding_loss': 0.019, 'grad_norm': 0.302656888961792, 'learning_rate': 1.934979423868313e-05, 'epoch': 0.39}
{'embedding_loss': 0.0066, 'grad_norm': 0.24979205429553986, 'learning_rate': 1.8938271604938275e-05, 'epoch': 0.44}
{'embedding_loss': 0.0046, 'grad_norm': 0.025060271844267845, 'learning_rate': 1.8526748971193416e-05, 'epoch': 0.5}
{'embedding_loss': 0.0003, 'grad_norm': 0.005577270872890949, 'learning_rate': 1.811522633744856e-05, 'epoch': 0.56}
{'embedding_loss': 0.0003, 'grad_norm': 0.0047186617739498615, 'learning_rate': 1.7703703703703706e-05, 'epoch': 0.61}
{'embedding_loss': 0.0003, 'grad_norm': 0.00903930701315403, 'learning_rate': 1.7292181069958848e-05, 'epoch': 0.67}
{'embedding_loss': 0.0001, 'grad_norm': 0.017047159373760223, 'learning_rate': 1.6880658436213993e-05, 'epoch': 0.72}
{'embedding_loss': 0.0001, 'grad_norm': 0.003765613306313753, 'learning_rate': 1.6469135802469135e-05, 'epoch': 0.78}
{'embedding_loss': 0.0001, 'grad_norm': 0.01914043165743351, 'learning_rate': 1.6057613168724283e-05, 'epoch': 0.83}
{'embedding_loss': 0.0001, 'grad_norm': 0.0043229651637375355, 'learning_rate': 1.5646090534979425e-05, 'epoch': 0.89}
{'embedding_loss': 0.0001, 'grad_norm': 0.010212814435362816, 'learning_rate': 1.523456790123457e-05, 'epoch': 0.94}
{'embedding_loss': 0.0001, 'grad_norm': 0.009432155638933182, 'learning_rate': 1.4823045267489713e-05, 'epoch': 1.0}
{'eval_embedding_loss': 7.008936518104747e-05, 'eval_embedding_runtime': 16.1657, 'eval_embedding_samples_per_second': 49.488, 'eval_embedding_steps_per_second': 6.186, 'epoch': 1.0}
{'embedding_loss': 0.0001, 'grad_norm': 0.011875082738697529, 'learning_rate': 1.4411522633744856e-05, 'epoch': 1.06}
{'embedding_loss': 0.0001, 'grad_norm': 0.008461549878120422, 'learning_rate': 1.4e-05, 'epoch': 1.11}
{'embedding_loss': 0.0001, 'grad_norm': 0.018669942393898964, 'learning_rate': 1.3588477366255147e-05, 'epoch': 1.17}
{'embedding_loss': 0.0001, 'grad_norm': 0.011672146618366241, 'learning_rate': 1.317695473251029e-05, 'epoch': 1.22}
{'embedding_loss': 0.0, 'grad_norm': 0.007732805330306292, 'learning_rate': 1.2765432098765433e-05, 'epoch': 1.28}
{'embedding_loss': 0.0, 'grad_norm': 0.0031813799869269133, 'learning_rate': 1.2353909465020576e-05, 'epoch': 1.33}
{'embedding_loss': 0.0, 'grad_norm': 0.004796924535185099, 'learning_rate': 1.1942386831275721e-05, 'epoch': 1.39}
{'embedding_loss': 0.0001, 'grad_norm': 0.006903024856001139, 'learning_rate': 1.1530864197530865e-05, 'epoch': 1.44}
{'embedding_loss': 0.0, 'grad_norm': 0.0038279492873698473, 'learning_rate': 1.1119341563786008e-05, 'epoch': 1.5}
{'embedding_loss': 0.0, 'grad_norm': 0.011487805284559727, 'learning_rate': 1.0707818930041153e-05, 'epoch': 1.56}
{'embedding_loss': 0.0001, 'grad_norm': 0.008074384182691574, 'learning_rate': 1.0296296296296298e-05, 'epoch': 1.61}
{'embedding_loss': 0.0, 'grad_norm': 0.005975834559649229, 'learning_rate': 9.884773662551441e-06, 'epoch': 1.67}
{'embedding_loss': 0.0, 'grad_norm': 0.003433756995946169, 'learning_rate': 9.473251028806585e-06, 'epoch': 1.72}
{'embedding_loss': 0.0, 'grad_norm': 0.0029529535677284002, 'learning_rate': 9.06172839506173e-06, 'epoch': 1.78}
{'embedding_loss': 0.0, 'grad_norm': 0.02314690314233303, 'learning_rate': 8.650205761316873e-06, 'epoch': 1.83}
{'embedding_loss': 0.0, 'grad_norm': 0.0013992628082633018, 'learning_rate': 8.238683127572016e-06, 'epoch': 1.89}
{'embedding_loss': 0.0, 'grad_norm': 0.0019443565979599953, 'learning_rate': 7.82716049382716e-06, 'epoch': 1.94}
{'embedding_loss': 0.0, 'grad_norm': 0.004140990786254406, 'learning_rate': 7.415637860082306e-06, 'epoch': 2.0}
{'eval_embedding_loss': 5.474162389873527e-05, 'eval_embedding_runtime': 16.217, 'eval_embedding_samples_per_second': 49.331, 'eval_embedding_steps_per_second': 6.166, 'epoch': 2.0}
{'embedding_loss': 0.0, 'grad_norm': 0.008556327782571316, 'learning_rate': 7.004115226337449e-06, 'epoch': 2.06}
{'embedding_loss': 0.0, 'grad_norm': 0.002889452502131462, 'learning_rate': 6.592592592592592e-06, 'epoch': 2.11}
{'embedding_loss': 0.0, 'grad_norm': 0.007394254207611084, 'learning_rate': 6.181069958847737e-06, 'epoch': 2.17}
{'embedding_loss': 0.0, 'grad_norm': 0.00031135015888139606, 'learning_rate': 5.769547325102881e-06, 'epoch': 2.22}
{'embedding_loss': 0.0, 'grad_norm': 0.0017138338880613446, 'learning_rate': 5.358024691358025e-06, 'epoch': 2.28}
{'embedding_loss': 0.0, 'grad_norm': 0.0042576538398861885, 'learning_rate': 4.946502057613169e-06, 'epoch': 2.33}
{'embedding_loss': 0.0, 'grad_norm': 0.0009606439271010458, 'learning_rate': 4.534979423868313e-06, 'epoch': 2.39}
{'embedding_loss': 0.0, 'grad_norm': 0.005802541971206665, 'learning_rate': 4.123456790123457e-06, 'epoch': 2.44}
{'embedding_loss': 0.0, 'grad_norm': 0.004158055409789085, 'learning_rate': 3.711934156378601e-06, 'epoch': 2.5}
{'embedding_loss': 0.0, 'grad_norm': 0.0037890803068876266, 'learning_rate': 3.3004115226337452e-06, 'epoch': 2.56}
{'embedding_loss': 0.0, 'grad_norm': 0.0034782367292791605, 'learning_rate': 2.888888888888889e-06, 'epoch': 2.61}
{'embedding_loss': 0.0, 'grad_norm': 0.002993846544995904, 'learning_rate': 2.477366255144033e-06, 'epoch': 2.67}
{'embedding_loss': 0.0, 'grad_norm': 0.0028359009884297848, 'learning_rate': 2.065843621399177e-06, 'epoch': 2.72}
{'embedding_loss': 0.0, 'grad_norm': 0.0018542809411883354, 'learning_rate': 1.6543209876543213e-06, 'epoch': 2.78}
{'embedding_loss': 0.0, 'grad_norm': 0.0018725418485701084, 'learning_rate': 1.242798353909465e-06, 'epoch': 2.83}
{'embedding_loss': 0.0, 'grad_norm': 0.005151051562279463, 'learning_rate': 8.312757201646091e-07, 'epoch': 2.89}
{'embedding_loss': 0.0, 'grad_norm': 0.006259051151573658, 'learning_rate': 4.197530864197531e-07, 'epoch': 2.94}
{'embedding_loss': 0.0, 'grad_norm': 0.009400660172104836, 'learning_rate': 8.23045267489712e-09, 'epoch': 3.0}
{'eval_embedding_loss': 4.028437615488656e-05, 'eval_embedding_runtime': 16.125, 'eval_embedding_samples_per_second': 49.612, 'eval_embedding_steps_per_second': 6.202, 'epoch': 3.0}
{'train_runtime': 1148.5417, 'train_samples_per_second': 18.806, 'train_steps_per_second': 2.351, 'train_loss': 0.01168445656151528, 'epoch': 3.0}

🔍 Evaluation Metrics
----------------------------------------
📊 Label Distribution:
  Label Data Journalism: 4
  Label Half Data Journalism: 2
  Label Not Data Journalism: 14

✅ Overall Metrics:
  Accuracy : 1.0000
  Precision: 1.0000
  Recall   : 1.0000
  F1       : 1.0000

🧩 Confusion Matrix:
  [4, 0, 0]
  [0, 2, 0]
  [0, 0, 14]

📌 Per-Class Metrics:
  Class Data Journalism: TP=4, FP=0, FN=0, TN=16
  Class Half Data Journalism: TP=2, FP=0, FN=0, TN=18
  Class Not Data Journalism: TP=14, FP=0, FN=0, TN=6
----------------------------------------
Fold finished F1 Score: 1.0 1.0 None
Fold 2/5
Loading model from HPC local scratch: /tmp/shapovalov_setfit_model_cache_1386162
{'embedding_loss': 0.5251, 'grad_norm': 4.377787113189697, 'learning_rate': 0.0, 'epoch': 0.0}
{'embedding_loss': 0.2471, 'grad_norm': 1.2373991012573242, 'learning_rate': 3.6296296296296302e-06, 'epoch': 0.06}
{'embedding_loss': 0.1885, 'grad_norm': 1.3401100635528564, 'learning_rate': 7.333333333333333e-06, 'epoch': 0.11}
{'embedding_loss': 0.0819, 'grad_norm': 2.7194674015045166, 'learning_rate': 1.1037037037037036e-05, 'epoch': 0.17}
{'embedding_loss': 0.0443, 'grad_norm': 0.16838616132736206, 'learning_rate': 1.4740740740740741e-05, 'epoch': 0.22}
{'embedding_loss': 0.0194, 'grad_norm': 0.09505823254585266, 'learning_rate': 1.8444444444444448e-05, 'epoch': 0.28}
{'embedding_loss': 0.0208, 'grad_norm': 0.042081430554389954, 'learning_rate': 1.9761316872427985e-05, 'epoch': 0.33}
{'embedding_loss': 0.0096, 'grad_norm': 0.054377585649490356, 'learning_rate': 1.934979423868313e-05, 'epoch': 0.39}
{'embedding_loss': 0.0117, 'grad_norm': 0.007192659191787243, 'learning_rate': 1.8938271604938275e-05, 'epoch': 0.44}
{'embedding_loss': 0.0029, 'grad_norm': 0.06902880221605301, 'learning_rate': 1.8526748971193416e-05, 'epoch': 0.5}
{'embedding_loss': 0.0021, 'grad_norm': 0.06362157315015793, 'learning_rate': 1.811522633744856e-05, 'epoch': 0.56}
{'embedding_loss': 0.0003, 'grad_norm': 0.0056990948505699635, 'learning_rate': 1.7703703703703706e-05, 'epoch': 0.61}
{'embedding_loss': 0.0003, 'grad_norm': 0.0047244117595255375, 'learning_rate': 1.7292181069958848e-05, 'epoch': 0.67}
{'embedding_loss': 0.0001, 'grad_norm': 0.00292073842138052, 'learning_rate': 1.6880658436213993e-05, 'epoch': 0.72}
{'embedding_loss': 0.0001, 'grad_norm': 0.006112468428909779, 'learning_rate': 1.6469135802469135e-05, 'epoch': 0.78}
{'embedding_loss': 0.0001, 'grad_norm': 0.011174236424267292, 'learning_rate': 1.6057613168724283e-05, 'epoch': 0.83}
{'embedding_loss': 0.0001, 'grad_norm': 0.0026025292463600636, 'learning_rate': 1.5646090534979425e-05, 'epoch': 0.89}
{'embedding_loss': 0.0001, 'grad_norm': 0.00711069256067276, 'learning_rate': 1.523456790123457e-05, 'epoch': 0.94}
{'embedding_loss': 0.0001, 'grad_norm': 0.007361418101936579, 'learning_rate': 1.4823045267489713e-05, 'epoch': 1.0}
{'eval_embedding_loss': 4.91814425913617e-05, 'eval_embedding_runtime': 17.7218, 'eval_embedding_samples_per_second': 45.142, 'eval_embedding_steps_per_second': 5.643, 'epoch': 1.0}
{'embedding_loss': 0.0001, 'grad_norm': 0.007216720841825008, 'learning_rate': 1.4411522633744856e-05, 'epoch': 1.06}
{'embedding_loss': 0.0001, 'grad_norm': 0.008443339727818966, 'learning_rate': 1.4e-05, 'epoch': 1.11}
{'embedding_loss': 0.0001, 'grad_norm': 0.004556265659630299, 'learning_rate': 1.3588477366255147e-05, 'epoch': 1.17}
{'embedding_loss': 0.0001, 'grad_norm': 0.0027947977650910616, 'learning_rate': 1.317695473251029e-05, 'epoch': 1.22}
{'embedding_loss': 0.0, 'grad_norm': 0.00278433202765882, 'learning_rate': 1.2765432098765433e-05, 'epoch': 1.28}
{'embedding_loss': 0.0, 'grad_norm': 0.002046630484983325, 'learning_rate': 1.2353909465020576e-05, 'epoch': 1.33}
{'embedding_loss': 0.0, 'grad_norm': 0.005753994453698397, 'learning_rate': 1.1942386831275721e-05, 'epoch': 1.39}
{'embedding_loss': 0.0, 'grad_norm': 0.002125699073076248, 'learning_rate': 1.1530864197530865e-05, 'epoch': 1.44}
{'embedding_loss': 0.0, 'grad_norm': 0.001144579378888011, 'learning_rate': 1.1119341563786008e-05, 'epoch': 1.5}
{'embedding_loss': 0.0, 'grad_norm': 0.005587483756244183, 'learning_rate': 1.0707818930041153e-05, 'epoch': 1.56}
{'embedding_loss': 0.0, 'grad_norm': 0.005335626658052206, 'learning_rate': 1.0296296296296298e-05, 'epoch': 1.61}
{'embedding_loss': 0.0, 'grad_norm': 0.002489793347194791, 'learning_rate': 9.884773662551441e-06, 'epoch': 1.67}
{'embedding_loss': 0.0, 'grad_norm': 0.009713548235595226, 'learning_rate': 9.473251028806585e-06, 'epoch': 1.72}
{'embedding_loss': 0.0, 'grad_norm': 0.004349777474999428, 'learning_rate': 9.06172839506173e-06, 'epoch': 1.78}
{'embedding_loss': 0.0, 'grad_norm': 0.006337684579193592, 'learning_rate': 8.650205761316873e-06, 'epoch': 1.83}
{'embedding_loss': 0.0, 'grad_norm': 0.003286154242232442, 'learning_rate': 8.238683127572016e-06, 'epoch': 1.89}
{'embedding_loss': 0.0, 'grad_norm': 0.004785587545484304, 'learning_rate': 7.82716049382716e-06, 'epoch': 1.94}
{'embedding_loss': 0.0, 'grad_norm': 0.003165532136335969, 'learning_rate': 7.415637860082306e-06, 'epoch': 2.0}
{'eval_embedding_loss': 2.8702144845738076e-05, 'eval_embedding_runtime': 17.1957, 'eval_embedding_samples_per_second': 46.523, 'eval_embedding_steps_per_second': 5.815, 'epoch': 2.0}
{'embedding_loss': 0.0, 'grad_norm': 0.0017685297643765807, 'learning_rate': 7.004115226337449e-06, 'epoch': 2.06}
{'embedding_loss': 0.0, 'grad_norm': 0.0023502896074205637, 'learning_rate': 6.592592592592592e-06, 'epoch': 2.11}
{'embedding_loss': 0.0, 'grad_norm': 0.009861832484602928, 'learning_rate': 6.181069958847737e-06, 'epoch': 2.17}
{'embedding_loss': 0.0, 'grad_norm': 0.0024207811802625656, 'learning_rate': 5.769547325102881e-06, 'epoch': 2.22}
{'embedding_loss': 0.0, 'grad_norm': 0.008067882619798183, 'learning_rate': 5.358024691358025e-06, 'epoch': 2.28}
{'embedding_loss': 0.0, 'grad_norm': 0.003986334893852472, 'learning_rate': 4.946502057613169e-06, 'epoch': 2.33}
{'embedding_loss': 0.0, 'grad_norm': 0.003179543651640415, 'learning_rate': 4.534979423868313e-06, 'epoch': 2.39}
{'embedding_loss': 0.0, 'grad_norm': 0.005443170201033354, 'learning_rate': 4.123456790123457e-06, 'epoch': 2.44}
{'embedding_loss': 0.0, 'grad_norm': 0.011003554798662663, 'learning_rate': 3.711934156378601e-06, 'epoch': 2.5}
{'embedding_loss': 0.0, 'grad_norm': 0.0021306569688022137, 'learning_rate': 3.3004115226337452e-06, 'epoch': 2.56}
{'embedding_loss': 0.0, 'grad_norm': 0.006895384751260281, 'learning_rate': 2.888888888888889e-06, 'epoch': 2.61}
{'embedding_loss': 0.0, 'grad_norm': 0.004795296583324671, 'learning_rate': 2.477366255144033e-06, 'epoch': 2.67}
{'embedding_loss': 0.0, 'grad_norm': 0.002069881884381175, 'learning_rate': 2.065843621399177e-06, 'epoch': 2.72}
{'embedding_loss': 0.0, 'grad_norm': 0.00957538653165102, 'learning_rate': 1.6543209876543213e-06, 'epoch': 2.78}
{'embedding_loss': 0.0, 'grad_norm': 0.04940330609679222, 'learning_rate': 1.242798353909465e-06, 'epoch': 2.83}
{'embedding_loss': 0.0, 'grad_norm': 0.005570534151047468, 'learning_rate': 8.312757201646091e-07, 'epoch': 2.89}
{'embedding_loss': 0.0, 'grad_norm': 0.004104871302843094, 'learning_rate': 4.197530864197531e-07, 'epoch': 2.94}
{'embedding_loss': 0.0, 'grad_norm': 0.007522906642407179, 'learning_rate': 8.23045267489712e-09, 'epoch': 3.0}
{'eval_embedding_loss': 1.987473115150351e-05, 'eval_embedding_runtime': 15.9612, 'eval_embedding_samples_per_second': 50.121, 'eval_embedding_steps_per_second': 6.265, 'epoch': 3.0}
{'train_runtime': 1174.6923, 'train_samples_per_second': 18.388, 'train_steps_per_second': 2.298, 'train_loss': 0.011778477819364828, 'epoch': 3.0}

🔍 Evaluation Metrics
----------------------------------------
📊 Label Distribution:
  Label Not Data Journalism: 14
  Label Data Journalism: 4
  Label Half Data Journalism: 2

✅ Overall Metrics:
  Accuracy : 1.0000
  Precision: 1.0000
  Recall   : 1.0000
  F1       : 1.0000

🧩 Confusion Matrix:
  [4, 0, 0]
  [0, 2, 0]
  [0, 0, 14]

📌 Per-Class Metrics:
  Class Data Journalism: TP=4, FP=0, FN=0, TN=16
  Class Half Data Journalism: TP=2, FP=0, FN=0, TN=18
  Class Not Data Journalism: TP=14, FP=0, FN=0, TN=6
----------------------------------------
Fold finished F1 Score: 1.0 1.0 None
Fold 3/5
Loading model from HPC local scratch: /tmp/shapovalov_setfit_model_cache_1386162
{'embedding_loss': 0.4228, 'grad_norm': 4.310011386871338, 'learning_rate': 0.0, 'epoch': 0.0}
{'embedding_loss': 0.2569, 'grad_norm': 1.661486029624939, 'learning_rate': 3.6296296296296302e-06, 'epoch': 0.06}
{'embedding_loss': 0.1799, 'grad_norm': 1.5271191596984863, 'learning_rate': 7.333333333333333e-06, 'epoch': 0.11}
{'embedding_loss': 0.0751, 'grad_norm': 0.778220534324646, 'learning_rate': 1.1037037037037036e-05, 'epoch': 0.17}
{'embedding_loss': 0.0425, 'grad_norm': 1.6581251621246338, 'learning_rate': 1.4740740740740741e-05, 'epoch': 0.22}
{'embedding_loss': 0.0287, 'grad_norm': 1.2496132850646973, 'learning_rate': 1.8444444444444448e-05, 'epoch': 0.28}
{'embedding_loss': 0.0161, 'grad_norm': 0.07226967811584473, 'learning_rate': 1.9761316872427985e-05, 'epoch': 0.33}
{'embedding_loss': 0.0117, 'grad_norm': 1.063547968864441, 'learning_rate': 1.934979423868313e-05, 'epoch': 0.39}
{'embedding_loss': 0.0047, 'grad_norm': 0.04863640293478966, 'learning_rate': 1.8938271604938275e-05, 'epoch': 0.44}
{'embedding_loss': 0.0013, 'grad_norm': 0.08634056150913239, 'learning_rate': 1.8526748971193416e-05, 'epoch': 0.5}
{'embedding_loss': 0.0024, 'grad_norm': 0.008786870166659355, 'learning_rate': 1.811522633744856e-05, 'epoch': 0.56}
{'embedding_loss': 0.0107, 'grad_norm': 0.05612035095691681, 'learning_rate': 1.7703703703703706e-05, 'epoch': 0.61}
{'embedding_loss': 0.0073, 'grad_norm': 0.04962550476193428, 'learning_rate': 1.7292181069958848e-05, 'epoch': 0.67}
{'embedding_loss': 0.0028, 'grad_norm': 0.5026195645332336, 'learning_rate': 1.6880658436213993e-05, 'epoch': 0.72}
{'embedding_loss': 0.0082, 'grad_norm': 0.02806742861866951, 'learning_rate': 1.6469135802469135e-05, 'epoch': 0.78}
{'embedding_loss': 0.0013, 'grad_norm': 0.20275531709194183, 'learning_rate': 1.6057613168724283e-05, 'epoch': 0.83}
{'embedding_loss': 0.0002, 'grad_norm': 0.02642856165766716, 'learning_rate': 1.5646090534979425e-05, 'epoch': 0.89}
{'embedding_loss': 0.0001, 'grad_norm': 0.0037779139820486307, 'learning_rate': 1.523456790123457e-05, 'epoch': 0.94}
{'embedding_loss': 0.0001, 'grad_norm': 0.012637743726372719, 'learning_rate': 1.4823045267489713e-05, 'epoch': 1.0}
{'eval_embedding_loss': 0.00012811864144168794, 'eval_embedding_runtime': 14.9267, 'eval_embedding_samples_per_second': 53.595, 'eval_embedding_steps_per_second': 6.699, 'epoch': 1.0}
{'embedding_loss': 0.0001, 'grad_norm': 0.0034237306099385023, 'learning_rate': 1.4411522633744856e-05, 'epoch': 1.06}
{'embedding_loss': 0.0001, 'grad_norm': 0.002201611176133156, 'learning_rate': 1.4e-05, 'epoch': 1.11}
{'embedding_loss': 0.0, 'grad_norm': 0.006503518670797348, 'learning_rate': 1.3588477366255147e-05, 'epoch': 1.17}
{'embedding_loss': 0.0001, 'grad_norm': 0.0033431497868150473, 'learning_rate': 1.317695473251029e-05, 'epoch': 1.22}
{'embedding_loss': 0.0, 'grad_norm': 0.003329027444124222, 'learning_rate': 1.2765432098765433e-05, 'epoch': 1.28}
{'embedding_loss': 0.0, 'grad_norm': 0.005377462133765221, 'learning_rate': 1.2353909465020576e-05, 'epoch': 1.33}
{'embedding_loss': 0.0, 'grad_norm': 0.00761566823348403, 'learning_rate': 1.1942386831275721e-05, 'epoch': 1.39}
{'embedding_loss': 0.0, 'grad_norm': 0.0008463228004984558, 'learning_rate': 1.1530864197530865e-05, 'epoch': 1.44}
{'embedding_loss': 0.0, 'grad_norm': 0.005071539431810379, 'learning_rate': 1.1119341563786008e-05, 'epoch': 1.5}
{'embedding_loss': 0.0, 'grad_norm': 0.007356796879321337, 'learning_rate': 1.0707818930041153e-05, 'epoch': 1.56}
{'embedding_loss': 0.0, 'grad_norm': 0.004211821593344212, 'learning_rate': 1.0296296296296298e-05, 'epoch': 1.61}
{'embedding_loss': 0.0, 'grad_norm': 0.002377585507929325, 'learning_rate': 9.884773662551441e-06, 'epoch': 1.67}
{'embedding_loss': 0.0, 'grad_norm': 0.01089315116405487, 'learning_rate': 9.473251028806585e-06, 'epoch': 1.72}
{'embedding_loss': 0.0, 'grad_norm': 0.0032938530202955008, 'learning_rate': 9.06172839506173e-06, 'epoch': 1.78}
{'embedding_loss': 0.0, 'grad_norm': 0.0028439860325306654, 'learning_rate': 8.650205761316873e-06, 'epoch': 1.83}
{'embedding_loss': 0.0, 'grad_norm': 0.004845459945499897, 'learning_rate': 8.238683127572016e-06, 'epoch': 1.89}
{'embedding_loss': 0.0, 'grad_norm': 0.002291855402290821, 'learning_rate': 7.82716049382716e-06, 'epoch': 1.94}
{'embedding_loss': 0.0, 'grad_norm': 0.006726650055497885, 'learning_rate': 7.415637860082306e-06, 'epoch': 2.0}
{'eval_embedding_loss': 5.3957526688463986e-05, 'eval_embedding_runtime': 15.0346, 'eval_embedding_samples_per_second': 53.21, 'eval_embedding_steps_per_second': 6.651, 'epoch': 2.0}
{'embedding_loss': 0.0, 'grad_norm': 0.001522901002317667, 'learning_rate': 7.004115226337449e-06, 'epoch': 2.06}
{'embedding_loss': 0.0, 'grad_norm': 0.01021674182265997, 'learning_rate': 6.592592592592592e-06, 'epoch': 2.11}
{'embedding_loss': 0.0, 'grad_norm': 0.0033169074449688196, 'learning_rate': 6.181069958847737e-06, 'epoch': 2.17}
{'embedding_loss': 0.0, 'grad_norm': 0.0016050070989876986, 'learning_rate': 5.769547325102881e-06, 'epoch': 2.22}
{'embedding_loss': 0.0, 'grad_norm': 0.0006840946734882891, 'learning_rate': 5.358024691358025e-06, 'epoch': 2.28}
{'embedding_loss': 0.0, 'grad_norm': 0.0051025343127548695, 'learning_rate': 4.946502057613169e-06, 'epoch': 2.33}
{'embedding_loss': 0.0, 'grad_norm': 0.0008346607792191207, 'learning_rate': 4.534979423868313e-06, 'epoch': 2.39}
{'embedding_loss': 0.0, 'grad_norm': 0.0030439516995102167, 'learning_rate': 4.123456790123457e-06, 'epoch': 2.44}
{'embedding_loss': 0.0, 'grad_norm': 0.0024380621034651995, 'learning_rate': 3.711934156378601e-06, 'epoch': 2.5}
{'embedding_loss': 0.0, 'grad_norm': 0.006547458004206419, 'learning_rate': 3.3004115226337452e-06, 'epoch': 2.56}
{'embedding_loss': 0.0, 'grad_norm': 0.0029218189883977175, 'learning_rate': 2.888888888888889e-06, 'epoch': 2.61}
{'embedding_loss': 0.0, 'grad_norm': 0.007493564393371344, 'learning_rate': 2.477366255144033e-06, 'epoch': 2.67}
{'embedding_loss': 0.0, 'grad_norm': 0.0024824016727507114, 'learning_rate': 2.065843621399177e-06, 'epoch': 2.72}
{'embedding_loss': 0.0, 'grad_norm': 0.002467024140059948, 'learning_rate': 1.6543209876543213e-06, 'epoch': 2.78}
{'embedding_loss': 0.0, 'grad_norm': 0.0033659832552075386, 'learning_rate': 1.242798353909465e-06, 'epoch': 2.83}
{'embedding_loss': 0.0, 'grad_norm': 0.005512410309165716, 'learning_rate': 8.312757201646091e-07, 'epoch': 2.89}
{'embedding_loss': 0.0, 'grad_norm': 0.0031807583291083574, 'learning_rate': 4.197530864197531e-07, 'epoch': 2.94}
{'embedding_loss': 0.0, 'grad_norm': 0.005017305724322796, 'learning_rate': 8.23045267489712e-09, 'epoch': 3.0}
{'eval_embedding_loss': 5.131627040100284e-05, 'eval_embedding_runtime': 14.8336, 'eval_embedding_samples_per_second': 53.932, 'eval_embedding_steps_per_second': 6.741, 'epoch': 3.0}
{'train_runtime': 1145.6079, 'train_samples_per_second': 18.855, 'train_steps_per_second': 2.357, 'train_loss': 0.012123046330870474, 'epoch': 3.0}

🔍 Evaluation Metrics
----------------------------------------
📊 Label Distribution:
  Label Not Data Journalism: 13
  Label Half Data Journalism: 2
  Label Data Journalism: 5

✅ Overall Metrics:
  Accuracy : 1.0000
  Precision: 1.0000
  Recall   : 1.0000
  F1       : 1.0000

🧩 Confusion Matrix:
  [5, 0, 0]
  [0, 2, 0]
  [0, 0, 13]

📌 Per-Class Metrics:
  Class Data Journalism: TP=5, FP=0, FN=0, TN=15
  Class Half Data Journalism: TP=2, FP=0, FN=0, TN=18
  Class Not Data Journalism: TP=13, FP=0, FN=0, TN=7
----------------------------------------
Fold finished F1 Score: 1.0 1.0 None
Fold 4/5
Loading model from HPC local scratch: /tmp/shapovalov_setfit_model_cache_1386162
{'embedding_loss': 0.3033, 'grad_norm': 3.3820011615753174, 'learning_rate': 0.0, 'epoch': 0.0}
{'embedding_loss': 0.251, 'grad_norm': 1.497434139251709, 'learning_rate': 3.6296296296296302e-06, 'epoch': 0.06}
{'embedding_loss': 0.1751, 'grad_norm': 2.847501754760742, 'learning_rate': 7.333333333333333e-06, 'epoch': 0.11}
{'embedding_loss': 0.0784, 'grad_norm': 0.7561556100845337, 'learning_rate': 1.1037037037037036e-05, 'epoch': 0.17}
{'embedding_loss': 0.0393, 'grad_norm': 0.14659561216831207, 'learning_rate': 1.4740740740740741e-05, 'epoch': 0.22}
{'embedding_loss': 0.0333, 'grad_norm': 2.2372472286224365, 'learning_rate': 1.8444444444444448e-05, 'epoch': 0.28}
{'embedding_loss': 0.0241, 'grad_norm': 0.5318145751953125, 'learning_rate': 1.9761316872427985e-05, 'epoch': 0.33}
{'embedding_loss': 0.0145, 'grad_norm': 0.04302942752838135, 'learning_rate': 1.934979423868313e-05, 'epoch': 0.39}
{'embedding_loss': 0.0101, 'grad_norm': 0.02023305743932724, 'learning_rate': 1.8938271604938275e-05, 'epoch': 0.44}
{'embedding_loss': 0.0108, 'grad_norm': 0.09279365092515945, 'learning_rate': 1.8526748971193416e-05, 'epoch': 0.5}
{'embedding_loss': 0.0083, 'grad_norm': 0.02368219755589962, 'learning_rate': 1.811522633744856e-05, 'epoch': 0.56}
{'embedding_loss': 0.0007, 'grad_norm': 0.004626321606338024, 'learning_rate': 1.7703703703703706e-05, 'epoch': 0.61}
{'embedding_loss': 0.0036, 'grad_norm': 0.004268134944140911, 'learning_rate': 1.7292181069958848e-05, 'epoch': 0.67}
{'embedding_loss': 0.0027, 'grad_norm': 0.051274899393320084, 'learning_rate': 1.6880658436213993e-05, 'epoch': 0.72}
{'embedding_loss': 0.0035, 'grad_norm': 0.0195033997297287, 'learning_rate': 1.6469135802469135e-05, 'epoch': 0.78}
{'embedding_loss': 0.0017, 'grad_norm': 0.00501756276935339, 'learning_rate': 1.6057613168724283e-05, 'epoch': 0.83}
{'embedding_loss': 0.0005, 'grad_norm': 0.022087471559643745, 'learning_rate': 1.5646090534979425e-05, 'epoch': 0.89}
{'embedding_loss': 0.0001, 'grad_norm': 0.0015068985521793365, 'learning_rate': 1.523456790123457e-05, 'epoch': 0.94}
{'embedding_loss': 0.0001, 'grad_norm': 0.010636183433234692, 'learning_rate': 1.4823045267489713e-05, 'epoch': 1.0}
{'eval_embedding_loss': 9.948559454642236e-05, 'eval_embedding_runtime': 14.5045, 'eval_embedding_samples_per_second': 55.155, 'eval_embedding_steps_per_second': 6.894, 'epoch': 1.0}
{'embedding_loss': 0.0001, 'grad_norm': 0.022268636152148247, 'learning_rate': 1.4411522633744856e-05, 'epoch': 1.06}
{'embedding_loss': 0.0001, 'grad_norm': 0.007532025687396526, 'learning_rate': 1.4e-05, 'epoch': 1.11}
{'embedding_loss': 0.0001, 'grad_norm': 0.007434057537466288, 'learning_rate': 1.3588477366255147e-05, 'epoch': 1.17}
{'embedding_loss': 0.0001, 'grad_norm': 0.008520600385963917, 'learning_rate': 1.317695473251029e-05, 'epoch': 1.22}
{'embedding_loss': 0.0001, 'grad_norm': 0.01080230250954628, 'learning_rate': 1.2765432098765433e-05, 'epoch': 1.28}
{'embedding_loss': 0.0001, 'grad_norm': 0.008112830109894276, 'learning_rate': 1.2353909465020576e-05, 'epoch': 1.33}
{'embedding_loss': 0.0001, 'grad_norm': 0.014383338391780853, 'learning_rate': 1.1942386831275721e-05, 'epoch': 1.39}
{'embedding_loss': 0.0, 'grad_norm': 0.0024211008567363024, 'learning_rate': 1.1530864197530865e-05, 'epoch': 1.44}
{'embedding_loss': 0.0, 'grad_norm': 0.005144868511706591, 'learning_rate': 1.1119341563786008e-05, 'epoch': 1.5}
{'embedding_loss': 0.0001, 'grad_norm': 0.007425911258906126, 'learning_rate': 1.0707818930041153e-05, 'epoch': 1.56}
{'embedding_loss': 0.0, 'grad_norm': 0.0040578520856797695, 'learning_rate': 1.0296296296296298e-05, 'epoch': 1.61}
{'embedding_loss': 0.0, 'grad_norm': 0.0024718958884477615, 'learning_rate': 9.884773662551441e-06, 'epoch': 1.67}
{'embedding_loss': 0.0, 'grad_norm': 0.0046567111276090145, 'learning_rate': 9.473251028806585e-06, 'epoch': 1.72}
{'embedding_loss': 0.0, 'grad_norm': 0.002289591822773218, 'learning_rate': 9.06172839506173e-06, 'epoch': 1.78}
{'embedding_loss': 0.0, 'grad_norm': 0.009561744518578053, 'learning_rate': 8.650205761316873e-06, 'epoch': 1.83}
{'embedding_loss': 0.0, 'grad_norm': 0.004741005599498749, 'learning_rate': 8.238683127572016e-06, 'epoch': 1.89}
{'embedding_loss': 0.0, 'grad_norm': 0.005306957755237818, 'learning_rate': 7.82716049382716e-06, 'epoch': 1.94}
{'embedding_loss': 0.0, 'grad_norm': 0.007476185914129019, 'learning_rate': 7.415637860082306e-06, 'epoch': 2.0}
{'eval_embedding_loss': 5.2278683142503724e-05, 'eval_embedding_runtime': 14.3595, 'eval_embedding_samples_per_second': 55.712, 'eval_embedding_steps_per_second': 6.964, 'epoch': 2.0}
{'embedding_loss': 0.0, 'grad_norm': 0.006883381400257349, 'learning_rate': 7.004115226337449e-06, 'epoch': 2.06}
{'embedding_loss': 0.0, 'grad_norm': 0.0026498755905777216, 'learning_rate': 6.592592592592592e-06, 'epoch': 2.11}
{'embedding_loss': 0.0, 'grad_norm': 0.0019083877559751272, 'learning_rate': 6.181069958847737e-06, 'epoch': 2.17}
{'embedding_loss': 0.0, 'grad_norm': 0.0015225873794406652, 'learning_rate': 5.769547325102881e-06, 'epoch': 2.22}
{'embedding_loss': 0.0, 'grad_norm': 0.0022046261001378298, 'learning_rate': 5.358024691358025e-06, 'epoch': 2.28}
{'embedding_loss': 0.0, 'grad_norm': 0.003737260354682803, 'learning_rate': 4.946502057613169e-06, 'epoch': 2.33}
{'embedding_loss': 0.0, 'grad_norm': 0.0007306176703423262, 'learning_rate': 4.534979423868313e-06, 'epoch': 2.39}
{'embedding_loss': 0.0, 'grad_norm': 0.002472821157425642, 'learning_rate': 4.123456790123457e-06, 'epoch': 2.44}
{'embedding_loss': 0.0, 'grad_norm': 0.004844112321734428, 'learning_rate': 3.711934156378601e-06, 'epoch': 2.5}
{'embedding_loss': 0.0, 'grad_norm': 0.003365627722814679, 'learning_rate': 3.3004115226337452e-06, 'epoch': 2.56}
{'embedding_loss': 0.0, 'grad_norm': 0.0021391783375293016, 'learning_rate': 2.888888888888889e-06, 'epoch': 2.61}
{'embedding_loss': 0.0, 'grad_norm': 0.0021631307899951935, 'learning_rate': 2.477366255144033e-06, 'epoch': 2.67}
{'embedding_loss': 0.0, 'grad_norm': 0.0010486546671018004, 'learning_rate': 2.065843621399177e-06, 'epoch': 2.72}
{'embedding_loss': 0.0, 'grad_norm': 0.0008341522188857198, 'learning_rate': 1.6543209876543213e-06, 'epoch': 2.78}
{'embedding_loss': 0.0, 'grad_norm': 0.0033836117945611477, 'learning_rate': 1.242798353909465e-06, 'epoch': 2.83}
{'embedding_loss': 0.0, 'grad_norm': 0.0029732580296695232, 'learning_rate': 8.312757201646091e-07, 'epoch': 2.89}
{'embedding_loss': 0.0, 'grad_norm': 0.004947667941451073, 'learning_rate': 4.197530864197531e-07, 'epoch': 2.94}
{'embedding_loss': 0.0, 'grad_norm': 0.005549622233957052, 'learning_rate': 8.23045267489712e-09, 'epoch': 3.0}
{'eval_embedding_loss': 4.464474113774486e-05, 'eval_embedding_runtime': 15.2537, 'eval_embedding_samples_per_second': 52.446, 'eval_embedding_steps_per_second': 6.556, 'epoch': 3.0}
{'train_runtime': 1150.5642, 'train_samples_per_second': 18.773, 'train_steps_per_second': 2.347, 'train_loss': 0.012224889812124376, 'epoch': 3.0}

🔍 Evaluation Metrics
----------------------------------------
📊 Label Distribution:
  Label Not Data Journalism: 13
  Label Data Journalism: 4
  Label Half Data Journalism: 3

✅ Overall Metrics:
  Accuracy : 1.0000
  Precision: 1.0000
  Recall   : 1.0000
  F1       : 1.0000

🧩 Confusion Matrix:
  [4, 0, 0]
  [0, 3, 0]
  [0, 0, 13]

📌 Per-Class Metrics:
  Class Data Journalism: TP=4, FP=0, FN=0, TN=16
  Class Half Data Journalism: TP=3, FP=0, FN=0, TN=17
  Class Not Data Journalism: TP=13, FP=0, FN=0, TN=7
----------------------------------------
Fold finished F1 Score: 1.0 1.0 None
Fold 5/5
Loading model from HPC local scratch: /tmp/shapovalov_setfit_model_cache_1386162
{'embedding_loss': 0.3983, 'grad_norm': 4.833141326904297, 'learning_rate': 0.0, 'epoch': 0.0}
{'embedding_loss': 0.2428, 'grad_norm': 1.8411586284637451, 'learning_rate': 3.6296296296296302e-06, 'epoch': 0.06}
{'embedding_loss': 0.171, 'grad_norm': 1.3018776178359985, 'learning_rate': 7.333333333333333e-06, 'epoch': 0.11}
{'embedding_loss': 0.0661, 'grad_norm': 2.3426990509033203, 'learning_rate': 1.1037037037037036e-05, 'epoch': 0.17}
{'embedding_loss': 0.0431, 'grad_norm': 0.09503719955682755, 'learning_rate': 1.4740740740740741e-05, 'epoch': 0.22}
{'embedding_loss': 0.0303, 'grad_norm': 0.041285689920186996, 'learning_rate': 1.8444444444444448e-05, 'epoch': 0.28}
{'embedding_loss': 0.0138, 'grad_norm': 0.0683584064245224, 'learning_rate': 1.9761316872427985e-05, 'epoch': 0.33}
{'embedding_loss': 0.0099, 'grad_norm': 0.031234022229909897, 'learning_rate': 1.934979423868313e-05, 'epoch': 0.39}
{'embedding_loss': 0.0059, 'grad_norm': 0.09630399942398071, 'learning_rate': 1.8938271604938275e-05, 'epoch': 0.44}
{'embedding_loss': 0.0017, 'grad_norm': 0.014882908202707767, 'learning_rate': 1.8526748971193416e-05, 'epoch': 0.5}
{'embedding_loss': 0.0024, 'grad_norm': 0.029719168320298195, 'learning_rate': 1.811522633744856e-05, 'epoch': 0.56}
{'embedding_loss': 0.0026, 'grad_norm': 0.012279520742595196, 'learning_rate': 1.7703703703703706e-05, 'epoch': 0.61}
{'embedding_loss': 0.0002, 'grad_norm': 0.046716347336769104, 'learning_rate': 1.7292181069958848e-05, 'epoch': 0.67}
{'embedding_loss': 0.0001, 'grad_norm': 0.010320119559764862, 'learning_rate': 1.6880658436213993e-05, 'epoch': 0.72}
{'embedding_loss': 0.0002, 'grad_norm': 0.02451172284781933, 'learning_rate': 1.6469135802469135e-05, 'epoch': 0.78}
{'embedding_loss': 0.0001, 'grad_norm': 0.04288331791758537, 'learning_rate': 1.6057613168724283e-05, 'epoch': 0.83}
{'embedding_loss': 0.0001, 'grad_norm': 0.01592998206615448, 'learning_rate': 1.5646090534979425e-05, 'epoch': 0.89}
{'embedding_loss': 0.0001, 'grad_norm': 0.0030272011645138264, 'learning_rate': 1.523456790123457e-05, 'epoch': 0.94}
{'embedding_loss': 0.0001, 'grad_norm': 0.009757447987794876, 'learning_rate': 1.4823045267489713e-05, 'epoch': 1.0}
{'eval_embedding_loss': 0.00037454962148331106, 'eval_embedding_runtime': 14.2475, 'eval_embedding_samples_per_second': 56.15, 'eval_embedding_steps_per_second': 7.019, 'epoch': 1.0}
{'embedding_loss': 0.0001, 'grad_norm': 0.004683284088969231, 'learning_rate': 1.4411522633744856e-05, 'epoch': 1.06}
{'embedding_loss': 0.0001, 'grad_norm': 0.017397649586200714, 'learning_rate': 1.4e-05, 'epoch': 1.11}
{'embedding_loss': 0.0001, 'grad_norm': 0.019527493044734, 'learning_rate': 1.3588477366255147e-05, 'epoch': 1.17}
{'embedding_loss': 0.0001, 'grad_norm': 0.006172404624521732, 'learning_rate': 1.317695473251029e-05, 'epoch': 1.22}
{'embedding_loss': 0.0001, 'grad_norm': 0.0026096391957253218, 'learning_rate': 1.2765432098765433e-05, 'epoch': 1.28}
{'embedding_loss': 0.0001, 'grad_norm': 0.0037510707043111324, 'learning_rate': 1.2353909465020576e-05, 'epoch': 1.33}
{'embedding_loss': 0.0001, 'grad_norm': 0.008858843706548214, 'learning_rate': 1.1942386831275721e-05, 'epoch': 1.39}
{'embedding_loss': 0.0001, 'grad_norm': 0.0035796796437352896, 'learning_rate': 1.1530864197530865e-05, 'epoch': 1.44}
{'embedding_loss': 0.0001, 'grad_norm': 0.02890769951045513, 'learning_rate': 1.1119341563786008e-05, 'epoch': 1.5}
{'embedding_loss': 0.0001, 'grad_norm': 0.01406494528055191, 'learning_rate': 1.0707818930041153e-05, 'epoch': 1.56}
{'embedding_loss': 0.0, 'grad_norm': 0.002097311895340681, 'learning_rate': 1.0296296296296298e-05, 'epoch': 1.61}
{'embedding_loss': 0.0, 'grad_norm': 0.03572540357708931, 'learning_rate': 9.884773662551441e-06, 'epoch': 1.67}
{'embedding_loss': 0.0001, 'grad_norm': 0.00966611411422491, 'learning_rate': 9.473251028806585e-06, 'epoch': 1.72}
{'embedding_loss': 0.0, 'grad_norm': 0.024285977706313133, 'learning_rate': 9.06172839506173e-06, 'epoch': 1.78}
{'embedding_loss': 0.0, 'grad_norm': 0.006767509039491415, 'learning_rate': 8.650205761316873e-06, 'epoch': 1.83}
{'embedding_loss': 0.0, 'grad_norm': 0.0035621460992842913, 'learning_rate': 8.238683127572016e-06, 'epoch': 1.89}
{'embedding_loss': 0.0, 'grad_norm': 0.003146860981360078, 'learning_rate': 7.82716049382716e-06, 'epoch': 1.94}
{'embedding_loss': 0.0, 'grad_norm': 0.007228545378893614, 'learning_rate': 7.415637860082306e-06, 'epoch': 2.0}
{'eval_embedding_loss': 0.0001558409712743014, 'eval_embedding_runtime': 14.7196, 'eval_embedding_samples_per_second': 54.349, 'eval_embedding_steps_per_second': 6.794, 'epoch': 2.0}
{'embedding_loss': 0.0, 'grad_norm': 0.03051156923174858, 'learning_rate': 7.004115226337449e-06, 'epoch': 2.06}
{'embedding_loss': 0.0, 'grad_norm': 0.008236311376094818, 'learning_rate': 6.592592592592592e-06, 'epoch': 2.11}
{'embedding_loss': 0.0, 'grad_norm': 0.012345588766038418, 'learning_rate': 6.181069958847737e-06, 'epoch': 2.17}
{'embedding_loss': 0.0, 'grad_norm': 0.002241461304947734, 'learning_rate': 5.769547325102881e-06, 'epoch': 2.22}
{'embedding_loss': 0.0, 'grad_norm': 0.0022604786790907383, 'learning_rate': 5.358024691358025e-06, 'epoch': 2.28}
{'embedding_loss': 0.0, 'grad_norm': 0.009612883441150188, 'learning_rate': 4.946502057613169e-06, 'epoch': 2.33}
{'embedding_loss': 0.0, 'grad_norm': 0.0018982517067342997, 'learning_rate': 4.534979423868313e-06, 'epoch': 2.39}
{'embedding_loss': 0.0, 'grad_norm': 0.005603527184575796, 'learning_rate': 4.123456790123457e-06, 'epoch': 2.44}
{'embedding_loss': 0.0, 'grad_norm': 0.013592999428510666, 'learning_rate': 3.711934156378601e-06, 'epoch': 2.5}
{'embedding_loss': 0.0, 'grad_norm': 0.0013368723448365927, 'learning_rate': 3.3004115226337452e-06, 'epoch': 2.56}
{'embedding_loss': 0.0, 'grad_norm': 0.002207089914008975, 'learning_rate': 2.888888888888889e-06, 'epoch': 2.61}
{'embedding_loss': 0.0, 'grad_norm': 0.0008796922047622502, 'learning_rate': 2.477366255144033e-06, 'epoch': 2.67}
{'embedding_loss': 0.0, 'grad_norm': 0.004342213738709688, 'learning_rate': 2.065843621399177e-06, 'epoch': 2.72}
{'embedding_loss': 0.0, 'grad_norm': 0.0056333160027861595, 'learning_rate': 1.6543209876543213e-06, 'epoch': 2.78}
{'embedding_loss': 0.0, 'grad_norm': 0.009806377813220024, 'learning_rate': 1.242798353909465e-06, 'epoch': 2.83}
{'embedding_loss': 0.0, 'grad_norm': 0.013700135052204132, 'learning_rate': 8.312757201646091e-07, 'epoch': 2.89}
{'embedding_loss': 0.0, 'grad_norm': 0.009652465581893921, 'learning_rate': 4.197530864197531e-07, 'epoch': 2.94}
{'embedding_loss': 0.0, 'grad_norm': 0.01015761774033308, 'learning_rate': 8.23045267489712e-09, 'epoch': 3.0}
{'eval_embedding_loss': 0.00011453378101577982, 'eval_embedding_runtime': 15.0415, 'eval_embedding_samples_per_second': 53.186, 'eval_embedding_steps_per_second': 6.648, 'epoch': 3.0}
{'train_runtime': 1170.8064, 'train_samples_per_second': 18.449, 'train_steps_per_second': 2.306, 'train_loss': 0.011025571546784636, 'epoch': 3.0}

🔍 Evaluation Metrics
----------------------------------------
📊 Label Distribution:
  Label Not Data Journalism: 13
  Label Data Journalism: 4
  Label Half Data Journalism: 3

✅ Overall Metrics:
  Accuracy : 1.0000
  Precision: 1.0000
  Recall   : 1.0000
  F1       : 1.0000

🧩 Confusion Matrix:
  [4, 0, 0]
  [0, 3, 0]
  [0, 0, 13]

📌 Per-Class Metrics:
  Class Data Journalism: TP=4, FP=0, FN=0, TN=16
  Class Half Data Journalism: TP=3, FP=0, FN=0, TN=17
  Class Not Data Journalism: TP=13, FP=0, FN=0, TN=7
----------------------------------------
Fold finished F1 Score: 1.0 1.0 None
Average VRAM usage: 3316.74 MB, Max VRAM usage: 11356.99 MB
Trial 12 completed with avg fold F1 score: 1.0
Trial 13: {'num_iterations': 14, 'num_epochs': 2, 'batch_size': 8, 'head_lr': 3.6391328780789125e-05}
Fold 1/5
Loading model from HPC local scratch: /tmp/shapovalov_setfit_model_cache_1386162
{'embedding_loss': 0.3481, 'grad_norm': 3.2261974811553955, 'learning_rate': 0.0, 'epoch': 0.0}
{'embedding_loss': 0.2304, 'grad_norm': 1.2930599451065063, 'learning_rate': 7.77777777777778e-06, 'epoch': 0.08}
{'embedding_loss': 0.1279, 'grad_norm': 0.601386308670044, 'learning_rate': 1.5714285714285715e-05, 'epoch': 0.16}
{'embedding_loss': 0.0426, 'grad_norm': 1.3284237384796143, 'learning_rate': 1.959435626102293e-05, 'epoch': 0.24}
{'embedding_loss': 0.0402, 'grad_norm': 0.9501311182975769, 'learning_rate': 1.871252204585538e-05, 'epoch': 0.32}
{'embedding_loss': 0.0143, 'grad_norm': 0.18713350594043732, 'learning_rate': 1.783068783068783e-05, 'epoch': 0.4}
{'embedding_loss': 0.01, 'grad_norm': 0.17083004117012024, 'learning_rate': 1.6948853615520284e-05, 'epoch': 0.48}
{'embedding_loss': 0.0087, 'grad_norm': 0.02418779581785202, 'learning_rate': 1.6067019400352734e-05, 'epoch': 0.56}
{'embedding_loss': 0.0004, 'grad_norm': 0.059222470968961716, 'learning_rate': 1.5185185185185187e-05, 'epoch': 0.63}
{'embedding_loss': 0.0003, 'grad_norm': 0.007691070903092623, 'learning_rate': 1.4303350970017638e-05, 'epoch': 0.71}
{'embedding_loss': 0.0002, 'grad_norm': 0.01212028507143259, 'learning_rate': 1.342151675485009e-05, 'epoch': 0.79}
{'embedding_loss': 0.0001, 'grad_norm': 0.004017780534923077, 'learning_rate': 1.253968253968254e-05, 'epoch': 0.87}
{'embedding_loss': 0.0001, 'grad_norm': 0.00927123986184597, 'learning_rate': 1.1657848324514993e-05, 'epoch': 0.95}
{'eval_embedding_loss': 0.00014215483679436147, 'eval_embedding_runtime': 12.7577, 'eval_embedding_samples_per_second': 43.895, 'eval_embedding_steps_per_second': 5.487, 'epoch': 1.0}
{'embedding_loss': 0.0001, 'grad_norm': 0.006139707751572132, 'learning_rate': 1.0776014109347444e-05, 'epoch': 1.03}
{'embedding_loss': 0.0001, 'grad_norm': 0.013950063847005367, 'learning_rate': 9.894179894179896e-06, 'epoch': 1.11}
{'embedding_loss': 0.0001, 'grad_norm': 0.005549872759729624, 'learning_rate': 9.012345679012346e-06, 'epoch': 1.19}
{'embedding_loss': 0.0001, 'grad_norm': 0.007944653742015362, 'learning_rate': 8.130511463844798e-06, 'epoch': 1.27}
{'embedding_loss': 0.0001, 'grad_norm': 0.0025705895386636257, 'learning_rate': 7.24867724867725e-06, 'epoch': 1.35}
{'embedding_loss': 0.0001, 'grad_norm': 0.006643706001341343, 'learning_rate': 6.366843033509701e-06, 'epoch': 1.43}
{'embedding_loss': 0.0001, 'grad_norm': 0.004980932455509901, 'learning_rate': 5.485008818342153e-06, 'epoch': 1.51}
{'embedding_loss': 0.0001, 'grad_norm': 0.009986909106373787, 'learning_rate': 4.603174603174604e-06, 'epoch': 1.59}
{'embedding_loss': 0.0001, 'grad_norm': 0.011145131662487984, 'learning_rate': 3.7213403880070548e-06, 'epoch': 1.67}
{'embedding_loss': 0.0001, 'grad_norm': 0.0040216995403170586, 'learning_rate': 2.8395061728395062e-06, 'epoch': 1.75}
{'embedding_loss': 0.0001, 'grad_norm': 0.017035076394677162, 'learning_rate': 1.9576719576719577e-06, 'epoch': 1.83}
{'embedding_loss': 0.0001, 'grad_norm': 0.01366373524069786, 'learning_rate': 1.0758377425044092e-06, 'epoch': 1.9}
{'embedding_loss': 0.0001, 'grad_norm': 0.0017295446014031768, 'learning_rate': 1.940035273368607e-07, 'epoch': 1.98}
{'eval_embedding_loss': 9.672188753029332e-05, 'eval_embedding_runtime': 11.3471, 'eval_embedding_samples_per_second': 49.352, 'eval_embedding_steps_per_second': 6.169, 'epoch': 2.0}
{'train_runtime': 547.0387, 'train_samples_per_second': 18.426, 'train_steps_per_second': 2.303, 'train_loss': 0.018987478809810006, 'epoch': 2.0}

🔍 Evaluation Metrics
----------------------------------------
📊 Label Distribution:
  Label Data Journalism: 4
  Label Half Data Journalism: 2
  Label Not Data Journalism: 14

✅ Overall Metrics:
  Accuracy : 1.0000
  Precision: 1.0000
  Recall   : 1.0000
  F1       : 1.0000

🧩 Confusion Matrix:
  [4, 0, 0]
  [0, 2, 0]
  [0, 0, 14]

📌 Per-Class Metrics:
  Class Data Journalism: TP=4, FP=0, FN=0, TN=16
  Class Half Data Journalism: TP=2, FP=0, FN=0, TN=18
  Class Not Data Journalism: TP=14, FP=0, FN=0, TN=6
----------------------------------------
Fold finished F1 Score: 1.0 1.0 None
Fold 2/5
Loading model from HPC local scratch: /tmp/shapovalov_setfit_model_cache_1386162
{'embedding_loss': 0.3751, 'grad_norm': 3.1932528018951416, 'learning_rate': 0.0, 'epoch': 0.0}
{'embedding_loss': 0.24, 'grad_norm': 1.3378758430480957, 'learning_rate': 7.77777777777778e-06, 'epoch': 0.08}
{'embedding_loss': 0.1343, 'grad_norm': 1.4071704149246216, 'learning_rate': 1.5714285714285715e-05, 'epoch': 0.16}
{'embedding_loss': 0.037, 'grad_norm': 0.06254372745752335, 'learning_rate': 1.959435626102293e-05, 'epoch': 0.24}
{'embedding_loss': 0.0249, 'grad_norm': 0.1939689666032791, 'learning_rate': 1.871252204585538e-05, 'epoch': 0.32}
{'embedding_loss': 0.0186, 'grad_norm': 0.1343768984079361, 'learning_rate': 1.783068783068783e-05, 'epoch': 0.4}
{'embedding_loss': 0.025, 'grad_norm': 1.0267906188964844, 'learning_rate': 1.6948853615520284e-05, 'epoch': 0.48}
{'embedding_loss': 0.016, 'grad_norm': 0.024527553468942642, 'learning_rate': 1.6067019400352734e-05, 'epoch': 0.56}
{'embedding_loss': 0.0058, 'grad_norm': 0.014752368442714214, 'learning_rate': 1.5185185185185187e-05, 'epoch': 0.63}
{'embedding_loss': 0.0007, 'grad_norm': 0.06161709874868393, 'learning_rate': 1.4303350970017638e-05, 'epoch': 0.71}
{'embedding_loss': 0.0004, 'grad_norm': 0.007185754831880331, 'learning_rate': 1.342151675485009e-05, 'epoch': 0.79}
{'embedding_loss': 0.0005, 'grad_norm': 0.02892276458442211, 'learning_rate': 1.253968253968254e-05, 'epoch': 0.87}
{'embedding_loss': 0.0003, 'grad_norm': 0.011670778505504131, 'learning_rate': 1.1657848324514993e-05, 'epoch': 0.95}
{'eval_embedding_loss': 0.00010516268230276182, 'eval_embedding_runtime': 10.9856, 'eval_embedding_samples_per_second': 50.976, 'eval_embedding_steps_per_second': 6.372, 'epoch': 1.0}
{'embedding_loss': 0.0002, 'grad_norm': 0.007834621705114841, 'learning_rate': 1.0776014109347444e-05, 'epoch': 1.03}
{'embedding_loss': 0.0001, 'grad_norm': 0.006189542822539806, 'learning_rate': 9.894179894179896e-06, 'epoch': 1.11}
{'embedding_loss': 0.0001, 'grad_norm': 0.022315554320812225, 'learning_rate': 9.012345679012346e-06, 'epoch': 1.19}
{'embedding_loss': 0.0001, 'grad_norm': 0.01124147605150938, 'learning_rate': 8.130511463844798e-06, 'epoch': 1.27}
{'embedding_loss': 0.0002, 'grad_norm': 0.0409160740673542, 'learning_rate': 7.24867724867725e-06, 'epoch': 1.35}
{'embedding_loss': 0.0001, 'grad_norm': 0.004581766668707132, 'learning_rate': 6.366843033509701e-06, 'epoch': 1.43}
{'embedding_loss': 0.0001, 'grad_norm': 0.003955624997615814, 'learning_rate': 5.485008818342153e-06, 'epoch': 1.51}
{'embedding_loss': 0.0001, 'grad_norm': 0.011264058761298656, 'learning_rate': 4.603174603174604e-06, 'epoch': 1.59}
{'embedding_loss': 0.0001, 'grad_norm': 0.006425509229302406, 'learning_rate': 3.7213403880070548e-06, 'epoch': 1.67}
{'embedding_loss': 0.0001, 'grad_norm': 0.007083746138960123, 'learning_rate': 2.8395061728395062e-06, 'epoch': 1.75}
{'embedding_loss': 0.0001, 'grad_norm': 0.005777428392320871, 'learning_rate': 1.9576719576719577e-06, 'epoch': 1.83}
{'embedding_loss': 0.0001, 'grad_norm': 0.0114770932123065, 'learning_rate': 1.0758377425044092e-06, 'epoch': 1.9}
{'embedding_loss': 0.0001, 'grad_norm': 0.004706492181867361, 'learning_rate': 1.940035273368607e-07, 'epoch': 1.98}
{'eval_embedding_loss': 7.212775381049141e-05, 'eval_embedding_runtime': 10.7268, 'eval_embedding_samples_per_second': 52.206, 'eval_embedding_steps_per_second': 6.526, 'epoch': 2.0}
{'train_runtime': 535.5236, 'train_samples_per_second': 18.823, 'train_steps_per_second': 2.353, 'train_loss': 0.02013965508686231, 'epoch': 2.0}

🔍 Evaluation Metrics
----------------------------------------
📊 Label Distribution:
  Label Not Data Journalism: 14
  Label Data Journalism: 4
  Label Half Data Journalism: 2

✅ Overall Metrics:
  Accuracy : 1.0000
  Precision: 1.0000
  Recall   : 1.0000
  F1       : 1.0000

🧩 Confusion Matrix:
  [4, 0, 0]
  [0, 2, 0]
  [0, 0, 14]

📌 Per-Class Metrics:
  Class Data Journalism: TP=4, FP=0, FN=0, TN=16
  Class Half Data Journalism: TP=2, FP=0, FN=0, TN=18
  Class Not Data Journalism: TP=14, FP=0, FN=0, TN=6
----------------------------------------
Fold finished F1 Score: 1.0 1.0 None
Fold 3/5
Loading model from HPC local scratch: /tmp/shapovalov_setfit_model_cache_1386162
{'embedding_loss': 0.3095, 'grad_norm': 3.6427505016326904, 'learning_rate': 0.0, 'epoch': 0.0}
{'embedding_loss': 0.2429, 'grad_norm': 1.4253289699554443, 'learning_rate': 7.77777777777778e-06, 'epoch': 0.08}
{'embedding_loss': 0.1283, 'grad_norm': 1.3447983264923096, 'learning_rate': 1.5714285714285715e-05, 'epoch': 0.16}
{'embedding_loss': 0.0369, 'grad_norm': 0.3370231091976166, 'learning_rate': 1.959435626102293e-05, 'epoch': 0.24}
{'embedding_loss': 0.043, 'grad_norm': 0.9308565258979797, 'learning_rate': 1.871252204585538e-05, 'epoch': 0.32}
{'embedding_loss': 0.0218, 'grad_norm': 0.11634335666894913, 'learning_rate': 1.783068783068783e-05, 'epoch': 0.4}
{'embedding_loss': 0.0102, 'grad_norm': 0.08046238124370575, 'learning_rate': 1.6948853615520284e-05, 'epoch': 0.48}
{'embedding_loss': 0.0153, 'grad_norm': 0.0266004279255867, 'learning_rate': 1.6067019400352734e-05, 'epoch': 0.56}
{'embedding_loss': 0.0032, 'grad_norm': 0.035976141691207886, 'learning_rate': 1.5185185185185187e-05, 'epoch': 0.63}
{'embedding_loss': 0.0066, 'grad_norm': 0.011019651778042316, 'learning_rate': 1.4303350970017638e-05, 'epoch': 0.71}
{'embedding_loss': 0.0027, 'grad_norm': 0.2631290853023529, 'learning_rate': 1.342151675485009e-05, 'epoch': 0.79}
{'embedding_loss': 0.0008, 'grad_norm': 0.002767768921330571, 'learning_rate': 1.253968253968254e-05, 'epoch': 0.87}
{'embedding_loss': 0.0007, 'grad_norm': 0.017044363543391228, 'learning_rate': 1.1657848324514993e-05, 'epoch': 0.95}
{'eval_embedding_loss': 0.00013677688548341393, 'eval_embedding_runtime': 10.7494, 'eval_embedding_samples_per_second': 52.096, 'eval_embedding_steps_per_second': 6.512, 'epoch': 1.0}
{'embedding_loss': 0.0005, 'grad_norm': 0.09002882242202759, 'learning_rate': 1.0776014109347444e-05, 'epoch': 1.03}
{'embedding_loss': 0.0002, 'grad_norm': 0.008106036111712456, 'learning_rate': 9.894179894179896e-06, 'epoch': 1.11}
{'embedding_loss': 0.0002, 'grad_norm': 0.004236785229295492, 'learning_rate': 9.012345679012346e-06, 'epoch': 1.19}
{'embedding_loss': 0.0001, 'grad_norm': 0.0034644079860299826, 'learning_rate': 8.130511463844798e-06, 'epoch': 1.27}
{'embedding_loss': 0.0001, 'grad_norm': 0.008081281557679176, 'learning_rate': 7.24867724867725e-06, 'epoch': 1.35}
{'embedding_loss': 0.0002, 'grad_norm': 0.005934299901127815, 'learning_rate': 6.366843033509701e-06, 'epoch': 1.43}
{'embedding_loss': 0.0001, 'grad_norm': 0.00703460955992341, 'learning_rate': 5.485008818342153e-06, 'epoch': 1.51}
{'embedding_loss': 0.0001, 'grad_norm': 0.009534278884530067, 'learning_rate': 4.603174603174604e-06, 'epoch': 1.59}
{'embedding_loss': 0.0001, 'grad_norm': 0.0017554229125380516, 'learning_rate': 3.7213403880070548e-06, 'epoch': 1.67}
{'embedding_loss': 0.0002, 'grad_norm': 0.013032881543040276, 'learning_rate': 2.8395061728395062e-06, 'epoch': 1.75}
{'embedding_loss': 0.0001, 'grad_norm': 0.02446127124130726, 'learning_rate': 1.9576719576719577e-06, 'epoch': 1.83}
{'embedding_loss': 0.0001, 'grad_norm': 0.03328806906938553, 'learning_rate': 1.0758377425044092e-06, 'epoch': 1.9}
{'embedding_loss': 0.0002, 'grad_norm': 0.0018650873098522425, 'learning_rate': 1.940035273368607e-07, 'epoch': 1.98}
{'eval_embedding_loss': 7.154425111366436e-05, 'eval_embedding_runtime': 10.4304, 'eval_embedding_samples_per_second': 53.689, 'eval_embedding_steps_per_second': 6.711, 'epoch': 2.0}
{'train_runtime': 533.611, 'train_samples_per_second': 18.89, 'train_steps_per_second': 2.361, 'train_loss': 0.020462372964608393, 'epoch': 2.0}

🔍 Evaluation Metrics
----------------------------------------
📊 Label Distribution:
  Label Not Data Journalism: 13
  Label Half Data Journalism: 2
  Label Data Journalism: 5

✅ Overall Metrics:
  Accuracy : 1.0000
  Precision: 1.0000
  Recall   : 1.0000
  F1       : 1.0000

🧩 Confusion Matrix:
  [5, 0, 0]
  [0, 2, 0]
  [0, 0, 13]

📌 Per-Class Metrics:
  Class Data Journalism: TP=5, FP=0, FN=0, TN=15
  Class Half Data Journalism: TP=2, FP=0, FN=0, TN=18
  Class Not Data Journalism: TP=13, FP=0, FN=0, TN=7
----------------------------------------
Fold finished F1 Score: 1.0 1.0 None
Fold 4/5
Loading model from HPC local scratch: /tmp/shapovalov_setfit_model_cache_1386162
{'embedding_loss': 0.2473, 'grad_norm': 3.0483310222625732, 'learning_rate': 0.0, 'epoch': 0.0}
{'embedding_loss': 0.2349, 'grad_norm': 1.2536725997924805, 'learning_rate': 7.77777777777778e-06, 'epoch': 0.08}
{'embedding_loss': 0.1209, 'grad_norm': 1.4336572885513306, 'learning_rate': 1.5714285714285715e-05, 'epoch': 0.16}
{'embedding_loss': 0.0415, 'grad_norm': 0.31545501947402954, 'learning_rate': 1.959435626102293e-05, 'epoch': 0.24}
{'embedding_loss': 0.0205, 'grad_norm': 0.15302447974681854, 'learning_rate': 1.871252204585538e-05, 'epoch': 0.32}
{'embedding_loss': 0.0195, 'grad_norm': 1.4384005069732666, 'learning_rate': 1.783068783068783e-05, 'epoch': 0.4}
{'embedding_loss': 0.0117, 'grad_norm': 0.03026944398880005, 'learning_rate': 1.6948853615520284e-05, 'epoch': 0.48}
{'embedding_loss': 0.0042, 'grad_norm': 0.06601159274578094, 'learning_rate': 1.6067019400352734e-05, 'epoch': 0.56}
{'embedding_loss': 0.0055, 'grad_norm': 0.3605251908302307, 'learning_rate': 1.5185185185185187e-05, 'epoch': 0.63}
{'embedding_loss': 0.0064, 'grad_norm': 0.008591121062636375, 'learning_rate': 1.4303350970017638e-05, 'epoch': 0.71}
{'embedding_loss': 0.0032, 'grad_norm': 0.0073603973723948, 'learning_rate': 1.342151675485009e-05, 'epoch': 0.79}
{'embedding_loss': 0.0023, 'grad_norm': 0.018043452873826027, 'learning_rate': 1.253968253968254e-05, 'epoch': 0.87}
{'embedding_loss': 0.0049, 'grad_norm': 0.003032526234164834, 'learning_rate': 1.1657848324514993e-05, 'epoch': 0.95}
{'eval_embedding_loss': 0.017491033300757408, 'eval_embedding_runtime': 10.2303, 'eval_embedding_samples_per_second': 54.74, 'eval_embedding_steps_per_second': 6.842, 'epoch': 1.0}
{'embedding_loss': 0.0005, 'grad_norm': 0.006759945303201675, 'learning_rate': 1.0776014109347444e-05, 'epoch': 1.03}
{'embedding_loss': 0.0019, 'grad_norm': 0.02910301648080349, 'learning_rate': 9.894179894179896e-06, 'epoch': 1.11}
{'embedding_loss': 0.0016, 'grad_norm': 0.007055323570966721, 'learning_rate': 9.012345679012346e-06, 'epoch': 1.19}
{'embedding_loss': 0.002, 'grad_norm': 0.007866038009524345, 'learning_rate': 8.130511463844798e-06, 'epoch': 1.27}
{'embedding_loss': 0.0004, 'grad_norm': 0.0037831987719982862, 'learning_rate': 7.24867724867725e-06, 'epoch': 1.35}
{'embedding_loss': 0.005, 'grad_norm': 0.018944747745990753, 'learning_rate': 6.366843033509701e-06, 'epoch': 1.43}
{'embedding_loss': 0.005, 'grad_norm': 0.8150879740715027, 'learning_rate': 5.485008818342153e-06, 'epoch': 1.51}
{'embedding_loss': 0.0038, 'grad_norm': 0.3815079629421234, 'learning_rate': 4.603174603174604e-06, 'epoch': 1.59}
{'embedding_loss': 0.0068, 'grad_norm': 0.01410162914544344, 'learning_rate': 3.7213403880070548e-06, 'epoch': 1.67}
{'embedding_loss': 0.003, 'grad_norm': 0.01590326428413391, 'learning_rate': 2.8395061728395062e-06, 'epoch': 1.75}
{'embedding_loss': 0.001, 'grad_norm': 0.0029209316708147526, 'learning_rate': 1.9576719576719577e-06, 'epoch': 1.83}
{'embedding_loss': 0.0004, 'grad_norm': 0.002055999357253313, 'learning_rate': 1.0758377425044092e-06, 'epoch': 1.9}
{'embedding_loss': 0.0015, 'grad_norm': 0.015145758166909218, 'learning_rate': 1.940035273368607e-07, 'epoch': 1.98}
{'eval_embedding_loss': 0.0014381951186805964, 'eval_embedding_runtime': 10.7967, 'eval_embedding_samples_per_second': 51.868, 'eval_embedding_steps_per_second': 6.483, 'epoch': 2.0}
{'train_runtime': 535.377, 'train_samples_per_second': 18.828, 'train_steps_per_second': 2.353, 'train_loss': 0.02019127905368805, 'epoch': 2.0}

🔍 Evaluation Metrics
----------------------------------------
📊 Label Distribution:
  Label Not Data Journalism: 13
  Label Data Journalism: 4
  Label Half Data Journalism: 3

✅ Overall Metrics:
  Accuracy : 1.0000
  Precision: 1.0000
  Recall   : 1.0000
  F1       : 1.0000

🧩 Confusion Matrix:
  [4, 0, 0]
  [0, 3, 0]
  [0, 0, 13]

📌 Per-Class Metrics:
  Class Data Journalism: TP=4, FP=0, FN=0, TN=16
  Class Half Data Journalism: TP=3, FP=0, FN=0, TN=17
  Class Not Data Journalism: TP=13, FP=0, FN=0, TN=7
----------------------------------------
Fold finished F1 Score: 1.0 1.0 None
Fold 5/5
Loading model from HPC local scratch: /tmp/shapovalov_setfit_model_cache_1386162
{'embedding_loss': 0.3095, 'grad_norm': 3.2965927124023438, 'learning_rate': 0.0, 'epoch': 0.0}
{'embedding_loss': 0.2377, 'grad_norm': 1.4460890293121338, 'learning_rate': 7.77777777777778e-06, 'epoch': 0.08}
{'embedding_loss': 0.115, 'grad_norm': 2.799877405166626, 'learning_rate': 1.5714285714285715e-05, 'epoch': 0.16}
{'embedding_loss': 0.0448, 'grad_norm': 0.09486589580774307, 'learning_rate': 1.959435626102293e-05, 'epoch': 0.24}
{'embedding_loss': 0.0125, 'grad_norm': 0.07362599670886993, 'learning_rate': 1.871252204585538e-05, 'epoch': 0.32}
{'embedding_loss': 0.0165, 'grad_norm': 5.816477298736572, 'learning_rate': 1.783068783068783e-05, 'epoch': 0.4}
{'embedding_loss': 0.0078, 'grad_norm': 0.07599689811468124, 'learning_rate': 1.6948853615520284e-05, 'epoch': 0.48}
{'embedding_loss': 0.0055, 'grad_norm': 0.06686806678771973, 'learning_rate': 1.6067019400352734e-05, 'epoch': 0.56}
{'embedding_loss': 0.0014, 'grad_norm': 0.06592822074890137, 'learning_rate': 1.5185185185185187e-05, 'epoch': 0.63}
{'embedding_loss': 0.0043, 'grad_norm': 0.007283526938408613, 'learning_rate': 1.4303350970017638e-05, 'epoch': 0.71}
{'embedding_loss': 0.0012, 'grad_norm': 0.00309973256662488, 'learning_rate': 1.342151675485009e-05, 'epoch': 0.79}
{'embedding_loss': 0.0011, 'grad_norm': 0.013056961819529533, 'learning_rate': 1.253968253968254e-05, 'epoch': 0.87}
{'embedding_loss': 0.0001, 'grad_norm': 0.01432406809180975, 'learning_rate': 1.1657848324514993e-05, 'epoch': 0.95}
{'eval_embedding_loss': 0.0003375553060323, 'eval_embedding_runtime': 10.0437, 'eval_embedding_samples_per_second': 55.756, 'eval_embedding_steps_per_second': 6.97, 'epoch': 1.0}
{'embedding_loss': 0.0002, 'grad_norm': 0.010586081072688103, 'learning_rate': 1.0776014109347444e-05, 'epoch': 1.03}
{'embedding_loss': 0.0001, 'grad_norm': 0.010131529532372952, 'learning_rate': 9.894179894179896e-06, 'epoch': 1.11}
{'embedding_loss': 0.0001, 'grad_norm': 0.007582382764667273, 'learning_rate': 9.012345679012346e-06, 'epoch': 1.19}
{'embedding_loss': 0.0001, 'grad_norm': 0.013836761936545372, 'learning_rate': 8.130511463844798e-06, 'epoch': 1.27}
{'embedding_loss': 0.0001, 'grad_norm': 0.0038763515185564756, 'learning_rate': 7.24867724867725e-06, 'epoch': 1.35}
{'embedding_loss': 0.0001, 'grad_norm': 0.014167753048241138, 'learning_rate': 6.366843033509701e-06, 'epoch': 1.43}
{'embedding_loss': 0.0001, 'grad_norm': 0.003362133167684078, 'learning_rate': 5.485008818342153e-06, 'epoch': 1.51}
{'embedding_loss': 0.0001, 'grad_norm': 0.006665501743555069, 'learning_rate': 4.603174603174604e-06, 'epoch': 1.59}
{'embedding_loss': 0.0001, 'grad_norm': 0.01969987526535988, 'learning_rate': 3.7213403880070548e-06, 'epoch': 1.67}
{'embedding_loss': 0.0001, 'grad_norm': 0.0012848434271290898, 'learning_rate': 2.8395061728395062e-06, 'epoch': 1.75}
{'embedding_loss': 0.0, 'grad_norm': 0.003995510749518871, 'learning_rate': 1.9576719576719577e-06, 'epoch': 1.83}
{'embedding_loss': 0.0001, 'grad_norm': 0.00344073842279613, 'learning_rate': 1.0758377425044092e-06, 'epoch': 1.9}
{'embedding_loss': 0.0, 'grad_norm': 0.005302595905959606, 'learning_rate': 1.940035273368607e-07, 'epoch': 1.98}
{'eval_embedding_loss': 9.899288124870509e-05, 'eval_embedding_runtime': 9.8078, 'eval_embedding_samples_per_second': 57.097, 'eval_embedding_steps_per_second': 7.137, 'epoch': 2.0}
{'train_runtime': 536.8945, 'train_samples_per_second': 18.775, 'train_steps_per_second': 2.347, 'train_loss': 0.017879602320733413, 'epoch': 2.0}

🔍 Evaluation Metrics
----------------------------------------
📊 Label Distribution:
  Label Not Data Journalism: 13
  Label Data Journalism: 4
  Label Half Data Journalism: 3

✅ Overall Metrics:
  Accuracy : 1.0000
  Precision: 1.0000
  Recall   : 1.0000
  F1       : 1.0000

🧩 Confusion Matrix:
  [4, 0, 0]
  [0, 3, 0]
  [0, 0, 13]

📌 Per-Class Metrics:
  Class Data Journalism: TP=4, FP=0, FN=0, TN=16
  Class Half Data Journalism: TP=3, FP=0, FN=0, TN=17
  Class Not Data Journalism: TP=13, FP=0, FN=0, TN=7
----------------------------------------
Fold finished F1 Score: 1.0 1.0 None
Average VRAM usage: 3513.04 MB, Max VRAM usage: 11324.17 MB
Trial 13 completed with avg fold F1 score: 1.0
Trial 14: {'num_iterations': 10, 'num_epochs': 2, 'batch_size': 8, 'head_lr': 4.525462825151121e-05}
Fold 1/5
Loading model from HPC local scratch: /tmp/shapovalov_setfit_model_cache_1386162
{'embedding_loss': 0.4173, 'grad_norm': 3.6245787143707275, 'learning_rate': 0.0, 'epoch': 0.0}
{'embedding_loss': 0.2293, 'grad_norm': 1.436003565788269, 'learning_rate': 1.088888888888889e-05, 'epoch': 0.11}
{'embedding_loss': 0.0957, 'grad_norm': 2.246676206588745, 'learning_rate': 1.977777777777778e-05, 'epoch': 0.22}
{'embedding_loss': 0.0388, 'grad_norm': 1.1979413032531738, 'learning_rate': 1.8543209876543213e-05, 'epoch': 0.33}
{'embedding_loss': 0.0273, 'grad_norm': 1.0456920862197876, 'learning_rate': 1.7308641975308644e-05, 'epoch': 0.44}
{'embedding_loss': 0.0304, 'grad_norm': 0.3711104691028595, 'learning_rate': 1.6074074074074076e-05, 'epoch': 0.56}
{'embedding_loss': 0.0178, 'grad_norm': 0.22555571794509888, 'learning_rate': 1.4839506172839508e-05, 'epoch': 0.67}
{'embedding_loss': 0.0071, 'grad_norm': 0.007033572532236576, 'learning_rate': 1.360493827160494e-05, 'epoch': 0.78}
{'embedding_loss': 0.0018, 'grad_norm': 0.07482273131608963, 'learning_rate': 1.2370370370370371e-05, 'epoch': 0.89}
{'embedding_loss': 0.001, 'grad_norm': 1.742987036705017, 'learning_rate': 1.1135802469135803e-05, 'epoch': 1.0}
{'eval_embedding_loss': 0.0005957692046649754, 'eval_embedding_runtime': 8.5619, 'eval_embedding_samples_per_second': 46.719, 'eval_embedding_steps_per_second': 5.84, 'epoch': 1.0}
{'embedding_loss': 0.0004, 'grad_norm': 0.04632894694805145, 'learning_rate': 9.901234567901236e-06, 'epoch': 1.11}
{'embedding_loss': 0.0002, 'grad_norm': 0.00730519276112318, 'learning_rate': 8.666666666666668e-06, 'epoch': 1.22}
{'embedding_loss': 0.0003, 'grad_norm': 0.011337898671627045, 'learning_rate': 7.4320987654320995e-06, 'epoch': 1.33}
{'embedding_loss': 0.0002, 'grad_norm': 0.010231736116111279, 'learning_rate': 6.197530864197532e-06, 'epoch': 1.44}
{'embedding_loss': 0.0001, 'grad_norm': 0.005152903031557798, 'learning_rate': 4.962962962962964e-06, 'epoch': 1.56}
{'embedding_loss': 0.0001, 'grad_norm': 0.010051212273538113, 'learning_rate': 3.7283950617283953e-06, 'epoch': 1.67}
{'embedding_loss': 0.0002, 'grad_norm': 0.025388799607753754, 'learning_rate': 2.4938271604938274e-06, 'epoch': 1.78}
{'embedding_loss': 0.0001, 'grad_norm': 0.03426128625869751, 'learning_rate': 1.2592592592592593e-06, 'epoch': 1.89}
{'embedding_loss': 0.0001, 'grad_norm': 0.04354408383369446, 'learning_rate': 2.469135802469136e-08, 'epoch': 2.0}
{'eval_embedding_loss': 0.00019210268510505557, 'eval_embedding_runtime': 9.4016, 'eval_embedding_samples_per_second': 42.546, 'eval_embedding_steps_per_second': 5.318, 'epoch': 2.0}
{'train_runtime': 389.85, 'train_samples_per_second': 18.469, 'train_steps_per_second': 2.309, 'train_loss': 0.025262757366419666, 'epoch': 2.0}

🔍 Evaluation Metrics
----------------------------------------
📊 Label Distribution:
  Label Data Journalism: 4
  Label Half Data Journalism: 2
  Label Not Data Journalism: 14

✅ Overall Metrics:
  Accuracy : 1.0000
  Precision: 1.0000
  Recall   : 1.0000
  F1       : 1.0000

🧩 Confusion Matrix:
  [4, 0, 0]
  [0, 2, 0]
  [0, 0, 14]

📌 Per-Class Metrics:
  Class Data Journalism: TP=4, FP=0, FN=0, TN=16
  Class Half Data Journalism: TP=2, FP=0, FN=0, TN=18
  Class Not Data Journalism: TP=14, FP=0, FN=0, TN=6
----------------------------------------
Fold finished F1 Score: 1.0 1.0 None
Fold 2/5
Loading model from HPC local scratch: /tmp/shapovalov_setfit_model_cache_1386162
{'embedding_loss': 0.3003, 'grad_norm': 2.9449827671051025, 'learning_rate': 0.0, 'epoch': 0.0}
{'embedding_loss': 0.2243, 'grad_norm': 1.3036638498306274, 'learning_rate': 1.088888888888889e-05, 'epoch': 0.11}
{'embedding_loss': 0.1189, 'grad_norm': 1.165391206741333, 'learning_rate': 1.977777777777778e-05, 'epoch': 0.22}
{'embedding_loss': 0.0329, 'grad_norm': 0.1291947066783905, 'learning_rate': 1.8543209876543213e-05, 'epoch': 0.33}
{'embedding_loss': 0.0345, 'grad_norm': 0.4536133110523224, 'learning_rate': 1.7308641975308644e-05, 'epoch': 0.44}
{'embedding_loss': 0.0337, 'grad_norm': 0.5835179686546326, 'learning_rate': 1.6074074074074076e-05, 'epoch': 0.56}
{'embedding_loss': 0.0122, 'grad_norm': 0.014668680727481842, 'learning_rate': 1.4839506172839508e-05, 'epoch': 0.67}
{'embedding_loss': 0.0054, 'grad_norm': 0.09962213784456253, 'learning_rate': 1.360493827160494e-05, 'epoch': 0.78}
{'embedding_loss': 0.0015, 'grad_norm': 0.028766313567757607, 'learning_rate': 1.2370370370370371e-05, 'epoch': 0.89}
{'embedding_loss': 0.0007, 'grad_norm': 0.008044262416660786, 'learning_rate': 1.1135802469135803e-05, 'epoch': 1.0}
{'eval_embedding_loss': 0.0005451529286801815, 'eval_embedding_runtime': 8.933, 'eval_embedding_samples_per_second': 44.778, 'eval_embedding_steps_per_second': 5.597, 'epoch': 1.0}
{'embedding_loss': 0.0006, 'grad_norm': 0.0021596180740743876, 'learning_rate': 9.901234567901236e-06, 'epoch': 1.11}
{'embedding_loss': 0.0003, 'grad_norm': 0.027200860902667046, 'learning_rate': 8.666666666666668e-06, 'epoch': 1.22}
{'embedding_loss': 0.0003, 'grad_norm': 0.02178361639380455, 'learning_rate': 7.4320987654320995e-06, 'epoch': 1.33}
{'embedding_loss': 0.0002, 'grad_norm': 0.01375548541545868, 'learning_rate': 6.197530864197532e-06, 'epoch': 1.44}
{'embedding_loss': 0.0002, 'grad_norm': 0.006333708297461271, 'learning_rate': 4.962962962962964e-06, 'epoch': 1.56}
{'embedding_loss': 0.0002, 'grad_norm': 0.00443470710888505, 'learning_rate': 3.7283950617283953e-06, 'epoch': 1.67}
{'embedding_loss': 0.0001, 'grad_norm': 0.0032250252552330494, 'learning_rate': 2.4938271604938274e-06, 'epoch': 1.78}
{'embedding_loss': 0.0001, 'grad_norm': 0.02301528863608837, 'learning_rate': 1.2592592592592593e-06, 'epoch': 1.89}
{'embedding_loss': 0.0001, 'grad_norm': 0.007345318794250488, 'learning_rate': 2.469135802469136e-08, 'epoch': 2.0}
{'eval_embedding_loss': 8.863386028679088e-05, 'eval_embedding_runtime': 9.14, 'eval_embedding_samples_per_second': 43.764, 'eval_embedding_steps_per_second': 5.47, 'epoch': 2.0}
{'train_runtime': 394.6615, 'train_samples_per_second': 18.243, 'train_steps_per_second': 2.28, 'train_loss': 0.025990744752085043, 'epoch': 2.0}

🔍 Evaluation Metrics
----------------------------------------
📊 Label Distribution:
  Label Not Data Journalism: 14
  Label Data Journalism: 4
  Label Half Data Journalism: 2

✅ Overall Metrics:
  Accuracy : 1.0000
  Precision: 1.0000
  Recall   : 1.0000
  F1       : 1.0000

🧩 Confusion Matrix:
  [4, 0, 0]
  [0, 2, 0]
  [0, 0, 14]

📌 Per-Class Metrics:
  Class Data Journalism: TP=4, FP=0, FN=0, TN=16
  Class Half Data Journalism: TP=2, FP=0, FN=0, TN=18
  Class Not Data Journalism: TP=14, FP=0, FN=0, TN=6
----------------------------------------
Fold finished F1 Score: 1.0 1.0 None
Fold 3/5
Loading model from HPC local scratch: /tmp/shapovalov_setfit_model_cache_1386162
{'embedding_loss': 0.3662, 'grad_norm': 3.498105525970459, 'learning_rate': 0.0, 'epoch': 0.0}
{'embedding_loss': 0.2292, 'grad_norm': 1.1080141067504883, 'learning_rate': 1.088888888888889e-05, 'epoch': 0.11}
{'embedding_loss': 0.1055, 'grad_norm': 3.2691943645477295, 'learning_rate': 1.977777777777778e-05, 'epoch': 0.22}
{'embedding_loss': 0.041, 'grad_norm': 0.05083214491605759, 'learning_rate': 1.8543209876543213e-05, 'epoch': 0.33}
{'embedding_loss': 0.0239, 'grad_norm': 0.0761340782046318, 'learning_rate': 1.7308641975308644e-05, 'epoch': 0.44}
{'embedding_loss': 0.0117, 'grad_norm': 0.013275912962853909, 'learning_rate': 1.6074074074074076e-05, 'epoch': 0.56}
{'embedding_loss': 0.0082, 'grad_norm': 0.035502780228853226, 'learning_rate': 1.4839506172839508e-05, 'epoch': 0.67}
{'embedding_loss': 0.0091, 'grad_norm': 0.005715750157833099, 'learning_rate': 1.360493827160494e-05, 'epoch': 0.78}
{'embedding_loss': 0.0088, 'grad_norm': 0.023920603096485138, 'learning_rate': 1.2370370370370371e-05, 'epoch': 0.89}
{'embedding_loss': 0.0012, 'grad_norm': 0.019864117726683617, 'learning_rate': 1.1135802469135803e-05, 'epoch': 1.0}
{'eval_embedding_loss': 0.0003520826285239309, 'eval_embedding_runtime': 7.4298, 'eval_embedding_samples_per_second': 53.837, 'eval_embedding_steps_per_second': 6.73, 'epoch': 1.0}
{'embedding_loss': 0.0004, 'grad_norm': 0.004413723014295101, 'learning_rate': 9.901234567901236e-06, 'epoch': 1.11}
{'embedding_loss': 0.0002, 'grad_norm': 0.023878691717982292, 'learning_rate': 8.666666666666668e-06, 'epoch': 1.22}
{'embedding_loss': 0.0001, 'grad_norm': 0.017527272924780846, 'learning_rate': 7.4320987654320995e-06, 'epoch': 1.33}
{'embedding_loss': 0.0001, 'grad_norm': 0.011088970117270947, 'learning_rate': 6.197530864197532e-06, 'epoch': 1.44}
{'embedding_loss': 0.0001, 'grad_norm': 0.012107017450034618, 'learning_rate': 4.962962962962964e-06, 'epoch': 1.56}
{'embedding_loss': 0.0001, 'grad_norm': 0.0036613147240132093, 'learning_rate': 3.7283950617283953e-06, 'epoch': 1.67}
{'embedding_loss': 0.0001, 'grad_norm': 0.013177127577364445, 'learning_rate': 2.4938271604938274e-06, 'epoch': 1.78}
{'embedding_loss': 0.0001, 'grad_norm': 0.005928684491664171, 'learning_rate': 1.2592592592592593e-06, 'epoch': 1.89}
{'embedding_loss': 0.0001, 'grad_norm': 0.011380134150385857, 'learning_rate': 2.469135802469136e-08, 'epoch': 2.0}
{'eval_embedding_loss': 0.00015509162039961666, 'eval_embedding_runtime': 8.3518, 'eval_embedding_samples_per_second': 47.894, 'eval_embedding_steps_per_second': 5.987, 'epoch': 2.0}
{'train_runtime': 392.5112, 'train_samples_per_second': 18.343, 'train_steps_per_second': 2.293, 'train_loss': 0.024591723377298976, 'epoch': 2.0}

🔍 Evaluation Metrics
----------------------------------------
📊 Label Distribution:
  Label Not Data Journalism: 13
  Label Half Data Journalism: 2
  Label Data Journalism: 5

✅ Overall Metrics:
  Accuracy : 1.0000
  Precision: 1.0000
  Recall   : 1.0000
  F1       : 1.0000

🧩 Confusion Matrix:
  [5, 0, 0]
  [0, 2, 0]
  [0, 0, 13]

📌 Per-Class Metrics:
  Class Data Journalism: TP=5, FP=0, FN=0, TN=15
  Class Half Data Journalism: TP=2, FP=0, FN=0, TN=18
  Class Not Data Journalism: TP=13, FP=0, FN=0, TN=7
----------------------------------------
Fold finished F1 Score: 1.0 1.0 None
Fold 4/5
Loading model from HPC local scratch: /tmp/shapovalov_setfit_model_cache_1386162
{'embedding_loss': 0.4226, 'grad_norm': 7.66180419921875, 'learning_rate': 0.0, 'epoch': 0.0}
{'embedding_loss': 0.2261, 'grad_norm': 1.9805184602737427, 'learning_rate': 1.088888888888889e-05, 'epoch': 0.11}
{'embedding_loss': 0.0983, 'grad_norm': 0.26936909556388855, 'learning_rate': 1.977777777777778e-05, 'epoch': 0.22}
{'embedding_loss': 0.0282, 'grad_norm': 0.08010096102952957, 'learning_rate': 1.8543209876543213e-05, 'epoch': 0.33}
{'embedding_loss': 0.023, 'grad_norm': 0.046773530542850494, 'learning_rate': 1.7308641975308644e-05, 'epoch': 0.44}
{'embedding_loss': 0.0262, 'grad_norm': 1.6794363260269165, 'learning_rate': 1.6074074074074076e-05, 'epoch': 0.56}
{'embedding_loss': 0.0136, 'grad_norm': 0.05454903468489647, 'learning_rate': 1.4839506172839508e-05, 'epoch': 0.67}
{'embedding_loss': 0.0079, 'grad_norm': 0.01963641867041588, 'learning_rate': 1.360493827160494e-05, 'epoch': 0.78}
{'embedding_loss': 0.0006, 'grad_norm': 0.008897119201719761, 'learning_rate': 1.2370370370370371e-05, 'epoch': 0.89}
{'embedding_loss': 0.0122, 'grad_norm': 0.02972039394080639, 'learning_rate': 1.1135802469135803e-05, 'epoch': 1.0}
{'eval_embedding_loss': 0.019665664061903954, 'eval_embedding_runtime': 7.1574, 'eval_embedding_samples_per_second': 55.887, 'eval_embedding_steps_per_second': 6.986, 'epoch': 1.0}
{'embedding_loss': 0.0029, 'grad_norm': 0.07131519913673401, 'learning_rate': 9.901234567901236e-06, 'epoch': 1.11}
{'embedding_loss': 0.0025, 'grad_norm': 0.019450852647423744, 'learning_rate': 8.666666666666668e-06, 'epoch': 1.22}
{'embedding_loss': 0.0037, 'grad_norm': 0.006649899762123823, 'learning_rate': 7.4320987654320995e-06, 'epoch': 1.33}
{'embedding_loss': 0.0017, 'grad_norm': 0.01830681972205639, 'learning_rate': 6.197530864197532e-06, 'epoch': 1.44}
{'embedding_loss': 0.0007, 'grad_norm': 0.020120441913604736, 'learning_rate': 4.962962962962964e-06, 'epoch': 1.56}
{'embedding_loss': 0.0003, 'grad_norm': 0.04400898143649101, 'learning_rate': 3.7283950617283953e-06, 'epoch': 1.67}
{'embedding_loss': 0.0002, 'grad_norm': 0.011911391280591488, 'learning_rate': 2.4938271604938274e-06, 'epoch': 1.78}
{'embedding_loss': 0.0001, 'grad_norm': 0.009086680598556995, 'learning_rate': 1.2592592592592593e-06, 'epoch': 1.89}
{'embedding_loss': 0.0002, 'grad_norm': 0.025915492326021194, 'learning_rate': 2.469135802469136e-08, 'epoch': 2.0}
{'eval_embedding_loss': 0.00023750067339278758, 'eval_embedding_runtime': 7.1719, 'eval_embedding_samples_per_second': 55.773, 'eval_embedding_steps_per_second': 6.972, 'epoch': 2.0}
{'train_runtime': 384.0192, 'train_samples_per_second': 18.749, 'train_steps_per_second': 2.344, 'train_loss': 0.025121988117591375, 'epoch': 2.0}

🔍 Evaluation Metrics
----------------------------------------
📊 Label Distribution:
  Label Not Data Journalism: 13
  Label Data Journalism: 4
  Label Half Data Journalism: 3

✅ Overall Metrics:
  Accuracy : 1.0000
  Precision: 1.0000
  Recall   : 1.0000
  F1       : 1.0000

🧩 Confusion Matrix:
  [4, 0, 0]
  [0, 3, 0]
  [0, 0, 13]

📌 Per-Class Metrics:
  Class Data Journalism: TP=4, FP=0, FN=0, TN=16
  Class Half Data Journalism: TP=3, FP=0, FN=0, TN=17
  Class Not Data Journalism: TP=13, FP=0, FN=0, TN=7
----------------------------------------
Fold finished F1 Score: 1.0 1.0 None
Fold 5/5
Loading model from HPC local scratch: /tmp/shapovalov_setfit_model_cache_1386162
{'embedding_loss': 0.4917, 'grad_norm': 4.377663612365723, 'learning_rate': 0.0, 'epoch': 0.0}
{'embedding_loss': 0.2253, 'grad_norm': 2.2629008293151855, 'learning_rate': 1.088888888888889e-05, 'epoch': 0.11}
{'embedding_loss': 0.1098, 'grad_norm': 0.5298683047294617, 'learning_rate': 1.977777777777778e-05, 'epoch': 0.22}
{'embedding_loss': 0.0306, 'grad_norm': 0.03638936206698418, 'learning_rate': 1.8543209876543213e-05, 'epoch': 0.33}
{'embedding_loss': 0.0192, 'grad_norm': 0.4670572578907013, 'learning_rate': 1.7308641975308644e-05, 'epoch': 0.44}
{'embedding_loss': 0.0228, 'grad_norm': 0.0901724174618721, 'learning_rate': 1.6074074074074076e-05, 'epoch': 0.56}
{'embedding_loss': 0.0069, 'grad_norm': 0.5756297707557678, 'learning_rate': 1.4839506172839508e-05, 'epoch': 0.67}
{'embedding_loss': 0.0073, 'grad_norm': 0.014243640005588531, 'learning_rate': 1.360493827160494e-05, 'epoch': 0.78}
{'embedding_loss': 0.0026, 'grad_norm': 0.022449301555752754, 'learning_rate': 1.2370370370370371e-05, 'epoch': 0.89}
{'embedding_loss': 0.0022, 'grad_norm': 0.011889304965734482, 'learning_rate': 1.1135802469135803e-05, 'epoch': 1.0}
{'eval_embedding_loss': 0.004961618687957525, 'eval_embedding_runtime': 7.1358, 'eval_embedding_samples_per_second': 56.055, 'eval_embedding_steps_per_second': 7.007, 'epoch': 1.0}
{'embedding_loss': 0.0022, 'grad_norm': 0.04506158083677292, 'learning_rate': 9.901234567901236e-06, 'epoch': 1.11}
{'embedding_loss': 0.0014, 'grad_norm': 0.007039349526166916, 'learning_rate': 8.666666666666668e-06, 'epoch': 1.22}
{'embedding_loss': 0.0008, 'grad_norm': 0.020385771989822388, 'learning_rate': 7.4320987654320995e-06, 'epoch': 1.33}
{'embedding_loss': 0.0005, 'grad_norm': 0.04518375173211098, 'learning_rate': 6.197530864197532e-06, 'epoch': 1.44}
{'embedding_loss': 0.0004, 'grad_norm': 0.03237257897853851, 'learning_rate': 4.962962962962964e-06, 'epoch': 1.56}
{'embedding_loss': 0.0003, 'grad_norm': 0.0015537734143435955, 'learning_rate': 3.7283950617283953e-06, 'epoch': 1.67}
{'embedding_loss': 0.0003, 'grad_norm': 0.005869101267307997, 'learning_rate': 2.4938271604938274e-06, 'epoch': 1.78}
{'embedding_loss': 0.0002, 'grad_norm': 0.005551007576286793, 'learning_rate': 1.2592592592592593e-06, 'epoch': 1.89}
{'embedding_loss': 0.0005, 'grad_norm': 0.07735548913478851, 'learning_rate': 2.469135802469136e-08, 'epoch': 2.0}
{'eval_embedding_loss': 0.00034554797457531095, 'eval_embedding_runtime': 7.9077, 'eval_embedding_samples_per_second': 50.584, 'eval_embedding_steps_per_second': 6.323, 'epoch': 2.0}
{'train_runtime': 383.5411, 'train_samples_per_second': 18.772, 'train_steps_per_second': 2.347, 'train_loss': 0.02437164953392413, 'epoch': 2.0}

🔍 Evaluation Metrics
----------------------------------------
📊 Label Distribution:
  Label Not Data Journalism: 13
  Label Data Journalism: 4
  Label Half Data Journalism: 3

✅ Overall Metrics:
  Accuracy : 1.0000
  Precision: 1.0000
  Recall   : 1.0000
  F1       : 1.0000

🧩 Confusion Matrix:
  [4, 0, 0]
  [0, 3, 0]
  [0, 0, 13]

📌 Per-Class Metrics:
  Class Data Journalism: TP=4, FP=0, FN=0, TN=16
  Class Half Data Journalism: TP=3, FP=0, FN=0, TN=17
  Class Not Data Journalism: TP=13, FP=0, FN=0, TN=7
----------------------------------------
Fold finished F1 Score: 1.0 1.0 None
Average VRAM usage: 3332.04 MB, Max VRAM usage: 11012.37 MB
Trial 14 completed with avg fold F1 score: 1.0
Trial 15: {'num_iterations': 12, 'num_epochs': 3, 'batch_size': 8, 'head_lr': 3.41685605884469e-05}
Fold 1/5
Loading model from HPC local scratch: /tmp/shapovalov_setfit_model_cache_1386162
{'embedding_loss': 0.2862, 'grad_norm': 6.102879524230957, 'learning_rate': 0.0, 'epoch': 0.0}
{'embedding_loss': 0.2424, 'grad_norm': 1.9150289297103882, 'learning_rate': 6.049382716049383e-06, 'epoch': 0.09}
{'embedding_loss': 0.136, 'grad_norm': 1.5228681564331055, 'learning_rate': 1.2222222222222224e-05, 'epoch': 0.19}
{'embedding_loss': 0.0578, 'grad_norm': 1.3489413261413574, 'learning_rate': 1.8395061728395062e-05, 'epoch': 0.28}
{'embedding_loss': 0.0366, 'grad_norm': 2.023838996887207, 'learning_rate': 1.9492455418381347e-05, 'epoch': 0.37}
{'embedding_loss': 0.0203, 'grad_norm': 0.6874697208404541, 'learning_rate': 1.8806584362139917e-05, 'epoch': 0.46}
{'embedding_loss': 0.0086, 'grad_norm': 0.04173484817147255, 'learning_rate': 1.812071330589849e-05, 'epoch': 0.56}
{'embedding_loss': 0.0079, 'grad_norm': 0.02047216147184372, 'learning_rate': 1.7434842249657065e-05, 'epoch': 0.65}
{'embedding_loss': 0.0058, 'grad_norm': 0.02690393663942814, 'learning_rate': 1.674897119341564e-05, 'epoch': 0.74}
{'embedding_loss': 0.0042, 'grad_norm': 0.02622915245592594, 'learning_rate': 1.6063100137174213e-05, 'epoch': 0.83}
{'embedding_loss': 0.0002, 'grad_norm': 0.044017963111400604, 'learning_rate': 1.5377229080932784e-05, 'epoch': 0.93}
{'eval_embedding_loss': 0.0001069719364750199, 'eval_embedding_runtime': 9.8812, 'eval_embedding_samples_per_second': 48.577, 'eval_embedding_steps_per_second': 6.072, 'epoch': 1.0}
{'embedding_loss': 0.0003, 'grad_norm': 0.012667044065892696, 'learning_rate': 1.469135802469136e-05, 'epoch': 1.02}
{'embedding_loss': 0.0002, 'grad_norm': 0.007292474620044231, 'learning_rate': 1.4005486968449933e-05, 'epoch': 1.11}
{'embedding_loss': 0.0001, 'grad_norm': 0.020995570346713066, 'learning_rate': 1.3319615912208505e-05, 'epoch': 1.2}
{'embedding_loss': 0.0001, 'grad_norm': 0.016996266320347786, 'learning_rate': 1.2633744855967079e-05, 'epoch': 1.3}
{'embedding_loss': 0.0001, 'grad_norm': 0.008856644853949547, 'learning_rate': 1.1947873799725653e-05, 'epoch': 1.39}
{'embedding_loss': 0.0001, 'grad_norm': 0.038032166659832, 'learning_rate': 1.1262002743484225e-05, 'epoch': 1.48}
{'embedding_loss': 0.0001, 'grad_norm': 0.010799012146890163, 'learning_rate': 1.0576131687242799e-05, 'epoch': 1.57}
{'embedding_loss': 0.0001, 'grad_norm': 0.013764950446784496, 'learning_rate': 9.890260631001373e-06, 'epoch': 1.67}
{'embedding_loss': 0.0001, 'grad_norm': 0.0043081375770270824, 'learning_rate': 9.204389574759945e-06, 'epoch': 1.76}
{'embedding_loss': 0.0, 'grad_norm': 0.0032466971315443516, 'learning_rate': 8.518518518518519e-06, 'epoch': 1.85}
{'embedding_loss': 0.0001, 'grad_norm': 0.008028258569538593, 'learning_rate': 7.832647462277091e-06, 'epoch': 1.94}
{'eval_embedding_loss': 4.3802989239338785e-05, 'eval_embedding_runtime': 9.5851, 'eval_embedding_samples_per_second': 50.078, 'eval_embedding_steps_per_second': 6.26, 'epoch': 2.0}
{'embedding_loss': 0.0001, 'grad_norm': 0.002714921021834016, 'learning_rate': 7.146776406035666e-06, 'epoch': 2.04}
{'embedding_loss': 0.0, 'grad_norm': 0.009210377000272274, 'learning_rate': 6.460905349794238e-06, 'epoch': 2.13}
{'embedding_loss': 0.0001, 'grad_norm': 0.003739348379895091, 'learning_rate': 5.775034293552812e-06, 'epoch': 2.22}
{'embedding_loss': 0.0, 'grad_norm': 0.0038788355886936188, 'learning_rate': 5.089163237311386e-06, 'epoch': 2.31}
{'embedding_loss': 0.0, 'grad_norm': 0.0026920235250145197, 'learning_rate': 4.403292181069959e-06, 'epoch': 2.41}
{'embedding_loss': 0.0001, 'grad_norm': 0.007011805661022663, 'learning_rate': 3.7174211248285326e-06, 'epoch': 2.5}
{'embedding_loss': 0.0, 'grad_norm': 0.0012443657033145428, 'learning_rate': 3.0315500685871057e-06, 'epoch': 2.59}
{'embedding_loss': 0.0, 'grad_norm': 0.0019043103093281388, 'learning_rate': 2.345679012345679e-06, 'epoch': 2.69}
{'embedding_loss': 0.0, 'grad_norm': 0.003971864003688097, 'learning_rate': 1.6598079561042526e-06, 'epoch': 2.78}
{'embedding_loss': 0.0, 'grad_norm': 0.0043631624430418015, 'learning_rate': 9.73936899862826e-07, 'epoch': 2.87}
{'embedding_loss': 0.0, 'grad_norm': 0.013950551860034466, 'learning_rate': 2.880658436213992e-07, 'epoch': 2.96}
{'eval_embedding_loss': 4.334117693360895e-05, 'eval_embedding_runtime': 9.8961, 'eval_embedding_samples_per_second': 48.504, 'eval_embedding_steps_per_second': 6.063, 'epoch': 3.0}
{'train_runtime': 685.7138, 'train_samples_per_second': 18.9, 'train_steps_per_second': 2.363, 'train_loss': 0.01611781463642852, 'epoch': 3.0}

🔍 Evaluation Metrics
----------------------------------------
📊 Label Distribution:
  Label Data Journalism: 4
  Label Half Data Journalism: 2
  Label Not Data Journalism: 14

✅ Overall Metrics:
  Accuracy : 1.0000
  Precision: 1.0000
  Recall   : 1.0000
  F1       : 1.0000

🧩 Confusion Matrix:
  [4, 0, 0]
  [0, 2, 0]
  [0, 0, 14]

📌 Per-Class Metrics:
  Class Data Journalism: TP=4, FP=0, FN=0, TN=16
  Class Half Data Journalism: TP=2, FP=0, FN=0, TN=18
  Class Not Data Journalism: TP=14, FP=0, FN=0, TN=6
----------------------------------------
Fold finished F1 Score: 1.0 1.0 None
Fold 2/5
Loading model from HPC local scratch: /tmp/shapovalov_setfit_model_cache_1386162
{'embedding_loss': 0.3664, 'grad_norm': 3.230531692504883, 'learning_rate': 0.0, 'epoch': 0.0}
{'embedding_loss': 0.2265, 'grad_norm': 1.847136378288269, 'learning_rate': 6.049382716049383e-06, 'epoch': 0.09}
{'embedding_loss': 0.1449, 'grad_norm': 1.1222015619277954, 'learning_rate': 1.2222222222222224e-05, 'epoch': 0.19}
{'embedding_loss': 0.0585, 'grad_norm': 1.0963090658187866, 'learning_rate': 1.8395061728395062e-05, 'epoch': 0.28}
{'embedding_loss': 0.0449, 'grad_norm': 0.9011576175689697, 'learning_rate': 1.9492455418381347e-05, 'epoch': 0.37}
{'embedding_loss': 0.0187, 'grad_norm': 0.3433081805706024, 'learning_rate': 1.8806584362139917e-05, 'epoch': 0.46}
{'embedding_loss': 0.0101, 'grad_norm': 0.041067883372306824, 'learning_rate': 1.812071330589849e-05, 'epoch': 0.56}
{'embedding_loss': 0.0088, 'grad_norm': 0.061253566294908524, 'learning_rate': 1.7434842249657065e-05, 'epoch': 0.65}
{'embedding_loss': 0.0056, 'grad_norm': 0.7973949909210205, 'learning_rate': 1.674897119341564e-05, 'epoch': 0.74}
{'embedding_loss': 0.0023, 'grad_norm': 0.03161098062992096, 'learning_rate': 1.6063100137174213e-05, 'epoch': 0.83}
{'embedding_loss': 0.0055, 'grad_norm': 0.05714903026819229, 'learning_rate': 1.5377229080932784e-05, 'epoch': 0.93}
{'eval_embedding_loss': 0.00024435503291897476, 'eval_embedding_runtime': 9.183, 'eval_embedding_samples_per_second': 52.271, 'eval_embedding_steps_per_second': 6.534, 'epoch': 1.0}
{'embedding_loss': 0.0028, 'grad_norm': 0.027582131326198578, 'learning_rate': 1.469135802469136e-05, 'epoch': 1.02}
{'embedding_loss': 0.0003, 'grad_norm': 0.02063671126961708, 'learning_rate': 1.4005486968449933e-05, 'epoch': 1.11}
{'embedding_loss': 0.0003, 'grad_norm': 0.03038886748254299, 'learning_rate': 1.3319615912208505e-05, 'epoch': 1.2}
{'embedding_loss': 0.0002, 'grad_norm': 0.02517382614314556, 'learning_rate': 1.2633744855967079e-05, 'epoch': 1.3}
{'embedding_loss': 0.0002, 'grad_norm': 0.006964324973523617, 'learning_rate': 1.1947873799725653e-05, 'epoch': 1.39}
{'embedding_loss': 0.0001, 'grad_norm': 0.002552610356360674, 'learning_rate': 1.1262002743484225e-05, 'epoch': 1.48}
{'embedding_loss': 0.0001, 'grad_norm': 0.018796740099787712, 'learning_rate': 1.0576131687242799e-05, 'epoch': 1.57}
{'embedding_loss': 0.0001, 'grad_norm': 0.006438954267650843, 'learning_rate': 9.890260631001373e-06, 'epoch': 1.67}
{'embedding_loss': 0.0001, 'grad_norm': 0.006957139354199171, 'learning_rate': 9.204389574759945e-06, 'epoch': 1.76}
{'embedding_loss': 0.0001, 'grad_norm': 0.00789092667400837, 'learning_rate': 8.518518518518519e-06, 'epoch': 1.85}
{'embedding_loss': 0.0001, 'grad_norm': 0.005192941520363092, 'learning_rate': 7.832647462277091e-06, 'epoch': 1.94}
{'eval_embedding_loss': 6.893703539390117e-05, 'eval_embedding_runtime': 9.4487, 'eval_embedding_samples_per_second': 50.801, 'eval_embedding_steps_per_second': 6.35, 'epoch': 2.0}
{'embedding_loss': 0.0001, 'grad_norm': 0.011256339959800243, 'learning_rate': 7.146776406035666e-06, 'epoch': 2.04}
{'embedding_loss': 0.0001, 'grad_norm': 0.004636697005480528, 'learning_rate': 6.460905349794238e-06, 'epoch': 2.13}
{'embedding_loss': 0.0001, 'grad_norm': 0.0028937666211277246, 'learning_rate': 5.775034293552812e-06, 'epoch': 2.22}
{'embedding_loss': 0.0001, 'grad_norm': 0.0055585284717381, 'learning_rate': 5.089163237311386e-06, 'epoch': 2.31}
{'embedding_loss': 0.0001, 'grad_norm': 0.014550636522471905, 'learning_rate': 4.403292181069959e-06, 'epoch': 2.41}
{'embedding_loss': 0.0001, 'grad_norm': 0.004826701711863279, 'learning_rate': 3.7174211248285326e-06, 'epoch': 2.5}
{'embedding_loss': 0.0001, 'grad_norm': 0.01796935498714447, 'learning_rate': 3.0315500685871057e-06, 'epoch': 2.59}
{'embedding_loss': 0.0001, 'grad_norm': 0.01297205500304699, 'learning_rate': 2.345679012345679e-06, 'epoch': 2.69}
{'embedding_loss': 0.0, 'grad_norm': 0.003038788679987192, 'learning_rate': 1.6598079561042526e-06, 'epoch': 2.78}
{'embedding_loss': 0.0001, 'grad_norm': 0.00791237037628889, 'learning_rate': 9.73936899862826e-07, 'epoch': 2.87}
{'embedding_loss': 0.0001, 'grad_norm': 0.0020890654996037483, 'learning_rate': 2.880658436213992e-07, 'epoch': 2.96}
{'eval_embedding_loss': 8.301653724629432e-05, 'eval_embedding_runtime': 9.524, 'eval_embedding_samples_per_second': 50.399, 'eval_embedding_steps_per_second': 6.3, 'epoch': 3.0}
{'train_runtime': 685.6655, 'train_samples_per_second': 18.901, 'train_steps_per_second': 2.363, 'train_loss': 0.016473247775632634, 'epoch': 3.0}

🔍 Evaluation Metrics
----------------------------------------
📊 Label Distribution:
  Label Not Data Journalism: 14
  Label Data Journalism: 4
  Label Half Data Journalism: 2

✅ Overall Metrics:
  Accuracy : 1.0000
  Precision: 1.0000
  Recall   : 1.0000
  F1       : 1.0000

🧩 Confusion Matrix:
  [4, 0, 0]
  [0, 2, 0]
  [0, 0, 14]

📌 Per-Class Metrics:
  Class Data Journalism: TP=4, FP=0, FN=0, TN=16
  Class Half Data Journalism: TP=2, FP=0, FN=0, TN=18
  Class Not Data Journalism: TP=14, FP=0, FN=0, TN=6
----------------------------------------
Fold finished F1 Score: 1.0 1.0 None
Fold 3/5
Loading model from HPC local scratch: /tmp/shapovalov_setfit_model_cache_1386162
{'embedding_loss': 0.3668, 'grad_norm': 3.4851067066192627, 'learning_rate': 0.0, 'epoch': 0.0}
{'embedding_loss': 0.2431, 'grad_norm': 1.49964439868927, 'learning_rate': 6.049382716049383e-06, 'epoch': 0.09}
{'embedding_loss': 0.1388, 'grad_norm': 3.439271926879883, 'learning_rate': 1.2222222222222224e-05, 'epoch': 0.19}
{'embedding_loss': 0.0504, 'grad_norm': 0.23402249813079834, 'learning_rate': 1.8395061728395062e-05, 'epoch': 0.28}
{'embedding_loss': 0.0335, 'grad_norm': 0.05165650323033333, 'learning_rate': 1.9492455418381347e-05, 'epoch': 0.37}
{'embedding_loss': 0.0367, 'grad_norm': 0.06737946718931198, 'learning_rate': 1.8806584362139917e-05, 'epoch': 0.46}
{'embedding_loss': 0.0193, 'grad_norm': 0.07267402857542038, 'learning_rate': 1.812071330589849e-05, 'epoch': 0.56}
{'embedding_loss': 0.0068, 'grad_norm': 0.25071343779563904, 'learning_rate': 1.7434842249657065e-05, 'epoch': 0.65}
{'embedding_loss': 0.0066, 'grad_norm': 0.03527524322271347, 'learning_rate': 1.674897119341564e-05, 'epoch': 0.74}
{'embedding_loss': 0.0052, 'grad_norm': 0.01918317936360836, 'learning_rate': 1.6063100137174213e-05, 'epoch': 0.83}
{'embedding_loss': 0.0053, 'grad_norm': 0.05747132748365402, 'learning_rate': 1.5377229080932784e-05, 'epoch': 0.93}
{'eval_embedding_loss': 0.00022656786313746125, 'eval_embedding_runtime': 9.7166, 'eval_embedding_samples_per_second': 49.4, 'eval_embedding_steps_per_second': 6.175, 'epoch': 1.0}
{'embedding_loss': 0.0047, 'grad_norm': 0.06055634096264839, 'learning_rate': 1.469135802469136e-05, 'epoch': 1.02}
{'embedding_loss': 0.003, 'grad_norm': 0.07768069207668304, 'learning_rate': 1.4005486968449933e-05, 'epoch': 1.11}
{'embedding_loss': 0.0041, 'grad_norm': 0.031023334711790085, 'learning_rate': 1.3319615912208505e-05, 'epoch': 1.2}
{'embedding_loss': 0.0016, 'grad_norm': 0.029281919822096825, 'learning_rate': 1.2633744855967079e-05, 'epoch': 1.3}
{'embedding_loss': 0.0003, 'grad_norm': 0.008305580355226994, 'learning_rate': 1.1947873799725653e-05, 'epoch': 1.39}
{'embedding_loss': 0.0002, 'grad_norm': 0.010420180857181549, 'learning_rate': 1.1262002743484225e-05, 'epoch': 1.48}
{'embedding_loss': 0.0001, 'grad_norm': 0.011430393904447556, 'learning_rate': 1.0576131687242799e-05, 'epoch': 1.57}
{'embedding_loss': 0.0001, 'grad_norm': 0.008852902799844742, 'learning_rate': 9.890260631001373e-06, 'epoch': 1.67}
{'embedding_loss': 0.0001, 'grad_norm': 0.006546963006258011, 'learning_rate': 9.204389574759945e-06, 'epoch': 1.76}
{'embedding_loss': 0.0001, 'grad_norm': 0.0033194872085005045, 'learning_rate': 8.518518518518519e-06, 'epoch': 1.85}
{'embedding_loss': 0.0001, 'grad_norm': 0.01554705761373043, 'learning_rate': 7.832647462277091e-06, 'epoch': 1.94}
{'eval_embedding_loss': 7.669610931770876e-05, 'eval_embedding_runtime': 8.8828, 'eval_embedding_samples_per_second': 54.037, 'eval_embedding_steps_per_second': 6.755, 'epoch': 2.0}
{'embedding_loss': 0.0001, 'grad_norm': 0.0010660176631063223, 'learning_rate': 7.146776406035666e-06, 'epoch': 2.04}
{'embedding_loss': 0.0001, 'grad_norm': 0.011861501261591911, 'learning_rate': 6.460905349794238e-06, 'epoch': 2.13}
{'embedding_loss': 0.0001, 'grad_norm': 0.0033228672109544277, 'learning_rate': 5.775034293552812e-06, 'epoch': 2.22}
{'embedding_loss': 0.0001, 'grad_norm': 0.0076480433344841, 'learning_rate': 5.089163237311386e-06, 'epoch': 2.31}
{'embedding_loss': 0.0, 'grad_norm': 0.006310417316854, 'learning_rate': 4.403292181069959e-06, 'epoch': 2.41}
{'embedding_loss': 0.0001, 'grad_norm': 0.003643423318862915, 'learning_rate': 3.7174211248285326e-06, 'epoch': 2.5}
{'embedding_loss': 0.0, 'grad_norm': 0.009121468290686607, 'learning_rate': 3.0315500685871057e-06, 'epoch': 2.59}
{'embedding_loss': 0.0, 'grad_norm': 0.004814459942281246, 'learning_rate': 2.345679012345679e-06, 'epoch': 2.69}
{'embedding_loss': 0.0001, 'grad_norm': 0.0026012917514890432, 'learning_rate': 1.6598079561042526e-06, 'epoch': 2.78}
{'embedding_loss': 0.0001, 'grad_norm': 0.004962929990142584, 'learning_rate': 9.73936899862826e-07, 'epoch': 2.87}
{'embedding_loss': 0.0, 'grad_norm': 0.00892865750938654, 'learning_rate': 2.880658436213992e-07, 'epoch': 2.96}
{'eval_embedding_loss': 6.283273978624493e-05, 'eval_embedding_runtime': 9.2386, 'eval_embedding_samples_per_second': 51.956, 'eval_embedding_steps_per_second': 6.494, 'epoch': 3.0}
{'train_runtime': 688.4188, 'train_samples_per_second': 18.826, 'train_steps_per_second': 2.353, 'train_loss': 0.01738297212265294, 'epoch': 3.0}

🔍 Evaluation Metrics
----------------------------------------
📊 Label Distribution:
  Label Not Data Journalism: 13
  Label Half Data Journalism: 2
  Label Data Journalism: 5

✅ Overall Metrics:
  Accuracy : 1.0000
  Precision: 1.0000
  Recall   : 1.0000
  F1       : 1.0000

🧩 Confusion Matrix:
  [5, 0, 0]
  [0, 2, 0]
  [0, 0, 13]

📌 Per-Class Metrics:
  Class Data Journalism: TP=5, FP=0, FN=0, TN=15
  Class Half Data Journalism: TP=2, FP=0, FN=0, TN=18
  Class Not Data Journalism: TP=13, FP=0, FN=0, TN=7
----------------------------------------
Fold finished F1 Score: 1.0 1.0 None
Fold 4/5
Loading model from HPC local scratch: /tmp/shapovalov_setfit_model_cache_1386162
{'embedding_loss': 0.4083, 'grad_norm': 3.6230061054229736, 'learning_rate': 0.0, 'epoch': 0.0}
{'embedding_loss': 0.2387, 'grad_norm': 1.4123172760009766, 'learning_rate': 6.049382716049383e-06, 'epoch': 0.09}
{'embedding_loss': 0.1526, 'grad_norm': 0.5840427279472351, 'learning_rate': 1.2222222222222224e-05, 'epoch': 0.19}
{'embedding_loss': 0.0441, 'grad_norm': 0.3857135474681854, 'learning_rate': 1.8395061728395062e-05, 'epoch': 0.28}
{'embedding_loss': 0.0345, 'grad_norm': 0.635648250579834, 'learning_rate': 1.9492455418381347e-05, 'epoch': 0.37}
{'embedding_loss': 0.0237, 'grad_norm': 0.7691236734390259, 'learning_rate': 1.8806584362139917e-05, 'epoch': 0.46}
{'embedding_loss': 0.0072, 'grad_norm': 0.04297146201133728, 'learning_rate': 1.812071330589849e-05, 'epoch': 0.56}
{'embedding_loss': 0.0075, 'grad_norm': 0.05686761438846588, 'learning_rate': 1.7434842249657065e-05, 'epoch': 0.65}
{'embedding_loss': 0.0031, 'grad_norm': 0.4289816915988922, 'learning_rate': 1.674897119341564e-05, 'epoch': 0.74}
{'embedding_loss': 0.0041, 'grad_norm': 0.05858964845538139, 'learning_rate': 1.6063100137174213e-05, 'epoch': 0.83}
{'embedding_loss': 0.005, 'grad_norm': 0.0200714860111475, 'learning_rate': 1.5377229080932784e-05, 'epoch': 0.93}
{'eval_embedding_loss': 0.013050929643213749, 'eval_embedding_runtime': 9.0027, 'eval_embedding_samples_per_second': 53.318, 'eval_embedding_steps_per_second': 6.665, 'epoch': 1.0}
{'embedding_loss': 0.0029, 'grad_norm': 0.011100567877292633, 'learning_rate': 1.469135802469136e-05, 'epoch': 1.02}
{'embedding_loss': 0.0023, 'grad_norm': 0.07607510685920715, 'learning_rate': 1.4005486968449933e-05, 'epoch': 1.11}
{'embedding_loss': 0.0004, 'grad_norm': 0.05150454491376877, 'learning_rate': 1.3319615912208505e-05, 'epoch': 1.2}
{'embedding_loss': 0.0001, 'grad_norm': 0.049236562103033066, 'learning_rate': 1.2633744855967079e-05, 'epoch': 1.3}
{'embedding_loss': 0.0002, 'grad_norm': 0.012349003925919533, 'learning_rate': 1.1947873799725653e-05, 'epoch': 1.39}
{'embedding_loss': 0.0002, 'grad_norm': 0.012395912781357765, 'learning_rate': 1.1262002743484225e-05, 'epoch': 1.48}
{'embedding_loss': 0.0001, 'grad_norm': 0.00517670251429081, 'learning_rate': 1.0576131687242799e-05, 'epoch': 1.57}
{'embedding_loss': 0.0001, 'grad_norm': 0.009621065109968185, 'learning_rate': 9.890260631001373e-06, 'epoch': 1.67}
{'embedding_loss': 0.0001, 'grad_norm': 0.01787526346743107, 'learning_rate': 9.204389574759945e-06, 'epoch': 1.76}
{'embedding_loss': 0.0001, 'grad_norm': 0.005632674787193537, 'learning_rate': 8.518518518518519e-06, 'epoch': 1.85}
{'embedding_loss': 0.0, 'grad_norm': 0.0047690956853330135, 'learning_rate': 7.832647462277091e-06, 'epoch': 1.94}
{'eval_embedding_loss': 0.00011746034579118714, 'eval_embedding_runtime': 8.62, 'eval_embedding_samples_per_second': 55.684, 'eval_embedding_steps_per_second': 6.961, 'epoch': 2.0}
{'embedding_loss': 0.0001, 'grad_norm': 0.010900823399424553, 'learning_rate': 7.146776406035666e-06, 'epoch': 2.04}
{'embedding_loss': 0.0001, 'grad_norm': 0.008696207776665688, 'learning_rate': 6.460905349794238e-06, 'epoch': 2.13}
{'embedding_loss': 0.0001, 'grad_norm': 0.008577422238886356, 'learning_rate': 5.775034293552812e-06, 'epoch': 2.22}
{'embedding_loss': 0.0001, 'grad_norm': 0.002623419975861907, 'learning_rate': 5.089163237311386e-06, 'epoch': 2.31}
{'embedding_loss': 0.0001, 'grad_norm': 0.005880731623619795, 'learning_rate': 4.403292181069959e-06, 'epoch': 2.41}
{'embedding_loss': 0.0001, 'grad_norm': 0.012473957613110542, 'learning_rate': 3.7174211248285326e-06, 'epoch': 2.5}
{'embedding_loss': 0.0, 'grad_norm': 0.014843307435512543, 'learning_rate': 3.0315500685871057e-06, 'epoch': 2.59}
{'embedding_loss': 0.0001, 'grad_norm': 0.006696266587823629, 'learning_rate': 2.345679012345679e-06, 'epoch': 2.69}
{'embedding_loss': 0.0, 'grad_norm': 0.006959652528166771, 'learning_rate': 1.6598079561042526e-06, 'epoch': 2.78}
{'embedding_loss': 0.0001, 'grad_norm': 0.006459146738052368, 'learning_rate': 9.73936899862826e-07, 'epoch': 2.87}
{'embedding_loss': 0.0, 'grad_norm': 0.003996055107563734, 'learning_rate': 2.880658436213992e-07, 'epoch': 2.96}
{'eval_embedding_loss': 0.00010144188854610547, 'eval_embedding_runtime': 8.7967, 'eval_embedding_samples_per_second': 54.566, 'eval_embedding_steps_per_second': 6.821, 'epoch': 3.0}
{'train_runtime': 689.1942, 'train_samples_per_second': 18.805, 'train_steps_per_second': 2.351, 'train_loss': 0.016387737239172025, 'epoch': 3.0}

🔍 Evaluation Metrics
----------------------------------------
📊 Label Distribution:
  Label Not Data Journalism: 13
  Label Data Journalism: 4
  Label Half Data Journalism: 3

✅ Overall Metrics:
  Accuracy : 1.0000
  Precision: 1.0000
  Recall   : 1.0000
  F1       : 1.0000

🧩 Confusion Matrix:
  [4, 0, 0]
  [0, 3, 0]
  [0, 0, 13]

📌 Per-Class Metrics:
  Class Data Journalism: TP=4, FP=0, FN=0, TN=16
  Class Half Data Journalism: TP=3, FP=0, FN=0, TN=17
  Class Not Data Journalism: TP=13, FP=0, FN=0, TN=7
----------------------------------------
Fold finished F1 Score: 1.0 1.0 None
Fold 5/5
Loading model from HPC local scratch: /tmp/shapovalov_setfit_model_cache_1386162
{'embedding_loss': 0.2594, 'grad_norm': 2.7141921520233154, 'learning_rate': 0.0, 'epoch': 0.0}
{'embedding_loss': 0.2369, 'grad_norm': 1.3894778490066528, 'learning_rate': 6.049382716049383e-06, 'epoch': 0.09}
{'embedding_loss': 0.1483, 'grad_norm': 0.8741840124130249, 'learning_rate': 1.2222222222222224e-05, 'epoch': 0.19}
{'embedding_loss': 0.0449, 'grad_norm': 1.4692211151123047, 'learning_rate': 1.8395061728395062e-05, 'epoch': 0.28}
{'embedding_loss': 0.0205, 'grad_norm': 0.2206733077764511, 'learning_rate': 1.9492455418381347e-05, 'epoch': 0.37}
{'embedding_loss': 0.025, 'grad_norm': 0.02452521026134491, 'learning_rate': 1.8806584362139917e-05, 'epoch': 0.46}
{'embedding_loss': 0.0018, 'grad_norm': 0.007063025608658791, 'learning_rate': 1.812071330589849e-05, 'epoch': 0.56}
{'embedding_loss': 0.0059, 'grad_norm': 0.013110507279634476, 'learning_rate': 1.7434842249657065e-05, 'epoch': 0.65}
{'embedding_loss': 0.0058, 'grad_norm': 0.1573636531829834, 'learning_rate': 1.674897119341564e-05, 'epoch': 0.74}
{'embedding_loss': 0.0042, 'grad_norm': 0.008260096423327923, 'learning_rate': 1.6063100137174213e-05, 'epoch': 0.83}
{'embedding_loss': 0.0056, 'grad_norm': 0.05613989010453224, 'learning_rate': 1.5377229080932784e-05, 'epoch': 0.93}
{'eval_embedding_loss': 0.021403465420007706, 'eval_embedding_runtime': 8.4987, 'eval_embedding_samples_per_second': 56.479, 'eval_embedding_steps_per_second': 7.06, 'epoch': 1.0}
{'embedding_loss': 0.0057, 'grad_norm': 0.04362606629729271, 'learning_rate': 1.469135802469136e-05, 'epoch': 1.02}
{'embedding_loss': 0.0027, 'grad_norm': 0.025826381519436836, 'learning_rate': 1.4005486968449933e-05, 'epoch': 1.11}
{'embedding_loss': 0.0037, 'grad_norm': 0.034812238067388535, 'learning_rate': 1.3319615912208505e-05, 'epoch': 1.2}
{'embedding_loss': 0.0045, 'grad_norm': 0.05392565205693245, 'learning_rate': 1.2633744855967079e-05, 'epoch': 1.3}
{'embedding_loss': 0.001, 'grad_norm': 0.010507465340197086, 'learning_rate': 1.1947873799725653e-05, 'epoch': 1.39}
{'embedding_loss': 0.0006, 'grad_norm': 0.005861571058630943, 'learning_rate': 1.1262002743484225e-05, 'epoch': 1.48}
{'embedding_loss': 0.0003, 'grad_norm': 0.024761678650975227, 'learning_rate': 1.0576131687242799e-05, 'epoch': 1.57}
{'embedding_loss': 0.0001, 'grad_norm': 0.005939835216850042, 'learning_rate': 9.890260631001373e-06, 'epoch': 1.67}
{'embedding_loss': 0.0001, 'grad_norm': 0.011794081889092922, 'learning_rate': 9.204389574759945e-06, 'epoch': 1.76}
{'embedding_loss': 0.0001, 'grad_norm': 0.026876216754317284, 'learning_rate': 8.518518518518519e-06, 'epoch': 1.85}
{'embedding_loss': 0.0, 'grad_norm': 0.011890550144016743, 'learning_rate': 7.832647462277091e-06, 'epoch': 1.94}
{'eval_embedding_loss': 0.0001675212406553328, 'eval_embedding_runtime': 8.5371, 'eval_embedding_samples_per_second': 56.225, 'eval_embedding_steps_per_second': 7.028, 'epoch': 2.0}
{'embedding_loss': 0.0001, 'grad_norm': 0.0023572174832224846, 'learning_rate': 7.146776406035666e-06, 'epoch': 2.04}
{'embedding_loss': 0.0001, 'grad_norm': 0.009847748093307018, 'learning_rate': 6.460905349794238e-06, 'epoch': 2.13}
{'embedding_loss': 0.0001, 'grad_norm': 0.005989112891256809, 'learning_rate': 5.775034293552812e-06, 'epoch': 2.22}
{'embedding_loss': 0.0001, 'grad_norm': 0.001990050310268998, 'learning_rate': 5.089163237311386e-06, 'epoch': 2.31}
{'embedding_loss': 0.0, 'grad_norm': 0.007114138919860125, 'learning_rate': 4.403292181069959e-06, 'epoch': 2.41}
{'embedding_loss': 0.0, 'grad_norm': 0.0036876234225928783, 'learning_rate': 3.7174211248285326e-06, 'epoch': 2.5}
{'embedding_loss': 0.0001, 'grad_norm': 0.005830572452396154, 'learning_rate': 3.0315500685871057e-06, 'epoch': 2.59}
{'embedding_loss': 0.0001, 'grad_norm': 0.058539822697639465, 'learning_rate': 2.345679012345679e-06, 'epoch': 2.69}
{'embedding_loss': 0.0, 'grad_norm': 0.005092954263091087, 'learning_rate': 1.6598079561042526e-06, 'epoch': 2.78}
{'embedding_loss': 0.0001, 'grad_norm': 0.007885636761784554, 'learning_rate': 9.73936899862826e-07, 'epoch': 2.87}
{'embedding_loss': 0.0001, 'grad_norm': 0.006269863341003656, 'learning_rate': 2.880658436213992e-07, 'epoch': 2.96}
{'eval_embedding_loss': 0.00014142475265543908, 'eval_embedding_runtime': 8.4056, 'eval_embedding_samples_per_second': 57.105, 'eval_embedding_steps_per_second': 7.138, 'epoch': 3.0}
{'train_runtime': 689.0951, 'train_samples_per_second': 18.807, 'train_steps_per_second': 2.351, 'train_loss': 0.016019153804590142, 'epoch': 3.0}

🔍 Evaluation Metrics
----------------------------------------
📊 Label Distribution:
  Label Not Data Journalism: 13
  Label Data Journalism: 4
  Label Half Data Journalism: 3

✅ Overall Metrics:
  Accuracy : 1.0000
  Precision: 1.0000
  Recall   : 1.0000
  F1       : 1.0000

🧩 Confusion Matrix:
  [4, 0, 0]
  [0, 3, 0]
  [0, 0, 13]

📌 Per-Class Metrics:
  Class Data Journalism: TP=4, FP=0, FN=0, TN=16
  Class Half Data Journalism: TP=3, FP=0, FN=0, TN=17
  Class Not Data Journalism: TP=13, FP=0, FN=0, TN=7
----------------------------------------
Fold finished F1 Score: 1.0 1.0 None
Average VRAM usage: 3358.36 MB, Max VRAM usage: 11347.93 MB
Trial 15 completed with avg fold F1 score: 1.0
Trial 16: {'num_iterations': 14, 'num_epochs': 2, 'batch_size': 8, 'head_lr': 4.298696158300354e-05}
Fold 1/5
Loading model from HPC local scratch: /tmp/shapovalov_setfit_model_cache_1386162
{'embedding_loss': 0.3481, 'grad_norm': 3.2261974811553955, 'learning_rate': 0.0, 'epoch': 0.0}
{'embedding_loss': 0.2304, 'grad_norm': 1.2930599451065063, 'learning_rate': 7.77777777777778e-06, 'epoch': 0.08}
{'embedding_loss': 0.1279, 'grad_norm': 0.601386308670044, 'learning_rate': 1.5714285714285715e-05, 'epoch': 0.16}
{'embedding_loss': 0.0426, 'grad_norm': 1.3284237384796143, 'learning_rate': 1.959435626102293e-05, 'epoch': 0.24}
{'embedding_loss': 0.0402, 'grad_norm': 0.9501311182975769, 'learning_rate': 1.871252204585538e-05, 'epoch': 0.32}
{'embedding_loss': 0.0143, 'grad_norm': 0.18713350594043732, 'learning_rate': 1.783068783068783e-05, 'epoch': 0.4}
{'embedding_loss': 0.01, 'grad_norm': 0.17083004117012024, 'learning_rate': 1.6948853615520284e-05, 'epoch': 0.48}
{'embedding_loss': 0.0087, 'grad_norm': 0.02418779581785202, 'learning_rate': 1.6067019400352734e-05, 'epoch': 0.56}
{'embedding_loss': 0.0004, 'grad_norm': 0.059222470968961716, 'learning_rate': 1.5185185185185187e-05, 'epoch': 0.63}
{'embedding_loss': 0.0003, 'grad_norm': 0.007691070903092623, 'learning_rate': 1.4303350970017638e-05, 'epoch': 0.71}
{'embedding_loss': 0.0002, 'grad_norm': 0.01212028507143259, 'learning_rate': 1.342151675485009e-05, 'epoch': 0.79}
{'embedding_loss': 0.0001, 'grad_norm': 0.004017780534923077, 'learning_rate': 1.253968253968254e-05, 'epoch': 0.87}
{'embedding_loss': 0.0001, 'grad_norm': 0.00927123986184597, 'learning_rate': 1.1657848324514993e-05, 'epoch': 0.95}
{'eval_embedding_loss': 0.00014215483679436147, 'eval_embedding_runtime': 13.9576, 'eval_embedding_samples_per_second': 40.122, 'eval_embedding_steps_per_second': 5.015, 'epoch': 1.0}
{'embedding_loss': 0.0001, 'grad_norm': 0.006139707751572132, 'learning_rate': 1.0776014109347444e-05, 'epoch': 1.03}
{'embedding_loss': 0.0001, 'grad_norm': 0.013950063847005367, 'learning_rate': 9.894179894179896e-06, 'epoch': 1.11}
{'embedding_loss': 0.0001, 'grad_norm': 0.005549872759729624, 'learning_rate': 9.012345679012346e-06, 'epoch': 1.19}
{'embedding_loss': 0.0001, 'grad_norm': 0.007944653742015362, 'learning_rate': 8.130511463844798e-06, 'epoch': 1.27}
{'embedding_loss': 0.0001, 'grad_norm': 0.0025705895386636257, 'learning_rate': 7.24867724867725e-06, 'epoch': 1.35}
{'embedding_loss': 0.0001, 'grad_norm': 0.006643706001341343, 'learning_rate': 6.366843033509701e-06, 'epoch': 1.43}
{'embedding_loss': 0.0001, 'grad_norm': 0.004980932455509901, 'learning_rate': 5.485008818342153e-06, 'epoch': 1.51}
{'embedding_loss': 0.0001, 'grad_norm': 0.009986909106373787, 'learning_rate': 4.603174603174604e-06, 'epoch': 1.59}
{'embedding_loss': 0.0001, 'grad_norm': 0.011145131662487984, 'learning_rate': 3.7213403880070548e-06, 'epoch': 1.67}
{'embedding_loss': 0.0001, 'grad_norm': 0.0040216995403170586, 'learning_rate': 2.8395061728395062e-06, 'epoch': 1.75}
{'embedding_loss': 0.0001, 'grad_norm': 0.017035076394677162, 'learning_rate': 1.9576719576719577e-06, 'epoch': 1.83}
{'embedding_loss': 0.0001, 'grad_norm': 0.01366373524069786, 'learning_rate': 1.0758377425044092e-06, 'epoch': 1.9}
{'embedding_loss': 0.0001, 'grad_norm': 0.0017295446014031768, 'learning_rate': 1.940035273368607e-07, 'epoch': 1.98}
{'eval_embedding_loss': 9.672188753029332e-05, 'eval_embedding_runtime': 11.2441, 'eval_embedding_samples_per_second': 49.804, 'eval_embedding_steps_per_second': 6.225, 'epoch': 2.0}
{'train_runtime': 538.4594, 'train_samples_per_second': 18.72, 'train_steps_per_second': 2.34, 'train_loss': 0.018987478809810006, 'epoch': 2.0}

🔍 Evaluation Metrics
----------------------------------------
📊 Label Distribution:
  Label Data Journalism: 4
  Label Half Data Journalism: 2
  Label Not Data Journalism: 14

✅ Overall Metrics:
  Accuracy : 1.0000
  Precision: 1.0000
  Recall   : 1.0000
  F1       : 1.0000

🧩 Confusion Matrix:
  [4, 0, 0]
  [0, 2, 0]
  [0, 0, 14]

📌 Per-Class Metrics:
  Class Data Journalism: TP=4, FP=0, FN=0, TN=16
  Class Half Data Journalism: TP=2, FP=0, FN=0, TN=18
  Class Not Data Journalism: TP=14, FP=0, FN=0, TN=6
----------------------------------------
Fold finished F1 Score: 1.0 1.0 None
Fold 2/5
Loading model from HPC local scratch: /tmp/shapovalov_setfit_model_cache_1386162
{'embedding_loss': 0.3751, 'grad_norm': 3.1932528018951416, 'learning_rate': 0.0, 'epoch': 0.0}
{'embedding_loss': 0.24, 'grad_norm': 1.3378758430480957, 'learning_rate': 7.77777777777778e-06, 'epoch': 0.08}
{'embedding_loss': 0.1343, 'grad_norm': 1.4071704149246216, 'learning_rate': 1.5714285714285715e-05, 'epoch': 0.16}
{'embedding_loss': 0.037, 'grad_norm': 0.06254372745752335, 'learning_rate': 1.959435626102293e-05, 'epoch': 0.24}
{'embedding_loss': 0.0249, 'grad_norm': 0.1939689666032791, 'learning_rate': 1.871252204585538e-05, 'epoch': 0.32}
{'embedding_loss': 0.0186, 'grad_norm': 0.1343768984079361, 'learning_rate': 1.783068783068783e-05, 'epoch': 0.4}
{'embedding_loss': 0.025, 'grad_norm': 1.0267906188964844, 'learning_rate': 1.6948853615520284e-05, 'epoch': 0.48}
{'embedding_loss': 0.016, 'grad_norm': 0.024527553468942642, 'learning_rate': 1.6067019400352734e-05, 'epoch': 0.56}
{'embedding_loss': 0.0058, 'grad_norm': 0.014752368442714214, 'learning_rate': 1.5185185185185187e-05, 'epoch': 0.63}
{'embedding_loss': 0.0007, 'grad_norm': 0.06161709874868393, 'learning_rate': 1.4303350970017638e-05, 'epoch': 0.71}
{'embedding_loss': 0.0004, 'grad_norm': 0.007185754831880331, 'learning_rate': 1.342151675485009e-05, 'epoch': 0.79}
{'embedding_loss': 0.0005, 'grad_norm': 0.02892276458442211, 'learning_rate': 1.253968253968254e-05, 'epoch': 0.87}
{'embedding_loss': 0.0003, 'grad_norm': 0.011670778505504131, 'learning_rate': 1.1657848324514993e-05, 'epoch': 0.95}
{'eval_embedding_loss': 0.00010516268230276182, 'eval_embedding_runtime': 10.8983, 'eval_embedding_samples_per_second': 51.384, 'eval_embedding_steps_per_second': 6.423, 'epoch': 1.0}
{'embedding_loss': 0.0002, 'grad_norm': 0.007834621705114841, 'learning_rate': 1.0776014109347444e-05, 'epoch': 1.03}
{'embedding_loss': 0.0001, 'grad_norm': 0.006189542822539806, 'learning_rate': 9.894179894179896e-06, 'epoch': 1.11}
{'embedding_loss': 0.0001, 'grad_norm': 0.022315554320812225, 'learning_rate': 9.012345679012346e-06, 'epoch': 1.19}
{'embedding_loss': 0.0001, 'grad_norm': 0.01124147605150938, 'learning_rate': 8.130511463844798e-06, 'epoch': 1.27}
{'embedding_loss': 0.0002, 'grad_norm': 0.0409160740673542, 'learning_rate': 7.24867724867725e-06, 'epoch': 1.35}
{'embedding_loss': 0.0001, 'grad_norm': 0.004581766668707132, 'learning_rate': 6.366843033509701e-06, 'epoch': 1.43}
{'embedding_loss': 0.0001, 'grad_norm': 0.003955624997615814, 'learning_rate': 5.485008818342153e-06, 'epoch': 1.51}
{'embedding_loss': 0.0001, 'grad_norm': 0.011264058761298656, 'learning_rate': 4.603174603174604e-06, 'epoch': 1.59}
{'embedding_loss': 0.0001, 'grad_norm': 0.006425509229302406, 'learning_rate': 3.7213403880070548e-06, 'epoch': 1.67}
{'embedding_loss': 0.0001, 'grad_norm': 0.007083746138960123, 'learning_rate': 2.8395061728395062e-06, 'epoch': 1.75}
{'embedding_loss': 0.0001, 'grad_norm': 0.005777428392320871, 'learning_rate': 1.9576719576719577e-06, 'epoch': 1.83}
{'embedding_loss': 0.0001, 'grad_norm': 0.0114770932123065, 'learning_rate': 1.0758377425044092e-06, 'epoch': 1.9}
{'embedding_loss': 0.0001, 'grad_norm': 0.004706492181867361, 'learning_rate': 1.940035273368607e-07, 'epoch': 1.98}
{'eval_embedding_loss': 7.212775381049141e-05, 'eval_embedding_runtime': 10.888, 'eval_embedding_samples_per_second': 51.433, 'eval_embedding_steps_per_second': 6.429, 'epoch': 2.0}
{'train_runtime': 539.2917, 'train_samples_per_second': 18.691, 'train_steps_per_second': 2.336, 'train_loss': 0.02013965508686231, 'epoch': 2.0}

🔍 Evaluation Metrics
----------------------------------------
📊 Label Distribution:
  Label Not Data Journalism: 14
  Label Data Journalism: 4
  Label Half Data Journalism: 2

✅ Overall Metrics:
  Accuracy : 1.0000
  Precision: 1.0000
  Recall   : 1.0000
  F1       : 1.0000

🧩 Confusion Matrix:
  [4, 0, 0]
  [0, 2, 0]
  [0, 0, 14]

📌 Per-Class Metrics:
  Class Data Journalism: TP=4, FP=0, FN=0, TN=16
  Class Half Data Journalism: TP=2, FP=0, FN=0, TN=18
  Class Not Data Journalism: TP=14, FP=0, FN=0, TN=6
----------------------------------------
Fold finished F1 Score: 1.0 1.0 None
Fold 3/5
Loading model from HPC local scratch: /tmp/shapovalov_setfit_model_cache_1386162
{'embedding_loss': 0.3095, 'grad_norm': 3.6427505016326904, 'learning_rate': 0.0, 'epoch': 0.0}
{'embedding_loss': 0.2429, 'grad_norm': 1.4253289699554443, 'learning_rate': 7.77777777777778e-06, 'epoch': 0.08}
{'embedding_loss': 0.1283, 'grad_norm': 1.3447983264923096, 'learning_rate': 1.5714285714285715e-05, 'epoch': 0.16}
{'embedding_loss': 0.0369, 'grad_norm': 0.3370231091976166, 'learning_rate': 1.959435626102293e-05, 'epoch': 0.24}
{'embedding_loss': 0.043, 'grad_norm': 0.9308565258979797, 'learning_rate': 1.871252204585538e-05, 'epoch': 0.32}
{'embedding_loss': 0.0218, 'grad_norm': 0.11634335666894913, 'learning_rate': 1.783068783068783e-05, 'epoch': 0.4}
{'embedding_loss': 0.0102, 'grad_norm': 0.08046238124370575, 'learning_rate': 1.6948853615520284e-05, 'epoch': 0.48}
{'embedding_loss': 0.0153, 'grad_norm': 0.0266004279255867, 'learning_rate': 1.6067019400352734e-05, 'epoch': 0.56}
{'embedding_loss': 0.0032, 'grad_norm': 0.035976141691207886, 'learning_rate': 1.5185185185185187e-05, 'epoch': 0.63}
{'embedding_loss': 0.0066, 'grad_norm': 0.011019651778042316, 'learning_rate': 1.4303350970017638e-05, 'epoch': 0.71}
{'embedding_loss': 0.0027, 'grad_norm': 0.2631290853023529, 'learning_rate': 1.342151675485009e-05, 'epoch': 0.79}
{'embedding_loss': 0.0008, 'grad_norm': 0.002767768921330571, 'learning_rate': 1.253968253968254e-05, 'epoch': 0.87}
{'embedding_loss': 0.0007, 'grad_norm': 0.017044363543391228, 'learning_rate': 1.1657848324514993e-05, 'epoch': 0.95}
{'eval_embedding_loss': 0.00013677688548341393, 'eval_embedding_runtime': 10.2614, 'eval_embedding_samples_per_second': 54.574, 'eval_embedding_steps_per_second': 6.822, 'epoch': 1.0}
{'embedding_loss': 0.0005, 'grad_norm': 0.09002882242202759, 'learning_rate': 1.0776014109347444e-05, 'epoch': 1.03}
{'embedding_loss': 0.0002, 'grad_norm': 0.008106036111712456, 'learning_rate': 9.894179894179896e-06, 'epoch': 1.11}
{'embedding_loss': 0.0002, 'grad_norm': 0.004236785229295492, 'learning_rate': 9.012345679012346e-06, 'epoch': 1.19}
{'embedding_loss': 0.0001, 'grad_norm': 0.0034644079860299826, 'learning_rate': 8.130511463844798e-06, 'epoch': 1.27}
{'embedding_loss': 0.0001, 'grad_norm': 0.008081281557679176, 'learning_rate': 7.24867724867725e-06, 'epoch': 1.35}
{'embedding_loss': 0.0002, 'grad_norm': 0.005934299901127815, 'learning_rate': 6.366843033509701e-06, 'epoch': 1.43}
{'embedding_loss': 0.0001, 'grad_norm': 0.00703460955992341, 'learning_rate': 5.485008818342153e-06, 'epoch': 1.51}
{'embedding_loss': 0.0001, 'grad_norm': 0.009534278884530067, 'learning_rate': 4.603174603174604e-06, 'epoch': 1.59}
{'embedding_loss': 0.0001, 'grad_norm': 0.0017554229125380516, 'learning_rate': 3.7213403880070548e-06, 'epoch': 1.67}
{'embedding_loss': 0.0002, 'grad_norm': 0.013032881543040276, 'learning_rate': 2.8395061728395062e-06, 'epoch': 1.75}
{'embedding_loss': 0.0001, 'grad_norm': 0.02446127124130726, 'learning_rate': 1.9576719576719577e-06, 'epoch': 1.83}
{'embedding_loss': 0.0001, 'grad_norm': 0.03328806906938553, 'learning_rate': 1.0758377425044092e-06, 'epoch': 1.9}
{'embedding_loss': 0.0002, 'grad_norm': 0.0018650873098522425, 'learning_rate': 1.940035273368607e-07, 'epoch': 1.98}
{'eval_embedding_loss': 7.154425111366436e-05, 'eval_embedding_runtime': 10.2918, 'eval_embedding_samples_per_second': 54.412, 'eval_embedding_steps_per_second': 6.802, 'epoch': 2.0}
{'train_runtime': 533.2187, 'train_samples_per_second': 18.904, 'train_steps_per_second': 2.363, 'train_loss': 0.020462372964608393, 'epoch': 2.0}

🔍 Evaluation Metrics
----------------------------------------
📊 Label Distribution:
  Label Not Data Journalism: 13
  Label Half Data Journalism: 2
  Label Data Journalism: 5

✅ Overall Metrics:
  Accuracy : 1.0000
  Precision: 1.0000
  Recall   : 1.0000
  F1       : 1.0000

🧩 Confusion Matrix:
  [5, 0, 0]
  [0, 2, 0]
  [0, 0, 13]

📌 Per-Class Metrics:
  Class Data Journalism: TP=5, FP=0, FN=0, TN=15
  Class Half Data Journalism: TP=2, FP=0, FN=0, TN=18
  Class Not Data Journalism: TP=13, FP=0, FN=0, TN=7
----------------------------------------
Fold finished F1 Score: 1.0 1.0 None
Fold 4/5
Loading model from HPC local scratch: /tmp/shapovalov_setfit_model_cache_1386162
{'embedding_loss': 0.2473, 'grad_norm': 3.0483310222625732, 'learning_rate': 0.0, 'epoch': 0.0}
{'embedding_loss': 0.2349, 'grad_norm': 1.2536725997924805, 'learning_rate': 7.77777777777778e-06, 'epoch': 0.08}
{'embedding_loss': 0.1209, 'grad_norm': 1.4336572885513306, 'learning_rate': 1.5714285714285715e-05, 'epoch': 0.16}
{'embedding_loss': 0.0415, 'grad_norm': 0.31545501947402954, 'learning_rate': 1.959435626102293e-05, 'epoch': 0.24}
{'embedding_loss': 0.0205, 'grad_norm': 0.15302447974681854, 'learning_rate': 1.871252204585538e-05, 'epoch': 0.32}
{'embedding_loss': 0.0195, 'grad_norm': 1.4384005069732666, 'learning_rate': 1.783068783068783e-05, 'epoch': 0.4}
{'embedding_loss': 0.0117, 'grad_norm': 0.03026944398880005, 'learning_rate': 1.6948853615520284e-05, 'epoch': 0.48}
{'embedding_loss': 0.0042, 'grad_norm': 0.06601159274578094, 'learning_rate': 1.6067019400352734e-05, 'epoch': 0.56}
{'embedding_loss': 0.0055, 'grad_norm': 0.3605251908302307, 'learning_rate': 1.5185185185185187e-05, 'epoch': 0.63}
{'embedding_loss': 0.0064, 'grad_norm': 0.008591121062636375, 'learning_rate': 1.4303350970017638e-05, 'epoch': 0.71}
{'embedding_loss': 0.0032, 'grad_norm': 0.0073603973723948, 'learning_rate': 1.342151675485009e-05, 'epoch': 0.79}
{'embedding_loss': 0.0023, 'grad_norm': 0.018043452873826027, 'learning_rate': 1.253968253968254e-05, 'epoch': 0.87}
{'embedding_loss': 0.0049, 'grad_norm': 0.003032526234164834, 'learning_rate': 1.1657848324514993e-05, 'epoch': 0.95}
{'eval_embedding_loss': 0.017491033300757408, 'eval_embedding_runtime': 10.2078, 'eval_embedding_samples_per_second': 54.86, 'eval_embedding_steps_per_second': 6.858, 'epoch': 1.0}
{'embedding_loss': 0.0005, 'grad_norm': 0.006759945303201675, 'learning_rate': 1.0776014109347444e-05, 'epoch': 1.03}
{'embedding_loss': 0.0019, 'grad_norm': 0.02910301648080349, 'learning_rate': 9.894179894179896e-06, 'epoch': 1.11}
{'embedding_loss': 0.0016, 'grad_norm': 0.007055323570966721, 'learning_rate': 9.012345679012346e-06, 'epoch': 1.19}
{'embedding_loss': 0.002, 'grad_norm': 0.007866038009524345, 'learning_rate': 8.130511463844798e-06, 'epoch': 1.27}
{'embedding_loss': 0.0004, 'grad_norm': 0.0037831987719982862, 'learning_rate': 7.24867724867725e-06, 'epoch': 1.35}
{'embedding_loss': 0.005, 'grad_norm': 0.018944747745990753, 'learning_rate': 6.366843033509701e-06, 'epoch': 1.43}
{'embedding_loss': 0.005, 'grad_norm': 0.8150879740715027, 'learning_rate': 5.485008818342153e-06, 'epoch': 1.51}
{'embedding_loss': 0.0038, 'grad_norm': 0.3815079629421234, 'learning_rate': 4.603174603174604e-06, 'epoch': 1.59}
{'embedding_loss': 0.0068, 'grad_norm': 0.01410162914544344, 'learning_rate': 3.7213403880070548e-06, 'epoch': 1.67}
{'embedding_loss': 0.003, 'grad_norm': 0.01590326428413391, 'learning_rate': 2.8395061728395062e-06, 'epoch': 1.75}
{'embedding_loss': 0.001, 'grad_norm': 0.0029209316708147526, 'learning_rate': 1.9576719576719577e-06, 'epoch': 1.83}
{'embedding_loss': 0.0004, 'grad_norm': 0.002055999357253313, 'learning_rate': 1.0758377425044092e-06, 'epoch': 1.9}
{'embedding_loss': 0.0015, 'grad_norm': 0.015145758166909218, 'learning_rate': 1.940035273368607e-07, 'epoch': 1.98}
{'eval_embedding_loss': 0.0014381951186805964, 'eval_embedding_runtime': 10.4194, 'eval_embedding_samples_per_second': 53.746, 'eval_embedding_steps_per_second': 6.718, 'epoch': 2.0}
{'train_runtime': 536.2567, 'train_samples_per_second': 18.797, 'train_steps_per_second': 2.35, 'train_loss': 0.02019127905368805, 'epoch': 2.0}

🔍 Evaluation Metrics
----------------------------------------
📊 Label Distribution:
  Label Not Data Journalism: 13
  Label Data Journalism: 4
  Label Half Data Journalism: 3

✅ Overall Metrics:
  Accuracy : 1.0000
  Precision: 1.0000
  Recall   : 1.0000
  F1       : 1.0000

🧩 Confusion Matrix:
  [4, 0, 0]
  [0, 3, 0]
  [0, 0, 13]

📌 Per-Class Metrics:
  Class Data Journalism: TP=4, FP=0, FN=0, TN=16
  Class Half Data Journalism: TP=3, FP=0, FN=0, TN=17
  Class Not Data Journalism: TP=13, FP=0, FN=0, TN=7
----------------------------------------
Fold finished F1 Score: 1.0 1.0 None
Fold 5/5
Loading model from HPC local scratch: /tmp/shapovalov_setfit_model_cache_1386162
{'embedding_loss': 0.3095, 'grad_norm': 3.2965927124023438, 'learning_rate': 0.0, 'epoch': 0.0}
{'embedding_loss': 0.2377, 'grad_norm': 1.4460890293121338, 'learning_rate': 7.77777777777778e-06, 'epoch': 0.08}
{'embedding_loss': 0.115, 'grad_norm': 2.799877405166626, 'learning_rate': 1.5714285714285715e-05, 'epoch': 0.16}
{'embedding_loss': 0.0448, 'grad_norm': 0.09486589580774307, 'learning_rate': 1.959435626102293e-05, 'epoch': 0.24}
{'embedding_loss': 0.0125, 'grad_norm': 0.07362599670886993, 'learning_rate': 1.871252204585538e-05, 'epoch': 0.32}
{'embedding_loss': 0.0165, 'grad_norm': 5.816477298736572, 'learning_rate': 1.783068783068783e-05, 'epoch': 0.4}
{'embedding_loss': 0.0078, 'grad_norm': 0.07599689811468124, 'learning_rate': 1.6948853615520284e-05, 'epoch': 0.48}
{'embedding_loss': 0.0055, 'grad_norm': 0.06686806678771973, 'learning_rate': 1.6067019400352734e-05, 'epoch': 0.56}
{'embedding_loss': 0.0014, 'grad_norm': 0.06592822074890137, 'learning_rate': 1.5185185185185187e-05, 'epoch': 0.63}
{'embedding_loss': 0.0043, 'grad_norm': 0.007283526938408613, 'learning_rate': 1.4303350970017638e-05, 'epoch': 0.71}
{'embedding_loss': 0.0012, 'grad_norm': 0.00309973256662488, 'learning_rate': 1.342151675485009e-05, 'epoch': 0.79}
{'embedding_loss': 0.0011, 'grad_norm': 0.013056961819529533, 'learning_rate': 1.253968253968254e-05, 'epoch': 0.87}
{'embedding_loss': 0.0001, 'grad_norm': 0.01432406809180975, 'learning_rate': 1.1657848324514993e-05, 'epoch': 0.95}
{'eval_embedding_loss': 0.0003375553060323, 'eval_embedding_runtime': 9.8426, 'eval_embedding_samples_per_second': 56.896, 'eval_embedding_steps_per_second': 7.112, 'epoch': 1.0}
{'embedding_loss': 0.0002, 'grad_norm': 0.010586081072688103, 'learning_rate': 1.0776014109347444e-05, 'epoch': 1.03}
{'embedding_loss': 0.0001, 'grad_norm': 0.010131529532372952, 'learning_rate': 9.894179894179896e-06, 'epoch': 1.11}
{'embedding_loss': 0.0001, 'grad_norm': 0.007582382764667273, 'learning_rate': 9.012345679012346e-06, 'epoch': 1.19}
{'embedding_loss': 0.0001, 'grad_norm': 0.013836761936545372, 'learning_rate': 8.130511463844798e-06, 'epoch': 1.27}
{'embedding_loss': 0.0001, 'grad_norm': 0.0038763515185564756, 'learning_rate': 7.24867724867725e-06, 'epoch': 1.35}
{'embedding_loss': 0.0001, 'grad_norm': 0.014167753048241138, 'learning_rate': 6.366843033509701e-06, 'epoch': 1.43}
{'embedding_loss': 0.0001, 'grad_norm': 0.003362133167684078, 'learning_rate': 5.485008818342153e-06, 'epoch': 1.51}
{'embedding_loss': 0.0001, 'grad_norm': 0.006665501743555069, 'learning_rate': 4.603174603174604e-06, 'epoch': 1.59}
{'embedding_loss': 0.0001, 'grad_norm': 0.01969987526535988, 'learning_rate': 3.7213403880070548e-06, 'epoch': 1.67}
{'embedding_loss': 0.0001, 'grad_norm': 0.0012848434271290898, 'learning_rate': 2.8395061728395062e-06, 'epoch': 1.75}
{'embedding_loss': 0.0, 'grad_norm': 0.003995510749518871, 'learning_rate': 1.9576719576719577e-06, 'epoch': 1.83}
{'embedding_loss': 0.0001, 'grad_norm': 0.00344073842279613, 'learning_rate': 1.0758377425044092e-06, 'epoch': 1.9}
{'embedding_loss': 0.0, 'grad_norm': 0.005302595905959606, 'learning_rate': 1.940035273368607e-07, 'epoch': 1.98}
{'eval_embedding_loss': 9.899288124870509e-05, 'eval_embedding_runtime': 9.7635, 'eval_embedding_samples_per_second': 57.356, 'eval_embedding_steps_per_second': 7.17, 'epoch': 2.0}
{'train_runtime': 535.2876, 'train_samples_per_second': 18.831, 'train_steps_per_second': 2.354, 'train_loss': 0.017879602320733413, 'epoch': 2.0}

🔍 Evaluation Metrics
----------------------------------------
📊 Label Distribution:
  Label Not Data Journalism: 13
  Label Data Journalism: 4
  Label Half Data Journalism: 3

✅ Overall Metrics:
  Accuracy : 1.0000
  Precision: 1.0000
  Recall   : 1.0000
  F1       : 1.0000

🧩 Confusion Matrix:
  [4, 0, 0]
  [0, 3, 0]
  [0, 0, 13]

📌 Per-Class Metrics:
  Class Data Journalism: TP=4, FP=0, FN=0, TN=16
  Class Half Data Journalism: TP=3, FP=0, FN=0, TN=17
  Class Not Data Journalism: TP=13, FP=0, FN=0, TN=7
----------------------------------------
Fold finished F1 Score: 1.0 1.0 None
Average VRAM usage: 3488.94 MB, Max VRAM usage: 11425.28 MB
Trial 16 completed with avg fold F1 score: 1.0
Trial 17: {'num_iterations': 12, 'num_epochs': 3, 'batch_size': 8, 'head_lr': 3.328935590408487e-05}
Fold 1/5
Loading model from HPC local scratch: /tmp/shapovalov_setfit_model_cache_1386162
{'embedding_loss': 0.2862, 'grad_norm': 6.102879524230957, 'learning_rate': 0.0, 'epoch': 0.0}
{'embedding_loss': 0.2424, 'grad_norm': 1.9150289297103882, 'learning_rate': 6.049382716049383e-06, 'epoch': 0.09}
{'embedding_loss': 0.136, 'grad_norm': 1.5228681564331055, 'learning_rate': 1.2222222222222224e-05, 'epoch': 0.19}
{'embedding_loss': 0.0578, 'grad_norm': 1.3489413261413574, 'learning_rate': 1.8395061728395062e-05, 'epoch': 0.28}
{'embedding_loss': 0.0366, 'grad_norm': 2.023838996887207, 'learning_rate': 1.9492455418381347e-05, 'epoch': 0.37}
{'embedding_loss': 0.0203, 'grad_norm': 0.6874697208404541, 'learning_rate': 1.8806584362139917e-05, 'epoch': 0.46}
{'embedding_loss': 0.0086, 'grad_norm': 0.04173484817147255, 'learning_rate': 1.812071330589849e-05, 'epoch': 0.56}
{'embedding_loss': 0.0079, 'grad_norm': 0.02047216147184372, 'learning_rate': 1.7434842249657065e-05, 'epoch': 0.65}
{'embedding_loss': 0.0058, 'grad_norm': 0.02690393663942814, 'learning_rate': 1.674897119341564e-05, 'epoch': 0.74}
{'embedding_loss': 0.0042, 'grad_norm': 0.02622915245592594, 'learning_rate': 1.6063100137174213e-05, 'epoch': 0.83}
{'embedding_loss': 0.0002, 'grad_norm': 0.044017963111400604, 'learning_rate': 1.5377229080932784e-05, 'epoch': 0.93}
{'eval_embedding_loss': 0.0001069719364750199, 'eval_embedding_runtime': 9.5953, 'eval_embedding_samples_per_second': 50.025, 'eval_embedding_steps_per_second': 6.253, 'epoch': 1.0}
{'embedding_loss': 0.0003, 'grad_norm': 0.012667044065892696, 'learning_rate': 1.469135802469136e-05, 'epoch': 1.02}
{'embedding_loss': 0.0002, 'grad_norm': 0.007292474620044231, 'learning_rate': 1.4005486968449933e-05, 'epoch': 1.11}
{'embedding_loss': 0.0001, 'grad_norm': 0.020995570346713066, 'learning_rate': 1.3319615912208505e-05, 'epoch': 1.2}
{'embedding_loss': 0.0001, 'grad_norm': 0.016996266320347786, 'learning_rate': 1.2633744855967079e-05, 'epoch': 1.3}
{'embedding_loss': 0.0001, 'grad_norm': 0.008856644853949547, 'learning_rate': 1.1947873799725653e-05, 'epoch': 1.39}
{'embedding_loss': 0.0001, 'grad_norm': 0.038032166659832, 'learning_rate': 1.1262002743484225e-05, 'epoch': 1.48}
{'embedding_loss': 0.0001, 'grad_norm': 0.010799012146890163, 'learning_rate': 1.0576131687242799e-05, 'epoch': 1.57}
{'embedding_loss': 0.0001, 'grad_norm': 0.013764950446784496, 'learning_rate': 9.890260631001373e-06, 'epoch': 1.67}
{'embedding_loss': 0.0001, 'grad_norm': 0.0043081375770270824, 'learning_rate': 9.204389574759945e-06, 'epoch': 1.76}
{'embedding_loss': 0.0, 'grad_norm': 0.0032466971315443516, 'learning_rate': 8.518518518518519e-06, 'epoch': 1.85}
{'embedding_loss': 0.0001, 'grad_norm': 0.008028258569538593, 'learning_rate': 7.832647462277091e-06, 'epoch': 1.94}
{'eval_embedding_loss': 4.3802989239338785e-05, 'eval_embedding_runtime': 9.5566, 'eval_embedding_samples_per_second': 50.227, 'eval_embedding_steps_per_second': 6.278, 'epoch': 2.0}
{'embedding_loss': 0.0001, 'grad_norm': 0.002714921021834016, 'learning_rate': 7.146776406035666e-06, 'epoch': 2.04}
{'embedding_loss': 0.0, 'grad_norm': 0.009210377000272274, 'learning_rate': 6.460905349794238e-06, 'epoch': 2.13}
{'embedding_loss': 0.0001, 'grad_norm': 0.003739348379895091, 'learning_rate': 5.775034293552812e-06, 'epoch': 2.22}
{'embedding_loss': 0.0, 'grad_norm': 0.0038788355886936188, 'learning_rate': 5.089163237311386e-06, 'epoch': 2.31}
{'embedding_loss': 0.0, 'grad_norm': 0.0026920235250145197, 'learning_rate': 4.403292181069959e-06, 'epoch': 2.41}
{'embedding_loss': 0.0001, 'grad_norm': 0.007011805661022663, 'learning_rate': 3.7174211248285326e-06, 'epoch': 2.5}
{'embedding_loss': 0.0, 'grad_norm': 0.0012443657033145428, 'learning_rate': 3.0315500685871057e-06, 'epoch': 2.59}
{'embedding_loss': 0.0, 'grad_norm': 0.0019043103093281388, 'learning_rate': 2.345679012345679e-06, 'epoch': 2.69}
{'embedding_loss': 0.0, 'grad_norm': 0.003971864003688097, 'learning_rate': 1.6598079561042526e-06, 'epoch': 2.78}
{'embedding_loss': 0.0, 'grad_norm': 0.0043631624430418015, 'learning_rate': 9.73936899862826e-07, 'epoch': 2.87}
{'embedding_loss': 0.0, 'grad_norm': 0.013950551860034466, 'learning_rate': 2.880658436213992e-07, 'epoch': 2.96}
{'eval_embedding_loss': 4.334117693360895e-05, 'eval_embedding_runtime': 9.661, 'eval_embedding_samples_per_second': 49.684, 'eval_embedding_steps_per_second': 6.211, 'epoch': 3.0}
{'train_runtime': 687.5554, 'train_samples_per_second': 18.849, 'train_steps_per_second': 2.356, 'train_loss': 0.01611781463642852, 'epoch': 3.0}

🔍 Evaluation Metrics
----------------------------------------
📊 Label Distribution:
  Label Data Journalism: 4
  Label Half Data Journalism: 2
  Label Not Data Journalism: 14

✅ Overall Metrics:
  Accuracy : 1.0000
  Precision: 1.0000
  Recall   : 1.0000
  F1       : 1.0000

🧩 Confusion Matrix:
  [4, 0, 0]
  [0, 2, 0]
  [0, 0, 14]

📌 Per-Class Metrics:
  Class Data Journalism: TP=4, FP=0, FN=0, TN=16
  Class Half Data Journalism: TP=2, FP=0, FN=0, TN=18
  Class Not Data Journalism: TP=14, FP=0, FN=0, TN=6
----------------------------------------
Fold finished F1 Score: 1.0 1.0 None
Fold 2/5
Loading model from HPC local scratch: /tmp/shapovalov_setfit_model_cache_1386162
{'embedding_loss': 0.3664, 'grad_norm': 3.230531692504883, 'learning_rate': 0.0, 'epoch': 0.0}
{'embedding_loss': 0.2265, 'grad_norm': 1.847136378288269, 'learning_rate': 6.049382716049383e-06, 'epoch': 0.09}
{'embedding_loss': 0.1449, 'grad_norm': 1.1222015619277954, 'learning_rate': 1.2222222222222224e-05, 'epoch': 0.19}
{'embedding_loss': 0.0585, 'grad_norm': 1.0963090658187866, 'learning_rate': 1.8395061728395062e-05, 'epoch': 0.28}
{'embedding_loss': 0.0449, 'grad_norm': 0.9011576175689697, 'learning_rate': 1.9492455418381347e-05, 'epoch': 0.37}
{'embedding_loss': 0.0187, 'grad_norm': 0.3433081805706024, 'learning_rate': 1.8806584362139917e-05, 'epoch': 0.46}
{'embedding_loss': 0.0101, 'grad_norm': 0.041067883372306824, 'learning_rate': 1.812071330589849e-05, 'epoch': 0.56}
{'embedding_loss': 0.0088, 'grad_norm': 0.061253566294908524, 'learning_rate': 1.7434842249657065e-05, 'epoch': 0.65}
{'embedding_loss': 0.0056, 'grad_norm': 0.7973949909210205, 'learning_rate': 1.674897119341564e-05, 'epoch': 0.74}
{'embedding_loss': 0.0023, 'grad_norm': 0.03161098062992096, 'learning_rate': 1.6063100137174213e-05, 'epoch': 0.83}
{'embedding_loss': 0.0055, 'grad_norm': 0.05714903026819229, 'learning_rate': 1.5377229080932784e-05, 'epoch': 0.93}
{'eval_embedding_loss': 0.00024435503291897476, 'eval_embedding_runtime': 9.2035, 'eval_embedding_samples_per_second': 52.154, 'eval_embedding_steps_per_second': 6.519, 'epoch': 1.0}
{'embedding_loss': 0.0028, 'grad_norm': 0.027582131326198578, 'learning_rate': 1.469135802469136e-05, 'epoch': 1.02}
{'embedding_loss': 0.0003, 'grad_norm': 0.02063671126961708, 'learning_rate': 1.4005486968449933e-05, 'epoch': 1.11}
{'embedding_loss': 0.0003, 'grad_norm': 0.03038886748254299, 'learning_rate': 1.3319615912208505e-05, 'epoch': 1.2}
{'embedding_loss': 0.0002, 'grad_norm': 0.02517382614314556, 'learning_rate': 1.2633744855967079e-05, 'epoch': 1.3}
{'embedding_loss': 0.0002, 'grad_norm': 0.006964324973523617, 'learning_rate': 1.1947873799725653e-05, 'epoch': 1.39}
{'embedding_loss': 0.0001, 'grad_norm': 0.002552610356360674, 'learning_rate': 1.1262002743484225e-05, 'epoch': 1.48}
{'embedding_loss': 0.0001, 'grad_norm': 0.018796740099787712, 'learning_rate': 1.0576131687242799e-05, 'epoch': 1.57}
{'embedding_loss': 0.0001, 'grad_norm': 0.006438954267650843, 'learning_rate': 9.890260631001373e-06, 'epoch': 1.67}
{'embedding_loss': 0.0001, 'grad_norm': 0.006957139354199171, 'learning_rate': 9.204389574759945e-06, 'epoch': 1.76}
{'embedding_loss': 0.0001, 'grad_norm': 0.00789092667400837, 'learning_rate': 8.518518518518519e-06, 'epoch': 1.85}
{'embedding_loss': 0.0001, 'grad_norm': 0.005192941520363092, 'learning_rate': 7.832647462277091e-06, 'epoch': 1.94}
{'eval_embedding_loss': 6.893703539390117e-05, 'eval_embedding_runtime': 10.409, 'eval_embedding_samples_per_second': 46.114, 'eval_embedding_steps_per_second': 5.764, 'epoch': 2.0}
{'embedding_loss': 0.0001, 'grad_norm': 0.011256339959800243, 'learning_rate': 7.146776406035666e-06, 'epoch': 2.04}
{'embedding_loss': 0.0001, 'grad_norm': 0.004636697005480528, 'learning_rate': 6.460905349794238e-06, 'epoch': 2.13}
{'embedding_loss': 0.0001, 'grad_norm': 0.0028937666211277246, 'learning_rate': 5.775034293552812e-06, 'epoch': 2.22}
{'embedding_loss': 0.0001, 'grad_norm': 0.0055585284717381, 'learning_rate': 5.089163237311386e-06, 'epoch': 2.31}
{'embedding_loss': 0.0001, 'grad_norm': 0.014550636522471905, 'learning_rate': 4.403292181069959e-06, 'epoch': 2.41}
{'embedding_loss': 0.0001, 'grad_norm': 0.004826701711863279, 'learning_rate': 3.7174211248285326e-06, 'epoch': 2.5}
{'embedding_loss': 0.0001, 'grad_norm': 0.01796935498714447, 'learning_rate': 3.0315500685871057e-06, 'epoch': 2.59}
{'embedding_loss': 0.0001, 'grad_norm': 0.01297205500304699, 'learning_rate': 2.345679012345679e-06, 'epoch': 2.69}
{'embedding_loss': 0.0, 'grad_norm': 0.003038788679987192, 'learning_rate': 1.6598079561042526e-06, 'epoch': 2.78}
{'embedding_loss': 0.0001, 'grad_norm': 0.00791237037628889, 'learning_rate': 9.73936899862826e-07, 'epoch': 2.87}
{'embedding_loss': 0.0001, 'grad_norm': 0.0020890654996037483, 'learning_rate': 2.880658436213992e-07, 'epoch': 2.96}
{'eval_embedding_loss': 8.301653724629432e-05, 'eval_embedding_runtime': 10.004, 'eval_embedding_samples_per_second': 47.981, 'eval_embedding_steps_per_second': 5.998, 'epoch': 3.0}
{'train_runtime': 698.8967, 'train_samples_per_second': 18.544, 'train_steps_per_second': 2.318, 'train_loss': 0.016473247775632634, 'epoch': 3.0}

🔍 Evaluation Metrics
----------------------------------------
📊 Label Distribution:
  Label Not Data Journalism: 14
  Label Data Journalism: 4
  Label Half Data Journalism: 2

✅ Overall Metrics:
  Accuracy : 1.0000
  Precision: 1.0000
  Recall   : 1.0000
  F1       : 1.0000

🧩 Confusion Matrix:
  [4, 0, 0]
  [0, 2, 0]
  [0, 0, 14]

📌 Per-Class Metrics:
  Class Data Journalism: TP=4, FP=0, FN=0, TN=16
  Class Half Data Journalism: TP=2, FP=0, FN=0, TN=18
  Class Not Data Journalism: TP=14, FP=0, FN=0, TN=6
----------------------------------------
Fold finished F1 Score: 1.0 1.0 None
Fold 3/5
Loading model from HPC local scratch: /tmp/shapovalov_setfit_model_cache_1386162
{'embedding_loss': 0.3668, 'grad_norm': 3.4851067066192627, 'learning_rate': 0.0, 'epoch': 0.0}
{'embedding_loss': 0.2431, 'grad_norm': 1.49964439868927, 'learning_rate': 6.049382716049383e-06, 'epoch': 0.09}
{'embedding_loss': 0.1388, 'grad_norm': 3.439271926879883, 'learning_rate': 1.2222222222222224e-05, 'epoch': 0.19}
{'embedding_loss': 0.0504, 'grad_norm': 0.23402249813079834, 'learning_rate': 1.8395061728395062e-05, 'epoch': 0.28}
{'embedding_loss': 0.0335, 'grad_norm': 0.05165650323033333, 'learning_rate': 1.9492455418381347e-05, 'epoch': 0.37}
{'embedding_loss': 0.0367, 'grad_norm': 0.06737946718931198, 'learning_rate': 1.8806584362139917e-05, 'epoch': 0.46}
{'embedding_loss': 0.0193, 'grad_norm': 0.07267402857542038, 'learning_rate': 1.812071330589849e-05, 'epoch': 0.56}
{'embedding_loss': 0.0068, 'grad_norm': 0.25071343779563904, 'learning_rate': 1.7434842249657065e-05, 'epoch': 0.65}
{'embedding_loss': 0.0066, 'grad_norm': 0.03527524322271347, 'learning_rate': 1.674897119341564e-05, 'epoch': 0.74}
{'embedding_loss': 0.0052, 'grad_norm': 0.01918317936360836, 'learning_rate': 1.6063100137174213e-05, 'epoch': 0.83}
{'embedding_loss': 0.0053, 'grad_norm': 0.05747132748365402, 'learning_rate': 1.5377229080932784e-05, 'epoch': 0.93}
{'eval_embedding_loss': 0.00022656786313746125, 'eval_embedding_runtime': 9.6673, 'eval_embedding_samples_per_second': 49.652, 'eval_embedding_steps_per_second': 6.206, 'epoch': 1.0}
{'embedding_loss': 0.0047, 'grad_norm': 0.06055634096264839, 'learning_rate': 1.469135802469136e-05, 'epoch': 1.02}
{'embedding_loss': 0.003, 'grad_norm': 0.07768069207668304, 'learning_rate': 1.4005486968449933e-05, 'epoch': 1.11}
{'embedding_loss': 0.0041, 'grad_norm': 0.031023334711790085, 'learning_rate': 1.3319615912208505e-05, 'epoch': 1.2}
{'embedding_loss': 0.0016, 'grad_norm': 0.029281919822096825, 'learning_rate': 1.2633744855967079e-05, 'epoch': 1.3}
{'embedding_loss': 0.0003, 'grad_norm': 0.008305580355226994, 'learning_rate': 1.1947873799725653e-05, 'epoch': 1.39}
{'embedding_loss': 0.0002, 'grad_norm': 0.010420180857181549, 'learning_rate': 1.1262002743484225e-05, 'epoch': 1.48}
{'embedding_loss': 0.0001, 'grad_norm': 0.011430393904447556, 'learning_rate': 1.0576131687242799e-05, 'epoch': 1.57}
{'embedding_loss': 0.0001, 'grad_norm': 0.008852902799844742, 'learning_rate': 9.890260631001373e-06, 'epoch': 1.67}
{'embedding_loss': 0.0001, 'grad_norm': 0.006546963006258011, 'learning_rate': 9.204389574759945e-06, 'epoch': 1.76}
{'embedding_loss': 0.0001, 'grad_norm': 0.0033194872085005045, 'learning_rate': 8.518518518518519e-06, 'epoch': 1.85}
{'embedding_loss': 0.0001, 'grad_norm': 0.01554705761373043, 'learning_rate': 7.832647462277091e-06, 'epoch': 1.94}
{'eval_embedding_loss': 7.669610931770876e-05, 'eval_embedding_runtime': 9.6336, 'eval_embedding_samples_per_second': 49.826, 'eval_embedding_steps_per_second': 6.228, 'epoch': 2.0}
{'embedding_loss': 0.0001, 'grad_norm': 0.0010660176631063223, 'learning_rate': 7.146776406035666e-06, 'epoch': 2.04}
{'embedding_loss': 0.0001, 'grad_norm': 0.011861501261591911, 'learning_rate': 6.460905349794238e-06, 'epoch': 2.13}
{'embedding_loss': 0.0001, 'grad_norm': 0.0033228672109544277, 'learning_rate': 5.775034293552812e-06, 'epoch': 2.22}
{'embedding_loss': 0.0001, 'grad_norm': 0.0076480433344841, 'learning_rate': 5.089163237311386e-06, 'epoch': 2.31}
{'embedding_loss': 0.0, 'grad_norm': 0.006310417316854, 'learning_rate': 4.403292181069959e-06, 'epoch': 2.41}
{'embedding_loss': 0.0001, 'grad_norm': 0.003643423318862915, 'learning_rate': 3.7174211248285326e-06, 'epoch': 2.5}
{'embedding_loss': 0.0, 'grad_norm': 0.009121468290686607, 'learning_rate': 3.0315500685871057e-06, 'epoch': 2.59}
{'embedding_loss': 0.0, 'grad_norm': 0.004814459942281246, 'learning_rate': 2.345679012345679e-06, 'epoch': 2.69}
{'embedding_loss': 0.0001, 'grad_norm': 0.0026012917514890432, 'learning_rate': 1.6598079561042526e-06, 'epoch': 2.78}
{'embedding_loss': 0.0001, 'grad_norm': 0.004962929990142584, 'learning_rate': 9.73936899862826e-07, 'epoch': 2.87}
{'embedding_loss': 0.0, 'grad_norm': 0.00892865750938654, 'learning_rate': 2.880658436213992e-07, 'epoch': 2.96}
{'eval_embedding_loss': 6.283273978624493e-05, 'eval_embedding_runtime': 9.1159, 'eval_embedding_samples_per_second': 52.655, 'eval_embedding_steps_per_second': 6.582, 'epoch': 3.0}
{'train_runtime': 712.388, 'train_samples_per_second': 18.192, 'train_steps_per_second': 2.274, 'train_loss': 0.01738297212265294, 'epoch': 3.0}

🔍 Evaluation Metrics
----------------------------------------
📊 Label Distribution:
  Label Not Data Journalism: 13
  Label Half Data Journalism: 2
  Label Data Journalism: 5

✅ Overall Metrics:
  Accuracy : 1.0000
  Precision: 1.0000
  Recall   : 1.0000
  F1       : 1.0000

🧩 Confusion Matrix:
  [5, 0, 0]
  [0, 2, 0]
  [0, 0, 13]

📌 Per-Class Metrics:
  Class Data Journalism: TP=5, FP=0, FN=0, TN=15
  Class Half Data Journalism: TP=2, FP=0, FN=0, TN=18
  Class Not Data Journalism: TP=13, FP=0, FN=0, TN=7
----------------------------------------
Fold finished F1 Score: 1.0 1.0 None
Fold 4/5
Loading model from HPC local scratch: /tmp/shapovalov_setfit_model_cache_1386162
{'embedding_loss': 0.4083, 'grad_norm': 3.6230061054229736, 'learning_rate': 0.0, 'epoch': 0.0}
{'embedding_loss': 0.2387, 'grad_norm': 1.4123172760009766, 'learning_rate': 6.049382716049383e-06, 'epoch': 0.09}
{'embedding_loss': 0.1526, 'grad_norm': 0.5840427279472351, 'learning_rate': 1.2222222222222224e-05, 'epoch': 0.19}
{'embedding_loss': 0.0441, 'grad_norm': 0.3857135474681854, 'learning_rate': 1.8395061728395062e-05, 'epoch': 0.28}
{'embedding_loss': 0.0345, 'grad_norm': 0.635648250579834, 'learning_rate': 1.9492455418381347e-05, 'epoch': 0.37}
{'embedding_loss': 0.0237, 'grad_norm': 0.7691236734390259, 'learning_rate': 1.8806584362139917e-05, 'epoch': 0.46}
{'embedding_loss': 0.0072, 'grad_norm': 0.04297146201133728, 'learning_rate': 1.812071330589849e-05, 'epoch': 0.56}
{'embedding_loss': 0.0075, 'grad_norm': 0.05686761438846588, 'learning_rate': 1.7434842249657065e-05, 'epoch': 0.65}
{'embedding_loss': 0.0031, 'grad_norm': 0.4289816915988922, 'learning_rate': 1.674897119341564e-05, 'epoch': 0.74}
{'embedding_loss': 0.0041, 'grad_norm': 0.05858964845538139, 'learning_rate': 1.6063100137174213e-05, 'epoch': 0.83}
{'embedding_loss': 0.005, 'grad_norm': 0.0200714860111475, 'learning_rate': 1.5377229080932784e-05, 'epoch': 0.93}
{'eval_embedding_loss': 0.013050929643213749, 'eval_embedding_runtime': 8.6217, 'eval_embedding_samples_per_second': 55.674, 'eval_embedding_steps_per_second': 6.959, 'epoch': 1.0}
{'embedding_loss': 0.0029, 'grad_norm': 0.011100567877292633, 'learning_rate': 1.469135802469136e-05, 'epoch': 1.02}
{'embedding_loss': 0.0023, 'grad_norm': 0.07607510685920715, 'learning_rate': 1.4005486968449933e-05, 'epoch': 1.11}
{'embedding_loss': 0.0004, 'grad_norm': 0.05150454491376877, 'learning_rate': 1.3319615912208505e-05, 'epoch': 1.2}
{'embedding_loss': 0.0001, 'grad_norm': 0.049236562103033066, 'learning_rate': 1.2633744855967079e-05, 'epoch': 1.3}
{'embedding_loss': 0.0002, 'grad_norm': 0.012349003925919533, 'learning_rate': 1.1947873799725653e-05, 'epoch': 1.39}
{'embedding_loss': 0.0002, 'grad_norm': 0.012395912781357765, 'learning_rate': 1.1262002743484225e-05, 'epoch': 1.48}
{'embedding_loss': 0.0001, 'grad_norm': 0.00517670251429081, 'learning_rate': 1.0576131687242799e-05, 'epoch': 1.57}
{'embedding_loss': 0.0001, 'grad_norm': 0.009621065109968185, 'learning_rate': 9.890260631001373e-06, 'epoch': 1.67}
{'embedding_loss': 0.0001, 'grad_norm': 0.01787526346743107, 'learning_rate': 9.204389574759945e-06, 'epoch': 1.76}
{'embedding_loss': 0.0001, 'grad_norm': 0.005632674787193537, 'learning_rate': 8.518518518518519e-06, 'epoch': 1.85}
{'embedding_loss': 0.0, 'grad_norm': 0.0047690956853330135, 'learning_rate': 7.832647462277091e-06, 'epoch': 1.94}
{'eval_embedding_loss': 0.00011746034579118714, 'eval_embedding_runtime': 8.6258, 'eval_embedding_samples_per_second': 55.647, 'eval_embedding_steps_per_second': 6.956, 'epoch': 2.0}
{'embedding_loss': 0.0001, 'grad_norm': 0.010900823399424553, 'learning_rate': 7.146776406035666e-06, 'epoch': 2.04}
{'embedding_loss': 0.0001, 'grad_norm': 0.008696207776665688, 'learning_rate': 6.460905349794238e-06, 'epoch': 2.13}
{'embedding_loss': 0.0001, 'grad_norm': 0.008577422238886356, 'learning_rate': 5.775034293552812e-06, 'epoch': 2.22}
{'embedding_loss': 0.0001, 'grad_norm': 0.002623419975861907, 'learning_rate': 5.089163237311386e-06, 'epoch': 2.31}
{'embedding_loss': 0.0001, 'grad_norm': 0.005880731623619795, 'learning_rate': 4.403292181069959e-06, 'epoch': 2.41}
{'embedding_loss': 0.0001, 'grad_norm': 0.012473957613110542, 'learning_rate': 3.7174211248285326e-06, 'epoch': 2.5}
{'embedding_loss': 0.0, 'grad_norm': 0.014843307435512543, 'learning_rate': 3.0315500685871057e-06, 'epoch': 2.59}
{'embedding_loss': 0.0001, 'grad_norm': 0.006696266587823629, 'learning_rate': 2.345679012345679e-06, 'epoch': 2.69}
{'embedding_loss': 0.0, 'grad_norm': 0.006959652528166771, 'learning_rate': 1.6598079561042526e-06, 'epoch': 2.78}
{'embedding_loss': 0.0001, 'grad_norm': 0.006459146738052368, 'learning_rate': 9.73936899862826e-07, 'epoch': 2.87}
{'embedding_loss': 0.0, 'grad_norm': 0.003996055107563734, 'learning_rate': 2.880658436213992e-07, 'epoch': 2.96}
{'eval_embedding_loss': 0.00010144188854610547, 'eval_embedding_runtime': 8.8808, 'eval_embedding_samples_per_second': 54.049, 'eval_embedding_steps_per_second': 6.756, 'epoch': 3.0}
{'train_runtime': 688.215, 'train_samples_per_second': 18.831, 'train_steps_per_second': 2.354, 'train_loss': 0.016387737239172025, 'epoch': 3.0}

🔍 Evaluation Metrics
----------------------------------------
📊 Label Distribution:
  Label Not Data Journalism: 13
  Label Data Journalism: 4
  Label Half Data Journalism: 3

✅ Overall Metrics:
  Accuracy : 1.0000
  Precision: 1.0000
  Recall   : 1.0000
  F1       : 1.0000

🧩 Confusion Matrix:
  [4, 0, 0]
  [0, 3, 0]
  [0, 0, 13]

📌 Per-Class Metrics:
  Class Data Journalism: TP=4, FP=0, FN=0, TN=16
  Class Half Data Journalism: TP=3, FP=0, FN=0, TN=17
  Class Not Data Journalism: TP=13, FP=0, FN=0, TN=7
----------------------------------------
Fold finished F1 Score: 1.0 1.0 None
Fold 5/5
Loading model from HPC local scratch: /tmp/shapovalov_setfit_model_cache_1386162
{'embedding_loss': 0.2594, 'grad_norm': 2.7141921520233154, 'learning_rate': 0.0, 'epoch': 0.0}
{'embedding_loss': 0.2369, 'grad_norm': 1.3894778490066528, 'learning_rate': 6.049382716049383e-06, 'epoch': 0.09}
{'embedding_loss': 0.1483, 'grad_norm': 0.8741840124130249, 'learning_rate': 1.2222222222222224e-05, 'epoch': 0.19}
{'embedding_loss': 0.0449, 'grad_norm': 1.4692211151123047, 'learning_rate': 1.8395061728395062e-05, 'epoch': 0.28}
{'embedding_loss': 0.0205, 'grad_norm': 0.2206733077764511, 'learning_rate': 1.9492455418381347e-05, 'epoch': 0.37}
{'embedding_loss': 0.025, 'grad_norm': 0.02452521026134491, 'learning_rate': 1.8806584362139917e-05, 'epoch': 0.46}
{'embedding_loss': 0.0018, 'grad_norm': 0.007063025608658791, 'learning_rate': 1.812071330589849e-05, 'epoch': 0.56}
{'embedding_loss': 0.0059, 'grad_norm': 0.013110507279634476, 'learning_rate': 1.7434842249657065e-05, 'epoch': 0.65}
{'embedding_loss': 0.0058, 'grad_norm': 0.1573636531829834, 'learning_rate': 1.674897119341564e-05, 'epoch': 0.74}
{'embedding_loss': 0.0042, 'grad_norm': 0.008260096423327923, 'learning_rate': 1.6063100137174213e-05, 'epoch': 0.83}
{'embedding_loss': 0.0056, 'grad_norm': 0.05613989010453224, 'learning_rate': 1.5377229080932784e-05, 'epoch': 0.93}
{'eval_embedding_loss': 0.021403465420007706, 'eval_embedding_runtime': 8.6205, 'eval_embedding_samples_per_second': 55.681, 'eval_embedding_steps_per_second': 6.96, 'epoch': 1.0}
{'embedding_loss': 0.0057, 'grad_norm': 0.04362606629729271, 'learning_rate': 1.469135802469136e-05, 'epoch': 1.02}
{'embedding_loss': 0.0027, 'grad_norm': 0.025826381519436836, 'learning_rate': 1.4005486968449933e-05, 'epoch': 1.11}
{'embedding_loss': 0.0037, 'grad_norm': 0.034812238067388535, 'learning_rate': 1.3319615912208505e-05, 'epoch': 1.2}
{'embedding_loss': 0.0045, 'grad_norm': 0.05392565205693245, 'learning_rate': 1.2633744855967079e-05, 'epoch': 1.3}
{'embedding_loss': 0.001, 'grad_norm': 0.010507465340197086, 'learning_rate': 1.1947873799725653e-05, 'epoch': 1.39}
{'embedding_loss': 0.0006, 'grad_norm': 0.005861571058630943, 'learning_rate': 1.1262002743484225e-05, 'epoch': 1.48}
{'embedding_loss': 0.0003, 'grad_norm': 0.024761678650975227, 'learning_rate': 1.0576131687242799e-05, 'epoch': 1.57}
{'embedding_loss': 0.0001, 'grad_norm': 0.005939835216850042, 'learning_rate': 9.890260631001373e-06, 'epoch': 1.67}
{'embedding_loss': 0.0001, 'grad_norm': 0.011794081889092922, 'learning_rate': 9.204389574759945e-06, 'epoch': 1.76}
{'embedding_loss': 0.0001, 'grad_norm': 0.026876216754317284, 'learning_rate': 8.518518518518519e-06, 'epoch': 1.85}
{'embedding_loss': 0.0, 'grad_norm': 0.011890550144016743, 'learning_rate': 7.832647462277091e-06, 'epoch': 1.94}
{'eval_embedding_loss': 0.0001675212406553328, 'eval_embedding_runtime': 8.6202, 'eval_embedding_samples_per_second': 55.683, 'eval_embedding_steps_per_second': 6.96, 'epoch': 2.0}
{'embedding_loss': 0.0001, 'grad_norm': 0.0023572174832224846, 'learning_rate': 7.146776406035666e-06, 'epoch': 2.04}
{'embedding_loss': 0.0001, 'grad_norm': 0.009847748093307018, 'learning_rate': 6.460905349794238e-06, 'epoch': 2.13}
{'embedding_loss': 0.0001, 'grad_norm': 0.005989112891256809, 'learning_rate': 5.775034293552812e-06, 'epoch': 2.22}
{'embedding_loss': 0.0001, 'grad_norm': 0.001990050310268998, 'learning_rate': 5.089163237311386e-06, 'epoch': 2.31}
{'embedding_loss': 0.0, 'grad_norm': 0.007114138919860125, 'learning_rate': 4.403292181069959e-06, 'epoch': 2.41}
{'embedding_loss': 0.0, 'grad_norm': 0.0036876234225928783, 'learning_rate': 3.7174211248285326e-06, 'epoch': 2.5}
{'embedding_loss': 0.0001, 'grad_norm': 0.005830572452396154, 'learning_rate': 3.0315500685871057e-06, 'epoch': 2.59}
{'embedding_loss': 0.0001, 'grad_norm': 0.058539822697639465, 'learning_rate': 2.345679012345679e-06, 'epoch': 2.69}
{'embedding_loss': 0.0, 'grad_norm': 0.005092954263091087, 'learning_rate': 1.6598079561042526e-06, 'epoch': 2.78}
{'embedding_loss': 0.0001, 'grad_norm': 0.007885636761784554, 'learning_rate': 9.73936899862826e-07, 'epoch': 2.87}
{'embedding_loss': 0.0001, 'grad_norm': 0.006269863341003656, 'learning_rate': 2.880658436213992e-07, 'epoch': 2.96}
{'eval_embedding_loss': 0.00014142475265543908, 'eval_embedding_runtime': 8.8219, 'eval_embedding_samples_per_second': 54.41, 'eval_embedding_steps_per_second': 6.801, 'epoch': 3.0}
{'train_runtime': 687.7577, 'train_samples_per_second': 18.844, 'train_steps_per_second': 2.355, 'train_loss': 0.016019153804590142, 'epoch': 3.0}

🔍 Evaluation Metrics
----------------------------------------
📊 Label Distribution:
  Label Not Data Journalism: 13
  Label Data Journalism: 4
  Label Half Data Journalism: 3

✅ Overall Metrics:
  Accuracy : 1.0000
  Precision: 1.0000
  Recall   : 1.0000
  F1       : 1.0000

🧩 Confusion Matrix:
  [4, 0, 0]
  [0, 3, 0]
  [0, 0, 13]

📌 Per-Class Metrics:
  Class Data Journalism: TP=4, FP=0, FN=0, TN=16
  Class Half Data Journalism: TP=3, FP=0, FN=0, TN=17
  Class Not Data Journalism: TP=13, FP=0, FN=0, TN=7
----------------------------------------
Fold finished F1 Score: 1.0 1.0 None
Average VRAM usage: 3490.04 MB, Max VRAM usage: 11326.73 MB
Trial 17 completed with avg fold F1 score: 1.0
Trial 18: {'num_iterations': 15, 'num_epochs': 2, 'batch_size': 8, 'head_lr': 2.8179561766459755e-05}
Fold 1/5
Loading model from HPC local scratch: /tmp/shapovalov_setfit_model_cache_1386162
{'embedding_loss': 0.3775, 'grad_norm': 3.5210306644439697, 'learning_rate': 0.0, 'epoch': 0.0}
{'embedding_loss': 0.2422, 'grad_norm': 1.8445006608963013, 'learning_rate': 7.2592592592592605e-06, 'epoch': 0.07}
{'embedding_loss': 0.1266, 'grad_norm': 1.7451063394546509, 'learning_rate': 1.4666666666666666e-05, 'epoch': 0.15}
{'embedding_loss': 0.0369, 'grad_norm': 0.13770265877246857, 'learning_rate': 1.9769547325102883e-05, 'epoch': 0.22}
{'embedding_loss': 0.031, 'grad_norm': 0.07902324944734573, 'learning_rate': 1.894650205761317e-05, 'epoch': 0.3}
{'embedding_loss': 0.0384, 'grad_norm': 3.767381191253662, 'learning_rate': 1.812345679012346e-05, 'epoch': 0.37}
{'embedding_loss': 0.0207, 'grad_norm': 0.03240785747766495, 'learning_rate': 1.7300411522633746e-05, 'epoch': 0.44}
{'embedding_loss': 0.013, 'grad_norm': 0.016430793330073357, 'learning_rate': 1.6477366255144033e-05, 'epoch': 0.52}
{'embedding_loss': 0.0093, 'grad_norm': 0.027787603437900543, 'learning_rate': 1.565432098765432e-05, 'epoch': 0.59}
{'embedding_loss': 0.0026, 'grad_norm': 0.4663272500038147, 'learning_rate': 1.4831275720164611e-05, 'epoch': 0.67}
{'embedding_loss': 0.0028, 'grad_norm': 0.02194095030426979, 'learning_rate': 1.4008230452674898e-05, 'epoch': 0.74}
{'embedding_loss': 0.0003, 'grad_norm': 0.013578111305832863, 'learning_rate': 1.3185185185185185e-05, 'epoch': 0.81}
{'embedding_loss': 0.0004, 'grad_norm': 0.003175743157044053, 'learning_rate': 1.2362139917695475e-05, 'epoch': 0.89}
{'embedding_loss': 0.0004, 'grad_norm': 0.0025283878203481436, 'learning_rate': 1.1539094650205761e-05, 'epoch': 0.96}
{'eval_embedding_loss': 0.00012277498899493366, 'eval_embedding_runtime': 12.501, 'eval_embedding_samples_per_second': 47.996, 'eval_embedding_steps_per_second': 6.0, 'epoch': 1.0}
{'embedding_loss': 0.0002, 'grad_norm': 0.011297911405563354, 'learning_rate': 1.071604938271605e-05, 'epoch': 1.04}
{'embedding_loss': 0.0001, 'grad_norm': 0.0048941499553620815, 'learning_rate': 9.893004115226338e-06, 'epoch': 1.11}
{'embedding_loss': 0.0001, 'grad_norm': 0.02038649097084999, 'learning_rate': 9.069958847736626e-06, 'epoch': 1.19}
{'embedding_loss': 0.0002, 'grad_norm': 0.0017024875851348042, 'learning_rate': 8.246913580246915e-06, 'epoch': 1.26}
{'embedding_loss': 0.0001, 'grad_norm': 0.012194053269922733, 'learning_rate': 7.423868312757202e-06, 'epoch': 1.33}
{'embedding_loss': 0.0001, 'grad_norm': 0.009415846318006516, 'learning_rate': 6.6008230452674905e-06, 'epoch': 1.41}
{'embedding_loss': 0.0001, 'grad_norm': 0.003388618351891637, 'learning_rate': 5.777777777777778e-06, 'epoch': 1.48}
{'embedding_loss': 0.0001, 'grad_norm': 0.003961533308029175, 'learning_rate': 4.954732510288066e-06, 'epoch': 1.56}
{'embedding_loss': 0.0001, 'grad_norm': 0.011204741895198822, 'learning_rate': 4.131687242798354e-06, 'epoch': 1.63}
{'embedding_loss': 0.0001, 'grad_norm': 0.009498611092567444, 'learning_rate': 3.3086419753086426e-06, 'epoch': 1.7}
{'embedding_loss': 0.0001, 'grad_norm': 0.013062285259366035, 'learning_rate': 2.48559670781893e-06, 'epoch': 1.78}
{'embedding_loss': 0.0001, 'grad_norm': 0.002443859353661537, 'learning_rate': 1.6625514403292182e-06, 'epoch': 1.85}
{'embedding_loss': 0.0001, 'grad_norm': 0.0021107106003910303, 'learning_rate': 8.395061728395062e-07, 'epoch': 1.93}
{'embedding_loss': 0.0001, 'grad_norm': 0.006282873917371035, 'learning_rate': 1.646090534979424e-08, 'epoch': 2.0}
{'eval_embedding_loss': 8.866447024047375e-05, 'eval_embedding_runtime': 13.8297, 'eval_embedding_samples_per_second': 43.385, 'eval_embedding_steps_per_second': 5.423, 'epoch': 2.0}
{'train_runtime': 582.1494, 'train_samples_per_second': 18.552, 'train_steps_per_second': 2.319, 'train_loss': 0.019594067366000403, 'epoch': 2.0}

🔍 Evaluation Metrics
----------------------------------------
📊 Label Distribution:
  Label Data Journalism: 4
  Label Half Data Journalism: 2
  Label Not Data Journalism: 14

✅ Overall Metrics:
  Accuracy : 1.0000
  Precision: 1.0000
  Recall   : 1.0000
  F1       : 1.0000

🧩 Confusion Matrix:
  [4, 0, 0]
  [0, 2, 0]
  [0, 0, 14]

📌 Per-Class Metrics:
  Class Data Journalism: TP=4, FP=0, FN=0, TN=16
  Class Half Data Journalism: TP=2, FP=0, FN=0, TN=18
  Class Not Data Journalism: TP=14, FP=0, FN=0, TN=6
----------------------------------------
Fold finished F1 Score: 1.0 1.0 None
Fold 2/5
Loading model from HPC local scratch: /tmp/shapovalov_setfit_model_cache_1386162
{'embedding_loss': 0.3786, 'grad_norm': 3.3787879943847656, 'learning_rate': 0.0, 'epoch': 0.0}
{'embedding_loss': 0.2463, 'grad_norm': 1.7741186618804932, 'learning_rate': 7.2592592592592605e-06, 'epoch': 0.07}
{'embedding_loss': 0.1254, 'grad_norm': 2.0686190128326416, 'learning_rate': 1.4666666666666666e-05, 'epoch': 0.15}
{'embedding_loss': 0.0466, 'grad_norm': 0.06709381937980652, 'learning_rate': 1.9769547325102883e-05, 'epoch': 0.22}
{'embedding_loss': 0.0326, 'grad_norm': 0.39128389954566956, 'learning_rate': 1.894650205761317e-05, 'epoch': 0.3}
{'embedding_loss': 0.0246, 'grad_norm': 0.8730100989341736, 'learning_rate': 1.812345679012346e-05, 'epoch': 0.37}
{'embedding_loss': 0.014, 'grad_norm': 0.26816388964653015, 'learning_rate': 1.7300411522633746e-05, 'epoch': 0.44}
{'embedding_loss': 0.0105, 'grad_norm': 0.07585060596466064, 'learning_rate': 1.6477366255144033e-05, 'epoch': 0.52}
{'embedding_loss': 0.0044, 'grad_norm': 0.05328391119837761, 'learning_rate': 1.565432098765432e-05, 'epoch': 0.59}
{'embedding_loss': 0.0101, 'grad_norm': 0.04295721277594566, 'learning_rate': 1.4831275720164611e-05, 'epoch': 0.67}
{'embedding_loss': 0.005, 'grad_norm': 0.6093329191207886, 'learning_rate': 1.4008230452674898e-05, 'epoch': 0.74}
{'embedding_loss': 0.0028, 'grad_norm': 0.02654588781297207, 'learning_rate': 1.3185185185185185e-05, 'epoch': 0.81}
{'embedding_loss': 0.006, 'grad_norm': 0.056703269481658936, 'learning_rate': 1.2362139917695475e-05, 'epoch': 0.89}
{'embedding_loss': 0.0006, 'grad_norm': 0.005373984109610319, 'learning_rate': 1.1539094650205761e-05, 'epoch': 0.96}
{'eval_embedding_loss': 7.468989497283474e-05, 'eval_embedding_runtime': 12.5772, 'eval_embedding_samples_per_second': 47.705, 'eval_embedding_steps_per_second': 5.963, 'epoch': 1.0}
{'embedding_loss': 0.0002, 'grad_norm': 0.022589871659874916, 'learning_rate': 1.071604938271605e-05, 'epoch': 1.04}
{'embedding_loss': 0.0002, 'grad_norm': 0.004294427111744881, 'learning_rate': 9.893004115226338e-06, 'epoch': 1.11}
{'embedding_loss': 0.0001, 'grad_norm': 0.01297508180141449, 'learning_rate': 9.069958847736626e-06, 'epoch': 1.19}
{'embedding_loss': 0.0001, 'grad_norm': 0.006239970214664936, 'learning_rate': 8.246913580246915e-06, 'epoch': 1.26}
{'embedding_loss': 0.0001, 'grad_norm': 0.02002250775694847, 'learning_rate': 7.423868312757202e-06, 'epoch': 1.33}
{'embedding_loss': 0.0001, 'grad_norm': 0.0017200817819684744, 'learning_rate': 6.6008230452674905e-06, 'epoch': 1.41}
{'embedding_loss': 0.0001, 'grad_norm': 0.009785315953195095, 'learning_rate': 5.777777777777778e-06, 'epoch': 1.48}
{'embedding_loss': 0.0001, 'grad_norm': 0.008039521984755993, 'learning_rate': 4.954732510288066e-06, 'epoch': 1.56}
{'embedding_loss': 0.0001, 'grad_norm': 0.0010433045681566, 'learning_rate': 4.131687242798354e-06, 'epoch': 1.63}
{'embedding_loss': 0.0, 'grad_norm': 0.004174723289906979, 'learning_rate': 3.3086419753086426e-06, 'epoch': 1.7}
{'embedding_loss': 0.0001, 'grad_norm': 0.007083157543092966, 'learning_rate': 2.48559670781893e-06, 'epoch': 1.78}
{'embedding_loss': 0.0001, 'grad_norm': 0.0034038578160107136, 'learning_rate': 1.6625514403292182e-06, 'epoch': 1.85}
{'embedding_loss': 0.0001, 'grad_norm': 0.00535605289041996, 'learning_rate': 8.395061728395062e-07, 'epoch': 1.93}
{'embedding_loss': 0.0001, 'grad_norm': 0.013787154108285904, 'learning_rate': 1.646090534979424e-08, 'epoch': 2.0}
{'eval_embedding_loss': 4.7767131036380306e-05, 'eval_embedding_runtime': 12.9706, 'eval_embedding_samples_per_second': 46.259, 'eval_embedding_steps_per_second': 5.782, 'epoch': 2.0}
{'train_runtime': 588.9065, 'train_samples_per_second': 18.339, 'train_steps_per_second': 2.292, 'train_loss': 0.019735440047354336, 'epoch': 2.0}

🔍 Evaluation Metrics
----------------------------------------
📊 Label Distribution:
  Label Not Data Journalism: 14
  Label Data Journalism: 4
  Label Half Data Journalism: 2

✅ Overall Metrics:
  Accuracy : 1.0000
  Precision: 1.0000
  Recall   : 1.0000
  F1       : 1.0000

🧩 Confusion Matrix:
  [4, 0, 0]
  [0, 2, 0]
  [0, 0, 14]

📌 Per-Class Metrics:
  Class Data Journalism: TP=4, FP=0, FN=0, TN=16
  Class Half Data Journalism: TP=2, FP=0, FN=0, TN=18
  Class Not Data Journalism: TP=14, FP=0, FN=0, TN=6
----------------------------------------
Fold finished F1 Score: 1.0 1.0 None
Fold 3/5
Loading model from HPC local scratch: /tmp/shapovalov_setfit_model_cache_1386162
{'embedding_loss': 0.3732, 'grad_norm': 3.395054340362549, 'learning_rate': 0.0, 'epoch': 0.0}
{'embedding_loss': 0.2372, 'grad_norm': 1.4380104541778564, 'learning_rate': 7.2592592592592605e-06, 'epoch': 0.07}
{'embedding_loss': 0.1228, 'grad_norm': 3.0667476654052734, 'learning_rate': 1.4666666666666666e-05, 'epoch': 0.15}
{'embedding_loss': 0.0542, 'grad_norm': 1.7548028230667114, 'learning_rate': 1.9769547325102883e-05, 'epoch': 0.22}
{'embedding_loss': 0.0353, 'grad_norm': 0.10504695028066635, 'learning_rate': 1.894650205761317e-05, 'epoch': 0.3}
{'embedding_loss': 0.0133, 'grad_norm': 0.0482313372194767, 'learning_rate': 1.812345679012346e-05, 'epoch': 0.37}
{'embedding_loss': 0.0129, 'grad_norm': 0.7233904600143433, 'learning_rate': 1.7300411522633746e-05, 'epoch': 0.44}
{'embedding_loss': 0.0041, 'grad_norm': 0.06847815215587616, 'learning_rate': 1.6477366255144033e-05, 'epoch': 0.52}
{'embedding_loss': 0.0012, 'grad_norm': 0.02414572797715664, 'learning_rate': 1.565432098765432e-05, 'epoch': 0.59}
{'embedding_loss': 0.0007, 'grad_norm': 0.02785303257405758, 'learning_rate': 1.4831275720164611e-05, 'epoch': 0.67}
{'embedding_loss': 0.0004, 'grad_norm': 0.010689842514693737, 'learning_rate': 1.4008230452674898e-05, 'epoch': 0.74}
{'embedding_loss': 0.0002, 'grad_norm': 0.02935844659805298, 'learning_rate': 1.3185185185185185e-05, 'epoch': 0.81}
{'embedding_loss': 0.0001, 'grad_norm': 0.008085770532488823, 'learning_rate': 1.2362139917695475e-05, 'epoch': 0.89}
{'embedding_loss': 0.0001, 'grad_norm': 0.004129164386540651, 'learning_rate': 1.1539094650205761e-05, 'epoch': 0.96}
{'eval_embedding_loss': 0.00015569746028631926, 'eval_embedding_runtime': 11.1507, 'eval_embedding_samples_per_second': 53.808, 'eval_embedding_steps_per_second': 6.726, 'epoch': 1.0}
{'embedding_loss': 0.0002, 'grad_norm': 0.0042323702946305275, 'learning_rate': 1.071604938271605e-05, 'epoch': 1.04}
{'embedding_loss': 0.0002, 'grad_norm': 0.04084613546729088, 'learning_rate': 9.893004115226338e-06, 'epoch': 1.11}
{'embedding_loss': 0.0001, 'grad_norm': 0.016106784343719482, 'learning_rate': 9.069958847736626e-06, 'epoch': 1.19}
{'embedding_loss': 0.0001, 'grad_norm': 0.008257750421762466, 'learning_rate': 8.246913580246915e-06, 'epoch': 1.26}
{'embedding_loss': 0.0001, 'grad_norm': 0.02054573781788349, 'learning_rate': 7.423868312757202e-06, 'epoch': 1.33}
{'embedding_loss': 0.0001, 'grad_norm': 0.013010729104280472, 'learning_rate': 6.6008230452674905e-06, 'epoch': 1.41}
{'embedding_loss': 0.0001, 'grad_norm': 0.006982918828725815, 'learning_rate': 5.777777777777778e-06, 'epoch': 1.48}
{'embedding_loss': 0.0001, 'grad_norm': 0.008183631114661694, 'learning_rate': 4.954732510288066e-06, 'epoch': 1.56}
{'embedding_loss': 0.0001, 'grad_norm': 0.0062182508409023285, 'learning_rate': 4.131687242798354e-06, 'epoch': 1.63}
{'embedding_loss': 0.0001, 'grad_norm': 0.004775843117386103, 'learning_rate': 3.3086419753086426e-06, 'epoch': 1.7}
{'embedding_loss': 0.0001, 'grad_norm': 0.007256807293742895, 'learning_rate': 2.48559670781893e-06, 'epoch': 1.78}
{'embedding_loss': 0.0001, 'grad_norm': 0.011246208101511002, 'learning_rate': 1.6625514403292182e-06, 'epoch': 1.85}
{'embedding_loss': 0.0001, 'grad_norm': 0.008827672339975834, 'learning_rate': 8.395061728395062e-07, 'epoch': 1.93}
{'embedding_loss': 0.0001, 'grad_norm': 0.002301315777003765, 'learning_rate': 1.646090534979424e-08, 'epoch': 2.0}
{'eval_embedding_loss': 7.281588477781042e-05, 'eval_embedding_runtime': 11.531, 'eval_embedding_samples_per_second': 52.034, 'eval_embedding_steps_per_second': 6.504, 'epoch': 2.0}
{'train_runtime': 571.7007, 'train_samples_per_second': 18.891, 'train_steps_per_second': 2.361, 'train_loss': 0.01802336214196489, 'epoch': 2.0}

🔍 Evaluation Metrics
----------------------------------------
📊 Label Distribution:
  Label Not Data Journalism: 13
  Label Half Data Journalism: 2
  Label Data Journalism: 5

✅ Overall Metrics:
  Accuracy : 1.0000
  Precision: 1.0000
  Recall   : 1.0000
  F1       : 1.0000

🧩 Confusion Matrix:
  [5, 0, 0]
  [0, 2, 0]
  [0, 0, 13]

📌 Per-Class Metrics:
  Class Data Journalism: TP=5, FP=0, FN=0, TN=15
  Class Half Data Journalism: TP=2, FP=0, FN=0, TN=18
  Class Not Data Journalism: TP=13, FP=0, FN=0, TN=7
----------------------------------------
Fold finished F1 Score: 1.0 1.0 None
Fold 4/5
Loading model from HPC local scratch: /tmp/shapovalov_setfit_model_cache_1386162
{'embedding_loss': 0.2676, 'grad_norm': 3.4190804958343506, 'learning_rate': 0.0, 'epoch': 0.0}
{'embedding_loss': 0.2411, 'grad_norm': 1.990599274635315, 'learning_rate': 7.2592592592592605e-06, 'epoch': 0.07}
{'embedding_loss': 0.1262, 'grad_norm': 2.3879079818725586, 'learning_rate': 1.4666666666666666e-05, 'epoch': 0.15}
{'embedding_loss': 0.0423, 'grad_norm': 0.08428268134593964, 'learning_rate': 1.9769547325102883e-05, 'epoch': 0.22}
{'embedding_loss': 0.0276, 'grad_norm': 1.4696203470230103, 'learning_rate': 1.894650205761317e-05, 'epoch': 0.3}
{'embedding_loss': 0.0255, 'grad_norm': 0.02884659357368946, 'learning_rate': 1.812345679012346e-05, 'epoch': 0.37}
{'embedding_loss': 0.0142, 'grad_norm': 1.2413029670715332, 'learning_rate': 1.7300411522633746e-05, 'epoch': 0.44}
{'embedding_loss': 0.0149, 'grad_norm': 2.8084921836853027, 'learning_rate': 1.6477366255144033e-05, 'epoch': 0.52}
{'embedding_loss': 0.0048, 'grad_norm': 0.04986393824219704, 'learning_rate': 1.565432098765432e-05, 'epoch': 0.59}
{'embedding_loss': 0.0065, 'grad_norm': 0.05445980280637741, 'learning_rate': 1.4831275720164611e-05, 'epoch': 0.67}
{'embedding_loss': 0.0025, 'grad_norm': 0.008865739218890667, 'learning_rate': 1.4008230452674898e-05, 'epoch': 0.74}
{'embedding_loss': 0.0019, 'grad_norm': 0.1060233786702156, 'learning_rate': 1.3185185185185185e-05, 'epoch': 0.81}
{'embedding_loss': 0.0017, 'grad_norm': 0.004036637954413891, 'learning_rate': 1.2362139917695475e-05, 'epoch': 0.89}
{'embedding_loss': 0.0014, 'grad_norm': 0.015069141983985901, 'learning_rate': 1.1539094650205761e-05, 'epoch': 0.96}
{'eval_embedding_loss': 0.005179955158382654, 'eval_embedding_runtime': 11.0887, 'eval_embedding_samples_per_second': 54.109, 'eval_embedding_steps_per_second': 6.764, 'epoch': 1.0}
{'embedding_loss': 0.0026, 'grad_norm': 0.0048664952628314495, 'learning_rate': 1.071604938271605e-05, 'epoch': 1.04}
{'embedding_loss': 0.0003, 'grad_norm': 0.005097264889627695, 'learning_rate': 9.893004115226338e-06, 'epoch': 1.11}
{'embedding_loss': 0.0002, 'grad_norm': 0.0029270213562995195, 'learning_rate': 9.069958847736626e-06, 'epoch': 1.19}
{'embedding_loss': 0.0002, 'grad_norm': 0.0037856108974665403, 'learning_rate': 8.246913580246915e-06, 'epoch': 1.26}
{'embedding_loss': 0.0001, 'grad_norm': 0.002503391122445464, 'learning_rate': 7.423868312757202e-06, 'epoch': 1.33}
{'embedding_loss': 0.0001, 'grad_norm': 0.007281762547791004, 'learning_rate': 6.6008230452674905e-06, 'epoch': 1.41}
{'embedding_loss': 0.0001, 'grad_norm': 0.010487335734069347, 'learning_rate': 5.777777777777778e-06, 'epoch': 1.48}
{'embedding_loss': 0.0001, 'grad_norm': 0.0024570534005761147, 'learning_rate': 4.954732510288066e-06, 'epoch': 1.56}
{'embedding_loss': 0.0001, 'grad_norm': 0.00852231215685606, 'learning_rate': 4.131687242798354e-06, 'epoch': 1.63}
{'embedding_loss': 0.0001, 'grad_norm': 0.0044574374333024025, 'learning_rate': 3.3086419753086426e-06, 'epoch': 1.7}
{'embedding_loss': 0.0002, 'grad_norm': 0.05517634376883507, 'learning_rate': 2.48559670781893e-06, 'epoch': 1.78}
{'embedding_loss': 0.0001, 'grad_norm': 0.010701891034841537, 'learning_rate': 1.6625514403292182e-06, 'epoch': 1.85}
{'embedding_loss': 0.0, 'grad_norm': 0.01076612900942564, 'learning_rate': 8.395061728395062e-07, 'epoch': 1.93}
{'embedding_loss': 0.0001, 'grad_norm': 0.0012743258848786354, 'learning_rate': 1.646090534979424e-08, 'epoch': 2.0}
{'eval_embedding_loss': 0.00017951944028027356, 'eval_embedding_runtime': 10.7956, 'eval_embedding_samples_per_second': 55.578, 'eval_embedding_steps_per_second': 6.947, 'epoch': 2.0}
{'train_runtime': 569.9485, 'train_samples_per_second': 18.949, 'train_steps_per_second': 2.369, 'train_loss': 0.019084928916525787, 'epoch': 2.0}

🔍 Evaluation Metrics
----------------------------------------
📊 Label Distribution:
  Label Not Data Journalism: 13
  Label Data Journalism: 4
  Label Half Data Journalism: 3

✅ Overall Metrics:
  Accuracy : 1.0000
  Precision: 1.0000
  Recall   : 1.0000
  F1       : 1.0000

🧩 Confusion Matrix:
  [4, 0, 0]
  [0, 3, 0]
  [0, 0, 13]

📌 Per-Class Metrics:
  Class Data Journalism: TP=4, FP=0, FN=0, TN=16
  Class Half Data Journalism: TP=3, FP=0, FN=0, TN=17
  Class Not Data Journalism: TP=13, FP=0, FN=0, TN=7
----------------------------------------
Fold finished F1 Score: 1.0 1.0 None
Fold 5/5
Loading model from HPC local scratch: /tmp/shapovalov_setfit_model_cache_1386162
{'embedding_loss': 0.3065, 'grad_norm': 3.1578316688537598, 'learning_rate': 0.0, 'epoch': 0.0}
{'embedding_loss': 0.2374, 'grad_norm': 1.6668791770935059, 'learning_rate': 7.2592592592592605e-06, 'epoch': 0.07}
{'embedding_loss': 0.1281, 'grad_norm': 0.30769407749176025, 'learning_rate': 1.4666666666666666e-05, 'epoch': 0.15}
{'embedding_loss': 0.057, 'grad_norm': 0.36151549220085144, 'learning_rate': 1.9769547325102883e-05, 'epoch': 0.22}
{'embedding_loss': 0.0231, 'grad_norm': 0.19353418052196503, 'learning_rate': 1.894650205761317e-05, 'epoch': 0.3}
{'embedding_loss': 0.0087, 'grad_norm': 0.06672776490449905, 'learning_rate': 1.812345679012346e-05, 'epoch': 0.37}
{'embedding_loss': 0.0045, 'grad_norm': 0.18255028128623962, 'learning_rate': 1.7300411522633746e-05, 'epoch': 0.44}
{'embedding_loss': 0.0048, 'grad_norm': 0.04753793030977249, 'learning_rate': 1.6477366255144033e-05, 'epoch': 0.52}
{'embedding_loss': 0.0079, 'grad_norm': 0.7089765667915344, 'learning_rate': 1.565432098765432e-05, 'epoch': 0.59}
{'embedding_loss': 0.0034, 'grad_norm': 0.013143186457455158, 'learning_rate': 1.4831275720164611e-05, 'epoch': 0.67}
{'embedding_loss': 0.0028, 'grad_norm': 0.11411121487617493, 'learning_rate': 1.4008230452674898e-05, 'epoch': 0.74}
{'embedding_loss': 0.0026, 'grad_norm': 0.017090165987610817, 'learning_rate': 1.3185185185185185e-05, 'epoch': 0.81}
{'embedding_loss': 0.0069, 'grad_norm': 0.012437664903700352, 'learning_rate': 1.2362139917695475e-05, 'epoch': 0.89}
{'embedding_loss': 0.0039, 'grad_norm': 0.011808477342128754, 'learning_rate': 1.1539094650205761e-05, 'epoch': 0.96}
{'eval_embedding_loss': 0.0006434289971366525, 'eval_embedding_runtime': 10.8398, 'eval_embedding_samples_per_second': 55.351, 'eval_embedding_steps_per_second': 6.919, 'epoch': 1.0}
{'embedding_loss': 0.0009, 'grad_norm': 0.007856437936425209, 'learning_rate': 1.071604938271605e-05, 'epoch': 1.04}
{'embedding_loss': 0.0001, 'grad_norm': 0.04483509436249733, 'learning_rate': 9.893004115226338e-06, 'epoch': 1.11}
{'embedding_loss': 0.0001, 'grad_norm': 0.062031570822000504, 'learning_rate': 9.069958847736626e-06, 'epoch': 1.19}
{'embedding_loss': 0.0001, 'grad_norm': 0.018519023433327675, 'learning_rate': 8.246913580246915e-06, 'epoch': 1.26}
{'embedding_loss': 0.0001, 'grad_norm': 0.007773266639560461, 'learning_rate': 7.423868312757202e-06, 'epoch': 1.33}
{'embedding_loss': 0.0001, 'grad_norm': 0.00247755809687078, 'learning_rate': 6.6008230452674905e-06, 'epoch': 1.41}
{'embedding_loss': 0.0001, 'grad_norm': 0.011257422156631947, 'learning_rate': 5.777777777777778e-06, 'epoch': 1.48}
{'embedding_loss': 0.0002, 'grad_norm': 0.011937492527067661, 'learning_rate': 4.954732510288066e-06, 'epoch': 1.56}
{'embedding_loss': 0.0001, 'grad_norm': 0.008264054544270039, 'learning_rate': 4.131687242798354e-06, 'epoch': 1.63}
{'embedding_loss': 0.0001, 'grad_norm': 0.008223487995564938, 'learning_rate': 3.3086419753086426e-06, 'epoch': 1.7}
{'embedding_loss': 0.0001, 'grad_norm': 0.008057001046836376, 'learning_rate': 2.48559670781893e-06, 'epoch': 1.78}
{'embedding_loss': 0.0001, 'grad_norm': 0.005963596515357494, 'learning_rate': 1.6625514403292182e-06, 'epoch': 1.85}
{'embedding_loss': 0.0001, 'grad_norm': 0.004996985197067261, 'learning_rate': 8.395061728395062e-07, 'epoch': 1.93}
{'embedding_loss': 0.0001, 'grad_norm': 0.07601892203092575, 'learning_rate': 1.646090534979424e-08, 'epoch': 2.0}
{'eval_embedding_loss': 0.0003572065616026521, 'eval_embedding_runtime': 10.5433, 'eval_embedding_samples_per_second': 56.908, 'eval_embedding_steps_per_second': 7.114, 'epoch': 2.0}
{'train_runtime': 575.0815, 'train_samples_per_second': 18.78, 'train_steps_per_second': 2.347, 'train_loss': 0.018324649120267066, 'epoch': 2.0}

🔍 Evaluation Metrics
----------------------------------------
📊 Label Distribution:
  Label Not Data Journalism: 13
  Label Data Journalism: 4
  Label Half Data Journalism: 3

✅ Overall Metrics:
  Accuracy : 1.0000
  Precision: 1.0000
  Recall   : 1.0000
  F1       : 1.0000

🧩 Confusion Matrix:
  [4, 0, 0]
  [0, 3, 0]
  [0, 0, 13]

📌 Per-Class Metrics:
  Class Data Journalism: TP=4, FP=0, FN=0, TN=16
  Class Half Data Journalism: TP=3, FP=0, FN=0, TN=17
  Class Not Data Journalism: TP=13, FP=0, FN=0, TN=7
----------------------------------------
Fold finished F1 Score: 1.0 1.0 None
Average VRAM usage: 3451.09 MB, Max VRAM usage: 11398.11 MB
Trial 18 completed with avg fold F1 score: 1.0
Trial 19: {'num_iterations': 11, 'num_epochs': 3, 'batch_size': 8, 'head_lr': 3.9201889289894666e-05}
Fold 1/5
Loading model from HPC local scratch: /tmp/shapovalov_setfit_model_cache_1386162
{'embedding_loss': 0.3891, 'grad_norm': 3.777667760848999, 'learning_rate': 0.0, 'epoch': 0.0}
{'embedding_loss': 0.2537, 'grad_norm': 1.9173823595046997, 'learning_rate': 6.5771812080536925e-06, 'epoch': 0.1}
{'embedding_loss': 0.1217, 'grad_norm': 1.627163052558899, 'learning_rate': 1.3288590604026848e-05, 'epoch': 0.2}
{'embedding_loss': 0.0552, 'grad_norm': 0.04593232274055481, 'learning_rate': 2e-05, 'epoch': 0.3}
{'embedding_loss': 0.0391, 'grad_norm': 0.11701749265193939, 'learning_rate': 1.9251497005988024e-05, 'epoch': 0.4}
{'embedding_loss': 0.0229, 'grad_norm': 0.024629464372992516, 'learning_rate': 1.850299401197605e-05, 'epoch': 0.51}
{'embedding_loss': 0.0109, 'grad_norm': 0.02897121198475361, 'learning_rate': 1.7754491017964074e-05, 'epoch': 0.61}
{'embedding_loss': 0.0033, 'grad_norm': 0.0664416179060936, 'learning_rate': 1.70059880239521e-05, 'epoch': 0.71}
{'embedding_loss': 0.0011, 'grad_norm': 0.013242524117231369, 'learning_rate': 1.625748502994012e-05, 'epoch': 0.81}
{'embedding_loss': 0.0003, 'grad_norm': 0.02737351506948471, 'learning_rate': 1.5508982035928143e-05, 'epoch': 0.91}
{'eval_embedding_loss': 0.00010785889026010409, 'eval_embedding_runtime': 8.6931, 'eval_embedding_samples_per_second': 50.615, 'eval_embedding_steps_per_second': 6.327, 'epoch': 1.0}
{'embedding_loss': 0.0002, 'grad_norm': 0.00872457679361105, 'learning_rate': 1.4760479041916169e-05, 'epoch': 1.01}
{'embedding_loss': 0.0001, 'grad_norm': 0.0029300109017640352, 'learning_rate': 1.4011976047904192e-05, 'epoch': 1.11}
{'embedding_loss': 0.0002, 'grad_norm': 0.005471908953040838, 'learning_rate': 1.3263473053892218e-05, 'epoch': 1.21}
{'embedding_loss': 0.0001, 'grad_norm': 0.0030867804307490587, 'learning_rate': 1.251497005988024e-05, 'epoch': 1.31}
{'embedding_loss': 0.0001, 'grad_norm': 0.015023634769022465, 'learning_rate': 1.1766467065868263e-05, 'epoch': 1.41}
{'embedding_loss': 0.0001, 'grad_norm': 0.0016817005816847086, 'learning_rate': 1.1017964071856288e-05, 'epoch': 1.52}
{'embedding_loss': 0.0001, 'grad_norm': 0.007410611491650343, 'learning_rate': 1.0269461077844312e-05, 'epoch': 1.62}
{'embedding_loss': 0.0001, 'grad_norm': 0.0024614366702735424, 'learning_rate': 9.520958083832336e-06, 'epoch': 1.72}
{'embedding_loss': 0.0001, 'grad_norm': 0.00496746227145195, 'learning_rate': 8.77245508982036e-06, 'epoch': 1.82}
{'embedding_loss': 0.0001, 'grad_norm': 0.002287093549966812, 'learning_rate': 8.023952095808385e-06, 'epoch': 1.92}
{'eval_embedding_loss': 4.5793436584062874e-05, 'eval_embedding_runtime': 8.7792, 'eval_embedding_samples_per_second': 50.118, 'eval_embedding_steps_per_second': 6.265, 'epoch': 2.0}
{'embedding_loss': 0.0001, 'grad_norm': 0.02096644788980484, 'learning_rate': 7.275449101796408e-06, 'epoch': 2.02}
{'embedding_loss': 0.0001, 'grad_norm': 0.00882739294320345, 'learning_rate': 6.526946107784432e-06, 'epoch': 2.12}
{'embedding_loss': 0.0001, 'grad_norm': 0.00953680370002985, 'learning_rate': 5.778443113772455e-06, 'epoch': 2.22}
{'embedding_loss': 0.0001, 'grad_norm': 0.014240882359445095, 'learning_rate': 5.029940119760479e-06, 'epoch': 2.32}
{'embedding_loss': 0.0001, 'grad_norm': 0.004739921540021896, 'learning_rate': 4.281437125748504e-06, 'epoch': 2.42}
{'embedding_loss': 0.0001, 'grad_norm': 0.003834732109680772, 'learning_rate': 3.5329341317365273e-06, 'epoch': 2.53}
{'embedding_loss': 0.0, 'grad_norm': 0.006666575092822313, 'learning_rate': 2.784431137724551e-06, 'epoch': 2.63}
{'embedding_loss': 0.0001, 'grad_norm': 0.007640605326741934, 'learning_rate': 2.035928143712575e-06, 'epoch': 2.73}
{'embedding_loss': 0.0, 'grad_norm': 0.004572881385684013, 'learning_rate': 1.2874251497005988e-06, 'epoch': 2.83}
{'embedding_loss': 0.0001, 'grad_norm': 0.00905776396393776, 'learning_rate': 5.389221556886228e-07, 'epoch': 2.93}
{'eval_embedding_loss': 3.857538467855193e-05, 'eval_embedding_runtime': 8.6868, 'eval_embedding_samples_per_second': 50.652, 'eval_embedding_steps_per_second': 6.331, 'epoch': 3.0}
{'train_runtime': 632.5529, 'train_samples_per_second': 18.781, 'train_steps_per_second': 2.348, 'train_loss': 0.0172592887353867, 'epoch': 3.0}

🔍 Evaluation Metrics
----------------------------------------
📊 Label Distribution:
  Label Data Journalism: 4
  Label Half Data Journalism: 2
  Label Not Data Journalism: 14

✅ Overall Metrics:
  Accuracy : 1.0000
  Precision: 1.0000
  Recall   : 1.0000
  F1       : 1.0000

🧩 Confusion Matrix:
  [4, 0, 0]
  [0, 2, 0]
  [0, 0, 14]

📌 Per-Class Metrics:
  Class Data Journalism: TP=4, FP=0, FN=0, TN=16
  Class Half Data Journalism: TP=2, FP=0, FN=0, TN=18
  Class Not Data Journalism: TP=14, FP=0, FN=0, TN=6
----------------------------------------
Fold finished F1 Score: 1.0 1.0 None
Fold 2/5
Loading model from HPC local scratch: /tmp/shapovalov_setfit_model_cache_1386162
{'embedding_loss': 0.3836, 'grad_norm': 4.879110336303711, 'learning_rate': 0.0, 'epoch': 0.0}
{'embedding_loss': 0.2371, 'grad_norm': 1.8038018941879272, 'learning_rate': 6.5771812080536925e-06, 'epoch': 0.1}
{'embedding_loss': 0.1376, 'grad_norm': 2.107125759124756, 'learning_rate': 1.3288590604026848e-05, 'epoch': 0.2}
{'embedding_loss': 0.0485, 'grad_norm': 0.6551434993743896, 'learning_rate': 2e-05, 'epoch': 0.3}
{'embedding_loss': 0.0326, 'grad_norm': 0.13462619483470917, 'learning_rate': 1.9251497005988024e-05, 'epoch': 0.4}
{'embedding_loss': 0.0283, 'grad_norm': 0.05285141244530678, 'learning_rate': 1.850299401197605e-05, 'epoch': 0.51}
{'embedding_loss': 0.0061, 'grad_norm': 0.03772396221756935, 'learning_rate': 1.7754491017964074e-05, 'epoch': 0.61}
{'embedding_loss': 0.009, 'grad_norm': 0.9118819236755371, 'learning_rate': 1.70059880239521e-05, 'epoch': 0.71}
{'embedding_loss': 0.0062, 'grad_norm': 0.007608720567077398, 'learning_rate': 1.625748502994012e-05, 'epoch': 0.81}
{'embedding_loss': 0.0015, 'grad_norm': 0.0849502682685852, 'learning_rate': 1.5508982035928143e-05, 'epoch': 0.91}
{'eval_embedding_loss': 0.00071510806446895, 'eval_embedding_runtime': 8.4515, 'eval_embedding_samples_per_second': 52.062, 'eval_embedding_steps_per_second': 6.508, 'epoch': 1.0}
{'embedding_loss': 0.0062, 'grad_norm': 0.05323789641261101, 'learning_rate': 1.4760479041916169e-05, 'epoch': 1.01}
{'embedding_loss': 0.0006, 'grad_norm': 0.0056523350067436695, 'learning_rate': 1.4011976047904192e-05, 'epoch': 1.11}
{'embedding_loss': 0.0002, 'grad_norm': 0.015533916652202606, 'learning_rate': 1.3263473053892218e-05, 'epoch': 1.21}
{'embedding_loss': 0.0001, 'grad_norm': 0.01035537663847208, 'learning_rate': 1.251497005988024e-05, 'epoch': 1.31}
{'embedding_loss': 0.0001, 'grad_norm': 0.019039109349250793, 'learning_rate': 1.1766467065868263e-05, 'epoch': 1.41}
{'embedding_loss': 0.0002, 'grad_norm': 0.004691318143159151, 'learning_rate': 1.1017964071856288e-05, 'epoch': 1.52}
{'embedding_loss': 0.0001, 'grad_norm': 0.007343186065554619, 'learning_rate': 1.0269461077844312e-05, 'epoch': 1.62}
{'embedding_loss': 0.0001, 'grad_norm': 0.015799565240740776, 'learning_rate': 9.520958083832336e-06, 'epoch': 1.72}
{'embedding_loss': 0.0002, 'grad_norm': 0.0066603561863303185, 'learning_rate': 8.77245508982036e-06, 'epoch': 1.82}
{'embedding_loss': 0.0001, 'grad_norm': 0.06298445910215378, 'learning_rate': 8.023952095808385e-06, 'epoch': 1.92}
{'eval_embedding_loss': 0.00010888732504099607, 'eval_embedding_runtime': 8.8792, 'eval_embedding_samples_per_second': 49.554, 'eval_embedding_steps_per_second': 6.194, 'epoch': 2.0}
{'embedding_loss': 0.0001, 'grad_norm': 0.01445405837148428, 'learning_rate': 7.275449101796408e-06, 'epoch': 2.02}
{'embedding_loss': 0.0001, 'grad_norm': 0.01769477315247059, 'learning_rate': 6.526946107784432e-06, 'epoch': 2.12}
{'embedding_loss': 0.0002, 'grad_norm': 0.009472060948610306, 'learning_rate': 5.778443113772455e-06, 'epoch': 2.22}
{'embedding_loss': 0.0002, 'grad_norm': 0.016386808827519417, 'learning_rate': 5.029940119760479e-06, 'epoch': 2.32}
{'embedding_loss': 0.0001, 'grad_norm': 0.004201950971037149, 'learning_rate': 4.281437125748504e-06, 'epoch': 2.42}
{'embedding_loss': 0.0001, 'grad_norm': 0.0017300575273111463, 'learning_rate': 3.5329341317365273e-06, 'epoch': 2.53}
{'embedding_loss': 0.0001, 'grad_norm': 0.005066355690360069, 'learning_rate': 2.784431137724551e-06, 'epoch': 2.63}
{'embedding_loss': 0.0001, 'grad_norm': 0.002209862694144249, 'learning_rate': 2.035928143712575e-06, 'epoch': 2.73}
{'embedding_loss': 0.0001, 'grad_norm': 0.005252000875771046, 'learning_rate': 1.2874251497005988e-06, 'epoch': 2.83}
{'embedding_loss': 0.0001, 'grad_norm': 0.00456242123618722, 'learning_rate': 5.389221556886228e-07, 'epoch': 2.93}
{'eval_embedding_loss': 0.00010405961802462116, 'eval_embedding_runtime': 8.5525, 'eval_embedding_samples_per_second': 51.447, 'eval_embedding_steps_per_second': 6.431, 'epoch': 3.0}
{'train_runtime': 630.0855, 'train_samples_per_second': 18.855, 'train_steps_per_second': 2.357, 'train_loss': 0.01747398230667392, 'epoch': 3.0}

🔍 Evaluation Metrics
----------------------------------------
📊 Label Distribution:
  Label Not Data Journalism: 14
  Label Data Journalism: 4
  Label Half Data Journalism: 2

✅ Overall Metrics:
  Accuracy : 1.0000
  Precision: 1.0000
  Recall   : 1.0000
  F1       : 1.0000

🧩 Confusion Matrix:
  [4, 0, 0]
  [0, 2, 0]
  [0, 0, 14]

📌 Per-Class Metrics:
  Class Data Journalism: TP=4, FP=0, FN=0, TN=16
  Class Half Data Journalism: TP=2, FP=0, FN=0, TN=18
  Class Not Data Journalism: TP=14, FP=0, FN=0, TN=6
----------------------------------------
Fold finished F1 Score: 1.0 1.0 None
Fold 3/5
Loading model from HPC local scratch: /tmp/shapovalov_setfit_model_cache_1386162
{'embedding_loss': 0.4814, 'grad_norm': 5.508308410644531, 'learning_rate': 0.0, 'epoch': 0.0}
{'embedding_loss': 0.2418, 'grad_norm': 2.008988857269287, 'learning_rate': 6.5771812080536925e-06, 'epoch': 0.1}
{'embedding_loss': 0.1347, 'grad_norm': 0.6336451172828674, 'learning_rate': 1.3288590604026848e-05, 'epoch': 0.2}
{'embedding_loss': 0.0436, 'grad_norm': 0.4920371174812317, 'learning_rate': 2e-05, 'epoch': 0.3}
{'embedding_loss': 0.0309, 'grad_norm': 1.1127413511276245, 'learning_rate': 1.9251497005988024e-05, 'epoch': 0.4}
{'embedding_loss': 0.0199, 'grad_norm': 0.8491565585136414, 'learning_rate': 1.850299401197605e-05, 'epoch': 0.51}
{'embedding_loss': 0.0163, 'grad_norm': 0.0810745432972908, 'learning_rate': 1.7754491017964074e-05, 'epoch': 0.61}
{'embedding_loss': 0.0178, 'grad_norm': 0.11734682321548462, 'learning_rate': 1.70059880239521e-05, 'epoch': 0.71}
{'embedding_loss': 0.0072, 'grad_norm': 0.08809435367584229, 'learning_rate': 1.625748502994012e-05, 'epoch': 0.81}
{'embedding_loss': 0.0008, 'grad_norm': 0.018020501360297203, 'learning_rate': 1.5508982035928143e-05, 'epoch': 0.91}
{'eval_embedding_loss': 0.0003142361529171467, 'eval_embedding_runtime': 8.4094, 'eval_embedding_samples_per_second': 52.322, 'eval_embedding_steps_per_second': 6.54, 'epoch': 1.0}
{'embedding_loss': 0.0003, 'grad_norm': 0.005186988040804863, 'learning_rate': 1.4760479041916169e-05, 'epoch': 1.01}
{'embedding_loss': 0.0002, 'grad_norm': 0.0620068721473217, 'learning_rate': 1.4011976047904192e-05, 'epoch': 1.11}
{'embedding_loss': 0.0002, 'grad_norm': 0.02220270410180092, 'learning_rate': 1.3263473053892218e-05, 'epoch': 1.21}
{'embedding_loss': 0.0002, 'grad_norm': 0.02753579057753086, 'learning_rate': 1.251497005988024e-05, 'epoch': 1.31}
{'embedding_loss': 0.0001, 'grad_norm': 0.012343449518084526, 'learning_rate': 1.1766467065868263e-05, 'epoch': 1.41}
{'embedding_loss': 0.0001, 'grad_norm': 0.0022367401979863644, 'learning_rate': 1.1017964071856288e-05, 'epoch': 1.52}
{'embedding_loss': 0.0001, 'grad_norm': 0.004691825248301029, 'learning_rate': 1.0269461077844312e-05, 'epoch': 1.62}
{'embedding_loss': 0.0001, 'grad_norm': 0.004139419179409742, 'learning_rate': 9.520958083832336e-06, 'epoch': 1.72}
{'embedding_loss': 0.0001, 'grad_norm': 0.0055305492132902145, 'learning_rate': 8.77245508982036e-06, 'epoch': 1.82}
{'embedding_loss': 0.0001, 'grad_norm': 0.014767445623874664, 'learning_rate': 8.023952095808385e-06, 'epoch': 1.92}
{'eval_embedding_loss': 7.419679604936391e-05, 'eval_embedding_runtime': 8.2643, 'eval_embedding_samples_per_second': 53.241, 'eval_embedding_steps_per_second': 6.655, 'epoch': 2.0}
{'embedding_loss': 0.0001, 'grad_norm': 0.014115794561803341, 'learning_rate': 7.275449101796408e-06, 'epoch': 2.02}
{'embedding_loss': 0.0001, 'grad_norm': 0.011098277755081654, 'learning_rate': 6.526946107784432e-06, 'epoch': 2.12}
{'embedding_loss': 0.0001, 'grad_norm': 0.005527863744646311, 'learning_rate': 5.778443113772455e-06, 'epoch': 2.22}
{'embedding_loss': 0.0001, 'grad_norm': 0.007240922190248966, 'learning_rate': 5.029940119760479e-06, 'epoch': 2.32}
{'embedding_loss': 0.0001, 'grad_norm': 0.008488128893077374, 'learning_rate': 4.281437125748504e-06, 'epoch': 2.42}
{'embedding_loss': 0.0001, 'grad_norm': 0.012075817212462425, 'learning_rate': 3.5329341317365273e-06, 'epoch': 2.53}
{'embedding_loss': 0.0, 'grad_norm': 0.016358576714992523, 'learning_rate': 2.784431137724551e-06, 'epoch': 2.63}
{'embedding_loss': 0.0001, 'grad_norm': 0.005215562414377928, 'learning_rate': 2.035928143712575e-06, 'epoch': 2.73}
{'embedding_loss': 0.0, 'grad_norm': 0.004643641412258148, 'learning_rate': 1.2874251497005988e-06, 'epoch': 2.83}
{'embedding_loss': 0.0001, 'grad_norm': 0.015708260238170624, 'learning_rate': 5.389221556886228e-07, 'epoch': 2.93}
{'eval_embedding_loss': 6.567671516677365e-05, 'eval_embedding_runtime': 9.0892, 'eval_embedding_samples_per_second': 48.409, 'eval_embedding_steps_per_second': 6.051, 'epoch': 3.0}
{'train_runtime': 634.4925, 'train_samples_per_second': 18.724, 'train_steps_per_second': 2.34, 'train_loss': 0.01751092799566059, 'epoch': 3.0}

🔍 Evaluation Metrics
----------------------------------------
📊 Label Distribution:
  Label Not Data Journalism: 13
  Label Half Data Journalism: 2
  Label Data Journalism: 5

✅ Overall Metrics:
  Accuracy : 1.0000
  Precision: 1.0000
  Recall   : 1.0000
  F1       : 1.0000

🧩 Confusion Matrix:
  [5, 0, 0]
  [0, 2, 0]
  [0, 0, 13]

📌 Per-Class Metrics:
  Class Data Journalism: TP=5, FP=0, FN=0, TN=15
  Class Half Data Journalism: TP=2, FP=0, FN=0, TN=18
  Class Not Data Journalism: TP=13, FP=0, FN=0, TN=7
----------------------------------------
Fold finished F1 Score: 1.0 1.0 None
Fold 4/5
Loading model from HPC local scratch: /tmp/shapovalov_setfit_model_cache_1386162
{'embedding_loss': 0.4253, 'grad_norm': 4.454073429107666, 'learning_rate': 0.0, 'epoch': 0.0}
{'embedding_loss': 0.2367, 'grad_norm': 2.057361125946045, 'learning_rate': 6.5771812080536925e-06, 'epoch': 0.1}
{'embedding_loss': 0.135, 'grad_norm': 0.5730733871459961, 'learning_rate': 1.3288590604026848e-05, 'epoch': 0.2}
{'embedding_loss': 0.0452, 'grad_norm': 0.16943223774433136, 'learning_rate': 2e-05, 'epoch': 0.3}
{'embedding_loss': 0.016, 'grad_norm': 0.11027926951646805, 'learning_rate': 1.9251497005988024e-05, 'epoch': 0.4}
{'embedding_loss': 0.0215, 'grad_norm': 0.3418937623500824, 'learning_rate': 1.850299401197605e-05, 'epoch': 0.51}
{'embedding_loss': 0.0061, 'grad_norm': 0.00726347416639328, 'learning_rate': 1.7754491017964074e-05, 'epoch': 0.61}
{'embedding_loss': 0.0064, 'grad_norm': 0.06427717208862305, 'learning_rate': 1.70059880239521e-05, 'epoch': 0.71}
{'embedding_loss': 0.0096, 'grad_norm': 0.014829461462795734, 'learning_rate': 1.625748502994012e-05, 'epoch': 0.81}
{'embedding_loss': 0.0101, 'grad_norm': 0.16988494992256165, 'learning_rate': 1.5508982035928143e-05, 'epoch': 0.91}
{'eval_embedding_loss': 0.0012149796821177006, 'eval_embedding_runtime': 7.9092, 'eval_embedding_samples_per_second': 55.631, 'eval_embedding_steps_per_second': 6.954, 'epoch': 1.0}
{'embedding_loss': 0.0074, 'grad_norm': 0.008451416157186031, 'learning_rate': 1.4760479041916169e-05, 'epoch': 1.01}
{'embedding_loss': 0.0006, 'grad_norm': 0.004082964267581701, 'learning_rate': 1.4011976047904192e-05, 'epoch': 1.11}
{'embedding_loss': 0.0003, 'grad_norm': 0.012624322436749935, 'learning_rate': 1.3263473053892218e-05, 'epoch': 1.21}
{'embedding_loss': 0.0005, 'grad_norm': 0.0419912151992321, 'learning_rate': 1.251497005988024e-05, 'epoch': 1.31}
{'embedding_loss': 0.0002, 'grad_norm': 0.02463141642510891, 'learning_rate': 1.1766467065868263e-05, 'epoch': 1.41}
{'embedding_loss': 0.0002, 'grad_norm': 0.002976580522954464, 'learning_rate': 1.1017964071856288e-05, 'epoch': 1.52}
{'embedding_loss': 0.0002, 'grad_norm': 0.022923560813069344, 'learning_rate': 1.0269461077844312e-05, 'epoch': 1.62}
{'embedding_loss': 0.0001, 'grad_norm': 0.0018488569185137749, 'learning_rate': 9.520958083832336e-06, 'epoch': 1.72}
{'embedding_loss': 0.0001, 'grad_norm': 0.040754325687885284, 'learning_rate': 8.77245508982036e-06, 'epoch': 1.82}
{'embedding_loss': 0.0001, 'grad_norm': 0.005887923296540976, 'learning_rate': 8.023952095808385e-06, 'epoch': 1.92}
{'eval_embedding_loss': 0.00025765461032278836, 'eval_embedding_runtime': 8.3952, 'eval_embedding_samples_per_second': 52.411, 'eval_embedding_steps_per_second': 6.551, 'epoch': 2.0}
{'embedding_loss': 0.0001, 'grad_norm': 0.004246215336024761, 'learning_rate': 7.275449101796408e-06, 'epoch': 2.02}
{'embedding_loss': 0.0001, 'grad_norm': 0.009255021810531616, 'learning_rate': 6.526946107784432e-06, 'epoch': 2.12}
{'embedding_loss': 0.0001, 'grad_norm': 0.00889723002910614, 'learning_rate': 5.778443113772455e-06, 'epoch': 2.22}
{'embedding_loss': 0.0001, 'grad_norm': 0.0074088117107748985, 'learning_rate': 5.029940119760479e-06, 'epoch': 2.32}
{'embedding_loss': 0.0001, 'grad_norm': 0.017340363934636116, 'learning_rate': 4.281437125748504e-06, 'epoch': 2.42}
{'embedding_loss': 0.0001, 'grad_norm': 0.013009394519031048, 'learning_rate': 3.5329341317365273e-06, 'epoch': 2.53}
{'embedding_loss': 0.0001, 'grad_norm': 0.010264482349157333, 'learning_rate': 2.784431137724551e-06, 'epoch': 2.63}
{'embedding_loss': 0.0001, 'grad_norm': 0.008623899891972542, 'learning_rate': 2.035928143712575e-06, 'epoch': 2.73}
{'embedding_loss': 0.0001, 'grad_norm': 0.01759978011250496, 'learning_rate': 1.2874251497005988e-06, 'epoch': 2.83}
{'embedding_loss': 0.0001, 'grad_norm': 0.0069293249398469925, 'learning_rate': 5.389221556886228e-07, 'epoch': 2.93}
{'eval_embedding_loss': 0.00024285241670440882, 'eval_embedding_runtime': 8.3441, 'eval_embedding_samples_per_second': 52.732, 'eval_embedding_steps_per_second': 6.591, 'epoch': 3.0}
{'train_runtime': 642.498, 'train_samples_per_second': 18.49, 'train_steps_per_second': 2.311, 'train_loss': 0.016863529783005666, 'epoch': 3.0}

🔍 Evaluation Metrics
----------------------------------------
📊 Label Distribution:
  Label Not Data Journalism: 13
  Label Data Journalism: 4
  Label Half Data Journalism: 3

✅ Overall Metrics:
  Accuracy : 1.0000
  Precision: 1.0000
  Recall   : 1.0000
  F1       : 1.0000

🧩 Confusion Matrix:
  [4, 0, 0]
  [0, 3, 0]
  [0, 0, 13]

📌 Per-Class Metrics:
  Class Data Journalism: TP=4, FP=0, FN=0, TN=16
  Class Half Data Journalism: TP=3, FP=0, FN=0, TN=17
  Class Not Data Journalism: TP=13, FP=0, FN=0, TN=7
----------------------------------------
Fold finished F1 Score: 1.0 1.0 None
Fold 5/5
Loading model from HPC local scratch: /tmp/shapovalov_setfit_model_cache_1386162
{'embedding_loss': 0.5615, 'grad_norm': 5.36397123336792, 'learning_rate': 0.0, 'epoch': 0.0}
{'embedding_loss': 0.2346, 'grad_norm': 1.6388059854507446, 'learning_rate': 6.5771812080536925e-06, 'epoch': 0.1}
{'embedding_loss': 0.1328, 'grad_norm': 0.5468239188194275, 'learning_rate': 1.3288590604026848e-05, 'epoch': 0.2}
{'embedding_loss': 0.0524, 'grad_norm': 0.8926069140434265, 'learning_rate': 2e-05, 'epoch': 0.3}
{'embedding_loss': 0.0341, 'grad_norm': 0.4305836856365204, 'learning_rate': 1.9251497005988024e-05, 'epoch': 0.4}
{'embedding_loss': 0.0123, 'grad_norm': 0.09326861798763275, 'learning_rate': 1.850299401197605e-05, 'epoch': 0.51}
{'embedding_loss': 0.0107, 'grad_norm': 0.04280758276581764, 'learning_rate': 1.7754491017964074e-05, 'epoch': 0.61}
{'embedding_loss': 0.0038, 'grad_norm': 0.00422707898542285, 'learning_rate': 1.70059880239521e-05, 'epoch': 0.71}
{'embedding_loss': 0.0036, 'grad_norm': 0.03363600745797157, 'learning_rate': 1.625748502994012e-05, 'epoch': 0.81}
{'embedding_loss': 0.0092, 'grad_norm': 0.06137274205684662, 'learning_rate': 1.5508982035928143e-05, 'epoch': 0.91}
{'eval_embedding_loss': 0.0012860747519880533, 'eval_embedding_runtime': 8.1829, 'eval_embedding_samples_per_second': 53.771, 'eval_embedding_steps_per_second': 6.721, 'epoch': 1.0}
{'embedding_loss': 0.0019, 'grad_norm': 0.031737737357616425, 'learning_rate': 1.4760479041916169e-05, 'epoch': 1.01}
{'embedding_loss': 0.0101, 'grad_norm': 0.01044803112745285, 'learning_rate': 1.4011976047904192e-05, 'epoch': 1.11}
{'embedding_loss': 0.0015, 'grad_norm': 0.056435853242874146, 'learning_rate': 1.3263473053892218e-05, 'epoch': 1.21}
{'embedding_loss': 0.0002, 'grad_norm': 0.026623204350471497, 'learning_rate': 1.251497005988024e-05, 'epoch': 1.31}
{'embedding_loss': 0.0002, 'grad_norm': 0.0096006840467453, 'learning_rate': 1.1766467065868263e-05, 'epoch': 1.41}
{'embedding_loss': 0.0004, 'grad_norm': 0.01563321053981781, 'learning_rate': 1.1017964071856288e-05, 'epoch': 1.52}
{'embedding_loss': 0.0001, 'grad_norm': 0.009190312586724758, 'learning_rate': 1.0269461077844312e-05, 'epoch': 1.62}
{'embedding_loss': 0.0002, 'grad_norm': 0.0058451262302696705, 'learning_rate': 9.520958083832336e-06, 'epoch': 1.72}
{'embedding_loss': 0.0004, 'grad_norm': 0.010848806239664555, 'learning_rate': 8.77245508982036e-06, 'epoch': 1.82}
{'embedding_loss': 0.0001, 'grad_norm': 0.0035933356266468763, 'learning_rate': 8.023952095808385e-06, 'epoch': 1.92}
{'eval_embedding_loss': 0.00019632310431916267, 'eval_embedding_runtime': 8.9734, 'eval_embedding_samples_per_second': 49.034, 'eval_embedding_steps_per_second': 6.129, 'epoch': 2.0}
{'embedding_loss': 0.0001, 'grad_norm': 0.026059623807668686, 'learning_rate': 7.275449101796408e-06, 'epoch': 2.02}
{'embedding_loss': 0.0001, 'grad_norm': 0.009032439440488815, 'learning_rate': 6.526946107784432e-06, 'epoch': 2.12}
{'embedding_loss': 0.0001, 'grad_norm': 0.002838089130818844, 'learning_rate': 5.778443113772455e-06, 'epoch': 2.22}
{'embedding_loss': 0.0001, 'grad_norm': 0.00565059669315815, 'learning_rate': 5.029940119760479e-06, 'epoch': 2.32}
{'embedding_loss': 0.0, 'grad_norm': 0.006180817726999521, 'learning_rate': 4.281437125748504e-06, 'epoch': 2.42}
{'embedding_loss': 0.0001, 'grad_norm': 0.0010557204950600863, 'learning_rate': 3.5329341317365273e-06, 'epoch': 2.53}
{'embedding_loss': 0.0001, 'grad_norm': 0.008715787902474403, 'learning_rate': 2.784431137724551e-06, 'epoch': 2.63}
{'embedding_loss': 0.0001, 'grad_norm': 0.005293865688145161, 'learning_rate': 2.035928143712575e-06, 'epoch': 2.73}
{'embedding_loss': 0.0001, 'grad_norm': 0.010492416098713875, 'learning_rate': 1.2874251497005988e-06, 'epoch': 2.83}
{'embedding_loss': 0.0001, 'grad_norm': 0.01016716007143259, 'learning_rate': 5.389221556886228e-07, 'epoch': 2.93}
{'eval_embedding_loss': 0.0001526318083051592, 'eval_embedding_runtime': 8.1437, 'eval_embedding_samples_per_second': 54.029, 'eval_embedding_steps_per_second': 6.754, 'epoch': 3.0}
{'train_runtime': 649.8289, 'train_samples_per_second': 18.282, 'train_steps_per_second': 2.285, 'train_loss': 0.017369976866463518, 'epoch': 3.0}

🔍 Evaluation Metrics
----------------------------------------
📊 Label Distribution:
  Label Not Data Journalism: 13
  Label Data Journalism: 4
  Label Half Data Journalism: 3

✅ Overall Metrics:
  Accuracy : 1.0000
  Precision: 1.0000
  Recall   : 1.0000
  F1       : 1.0000

🧩 Confusion Matrix:
  [4, 0, 0]
  [0, 3, 0]
  [0, 0, 13]

📌 Per-Class Metrics:
  Class Data Journalism: TP=4, FP=0, FN=0, TN=16
  Class Half Data Journalism: TP=3, FP=0, FN=0, TN=17
  Class Not Data Journalism: TP=13, FP=0, FN=0, TN=7
----------------------------------------
Fold finished F1 Score: 1.0 1.0 None
Average VRAM usage: 3374.02 MB, Max VRAM usage: 11322.54 MB
Trial 19 completed with avg fold F1 score: 1.0
Trial 20: {'num_iterations': 13, 'num_epochs': 2, 'batch_size': 8, 'head_lr': 2.237521818500005e-05}
Fold 1/5
Loading model from HPC local scratch: /tmp/shapovalov_setfit_model_cache_1386162
{'embedding_loss': 0.4117, 'grad_norm': 4.9377970695495605, 'learning_rate': 0.0, 'epoch': 0.0}
{'embedding_loss': 0.25, 'grad_norm': 1.2052124738693237, 'learning_rate': 8.376068376068377e-06, 'epoch': 0.09}
{'embedding_loss': 0.1174, 'grad_norm': 3.0863137245178223, 'learning_rate': 1.6923076923076924e-05, 'epoch': 0.17}
{'embedding_loss': 0.0504, 'grad_norm': 0.11119477450847626, 'learning_rate': 1.939221272554606e-05, 'epoch': 0.26}
{'embedding_loss': 0.0216, 'grad_norm': 0.33586204051971436, 'learning_rate': 1.8442545109211778e-05, 'epoch': 0.34}
{'embedding_loss': 0.0198, 'grad_norm': 0.012488776817917824, 'learning_rate': 1.7492877492877495e-05, 'epoch': 0.43}
{'embedding_loss': 0.015, 'grad_norm': 0.4260755181312561, 'learning_rate': 1.654320987654321e-05, 'epoch': 0.51}
{'embedding_loss': 0.0051, 'grad_norm': 0.015213362872600555, 'learning_rate': 1.559354226020893e-05, 'epoch': 0.6}
{'embedding_loss': 0.014, 'grad_norm': 1.8533440828323364, 'learning_rate': 1.4643874643874645e-05, 'epoch': 0.68}
{'embedding_loss': 0.0123, 'grad_norm': 1.2867350578308105, 'learning_rate': 1.3694207027540362e-05, 'epoch': 0.77}
{'embedding_loss': 0.0024, 'grad_norm': 0.0536644384264946, 'learning_rate': 1.2744539411206078e-05, 'epoch': 0.85}
{'embedding_loss': 0.0016, 'grad_norm': 0.06117386370897293, 'learning_rate': 1.1794871794871796e-05, 'epoch': 0.94}
{'eval_embedding_loss': 0.00013934743765275925, 'eval_embedding_runtime': 11.7443, 'eval_embedding_samples_per_second': 44.277, 'eval_embedding_steps_per_second': 5.535, 'epoch': 1.0}
{'embedding_loss': 0.0005, 'grad_norm': 0.015439336188137531, 'learning_rate': 1.0845204178537512e-05, 'epoch': 1.03}
{'embedding_loss': 0.0002, 'grad_norm': 0.017055587843060493, 'learning_rate': 9.89553656220323e-06, 'epoch': 1.11}
{'embedding_loss': 0.0002, 'grad_norm': 0.01949440874159336, 'learning_rate': 8.945868945868947e-06, 'epoch': 1.2}
{'embedding_loss': 0.0001, 'grad_norm': 0.014009946025907993, 'learning_rate': 7.996201329534662e-06, 'epoch': 1.28}
{'embedding_loss': 0.0001, 'grad_norm': 0.002739837160333991, 'learning_rate': 7.046533713200381e-06, 'epoch': 1.37}
{'embedding_loss': 0.0001, 'grad_norm': 0.014087943360209465, 'learning_rate': 6.096866096866098e-06, 'epoch': 1.45}
{'embedding_loss': 0.0001, 'grad_norm': 0.012185032479465008, 'learning_rate': 5.147198480531814e-06, 'epoch': 1.54}
{'embedding_loss': 0.0001, 'grad_norm': 0.004258159082382917, 'learning_rate': 4.197530864197531e-06, 'epoch': 1.62}
{'embedding_loss': 0.0001, 'grad_norm': 0.004532231949269772, 'learning_rate': 3.247863247863248e-06, 'epoch': 1.71}
{'embedding_loss': 0.0001, 'grad_norm': 0.006405389402061701, 'learning_rate': 2.298195631528965e-06, 'epoch': 1.79}
{'embedding_loss': 0.0001, 'grad_norm': 0.008418716490268707, 'learning_rate': 1.348528015194682e-06, 'epoch': 1.88}
{'embedding_loss': 0.0001, 'grad_norm': 0.03500180318951607, 'learning_rate': 3.988603988603989e-07, 'epoch': 1.97}
{'eval_embedding_loss': 6.511223909910768e-05, 'eval_embedding_runtime': 13.1742, 'eval_embedding_samples_per_second': 39.471, 'eval_embedding_steps_per_second': 4.934, 'epoch': 2.0}
{'train_runtime': 512.4119, 'train_samples_per_second': 18.267, 'train_steps_per_second': 2.283, 'train_loss': 0.0219906810993472, 'epoch': 2.0}

🔍 Evaluation Metrics
----------------------------------------
📊 Label Distribution:
  Label Data Journalism: 4
  Label Half Data Journalism: 2
  Label Not Data Journalism: 14

✅ Overall Metrics:
  Accuracy : 1.0000
  Precision: 1.0000
  Recall   : 1.0000
  F1       : 1.0000

🧩 Confusion Matrix:
  [4, 0, 0]
  [0, 2, 0]
  [0, 0, 14]

📌 Per-Class Metrics:
  Class Data Journalism: TP=4, FP=0, FN=0, TN=16
  Class Half Data Journalism: TP=2, FP=0, FN=0, TN=18
  Class Not Data Journalism: TP=14, FP=0, FN=0, TN=6
----------------------------------------
Fold finished F1 Score: 1.0 1.0 None
Fold 2/5
Loading model from HPC local scratch: /tmp/shapovalov_setfit_model_cache_1386162
{'embedding_loss': 0.3709, 'grad_norm': 4.01749324798584, 'learning_rate': 0.0, 'epoch': 0.0}
{'embedding_loss': 0.2331, 'grad_norm': 1.873485803604126, 'learning_rate': 8.376068376068377e-06, 'epoch': 0.09}
{'embedding_loss': 0.125, 'grad_norm': 0.8346246480941772, 'learning_rate': 1.6923076923076924e-05, 'epoch': 0.17}
{'embedding_loss': 0.0502, 'grad_norm': 0.05907316133379936, 'learning_rate': 1.939221272554606e-05, 'epoch': 0.26}
{'embedding_loss': 0.0293, 'grad_norm': 0.3768540322780609, 'learning_rate': 1.8442545109211778e-05, 'epoch': 0.34}
{'embedding_loss': 0.0199, 'grad_norm': 0.12626153230667114, 'learning_rate': 1.7492877492877495e-05, 'epoch': 0.43}
{'embedding_loss': 0.0148, 'grad_norm': 0.03402267023921013, 'learning_rate': 1.654320987654321e-05, 'epoch': 0.51}
{'embedding_loss': 0.0116, 'grad_norm': 0.07739883661270142, 'learning_rate': 1.559354226020893e-05, 'epoch': 0.6}
{'embedding_loss': 0.0055, 'grad_norm': 0.04318882152438164, 'learning_rate': 1.4643874643874645e-05, 'epoch': 0.68}
{'embedding_loss': 0.0007, 'grad_norm': 0.01235340628772974, 'learning_rate': 1.3694207027540362e-05, 'epoch': 0.77}
{'embedding_loss': 0.0005, 'grad_norm': 0.04985898733139038, 'learning_rate': 1.2744539411206078e-05, 'epoch': 0.85}
{'embedding_loss': 0.0006, 'grad_norm': 0.002097065094858408, 'learning_rate': 1.1794871794871796e-05, 'epoch': 0.94}
{'eval_embedding_loss': 0.00017319944163318723, 'eval_embedding_runtime': 10.0559, 'eval_embedding_samples_per_second': 51.711, 'eval_embedding_steps_per_second': 6.464, 'epoch': 1.0}
{'embedding_loss': 0.0003, 'grad_norm': 0.04834029823541641, 'learning_rate': 1.0845204178537512e-05, 'epoch': 1.03}
{'embedding_loss': 0.0003, 'grad_norm': 0.015852797776460648, 'learning_rate': 9.89553656220323e-06, 'epoch': 1.11}
{'embedding_loss': 0.0003, 'grad_norm': 0.04295015335083008, 'learning_rate': 8.945868945868947e-06, 'epoch': 1.2}
{'embedding_loss': 0.0003, 'grad_norm': 0.016877295449376106, 'learning_rate': 7.996201329534662e-06, 'epoch': 1.28}
{'embedding_loss': 0.0002, 'grad_norm': 0.007777777500450611, 'learning_rate': 7.046533713200381e-06, 'epoch': 1.37}
{'embedding_loss': 0.0002, 'grad_norm': 0.04839172959327698, 'learning_rate': 6.096866096866098e-06, 'epoch': 1.45}
{'embedding_loss': 0.0001, 'grad_norm': 0.012618176639080048, 'learning_rate': 5.147198480531814e-06, 'epoch': 1.54}
{'embedding_loss': 0.0001, 'grad_norm': 0.004625944420695305, 'learning_rate': 4.197530864197531e-06, 'epoch': 1.62}
{'embedding_loss': 0.0002, 'grad_norm': 0.0420144721865654, 'learning_rate': 3.247863247863248e-06, 'epoch': 1.71}
{'embedding_loss': 0.0001, 'grad_norm': 0.041523754596710205, 'learning_rate': 2.298195631528965e-06, 'epoch': 1.79}
{'embedding_loss': 0.0001, 'grad_norm': 0.00625042337924242, 'learning_rate': 1.348528015194682e-06, 'epoch': 1.88}
{'embedding_loss': 0.0001, 'grad_norm': 0.02061888948082924, 'learning_rate': 3.988603988603989e-07, 'epoch': 1.97}
{'eval_embedding_loss': 0.00022587133571505547, 'eval_embedding_runtime': 10.8256, 'eval_embedding_samples_per_second': 48.034, 'eval_embedding_steps_per_second': 6.004, 'epoch': 2.0}
{'train_runtime': 509.8421, 'train_samples_per_second': 18.359, 'train_steps_per_second': 2.295, 'train_loss': 0.021211653980466292, 'epoch': 2.0}

🔍 Evaluation Metrics
----------------------------------------
📊 Label Distribution:
  Label Not Data Journalism: 14
  Label Data Journalism: 4
  Label Half Data Journalism: 2

✅ Overall Metrics:
  Accuracy : 1.0000
  Precision: 1.0000
  Recall   : 1.0000
  F1       : 1.0000

🧩 Confusion Matrix:
  [4, 0, 0]
  [0, 2, 0]
  [0, 0, 14]

📌 Per-Class Metrics:
  Class Data Journalism: TP=4, FP=0, FN=0, TN=16
  Class Half Data Journalism: TP=2, FP=0, FN=0, TN=18
  Class Not Data Journalism: TP=14, FP=0, FN=0, TN=6
----------------------------------------
Fold finished F1 Score: 1.0 1.0 None
Fold 3/5
Loading model from HPC local scratch: /tmp/shapovalov_setfit_model_cache_1386162
{'embedding_loss': 0.4462, 'grad_norm': 4.235180854797363, 'learning_rate': 0.0, 'epoch': 0.0}
{'embedding_loss': 0.2362, 'grad_norm': 1.4792718887329102, 'learning_rate': 8.376068376068377e-06, 'epoch': 0.09}
{'embedding_loss': 0.1254, 'grad_norm': 1.5804229974746704, 'learning_rate': 1.6923076923076924e-05, 'epoch': 0.17}
{'embedding_loss': 0.0397, 'grad_norm': 0.06642869114875793, 'learning_rate': 1.939221272554606e-05, 'epoch': 0.26}
{'embedding_loss': 0.027, 'grad_norm': 0.7582461833953857, 'learning_rate': 1.8442545109211778e-05, 'epoch': 0.34}
{'embedding_loss': 0.0225, 'grad_norm': 0.03630805388092995, 'learning_rate': 1.7492877492877495e-05, 'epoch': 0.43}
{'embedding_loss': 0.0121, 'grad_norm': 1.5714102983474731, 'learning_rate': 1.654320987654321e-05, 'epoch': 0.51}
{'embedding_loss': 0.0068, 'grad_norm': 0.0076156314462423325, 'learning_rate': 1.559354226020893e-05, 'epoch': 0.6}
{'embedding_loss': 0.0055, 'grad_norm': 0.5649492144584656, 'learning_rate': 1.4643874643874645e-05, 'epoch': 0.68}
{'embedding_loss': 0.0034, 'grad_norm': 0.019163068383932114, 'learning_rate': 1.3694207027540362e-05, 'epoch': 0.77}
{'embedding_loss': 0.0057, 'grad_norm': 0.03081519342958927, 'learning_rate': 1.2744539411206078e-05, 'epoch': 0.85}
{'embedding_loss': 0.0007, 'grad_norm': 0.0032850350253283978, 'learning_rate': 1.1794871794871796e-05, 'epoch': 0.94}
{'eval_embedding_loss': 0.0002844254195224494, 'eval_embedding_runtime': 10.58, 'eval_embedding_samples_per_second': 49.15, 'eval_embedding_steps_per_second': 6.144, 'epoch': 1.0}
{'embedding_loss': 0.0002, 'grad_norm': 0.011945436708629131, 'learning_rate': 1.0845204178537512e-05, 'epoch': 1.03}
{'embedding_loss': 0.0003, 'grad_norm': 0.037465326488018036, 'learning_rate': 9.89553656220323e-06, 'epoch': 1.11}
{'embedding_loss': 0.0001, 'grad_norm': 0.02599380910396576, 'learning_rate': 8.945868945868947e-06, 'epoch': 1.2}
{'embedding_loss': 0.0001, 'grad_norm': 0.013626866042613983, 'learning_rate': 7.996201329534662e-06, 'epoch': 1.28}
{'embedding_loss': 0.0001, 'grad_norm': 0.004535915330052376, 'learning_rate': 7.046533713200381e-06, 'epoch': 1.37}
{'embedding_loss': 0.0001, 'grad_norm': 0.013888983987271786, 'learning_rate': 6.096866096866098e-06, 'epoch': 1.45}
{'embedding_loss': 0.0001, 'grad_norm': 0.012961064465343952, 'learning_rate': 5.147198480531814e-06, 'epoch': 1.54}
{'embedding_loss': 0.0001, 'grad_norm': 0.002736592199653387, 'learning_rate': 4.197530864197531e-06, 'epoch': 1.62}
{'embedding_loss': 0.0001, 'grad_norm': 0.007943345233798027, 'learning_rate': 3.247863247863248e-06, 'epoch': 1.71}
{'embedding_loss': 0.0001, 'grad_norm': 0.00829043798148632, 'learning_rate': 2.298195631528965e-06, 'epoch': 1.79}
{'embedding_loss': 0.0001, 'grad_norm': 0.004256359301507473, 'learning_rate': 1.348528015194682e-06, 'epoch': 1.88}
{'embedding_loss': 0.0001, 'grad_norm': 0.01588907651603222, 'learning_rate': 3.988603988603989e-07, 'epoch': 1.97}
{'eval_embedding_loss': 0.0001323981850873679, 'eval_embedding_runtime': 10.4386, 'eval_embedding_samples_per_second': 49.815, 'eval_embedding_steps_per_second': 6.227, 'epoch': 2.0}
{'train_runtime': 511.5041, 'train_samples_per_second': 18.299, 'train_steps_per_second': 2.287, 'train_loss': 0.02096948563011809, 'epoch': 2.0}

🔍 Evaluation Metrics
----------------------------------------
📊 Label Distribution:
  Label Not Data Journalism: 13
  Label Half Data Journalism: 2
  Label Data Journalism: 5

✅ Overall Metrics:
  Accuracy : 1.0000
  Precision: 1.0000
  Recall   : 1.0000
  F1       : 1.0000

🧩 Confusion Matrix:
  [5, 0, 0]
  [0, 2, 0]
  [0, 0, 13]

📌 Per-Class Metrics:
  Class Data Journalism: TP=5, FP=0, FN=0, TN=15
  Class Half Data Journalism: TP=2, FP=0, FN=0, TN=18
  Class Not Data Journalism: TP=13, FP=0, FN=0, TN=7
----------------------------------------
Fold finished F1 Score: 1.0 1.0 None
Fold 4/5
Loading model from HPC local scratch: /tmp/shapovalov_setfit_model_cache_1386162
{'embedding_loss': 0.4393, 'grad_norm': 3.841719150543213, 'learning_rate': 0.0, 'epoch': 0.0}
{'embedding_loss': 0.2205, 'grad_norm': 1.1659719944000244, 'learning_rate': 8.376068376068377e-06, 'epoch': 0.09}
{'embedding_loss': 0.1271, 'grad_norm': 1.8093355894088745, 'learning_rate': 1.6923076923076924e-05, 'epoch': 0.17}
{'embedding_loss': 0.0478, 'grad_norm': 1.018038272857666, 'learning_rate': 1.939221272554606e-05, 'epoch': 0.26}
{'embedding_loss': 0.0279, 'grad_norm': 0.0810636356472969, 'learning_rate': 1.8442545109211778e-05, 'epoch': 0.34}
{'embedding_loss': 0.0242, 'grad_norm': 1.9716981649398804, 'learning_rate': 1.7492877492877495e-05, 'epoch': 0.43}
{'embedding_loss': 0.0117, 'grad_norm': 0.175600066781044, 'learning_rate': 1.654320987654321e-05, 'epoch': 0.51}
{'embedding_loss': 0.0063, 'grad_norm': 0.019826920703053474, 'learning_rate': 1.559354226020893e-05, 'epoch': 0.6}
{'embedding_loss': 0.0082, 'grad_norm': 0.05400102958083153, 'learning_rate': 1.4643874643874645e-05, 'epoch': 0.68}
{'embedding_loss': 0.0018, 'grad_norm': 0.007337316405028105, 'learning_rate': 1.3694207027540362e-05, 'epoch': 0.77}
{'embedding_loss': 0.0048, 'grad_norm': 1.1524348258972168, 'learning_rate': 1.2744539411206078e-05, 'epoch': 0.85}
{'embedding_loss': 0.0047, 'grad_norm': 0.02223026566207409, 'learning_rate': 1.1794871794871796e-05, 'epoch': 0.94}
{'eval_embedding_loss': 0.0004334747791290283, 'eval_embedding_runtime': 9.9162, 'eval_embedding_samples_per_second': 52.439, 'eval_embedding_steps_per_second': 6.555, 'epoch': 1.0}
{'embedding_loss': 0.0037, 'grad_norm': 0.13632722198963165, 'learning_rate': 1.0845204178537512e-05, 'epoch': 1.03}
{'embedding_loss': 0.0002, 'grad_norm': 0.004921391606330872, 'learning_rate': 9.89553656220323e-06, 'epoch': 1.11}
{'embedding_loss': 0.0001, 'grad_norm': 0.022682255133986473, 'learning_rate': 8.945868945868947e-06, 'epoch': 1.2}
{'embedding_loss': 0.0005, 'grad_norm': 0.030360186472535133, 'learning_rate': 7.996201329534662e-06, 'epoch': 1.28}
{'embedding_loss': 0.0002, 'grad_norm': 0.011279473081231117, 'learning_rate': 7.046533713200381e-06, 'epoch': 1.37}
{'embedding_loss': 0.0002, 'grad_norm': 0.007654889952391386, 'learning_rate': 6.096866096866098e-06, 'epoch': 1.45}
{'embedding_loss': 0.0001, 'grad_norm': 0.013816557824611664, 'learning_rate': 5.147198480531814e-06, 'epoch': 1.54}
{'embedding_loss': 0.0001, 'grad_norm': 0.02808624505996704, 'learning_rate': 4.197530864197531e-06, 'epoch': 1.62}
{'embedding_loss': 0.0001, 'grad_norm': 0.005197835620492697, 'learning_rate': 3.247863247863248e-06, 'epoch': 1.71}
{'embedding_loss': 0.0002, 'grad_norm': 0.009469468146562576, 'learning_rate': 2.298195631528965e-06, 'epoch': 1.79}
{'embedding_loss': 0.0001, 'grad_norm': 0.023294445127248764, 'learning_rate': 1.348528015194682e-06, 'epoch': 1.88}
{'embedding_loss': 0.0001, 'grad_norm': 0.00965232215821743, 'learning_rate': 3.988603988603989e-07, 'epoch': 1.97}
{'eval_embedding_loss': 0.00013648683670908213, 'eval_embedding_runtime': 9.9927, 'eval_embedding_samples_per_second': 52.038, 'eval_embedding_steps_per_second': 6.505, 'epoch': 2.0}
{'train_runtime': 513.4294, 'train_samples_per_second': 18.23, 'train_steps_per_second': 2.279, 'train_loss': 0.021158354945727584, 'epoch': 2.0}

🔍 Evaluation Metrics
----------------------------------------
📊 Label Distribution:
  Label Not Data Journalism: 13
  Label Data Journalism: 4
  Label Half Data Journalism: 3

✅ Overall Metrics:
  Accuracy : 1.0000
  Precision: 1.0000
  Recall   : 1.0000
  F1       : 1.0000

🧩 Confusion Matrix:
  [4, 0, 0]
  [0, 3, 0]
  [0, 0, 13]

📌 Per-Class Metrics:
  Class Data Journalism: TP=4, FP=0, FN=0, TN=16
  Class Half Data Journalism: TP=3, FP=0, FN=0, TN=17
  Class Not Data Journalism: TP=13, FP=0, FN=0, TN=7
----------------------------------------
Fold finished F1 Score: 1.0 1.0 None
Fold 5/5
Loading model from HPC local scratch: /tmp/shapovalov_setfit_model_cache_1386162
{'embedding_loss': 0.3151, 'grad_norm': 3.527916431427002, 'learning_rate': 0.0, 'epoch': 0.0}
{'embedding_loss': 0.2424, 'grad_norm': 1.3808794021606445, 'learning_rate': 8.376068376068377e-06, 'epoch': 0.09}
{'embedding_loss': 0.1102, 'grad_norm': 0.624647855758667, 'learning_rate': 1.6923076923076924e-05, 'epoch': 0.17}
{'embedding_loss': 0.0437, 'grad_norm': 0.19305267930030823, 'learning_rate': 1.939221272554606e-05, 'epoch': 0.26}
{'embedding_loss': 0.0232, 'grad_norm': 0.11681758612394333, 'learning_rate': 1.8442545109211778e-05, 'epoch': 0.34}
{'embedding_loss': 0.014, 'grad_norm': 0.13870735466480255, 'learning_rate': 1.7492877492877495e-05, 'epoch': 0.43}
{'embedding_loss': 0.014, 'grad_norm': 1.0715185403823853, 'learning_rate': 1.654320987654321e-05, 'epoch': 0.51}
{'embedding_loss': 0.0047, 'grad_norm': 0.08469324558973312, 'learning_rate': 1.559354226020893e-05, 'epoch': 0.6}
{'embedding_loss': 0.0019, 'grad_norm': 0.09194566309452057, 'learning_rate': 1.4643874643874645e-05, 'epoch': 0.68}
{'embedding_loss': 0.0068, 'grad_norm': 0.018676862120628357, 'learning_rate': 1.3694207027540362e-05, 'epoch': 0.77}
{'embedding_loss': 0.0041, 'grad_norm': 0.09172292798757553, 'learning_rate': 1.2744539411206078e-05, 'epoch': 0.85}
{'embedding_loss': 0.004, 'grad_norm': 0.003801328595727682, 'learning_rate': 1.1794871794871796e-05, 'epoch': 0.94}
{'eval_embedding_loss': 0.005279003642499447, 'eval_embedding_runtime': 9.4988, 'eval_embedding_samples_per_second': 54.744, 'eval_embedding_steps_per_second': 6.843, 'epoch': 1.0}
{'embedding_loss': 0.0044, 'grad_norm': 0.0416419692337513, 'learning_rate': 1.0845204178537512e-05, 'epoch': 1.03}
{'embedding_loss': 0.0008, 'grad_norm': 0.030994797125458717, 'learning_rate': 9.89553656220323e-06, 'epoch': 1.11}
{'embedding_loss': 0.0006, 'grad_norm': 0.004040040075778961, 'learning_rate': 8.945868945868947e-06, 'epoch': 1.2}
{'embedding_loss': 0.0003, 'grad_norm': 0.021002577617764473, 'learning_rate': 7.996201329534662e-06, 'epoch': 1.28}
{'embedding_loss': 0.0002, 'grad_norm': 0.011727837845683098, 'learning_rate': 7.046533713200381e-06, 'epoch': 1.37}
{'embedding_loss': 0.0002, 'grad_norm': 0.04056571424007416, 'learning_rate': 6.096866096866098e-06, 'epoch': 1.45}
{'embedding_loss': 0.0001, 'grad_norm': 0.037310030311346054, 'learning_rate': 5.147198480531814e-06, 'epoch': 1.54}
{'embedding_loss': 0.0003, 'grad_norm': 0.01914742961525917, 'learning_rate': 4.197530864197531e-06, 'epoch': 1.62}
{'embedding_loss': 0.0002, 'grad_norm': 0.016306063160300255, 'learning_rate': 3.247863247863248e-06, 'epoch': 1.71}
{'embedding_loss': 0.0001, 'grad_norm': 0.02671145275235176, 'learning_rate': 2.298195631528965e-06, 'epoch': 1.79}
{'embedding_loss': 0.0001, 'grad_norm': 0.0036448067985475063, 'learning_rate': 1.348528015194682e-06, 'epoch': 1.88}
{'embedding_loss': 0.0001, 'grad_norm': 0.03998136892914772, 'learning_rate': 3.988603988603989e-07, 'epoch': 1.97}
{'eval_embedding_loss': 0.0006246933480724692, 'eval_embedding_runtime': 9.0771, 'eval_embedding_samples_per_second': 57.287, 'eval_embedding_steps_per_second': 7.161, 'epoch': 2.0}
{'train_runtime': 507.3346, 'train_samples_per_second': 18.449, 'train_steps_per_second': 2.306, 'train_loss': 0.020429189388568584, 'epoch': 2.0}

🔍 Evaluation Metrics
----------------------------------------
📊 Label Distribution:
  Label Not Data Journalism: 13
  Label Data Journalism: 4
  Label Half Data Journalism: 3

✅ Overall Metrics:
  Accuracy : 1.0000
  Precision: 1.0000
  Recall   : 1.0000
  F1       : 1.0000

🧩 Confusion Matrix:
  [4, 0, 0]
  [0, 3, 0]
  [0, 0, 13]

📌 Per-Class Metrics:
  Class Data Journalism: TP=4, FP=0, FN=0, TN=16
  Class Half Data Journalism: TP=3, FP=0, FN=0, TN=17
  Class Not Data Journalism: TP=13, FP=0, FN=0, TN=7
----------------------------------------
Fold finished F1 Score: 1.0 1.0 None
Average VRAM usage: 3405.93 MB, Max VRAM usage: 11362.26 MB
Trial 20 completed with avg fold F1 score: 1.0
Trial 21: {'num_iterations': 10, 'num_epochs': 3, 'batch_size': 8, 'head_lr': 2.3023956041911165e-05}
Fold 1/5
Loading model from HPC local scratch: /tmp/shapovalov_setfit_model_cache_1386162
{'embedding_loss': 0.4173, 'grad_norm': 3.6245787143707275, 'learning_rate': 0.0, 'epoch': 0.0}
{'embedding_loss': 0.2392, 'grad_norm': 1.6637029647827148, 'learning_rate': 7.2592592592592605e-06, 'epoch': 0.11}
{'embedding_loss': 0.1367, 'grad_norm': 0.9086427092552185, 'learning_rate': 1.4666666666666666e-05, 'epoch': 0.22}
{'embedding_loss': 0.0474, 'grad_norm': 0.8289747834205627, 'learning_rate': 1.9769547325102883e-05, 'epoch': 0.33}
{'embedding_loss': 0.0284, 'grad_norm': 0.9027277231216431, 'learning_rate': 1.894650205761317e-05, 'epoch': 0.44}
{'embedding_loss': 0.0196, 'grad_norm': 0.15292930603027344, 'learning_rate': 1.812345679012346e-05, 'epoch': 0.56}
{'embedding_loss': 0.0153, 'grad_norm': 0.3117814064025879, 'learning_rate': 1.7300411522633746e-05, 'epoch': 0.67}
{'embedding_loss': 0.0063, 'grad_norm': 0.02897847443819046, 'learning_rate': 1.6477366255144033e-05, 'epoch': 0.78}
{'embedding_loss': 0.0018, 'grad_norm': 0.036290086805820465, 'learning_rate': 1.565432098765432e-05, 'epoch': 0.89}
{'embedding_loss': 0.0004, 'grad_norm': 0.054504718631505966, 'learning_rate': 1.4831275720164611e-05, 'epoch': 1.0}
{'eval_embedding_loss': 0.00021622331405524164, 'eval_embedding_runtime': 8.2183, 'eval_embedding_samples_per_second': 48.672, 'eval_embedding_steps_per_second': 6.084, 'epoch': 1.0}
{'embedding_loss': 0.0002, 'grad_norm': 0.030138442292809486, 'learning_rate': 1.4008230452674898e-05, 'epoch': 1.11}
{'embedding_loss': 0.0002, 'grad_norm': 0.01760958507657051, 'learning_rate': 1.3185185185185185e-05, 'epoch': 1.22}
{'embedding_loss': 0.0002, 'grad_norm': 0.026264896616339684, 'learning_rate': 1.2362139917695475e-05, 'epoch': 1.33}
{'embedding_loss': 0.0001, 'grad_norm': 0.005576035939157009, 'learning_rate': 1.1539094650205761e-05, 'epoch': 1.44}
{'embedding_loss': 0.0001, 'grad_norm': 0.003721674671396613, 'learning_rate': 1.071604938271605e-05, 'epoch': 1.56}
{'embedding_loss': 0.0001, 'grad_norm': 0.022231195122003555, 'learning_rate': 9.893004115226338e-06, 'epoch': 1.67}
{'embedding_loss': 0.0001, 'grad_norm': 0.01951291225850582, 'learning_rate': 9.069958847736626e-06, 'epoch': 1.78}
{'embedding_loss': 0.0001, 'grad_norm': 0.014391792938113213, 'learning_rate': 8.246913580246915e-06, 'epoch': 1.89}
{'embedding_loss': 0.0001, 'grad_norm': 0.014919573441147804, 'learning_rate': 7.423868312757202e-06, 'epoch': 2.0}
{'eval_embedding_loss': 7.904911763034761e-05, 'eval_embedding_runtime': 9.3573, 'eval_embedding_samples_per_second': 42.747, 'eval_embedding_steps_per_second': 5.343, 'epoch': 2.0}
{'embedding_loss': 0.0001, 'grad_norm': 0.0011088077444583178, 'learning_rate': 6.6008230452674905e-06, 'epoch': 2.11}
{'embedding_loss': 0.0001, 'grad_norm': 0.07649539411067963, 'learning_rate': 5.777777777777778e-06, 'epoch': 2.22}
{'embedding_loss': 0.0001, 'grad_norm': 0.012561407871544361, 'learning_rate': 4.954732510288066e-06, 'epoch': 2.33}
{'embedding_loss': 0.0001, 'grad_norm': 0.006297771818935871, 'learning_rate': 4.131687242798354e-06, 'epoch': 2.44}
{'embedding_loss': 0.0001, 'grad_norm': 0.004366870503872633, 'learning_rate': 3.3086419753086426e-06, 'epoch': 2.56}
{'embedding_loss': 0.0, 'grad_norm': 0.0024638751056045294, 'learning_rate': 2.48559670781893e-06, 'epoch': 2.67}
{'embedding_loss': 0.0001, 'grad_norm': 0.04630276560783386, 'learning_rate': 1.6625514403292182e-06, 'epoch': 2.78}
{'embedding_loss': 0.0, 'grad_norm': 0.003080456517636776, 'learning_rate': 8.395061728395062e-07, 'epoch': 2.89}
{'embedding_loss': 0.0001, 'grad_norm': 0.0030997786670923233, 'learning_rate': 1.646090534979424e-08, 'epoch': 3.0}
{'eval_embedding_loss': 7.06451537553221e-05, 'eval_embedding_runtime': 8.0103, 'eval_embedding_samples_per_second': 49.936, 'eval_embedding_steps_per_second': 6.242, 'epoch': 3.0}
{'train_runtime': 575.8728, 'train_samples_per_second': 18.754, 'train_steps_per_second': 2.344, 'train_loss': 0.018530467363005437, 'epoch': 3.0}

🔍 Evaluation Metrics
----------------------------------------
📊 Label Distribution:
  Label Data Journalism: 4
  Label Half Data Journalism: 2
  Label Not Data Journalism: 14

✅ Overall Metrics:
  Accuracy : 1.0000
  Precision: 1.0000
  Recall   : 1.0000
  F1       : 1.0000

🧩 Confusion Matrix:
  [4, 0, 0]
  [0, 2, 0]
  [0, 0, 14]

📌 Per-Class Metrics:
  Class Data Journalism: TP=4, FP=0, FN=0, TN=16
  Class Half Data Journalism: TP=2, FP=0, FN=0, TN=18
  Class Not Data Journalism: TP=14, FP=0, FN=0, TN=6
----------------------------------------
Fold finished F1 Score: 1.0 1.0 None
Fold 2/5
Loading model from HPC local scratch: /tmp/shapovalov_setfit_model_cache_1386162
{'embedding_loss': 0.3003, 'grad_norm': 2.9449827671051025, 'learning_rate': 0.0, 'epoch': 0.0}
{'embedding_loss': 0.2339, 'grad_norm': 1.613232970237732, 'learning_rate': 7.2592592592592605e-06, 'epoch': 0.11}
{'embedding_loss': 0.1432, 'grad_norm': 1.3897974491119385, 'learning_rate': 1.4666666666666666e-05, 'epoch': 0.22}
{'embedding_loss': 0.035, 'grad_norm': 0.22721987962722778, 'learning_rate': 1.9769547325102883e-05, 'epoch': 0.33}
{'embedding_loss': 0.0372, 'grad_norm': 0.8609068393707275, 'learning_rate': 1.894650205761317e-05, 'epoch': 0.44}
{'embedding_loss': 0.0347, 'grad_norm': 0.8863368034362793, 'learning_rate': 1.812345679012346e-05, 'epoch': 0.56}
{'embedding_loss': 0.0133, 'grad_norm': 0.02372840791940689, 'learning_rate': 1.7300411522633746e-05, 'epoch': 0.67}
{'embedding_loss': 0.0084, 'grad_norm': 0.038629502058029175, 'learning_rate': 1.6477366255144033e-05, 'epoch': 0.78}
{'embedding_loss': 0.0029, 'grad_norm': 0.5058454275131226, 'learning_rate': 1.565432098765432e-05, 'epoch': 0.89}
{'embedding_loss': 0.0006, 'grad_norm': 0.024695543572306633, 'learning_rate': 1.4831275720164611e-05, 'epoch': 1.0}
{'eval_embedding_loss': 0.0004261935537215322, 'eval_embedding_runtime': 8.9542, 'eval_embedding_samples_per_second': 44.672, 'eval_embedding_steps_per_second': 5.584, 'epoch': 1.0}
{'embedding_loss': 0.0004, 'grad_norm': 0.011013234034180641, 'learning_rate': 1.4008230452674898e-05, 'epoch': 1.11}
{'embedding_loss': 0.0006, 'grad_norm': 0.04739844426512718, 'learning_rate': 1.3185185185185185e-05, 'epoch': 1.22}
{'embedding_loss': 0.0004, 'grad_norm': 0.008840648457407951, 'learning_rate': 1.2362139917695475e-05, 'epoch': 1.33}
{'embedding_loss': 0.0002, 'grad_norm': 0.0009752899641171098, 'learning_rate': 1.1539094650205761e-05, 'epoch': 1.44}
{'embedding_loss': 0.0002, 'grad_norm': 0.0035640355199575424, 'learning_rate': 1.071604938271605e-05, 'epoch': 1.56}
{'embedding_loss': 0.0002, 'grad_norm': 0.006105911917984486, 'learning_rate': 9.893004115226338e-06, 'epoch': 1.67}
{'embedding_loss': 0.0001, 'grad_norm': 0.0017949147149920464, 'learning_rate': 9.069958847736626e-06, 'epoch': 1.78}
{'embedding_loss': 0.0001, 'grad_norm': 0.010040764696896076, 'learning_rate': 8.246913580246915e-06, 'epoch': 1.89}
{'embedding_loss': 0.0001, 'grad_norm': 0.009849678725004196, 'learning_rate': 7.423868312757202e-06, 'epoch': 2.0}
{'eval_embedding_loss': 7.469429692719132e-05, 'eval_embedding_runtime': 7.6721, 'eval_embedding_samples_per_second': 52.137, 'eval_embedding_steps_per_second': 6.517, 'epoch': 2.0}
{'embedding_loss': 0.0001, 'grad_norm': 0.004393750336021185, 'learning_rate': 6.6008230452674905e-06, 'epoch': 2.11}
{'embedding_loss': 0.0001, 'grad_norm': 0.015164699405431747, 'learning_rate': 5.777777777777778e-06, 'epoch': 2.22}
{'embedding_loss': 0.0001, 'grad_norm': 0.01698623225092888, 'learning_rate': 4.954732510288066e-06, 'epoch': 2.33}
{'embedding_loss': 0.0001, 'grad_norm': 0.017348524183034897, 'learning_rate': 4.131687242798354e-06, 'epoch': 2.44}
{'embedding_loss': 0.0001, 'grad_norm': 0.01212344504892826, 'learning_rate': 3.3086419753086426e-06, 'epoch': 2.56}
{'embedding_loss': 0.0001, 'grad_norm': 0.007382471114397049, 'learning_rate': 2.48559670781893e-06, 'epoch': 2.67}
{'embedding_loss': 0.0001, 'grad_norm': 0.007376368623226881, 'learning_rate': 1.6625514403292182e-06, 'epoch': 2.78}
{'embedding_loss': 0.0001, 'grad_norm': 0.011272023431956768, 'learning_rate': 8.395061728395062e-07, 'epoch': 2.89}
{'embedding_loss': 0.0001, 'grad_norm': 0.0011424662079662085, 'learning_rate': 1.646090534979424e-08, 'epoch': 3.0}
{'eval_embedding_loss': 0.00011460011592134833, 'eval_embedding_runtime': 12.0105, 'eval_embedding_samples_per_second': 33.304, 'eval_embedding_steps_per_second': 4.163, 'epoch': 3.0}
{'train_runtime': 584.9218, 'train_samples_per_second': 18.464, 'train_steps_per_second': 2.308, 'train_loss': 0.01903225995151809, 'epoch': 3.0}

🔍 Evaluation Metrics
----------------------------------------
📊 Label Distribution:
  Label Not Data Journalism: 14
  Label Data Journalism: 4
  Label Half Data Journalism: 2

✅ Overall Metrics:
  Accuracy : 1.0000
  Precision: 1.0000
  Recall   : 1.0000
  F1       : 1.0000

🧩 Confusion Matrix:
  [4, 0, 0]
  [0, 2, 0]
  [0, 0, 14]

📌 Per-Class Metrics:
  Class Data Journalism: TP=4, FP=0, FN=0, TN=16
  Class Half Data Journalism: TP=2, FP=0, FN=0, TN=18
  Class Not Data Journalism: TP=14, FP=0, FN=0, TN=6
----------------------------------------
Fold finished F1 Score: 1.0 1.0 None
Fold 3/5
Loading model from HPC local scratch: /tmp/shapovalov_setfit_model_cache_1386162
{'embedding_loss': 0.3662, 'grad_norm': 3.498105525970459, 'learning_rate': 0.0, 'epoch': 0.0}
{'embedding_loss': 0.241, 'grad_norm': 1.7127363681793213, 'learning_rate': 7.2592592592592605e-06, 'epoch': 0.11}
{'embedding_loss': 0.131, 'grad_norm': 2.9790613651275635, 'learning_rate': 1.4666666666666666e-05, 'epoch': 0.22}
{'embedding_loss': 0.0453, 'grad_norm': 0.11869404464960098, 'learning_rate': 1.9769547325102883e-05, 'epoch': 0.33}
{'embedding_loss': 0.0265, 'grad_norm': 0.2142220288515091, 'learning_rate': 1.894650205761317e-05, 'epoch': 0.44}
{'embedding_loss': 0.0094, 'grad_norm': 0.06058308854699135, 'learning_rate': 1.812345679012346e-05, 'epoch': 0.56}
{'embedding_loss': 0.0092, 'grad_norm': 0.03330468758940697, 'learning_rate': 1.7300411522633746e-05, 'epoch': 0.67}
{'embedding_loss': 0.0134, 'grad_norm': 0.008834728971123695, 'learning_rate': 1.6477366255144033e-05, 'epoch': 0.78}
{'embedding_loss': 0.0125, 'grad_norm': 0.09617550671100616, 'learning_rate': 1.565432098765432e-05, 'epoch': 0.89}
{'embedding_loss': 0.0057, 'grad_norm': 0.11394579708576202, 'learning_rate': 1.4831275720164611e-05, 'epoch': 1.0}
{'eval_embedding_loss': 0.0004077174235135317, 'eval_embedding_runtime': 7.4414, 'eval_embedding_samples_per_second': 53.753, 'eval_embedding_steps_per_second': 6.719, 'epoch': 1.0}
{'embedding_loss': 0.0067, 'grad_norm': 0.0046414900571107864, 'learning_rate': 1.4008230452674898e-05, 'epoch': 1.11}
{'embedding_loss': 0.003, 'grad_norm': 0.02674902230501175, 'learning_rate': 1.3185185185185185e-05, 'epoch': 1.22}
{'embedding_loss': 0.0014, 'grad_norm': 0.02655351534485817, 'learning_rate': 1.2362139917695475e-05, 'epoch': 1.33}
{'embedding_loss': 0.0019, 'grad_norm': 0.011759812012314796, 'learning_rate': 1.1539094650205761e-05, 'epoch': 1.44}
{'embedding_loss': 0.0007, 'grad_norm': 0.009264559485018253, 'learning_rate': 1.071604938271605e-05, 'epoch': 1.56}
{'embedding_loss': 0.0001, 'grad_norm': 0.00226404401473701, 'learning_rate': 9.893004115226338e-06, 'epoch': 1.67}
{'embedding_loss': 0.0001, 'grad_norm': 0.008463884703814983, 'learning_rate': 9.069958847736626e-06, 'epoch': 1.78}
{'embedding_loss': 0.0001, 'grad_norm': 0.009214570745825768, 'learning_rate': 8.246913580246915e-06, 'epoch': 1.89}
{'embedding_loss': 0.0001, 'grad_norm': 0.0140017569065094, 'learning_rate': 7.423868312757202e-06, 'epoch': 2.0}
{'eval_embedding_loss': 9.055089321918786e-05, 'eval_embedding_runtime': 7.4072, 'eval_embedding_samples_per_second': 54.002, 'eval_embedding_steps_per_second': 6.75, 'epoch': 2.0}
{'embedding_loss': 0.0001, 'grad_norm': 0.0027999700978398323, 'learning_rate': 6.6008230452674905e-06, 'epoch': 2.11}
{'embedding_loss': 0.0001, 'grad_norm': 0.011765754781663418, 'learning_rate': 5.777777777777778e-06, 'epoch': 2.22}
{'embedding_loss': 0.0001, 'grad_norm': 0.009854649193584919, 'learning_rate': 4.954732510288066e-06, 'epoch': 2.33}
{'embedding_loss': 0.0, 'grad_norm': 0.01065407320857048, 'learning_rate': 4.131687242798354e-06, 'epoch': 2.44}
{'embedding_loss': 0.0001, 'grad_norm': 0.006298951338976622, 'learning_rate': 3.3086419753086426e-06, 'epoch': 2.56}
{'embedding_loss': 0.0, 'grad_norm': 0.0067395856603980064, 'learning_rate': 2.48559670781893e-06, 'epoch': 2.67}
{'embedding_loss': 0.0, 'grad_norm': 0.007260293234139681, 'learning_rate': 1.6625514403292182e-06, 'epoch': 2.78}
{'embedding_loss': 0.0, 'grad_norm': 0.009247640147805214, 'learning_rate': 8.395061728395062e-07, 'epoch': 2.89}
{'embedding_loss': 0.0, 'grad_norm': 0.005571326240897179, 'learning_rate': 1.646090534979424e-08, 'epoch': 3.0}
{'eval_embedding_loss': 8.470178727293387e-05, 'eval_embedding_runtime': 7.4207, 'eval_embedding_samples_per_second': 53.903, 'eval_embedding_steps_per_second': 6.738, 'epoch': 3.0}
{'train_runtime': 576.0294, 'train_samples_per_second': 18.749, 'train_steps_per_second': 2.344, 'train_loss': 0.018919861639625633, 'epoch': 3.0}

🔍 Evaluation Metrics
----------------------------------------
📊 Label Distribution:
  Label Not Data Journalism: 13
  Label Half Data Journalism: 2
  Label Data Journalism: 5

✅ Overall Metrics:
  Accuracy : 1.0000
  Precision: 1.0000
  Recall   : 1.0000
  F1       : 1.0000

🧩 Confusion Matrix:
  [5, 0, 0]
  [0, 2, 0]
  [0, 0, 13]

📌 Per-Class Metrics:
  Class Data Journalism: TP=5, FP=0, FN=0, TN=15
  Class Half Data Journalism: TP=2, FP=0, FN=0, TN=18
  Class Not Data Journalism: TP=13, FP=0, FN=0, TN=7
----------------------------------------
Fold finished F1 Score: 1.0 1.0 None
Fold 4/5
Loading model from HPC local scratch: /tmp/shapovalov_setfit_model_cache_1386162
{'embedding_loss': 0.4226, 'grad_norm': 7.66180419921875, 'learning_rate': 0.0, 'epoch': 0.0}
{'embedding_loss': 0.2364, 'grad_norm': 1.9313685894012451, 'learning_rate': 7.2592592592592605e-06, 'epoch': 0.11}
{'embedding_loss': 0.1308, 'grad_norm': 0.5402320623397827, 'learning_rate': 1.4666666666666666e-05, 'epoch': 0.22}
{'embedding_loss': 0.0374, 'grad_norm': 0.04639421030879021, 'learning_rate': 1.9769547325102883e-05, 'epoch': 0.33}
{'embedding_loss': 0.03, 'grad_norm': 0.162095308303833, 'learning_rate': 1.894650205761317e-05, 'epoch': 0.44}
{'embedding_loss': 0.0318, 'grad_norm': 0.9180511236190796, 'learning_rate': 1.812345679012346e-05, 'epoch': 0.56}
{'embedding_loss': 0.0311, 'grad_norm': 0.7308809757232666, 'learning_rate': 1.7300411522633746e-05, 'epoch': 0.67}
{'embedding_loss': 0.0189, 'grad_norm': 0.12167003005743027, 'learning_rate': 1.6477366255144033e-05, 'epoch': 0.78}
{'embedding_loss': 0.0023, 'grad_norm': 0.0185182336717844, 'learning_rate': 1.565432098765432e-05, 'epoch': 0.89}
{'embedding_loss': 0.0132, 'grad_norm': 0.033141836524009705, 'learning_rate': 1.4831275720164611e-05, 'epoch': 1.0}
{'eval_embedding_loss': 0.030124003067612648, 'eval_embedding_runtime': 7.3459, 'eval_embedding_samples_per_second': 54.452, 'eval_embedding_steps_per_second': 6.807, 'epoch': 1.0}
{'embedding_loss': 0.0037, 'grad_norm': 0.023826897144317627, 'learning_rate': 1.4008230452674898e-05, 'epoch': 1.11}
{'embedding_loss': 0.0033, 'grad_norm': 0.02359001897275448, 'learning_rate': 1.3185185185185185e-05, 'epoch': 1.22}
{'embedding_loss': 0.0037, 'grad_norm': 0.005021235905587673, 'learning_rate': 1.2362139917695475e-05, 'epoch': 1.33}
{'embedding_loss': 0.0005, 'grad_norm': 0.016457734629511833, 'learning_rate': 1.1539094650205761e-05, 'epoch': 1.44}
{'embedding_loss': 0.0002, 'grad_norm': 0.07726118713617325, 'learning_rate': 1.071604938271605e-05, 'epoch': 1.56}
{'embedding_loss': 0.0001, 'grad_norm': 0.012546881102025509, 'learning_rate': 9.893004115226338e-06, 'epoch': 1.67}
{'embedding_loss': 0.0001, 'grad_norm': 0.012167109176516533, 'learning_rate': 9.069958847736626e-06, 'epoch': 1.78}
{'embedding_loss': 0.0001, 'grad_norm': 0.01579965464770794, 'learning_rate': 8.246913580246915e-06, 'epoch': 1.89}
{'embedding_loss': 0.0001, 'grad_norm': 0.026703674346208572, 'learning_rate': 7.423868312757202e-06, 'epoch': 2.0}
{'eval_embedding_loss': 0.00015888323832768947, 'eval_embedding_runtime': 7.1516, 'eval_embedding_samples_per_second': 55.932, 'eval_embedding_steps_per_second': 6.991, 'epoch': 2.0}
{'embedding_loss': 0.0001, 'grad_norm': 0.0040364377200603485, 'learning_rate': 6.6008230452674905e-06, 'epoch': 2.11}
{'embedding_loss': 0.0001, 'grad_norm': 0.011920532211661339, 'learning_rate': 5.777777777777778e-06, 'epoch': 2.22}
{'embedding_loss': 0.0001, 'grad_norm': 0.006108118686825037, 'learning_rate': 4.954732510288066e-06, 'epoch': 2.33}
{'embedding_loss': 0.0001, 'grad_norm': 0.017311550676822662, 'learning_rate': 4.131687242798354e-06, 'epoch': 2.44}
{'embedding_loss': 0.0001, 'grad_norm': 0.008344936184585094, 'learning_rate': 3.3086419753086426e-06, 'epoch': 2.56}
{'embedding_loss': 0.0001, 'grad_norm': 0.008194591850042343, 'learning_rate': 2.48559670781893e-06, 'epoch': 2.67}
{'embedding_loss': 0.0, 'grad_norm': 0.003393913386389613, 'learning_rate': 1.6625514403292182e-06, 'epoch': 2.78}
{'embedding_loss': 0.0001, 'grad_norm': 0.005168948322534561, 'learning_rate': 8.395061728395062e-07, 'epoch': 2.89}
{'embedding_loss': 0.0001, 'grad_norm': 0.0053123291581869125, 'learning_rate': 1.646090534979424e-08, 'epoch': 3.0}
{'eval_embedding_loss': 0.00013320143625605851, 'eval_embedding_runtime': 7.1466, 'eval_embedding_samples_per_second': 55.971, 'eval_embedding_steps_per_second': 6.996, 'epoch': 3.0}
{'train_runtime': 574.0404, 'train_samples_per_second': 18.814, 'train_steps_per_second': 2.352, 'train_loss': 0.020300188006281302, 'epoch': 3.0}

🔍 Evaluation Metrics
----------------------------------------
📊 Label Distribution:
  Label Not Data Journalism: 13
  Label Data Journalism: 4
  Label Half Data Journalism: 3

✅ Overall Metrics:
  Accuracy : 1.0000
  Precision: 1.0000
  Recall   : 1.0000
  F1       : 1.0000

🧩 Confusion Matrix:
  [4, 0, 0]
  [0, 3, 0]
  [0, 0, 13]

📌 Per-Class Metrics:
  Class Data Journalism: TP=4, FP=0, FN=0, TN=16
  Class Half Data Journalism: TP=3, FP=0, FN=0, TN=17
  Class Not Data Journalism: TP=13, FP=0, FN=0, TN=7
----------------------------------------
Fold finished F1 Score: 1.0 1.0 None
Fold 5/5
Loading model from HPC local scratch: /tmp/shapovalov_setfit_model_cache_1386162
{'embedding_loss': 0.4917, 'grad_norm': 4.377663612365723, 'learning_rate': 0.0, 'epoch': 0.0}
{'embedding_loss': 0.2356, 'grad_norm': 2.0495846271514893, 'learning_rate': 7.2592592592592605e-06, 'epoch': 0.11}
{'embedding_loss': 0.1318, 'grad_norm': 0.5539571046829224, 'learning_rate': 1.4666666666666666e-05, 'epoch': 0.22}
{'embedding_loss': 0.0409, 'grad_norm': 0.16551370918750763, 'learning_rate': 1.9769547325102883e-05, 'epoch': 0.33}
{'embedding_loss': 0.0243, 'grad_norm': 0.645206868648529, 'learning_rate': 1.894650205761317e-05, 'epoch': 0.44}
{'embedding_loss': 0.0331, 'grad_norm': 0.07152869552373886, 'learning_rate': 1.812345679012346e-05, 'epoch': 0.56}
{'embedding_loss': 0.016, 'grad_norm': 0.23543387651443481, 'learning_rate': 1.7300411522633746e-05, 'epoch': 0.67}
{'embedding_loss': 0.01, 'grad_norm': 0.034055277705192566, 'learning_rate': 1.6477366255144033e-05, 'epoch': 0.78}
{'embedding_loss': 0.004, 'grad_norm': 0.007652494590729475, 'learning_rate': 1.565432098765432e-05, 'epoch': 0.89}
{'embedding_loss': 0.0031, 'grad_norm': 0.010463238693773746, 'learning_rate': 1.4831275720164611e-05, 'epoch': 1.0}
{'eval_embedding_loss': 0.0069335042499005795, 'eval_embedding_runtime': 7.114, 'eval_embedding_samples_per_second': 56.227, 'eval_embedding_steps_per_second': 7.028, 'epoch': 1.0}
{'embedding_loss': 0.0029, 'grad_norm': 0.022079961374402046, 'learning_rate': 1.4008230452674898e-05, 'epoch': 1.11}
{'embedding_loss': 0.0024, 'grad_norm': 0.012432080693542957, 'learning_rate': 1.3185185185185185e-05, 'epoch': 1.22}
{'embedding_loss': 0.0012, 'grad_norm': 0.03631538897752762, 'learning_rate': 1.2362139917695475e-05, 'epoch': 1.33}
{'embedding_loss': 0.0006, 'grad_norm': 0.0069538443349301815, 'learning_rate': 1.1539094650205761e-05, 'epoch': 1.44}
{'embedding_loss': 0.0003, 'grad_norm': 0.004952482413500547, 'learning_rate': 1.071604938271605e-05, 'epoch': 1.56}
{'embedding_loss': 0.0002, 'grad_norm': 0.0014839653158560395, 'learning_rate': 9.893004115226338e-06, 'epoch': 1.67}
{'embedding_loss': 0.0001, 'grad_norm': 0.014269518665969372, 'learning_rate': 9.069958847736626e-06, 'epoch': 1.78}
{'embedding_loss': 0.0001, 'grad_norm': 0.0023609462659806013, 'learning_rate': 8.246913580246915e-06, 'epoch': 1.89}
{'embedding_loss': 0.0002, 'grad_norm': 0.008045745082199574, 'learning_rate': 7.423868312757202e-06, 'epoch': 2.0}
{'eval_embedding_loss': 0.00021853861107956618, 'eval_embedding_runtime': 7.3019, 'eval_embedding_samples_per_second': 54.78, 'eval_embedding_steps_per_second': 6.848, 'epoch': 2.0}
{'embedding_loss': 0.0001, 'grad_norm': 0.020716067403554916, 'learning_rate': 6.6008230452674905e-06, 'epoch': 2.11}
{'embedding_loss': 0.0001, 'grad_norm': 0.005942041054368019, 'learning_rate': 5.777777777777778e-06, 'epoch': 2.22}
{'embedding_loss': 0.0001, 'grad_norm': 0.004350588191300631, 'learning_rate': 4.954732510288066e-06, 'epoch': 2.33}
{'embedding_loss': 0.0001, 'grad_norm': 0.0037421234883368015, 'learning_rate': 4.131687242798354e-06, 'epoch': 2.44}
{'embedding_loss': 0.0001, 'grad_norm': 0.01934237591922283, 'learning_rate': 3.3086419753086426e-06, 'epoch': 2.56}
{'embedding_loss': 0.0001, 'grad_norm': 0.008310828357934952, 'learning_rate': 2.48559670781893e-06, 'epoch': 2.67}
{'embedding_loss': 0.0001, 'grad_norm': 0.02018885500729084, 'learning_rate': 1.6625514403292182e-06, 'epoch': 2.78}
{'embedding_loss': 0.0001, 'grad_norm': 0.003908722661435604, 'learning_rate': 8.395061728395062e-07, 'epoch': 2.89}
{'embedding_loss': 0.0001, 'grad_norm': 0.0027040643617510796, 'learning_rate': 1.646090534979424e-08, 'epoch': 3.0}
{'eval_embedding_loss': 0.00018477234698366374, 'eval_embedding_runtime': 7.3337, 'eval_embedding_samples_per_second': 54.543, 'eval_embedding_steps_per_second': 6.818, 'epoch': 3.0}
{'train_runtime': 573.9911, 'train_samples_per_second': 18.816, 'train_steps_per_second': 2.352, 'train_loss': 0.01899457035586238, 'epoch': 3.0}

🔍 Evaluation Metrics
----------------------------------------
📊 Label Distribution:
  Label Not Data Journalism: 13
  Label Data Journalism: 4
  Label Half Data Journalism: 3

✅ Overall Metrics:
  Accuracy : 1.0000
  Precision: 1.0000
  Recall   : 1.0000
  F1       : 1.0000

🧩 Confusion Matrix:
  [4, 0, 0]
  [0, 3, 0]
  [0, 0, 13]

📌 Per-Class Metrics:
  Class Data Journalism: TP=4, FP=0, FN=0, TN=16
  Class Half Data Journalism: TP=3, FP=0, FN=0, TN=17
  Class Not Data Journalism: TP=13, FP=0, FN=0, TN=7
----------------------------------------
Fold finished F1 Score: 1.0 1.0 None
Average VRAM usage: 3509.76 MB, Max VRAM usage: 11415.96 MB
Trial 21 completed with avg fold F1 score: 1.0
Trial 22: {'num_iterations': 10, 'num_epochs': 3, 'batch_size': 8, 'head_lr': 2.758603396587879e-05}
Fold 1/5
Loading model from HPC local scratch: /tmp/shapovalov_setfit_model_cache_1386162
{'embedding_loss': 0.4173, 'grad_norm': 3.6245787143707275, 'learning_rate': 0.0, 'epoch': 0.0}
{'embedding_loss': 0.2392, 'grad_norm': 1.6637029647827148, 'learning_rate': 7.2592592592592605e-06, 'epoch': 0.11}
{'embedding_loss': 0.1367, 'grad_norm': 0.9086427092552185, 'learning_rate': 1.4666666666666666e-05, 'epoch': 0.22}
{'embedding_loss': 0.0474, 'grad_norm': 0.8289747834205627, 'learning_rate': 1.9769547325102883e-05, 'epoch': 0.33}
{'embedding_loss': 0.0284, 'grad_norm': 0.9027277231216431, 'learning_rate': 1.894650205761317e-05, 'epoch': 0.44}
{'embedding_loss': 0.0196, 'grad_norm': 0.15292930603027344, 'learning_rate': 1.812345679012346e-05, 'epoch': 0.56}
{'embedding_loss': 0.0153, 'grad_norm': 0.3117814064025879, 'learning_rate': 1.7300411522633746e-05, 'epoch': 0.67}
{'embedding_loss': 0.0063, 'grad_norm': 0.02897847443819046, 'learning_rate': 1.6477366255144033e-05, 'epoch': 0.78}
{'embedding_loss': 0.0018, 'grad_norm': 0.036290086805820465, 'learning_rate': 1.565432098765432e-05, 'epoch': 0.89}
{'embedding_loss': 0.0004, 'grad_norm': 0.054504718631505966, 'learning_rate': 1.4831275720164611e-05, 'epoch': 1.0}
{'eval_embedding_loss': 0.00021622331405524164, 'eval_embedding_runtime': 7.9269, 'eval_embedding_samples_per_second': 50.461, 'eval_embedding_steps_per_second': 6.308, 'epoch': 1.0}
{'embedding_loss': 0.0002, 'grad_norm': 0.030138442292809486, 'learning_rate': 1.4008230452674898e-05, 'epoch': 1.11}
{'embedding_loss': 0.0002, 'grad_norm': 0.01760958507657051, 'learning_rate': 1.3185185185185185e-05, 'epoch': 1.22}
{'embedding_loss': 0.0002, 'grad_norm': 0.026264896616339684, 'learning_rate': 1.2362139917695475e-05, 'epoch': 1.33}
{'embedding_loss': 0.0001, 'grad_norm': 0.005576035939157009, 'learning_rate': 1.1539094650205761e-05, 'epoch': 1.44}
{'embedding_loss': 0.0001, 'grad_norm': 0.003721674671396613, 'learning_rate': 1.071604938271605e-05, 'epoch': 1.56}
{'embedding_loss': 0.0001, 'grad_norm': 0.022231195122003555, 'learning_rate': 9.893004115226338e-06, 'epoch': 1.67}
{'embedding_loss': 0.0001, 'grad_norm': 0.01951291225850582, 'learning_rate': 9.069958847736626e-06, 'epoch': 1.78}
{'embedding_loss': 0.0001, 'grad_norm': 0.014391792938113213, 'learning_rate': 8.246913580246915e-06, 'epoch': 1.89}
{'embedding_loss': 0.0001, 'grad_norm': 0.014919573441147804, 'learning_rate': 7.423868312757202e-06, 'epoch': 2.0}
{'eval_embedding_loss': 7.904911763034761e-05, 'eval_embedding_runtime': 7.9432, 'eval_embedding_samples_per_second': 50.358, 'eval_embedding_steps_per_second': 6.295, 'epoch': 2.0}
{'embedding_loss': 0.0001, 'grad_norm': 0.0011088077444583178, 'learning_rate': 6.6008230452674905e-06, 'epoch': 2.11}
{'embedding_loss': 0.0001, 'grad_norm': 0.07649539411067963, 'learning_rate': 5.777777777777778e-06, 'epoch': 2.22}
{'embedding_loss': 0.0001, 'grad_norm': 0.012561407871544361, 'learning_rate': 4.954732510288066e-06, 'epoch': 2.33}
{'embedding_loss': 0.0001, 'grad_norm': 0.006297771818935871, 'learning_rate': 4.131687242798354e-06, 'epoch': 2.44}
{'embedding_loss': 0.0001, 'grad_norm': 0.004366870503872633, 'learning_rate': 3.3086419753086426e-06, 'epoch': 2.56}
{'embedding_loss': 0.0, 'grad_norm': 0.0024638751056045294, 'learning_rate': 2.48559670781893e-06, 'epoch': 2.67}
{'embedding_loss': 0.0001, 'grad_norm': 0.04630276560783386, 'learning_rate': 1.6625514403292182e-06, 'epoch': 2.78}
{'embedding_loss': 0.0, 'grad_norm': 0.003080456517636776, 'learning_rate': 8.395061728395062e-07, 'epoch': 2.89}
{'embedding_loss': 0.0001, 'grad_norm': 0.0030997786670923233, 'learning_rate': 1.646090534979424e-08, 'epoch': 3.0}
{'eval_embedding_loss': 7.06451537553221e-05, 'eval_embedding_runtime': 8.464, 'eval_embedding_samples_per_second': 47.259, 'eval_embedding_steps_per_second': 5.907, 'epoch': 3.0}
{'train_runtime': 571.8537, 'train_samples_per_second': 18.886, 'train_steps_per_second': 2.361, 'train_loss': 0.018530467363005437, 'epoch': 3.0}

🔍 Evaluation Metrics
----------------------------------------
📊 Label Distribution:
  Label Data Journalism: 4
  Label Half Data Journalism: 2
  Label Not Data Journalism: 14

✅ Overall Metrics:
  Accuracy : 1.0000
  Precision: 1.0000
  Recall   : 1.0000
  F1       : 1.0000

🧩 Confusion Matrix:
  [4, 0, 0]
  [0, 2, 0]
  [0, 0, 14]

📌 Per-Class Metrics:
  Class Data Journalism: TP=4, FP=0, FN=0, TN=16
  Class Half Data Journalism: TP=2, FP=0, FN=0, TN=18
  Class Not Data Journalism: TP=14, FP=0, FN=0, TN=6
----------------------------------------
Fold finished F1 Score: 1.0 1.0 None
Fold 2/5
Loading model from HPC local scratch: /tmp/shapovalov_setfit_model_cache_1386162
{'embedding_loss': 0.3003, 'grad_norm': 2.9449827671051025, 'learning_rate': 0.0, 'epoch': 0.0}
{'embedding_loss': 0.2339, 'grad_norm': 1.613232970237732, 'learning_rate': 7.2592592592592605e-06, 'epoch': 0.11}
{'embedding_loss': 0.1432, 'grad_norm': 1.3897974491119385, 'learning_rate': 1.4666666666666666e-05, 'epoch': 0.22}
{'embedding_loss': 0.035, 'grad_norm': 0.22721987962722778, 'learning_rate': 1.9769547325102883e-05, 'epoch': 0.33}
{'embedding_loss': 0.0372, 'grad_norm': 0.8609068393707275, 'learning_rate': 1.894650205761317e-05, 'epoch': 0.44}
{'embedding_loss': 0.0347, 'grad_norm': 0.8863368034362793, 'learning_rate': 1.812345679012346e-05, 'epoch': 0.56}
{'embedding_loss': 0.0133, 'grad_norm': 0.02372840791940689, 'learning_rate': 1.7300411522633746e-05, 'epoch': 0.67}
{'embedding_loss': 0.0084, 'grad_norm': 0.038629502058029175, 'learning_rate': 1.6477366255144033e-05, 'epoch': 0.78}
{'embedding_loss': 0.0029, 'grad_norm': 0.5058454275131226, 'learning_rate': 1.565432098765432e-05, 'epoch': 0.89}
{'embedding_loss': 0.0006, 'grad_norm': 0.024695543572306633, 'learning_rate': 1.4831275720164611e-05, 'epoch': 1.0}
{'eval_embedding_loss': 0.0004261935537215322, 'eval_embedding_runtime': 9.1109, 'eval_embedding_samples_per_second': 43.903, 'eval_embedding_steps_per_second': 5.488, 'epoch': 1.0}
{'embedding_loss': 0.0004, 'grad_norm': 0.011013234034180641, 'learning_rate': 1.4008230452674898e-05, 'epoch': 1.11}
{'embedding_loss': 0.0006, 'grad_norm': 0.04739844426512718, 'learning_rate': 1.3185185185185185e-05, 'epoch': 1.22}
{'embedding_loss': 0.0004, 'grad_norm': 0.008840648457407951, 'learning_rate': 1.2362139917695475e-05, 'epoch': 1.33}
{'embedding_loss': 0.0002, 'grad_norm': 0.0009752899641171098, 'learning_rate': 1.1539094650205761e-05, 'epoch': 1.44}
{'embedding_loss': 0.0002, 'grad_norm': 0.0035640355199575424, 'learning_rate': 1.071604938271605e-05, 'epoch': 1.56}
{'embedding_loss': 0.0002, 'grad_norm': 0.006105911917984486, 'learning_rate': 9.893004115226338e-06, 'epoch': 1.67}
{'embedding_loss': 0.0001, 'grad_norm': 0.0017949147149920464, 'learning_rate': 9.069958847736626e-06, 'epoch': 1.78}
{'embedding_loss': 0.0001, 'grad_norm': 0.010040764696896076, 'learning_rate': 8.246913580246915e-06, 'epoch': 1.89}
{'embedding_loss': 0.0001, 'grad_norm': 0.009849678725004196, 'learning_rate': 7.423868312757202e-06, 'epoch': 2.0}
{'eval_embedding_loss': 7.469429692719132e-05, 'eval_embedding_runtime': 7.6622, 'eval_embedding_samples_per_second': 52.204, 'eval_embedding_steps_per_second': 6.526, 'epoch': 2.0}
{'embedding_loss': 0.0001, 'grad_norm': 0.004393750336021185, 'learning_rate': 6.6008230452674905e-06, 'epoch': 2.11}
{'embedding_loss': 0.0001, 'grad_norm': 0.015164699405431747, 'learning_rate': 5.777777777777778e-06, 'epoch': 2.22}
{'embedding_loss': 0.0001, 'grad_norm': 0.01698623225092888, 'learning_rate': 4.954732510288066e-06, 'epoch': 2.33}
{'embedding_loss': 0.0001, 'grad_norm': 0.017348524183034897, 'learning_rate': 4.131687242798354e-06, 'epoch': 2.44}
{'embedding_loss': 0.0001, 'grad_norm': 0.01212344504892826, 'learning_rate': 3.3086419753086426e-06, 'epoch': 2.56}
{'embedding_loss': 0.0001, 'grad_norm': 0.007382471114397049, 'learning_rate': 2.48559670781893e-06, 'epoch': 2.67}
{'embedding_loss': 0.0001, 'grad_norm': 0.007376368623226881, 'learning_rate': 1.6625514403292182e-06, 'epoch': 2.78}
{'embedding_loss': 0.0001, 'grad_norm': 0.011272023431956768, 'learning_rate': 8.395061728395062e-07, 'epoch': 2.89}
{'embedding_loss': 0.0001, 'grad_norm': 0.0011424662079662085, 'learning_rate': 1.646090534979424e-08, 'epoch': 3.0}
{'eval_embedding_loss': 0.00011460011592134833, 'eval_embedding_runtime': 7.8899, 'eval_embedding_samples_per_second': 50.698, 'eval_embedding_steps_per_second': 6.337, 'epoch': 3.0}
{'train_runtime': 579.3489, 'train_samples_per_second': 18.642, 'train_steps_per_second': 2.33, 'train_loss': 0.01903225995151809, 'epoch': 3.0}

🔍 Evaluation Metrics
----------------------------------------
📊 Label Distribution:
  Label Not Data Journalism: 14
  Label Data Journalism: 4
  Label Half Data Journalism: 2

✅ Overall Metrics:
  Accuracy : 1.0000
  Precision: 1.0000
  Recall   : 1.0000
  F1       : 1.0000

🧩 Confusion Matrix:
  [4, 0, 0]
  [0, 2, 0]
  [0, 0, 14]

📌 Per-Class Metrics:
  Class Data Journalism: TP=4, FP=0, FN=0, TN=16
  Class Half Data Journalism: TP=2, FP=0, FN=0, TN=18
  Class Not Data Journalism: TP=14, FP=0, FN=0, TN=6
----------------------------------------
Fold finished F1 Score: 1.0 1.0 None
Fold 3/5
Loading model from HPC local scratch: /tmp/shapovalov_setfit_model_cache_1386162
{'embedding_loss': 0.3662, 'grad_norm': 3.498105525970459, 'learning_rate': 0.0, 'epoch': 0.0}
{'embedding_loss': 0.241, 'grad_norm': 1.7127363681793213, 'learning_rate': 7.2592592592592605e-06, 'epoch': 0.11}
{'embedding_loss': 0.131, 'grad_norm': 2.9790613651275635, 'learning_rate': 1.4666666666666666e-05, 'epoch': 0.22}
{'embedding_loss': 0.0453, 'grad_norm': 0.11869404464960098, 'learning_rate': 1.9769547325102883e-05, 'epoch': 0.33}
{'embedding_loss': 0.0265, 'grad_norm': 0.2142220288515091, 'learning_rate': 1.894650205761317e-05, 'epoch': 0.44}
{'embedding_loss': 0.0094, 'grad_norm': 0.06058308854699135, 'learning_rate': 1.812345679012346e-05, 'epoch': 0.56}
{'embedding_loss': 0.0092, 'grad_norm': 0.03330468758940697, 'learning_rate': 1.7300411522633746e-05, 'epoch': 0.67}
{'embedding_loss': 0.0134, 'grad_norm': 0.008834728971123695, 'learning_rate': 1.6477366255144033e-05, 'epoch': 0.78}
{'embedding_loss': 0.0125, 'grad_norm': 0.09617550671100616, 'learning_rate': 1.565432098765432e-05, 'epoch': 0.89}
{'embedding_loss': 0.0057, 'grad_norm': 0.11394579708576202, 'learning_rate': 1.4831275720164611e-05, 'epoch': 1.0}
{'eval_embedding_loss': 0.0004077174235135317, 'eval_embedding_runtime': 7.5096, 'eval_embedding_samples_per_second': 53.265, 'eval_embedding_steps_per_second': 6.658, 'epoch': 1.0}
{'embedding_loss': 0.0067, 'grad_norm': 0.0046414900571107864, 'learning_rate': 1.4008230452674898e-05, 'epoch': 1.11}
{'embedding_loss': 0.003, 'grad_norm': 0.02674902230501175, 'learning_rate': 1.3185185185185185e-05, 'epoch': 1.22}
{'embedding_loss': 0.0014, 'grad_norm': 0.02655351534485817, 'learning_rate': 1.2362139917695475e-05, 'epoch': 1.33}
{'embedding_loss': 0.0019, 'grad_norm': 0.011759812012314796, 'learning_rate': 1.1539094650205761e-05, 'epoch': 1.44}
{'embedding_loss': 0.0007, 'grad_norm': 0.009264559485018253, 'learning_rate': 1.071604938271605e-05, 'epoch': 1.56}
{'embedding_loss': 0.0001, 'grad_norm': 0.00226404401473701, 'learning_rate': 9.893004115226338e-06, 'epoch': 1.67}
{'embedding_loss': 0.0001, 'grad_norm': 0.008463884703814983, 'learning_rate': 9.069958847736626e-06, 'epoch': 1.78}
{'embedding_loss': 0.0001, 'grad_norm': 0.009214570745825768, 'learning_rate': 8.246913580246915e-06, 'epoch': 1.89}
{'embedding_loss': 0.0001, 'grad_norm': 0.0140017569065094, 'learning_rate': 7.423868312757202e-06, 'epoch': 2.0}
{'eval_embedding_loss': 9.055089321918786e-05, 'eval_embedding_runtime': 7.6048, 'eval_embedding_samples_per_second': 52.598, 'eval_embedding_steps_per_second': 6.575, 'epoch': 2.0}
{'embedding_loss': 0.0001, 'grad_norm': 0.0027999700978398323, 'learning_rate': 6.6008230452674905e-06, 'epoch': 2.11}
{'embedding_loss': 0.0001, 'grad_norm': 0.011765754781663418, 'learning_rate': 5.777777777777778e-06, 'epoch': 2.22}
{'embedding_loss': 0.0001, 'grad_norm': 0.009854649193584919, 'learning_rate': 4.954732510288066e-06, 'epoch': 2.33}
{'embedding_loss': 0.0, 'grad_norm': 0.01065407320857048, 'learning_rate': 4.131687242798354e-06, 'epoch': 2.44}
{'embedding_loss': 0.0001, 'grad_norm': 0.006298951338976622, 'learning_rate': 3.3086419753086426e-06, 'epoch': 2.56}
{'embedding_loss': 0.0, 'grad_norm': 0.0067395856603980064, 'learning_rate': 2.48559670781893e-06, 'epoch': 2.67}
{'embedding_loss': 0.0, 'grad_norm': 0.007260293234139681, 'learning_rate': 1.6625514403292182e-06, 'epoch': 2.78}
{'embedding_loss': 0.0, 'grad_norm': 0.009247640147805214, 'learning_rate': 8.395061728395062e-07, 'epoch': 2.89}
{'embedding_loss': 0.0, 'grad_norm': 0.005571326240897179, 'learning_rate': 1.646090534979424e-08, 'epoch': 3.0}
{'eval_embedding_loss': 8.470178727293387e-05, 'eval_embedding_runtime': 7.595, 'eval_embedding_samples_per_second': 52.666, 'eval_embedding_steps_per_second': 6.583, 'epoch': 3.0}
{'train_runtime': 576.1222, 'train_samples_per_second': 18.746, 'train_steps_per_second': 2.343, 'train_loss': 0.018919861639625633, 'epoch': 3.0}

🔍 Evaluation Metrics
----------------------------------------
📊 Label Distribution:
  Label Not Data Journalism: 13
  Label Half Data Journalism: 2
  Label Data Journalism: 5

✅ Overall Metrics:
  Accuracy : 1.0000
  Precision: 1.0000
  Recall   : 1.0000
  F1       : 1.0000

🧩 Confusion Matrix:
  [5, 0, 0]
  [0, 2, 0]
  [0, 0, 13]

📌 Per-Class Metrics:
  Class Data Journalism: TP=5, FP=0, FN=0, TN=15
  Class Half Data Journalism: TP=2, FP=0, FN=0, TN=18
  Class Not Data Journalism: TP=13, FP=0, FN=0, TN=7
----------------------------------------
Fold finished F1 Score: 1.0 1.0 None
Fold 4/5
Loading model from HPC local scratch: /tmp/shapovalov_setfit_model_cache_1386162
{'embedding_loss': 0.4226, 'grad_norm': 7.66180419921875, 'learning_rate': 0.0, 'epoch': 0.0}
{'embedding_loss': 0.2364, 'grad_norm': 1.9313685894012451, 'learning_rate': 7.2592592592592605e-06, 'epoch': 0.11}
{'embedding_loss': 0.1308, 'grad_norm': 0.5402320623397827, 'learning_rate': 1.4666666666666666e-05, 'epoch': 0.22}
{'embedding_loss': 0.0374, 'grad_norm': 0.04639421030879021, 'learning_rate': 1.9769547325102883e-05, 'epoch': 0.33}
{'embedding_loss': 0.03, 'grad_norm': 0.162095308303833, 'learning_rate': 1.894650205761317e-05, 'epoch': 0.44}
{'embedding_loss': 0.0318, 'grad_norm': 0.9180511236190796, 'learning_rate': 1.812345679012346e-05, 'epoch': 0.56}
{'embedding_loss': 0.0311, 'grad_norm': 0.7308809757232666, 'learning_rate': 1.7300411522633746e-05, 'epoch': 0.67}
{'embedding_loss': 0.0189, 'grad_norm': 0.12167003005743027, 'learning_rate': 1.6477366255144033e-05, 'epoch': 0.78}
{'embedding_loss': 0.0023, 'grad_norm': 0.0185182336717844, 'learning_rate': 1.565432098765432e-05, 'epoch': 0.89}
{'embedding_loss': 0.0132, 'grad_norm': 0.033141836524009705, 'learning_rate': 1.4831275720164611e-05, 'epoch': 1.0}
{'eval_embedding_loss': 0.030124003067612648, 'eval_embedding_runtime': 7.1742, 'eval_embedding_samples_per_second': 55.755, 'eval_embedding_steps_per_second': 6.969, 'epoch': 1.0}
{'embedding_loss': 0.0037, 'grad_norm': 0.023826897144317627, 'learning_rate': 1.4008230452674898e-05, 'epoch': 1.11}
{'embedding_loss': 0.0033, 'grad_norm': 0.02359001897275448, 'learning_rate': 1.3185185185185185e-05, 'epoch': 1.22}
{'embedding_loss': 0.0037, 'grad_norm': 0.005021235905587673, 'learning_rate': 1.2362139917695475e-05, 'epoch': 1.33}
{'embedding_loss': 0.0005, 'grad_norm': 0.016457734629511833, 'learning_rate': 1.1539094650205761e-05, 'epoch': 1.44}
{'embedding_loss': 0.0002, 'grad_norm': 0.07726118713617325, 'learning_rate': 1.071604938271605e-05, 'epoch': 1.56}
{'embedding_loss': 0.0001, 'grad_norm': 0.012546881102025509, 'learning_rate': 9.893004115226338e-06, 'epoch': 1.67}
{'embedding_loss': 0.0001, 'grad_norm': 0.012167109176516533, 'learning_rate': 9.069958847736626e-06, 'epoch': 1.78}
{'embedding_loss': 0.0001, 'grad_norm': 0.01579965464770794, 'learning_rate': 8.246913580246915e-06, 'epoch': 1.89}
{'embedding_loss': 0.0001, 'grad_norm': 0.026703674346208572, 'learning_rate': 7.423868312757202e-06, 'epoch': 2.0}
{'eval_embedding_loss': 0.00015888323832768947, 'eval_embedding_runtime': 7.1522, 'eval_embedding_samples_per_second': 55.927, 'eval_embedding_steps_per_second': 6.991, 'epoch': 2.0}
{'embedding_loss': 0.0001, 'grad_norm': 0.0040364377200603485, 'learning_rate': 6.6008230452674905e-06, 'epoch': 2.11}
{'embedding_loss': 0.0001, 'grad_norm': 0.011920532211661339, 'learning_rate': 5.777777777777778e-06, 'epoch': 2.22}
{'embedding_loss': 0.0001, 'grad_norm': 0.006108118686825037, 'learning_rate': 4.954732510288066e-06, 'epoch': 2.33}
{'embedding_loss': 0.0001, 'grad_norm': 0.017311550676822662, 'learning_rate': 4.131687242798354e-06, 'epoch': 2.44}
{'embedding_loss': 0.0001, 'grad_norm': 0.008344936184585094, 'learning_rate': 3.3086419753086426e-06, 'epoch': 2.56}
{'embedding_loss': 0.0001, 'grad_norm': 0.008194591850042343, 'learning_rate': 2.48559670781893e-06, 'epoch': 2.67}
{'embedding_loss': 0.0, 'grad_norm': 0.003393913386389613, 'learning_rate': 1.6625514403292182e-06, 'epoch': 2.78}
{'embedding_loss': 0.0001, 'grad_norm': 0.005168948322534561, 'learning_rate': 8.395061728395062e-07, 'epoch': 2.89}
{'embedding_loss': 0.0001, 'grad_norm': 0.0053123291581869125, 'learning_rate': 1.646090534979424e-08, 'epoch': 3.0}
{'eval_embedding_loss': 0.00013320143625605851, 'eval_embedding_runtime': 7.6142, 'eval_embedding_samples_per_second': 52.533, 'eval_embedding_steps_per_second': 6.567, 'epoch': 3.0}
{'train_runtime': 581.0049, 'train_samples_per_second': 18.588, 'train_steps_per_second': 2.324, 'train_loss': 0.020300188006281302, 'epoch': 3.0}

🔍 Evaluation Metrics
----------------------------------------
📊 Label Distribution:
  Label Not Data Journalism: 13
  Label Data Journalism: 4
  Label Half Data Journalism: 3

✅ Overall Metrics:
  Accuracy : 1.0000
  Precision: 1.0000
  Recall   : 1.0000
  F1       : 1.0000

🧩 Confusion Matrix:
  [4, 0, 0]
  [0, 3, 0]
  [0, 0, 13]

📌 Per-Class Metrics:
  Class Data Journalism: TP=4, FP=0, FN=0, TN=16
  Class Half Data Journalism: TP=3, FP=0, FN=0, TN=17
  Class Not Data Journalism: TP=13, FP=0, FN=0, TN=7
----------------------------------------
Fold finished F1 Score: 1.0 1.0 None
Fold 5/5
Loading model from HPC local scratch: /tmp/shapovalov_setfit_model_cache_1386162
{'embedding_loss': 0.4917, 'grad_norm': 4.377663612365723, 'learning_rate': 0.0, 'epoch': 0.0}
{'embedding_loss': 0.2356, 'grad_norm': 2.0495846271514893, 'learning_rate': 7.2592592592592605e-06, 'epoch': 0.11}
{'embedding_loss': 0.1318, 'grad_norm': 0.5539571046829224, 'learning_rate': 1.4666666666666666e-05, 'epoch': 0.22}
{'embedding_loss': 0.0409, 'grad_norm': 0.16551370918750763, 'learning_rate': 1.9769547325102883e-05, 'epoch': 0.33}
{'embedding_loss': 0.0243, 'grad_norm': 0.645206868648529, 'learning_rate': 1.894650205761317e-05, 'epoch': 0.44}
{'embedding_loss': 0.0331, 'grad_norm': 0.07152869552373886, 'learning_rate': 1.812345679012346e-05, 'epoch': 0.56}
{'embedding_loss': 0.016, 'grad_norm': 0.23543387651443481, 'learning_rate': 1.7300411522633746e-05, 'epoch': 0.67}
{'embedding_loss': 0.01, 'grad_norm': 0.034055277705192566, 'learning_rate': 1.6477366255144033e-05, 'epoch': 0.78}
{'embedding_loss': 0.004, 'grad_norm': 0.007652494590729475, 'learning_rate': 1.565432098765432e-05, 'epoch': 0.89}
{'embedding_loss': 0.0031, 'grad_norm': 0.010463238693773746, 'learning_rate': 1.4831275720164611e-05, 'epoch': 1.0}
{'eval_embedding_loss': 0.0069335042499005795, 'eval_embedding_runtime': 7.0172, 'eval_embedding_samples_per_second': 57.002, 'eval_embedding_steps_per_second': 7.125, 'epoch': 1.0}
{'embedding_loss': 0.0029, 'grad_norm': 0.022079961374402046, 'learning_rate': 1.4008230452674898e-05, 'epoch': 1.11}
{'embedding_loss': 0.0024, 'grad_norm': 0.012432080693542957, 'learning_rate': 1.3185185185185185e-05, 'epoch': 1.22}
{'embedding_loss': 0.0012, 'grad_norm': 0.03631538897752762, 'learning_rate': 1.2362139917695475e-05, 'epoch': 1.33}
{'embedding_loss': 0.0006, 'grad_norm': 0.0069538443349301815, 'learning_rate': 1.1539094650205761e-05, 'epoch': 1.44}
{'embedding_loss': 0.0003, 'grad_norm': 0.004952482413500547, 'learning_rate': 1.071604938271605e-05, 'epoch': 1.56}
{'embedding_loss': 0.0002, 'grad_norm': 0.0014839653158560395, 'learning_rate': 9.893004115226338e-06, 'epoch': 1.67}
{'embedding_loss': 0.0001, 'grad_norm': 0.014269518665969372, 'learning_rate': 9.069958847736626e-06, 'epoch': 1.78}
{'embedding_loss': 0.0001, 'grad_norm': 0.0023609462659806013, 'learning_rate': 8.246913580246915e-06, 'epoch': 1.89}
{'embedding_loss': 0.0002, 'grad_norm': 0.008045745082199574, 'learning_rate': 7.423868312757202e-06, 'epoch': 2.0}
{'eval_embedding_loss': 0.00021853861107956618, 'eval_embedding_runtime': 7.2573, 'eval_embedding_samples_per_second': 55.117, 'eval_embedding_steps_per_second': 6.89, 'epoch': 2.0}
{'embedding_loss': 0.0001, 'grad_norm': 0.020716067403554916, 'learning_rate': 6.6008230452674905e-06, 'epoch': 2.11}
{'embedding_loss': 0.0001, 'grad_norm': 0.005942041054368019, 'learning_rate': 5.777777777777778e-06, 'epoch': 2.22}
{'embedding_loss': 0.0001, 'grad_norm': 0.004350588191300631, 'learning_rate': 4.954732510288066e-06, 'epoch': 2.33}
{'embedding_loss': 0.0001, 'grad_norm': 0.0037421234883368015, 'learning_rate': 4.131687242798354e-06, 'epoch': 2.44}
{'embedding_loss': 0.0001, 'grad_norm': 0.01934237591922283, 'learning_rate': 3.3086419753086426e-06, 'epoch': 2.56}
{'embedding_loss': 0.0001, 'grad_norm': 0.008310828357934952, 'learning_rate': 2.48559670781893e-06, 'epoch': 2.67}
{'embedding_loss': 0.0001, 'grad_norm': 0.02018885500729084, 'learning_rate': 1.6625514403292182e-06, 'epoch': 2.78}
{'embedding_loss': 0.0001, 'grad_norm': 0.003908722661435604, 'learning_rate': 8.395061728395062e-07, 'epoch': 2.89}
{'embedding_loss': 0.0001, 'grad_norm': 0.0027040643617510796, 'learning_rate': 1.646090534979424e-08, 'epoch': 3.0}
{'eval_embedding_loss': 0.00018477234698366374, 'eval_embedding_runtime': 7.8363, 'eval_embedding_samples_per_second': 51.045, 'eval_embedding_steps_per_second': 6.381, 'epoch': 3.0}
{'train_runtime': 578.3122, 'train_samples_per_second': 18.675, 'train_steps_per_second': 2.334, 'train_loss': 0.01899457035586238, 'epoch': 3.0}

🔍 Evaluation Metrics
----------------------------------------
📊 Label Distribution:
  Label Not Data Journalism: 13
  Label Data Journalism: 4
  Label Half Data Journalism: 3

✅ Overall Metrics:
  Accuracy : 1.0000
  Precision: 1.0000
  Recall   : 1.0000
  F1       : 1.0000

🧩 Confusion Matrix:
  [4, 0, 0]
  [0, 3, 0]
  [0, 0, 13]

📌 Per-Class Metrics:
  Class Data Journalism: TP=4, FP=0, FN=0, TN=16
  Class Half Data Journalism: TP=3, FP=0, FN=0, TN=17
  Class Not Data Journalism: TP=13, FP=0, FN=0, TN=7
----------------------------------------
Fold finished F1 Score: 1.0 1.0 None
Average VRAM usage: 3433.38 MB, Max VRAM usage: 11418.96 MB
Trial 22 completed with avg fold F1 score: 1.0
Trial 23: {'num_iterations': 11, 'num_epochs': 3, 'batch_size': 8, 'head_lr': 2.477698657856084e-05}
Fold 1/5
Loading model from HPC local scratch: /tmp/shapovalov_setfit_model_cache_1386162
{'embedding_loss': 0.3891, 'grad_norm': 3.777667760848999, 'learning_rate': 0.0, 'epoch': 0.0}
{'embedding_loss': 0.2537, 'grad_norm': 1.9173823595046997, 'learning_rate': 6.5771812080536925e-06, 'epoch': 0.1}
{'embedding_loss': 0.1217, 'grad_norm': 1.627163052558899, 'learning_rate': 1.3288590604026848e-05, 'epoch': 0.2}
{'embedding_loss': 0.0552, 'grad_norm': 0.04593232274055481, 'learning_rate': 2e-05, 'epoch': 0.3}
{'embedding_loss': 0.0391, 'grad_norm': 0.11701749265193939, 'learning_rate': 1.9251497005988024e-05, 'epoch': 0.4}
{'embedding_loss': 0.0229, 'grad_norm': 0.024629464372992516, 'learning_rate': 1.850299401197605e-05, 'epoch': 0.51}
{'embedding_loss': 0.0109, 'grad_norm': 0.02897121198475361, 'learning_rate': 1.7754491017964074e-05, 'epoch': 0.61}
{'embedding_loss': 0.0033, 'grad_norm': 0.0664416179060936, 'learning_rate': 1.70059880239521e-05, 'epoch': 0.71}
{'embedding_loss': 0.0011, 'grad_norm': 0.013242524117231369, 'learning_rate': 1.625748502994012e-05, 'epoch': 0.81}
{'embedding_loss': 0.0003, 'grad_norm': 0.02737351506948471, 'learning_rate': 1.5508982035928143e-05, 'epoch': 0.91}
{'eval_embedding_loss': 0.00010785889026010409, 'eval_embedding_runtime': 9.3203, 'eval_embedding_samples_per_second': 47.209, 'eval_embedding_steps_per_second': 5.901, 'epoch': 1.0}
{'embedding_loss': 0.0002, 'grad_norm': 0.00872457679361105, 'learning_rate': 1.4760479041916169e-05, 'epoch': 1.01}
{'embedding_loss': 0.0001, 'grad_norm': 0.0029300109017640352, 'learning_rate': 1.4011976047904192e-05, 'epoch': 1.11}
{'embedding_loss': 0.0002, 'grad_norm': 0.005471908953040838, 'learning_rate': 1.3263473053892218e-05, 'epoch': 1.21}
{'embedding_loss': 0.0001, 'grad_norm': 0.0030867804307490587, 'learning_rate': 1.251497005988024e-05, 'epoch': 1.31}
{'embedding_loss': 0.0001, 'grad_norm': 0.015023634769022465, 'learning_rate': 1.1766467065868263e-05, 'epoch': 1.41}
{'embedding_loss': 0.0001, 'grad_norm': 0.0016817005816847086, 'learning_rate': 1.1017964071856288e-05, 'epoch': 1.52}
{'embedding_loss': 0.0001, 'grad_norm': 0.007410611491650343, 'learning_rate': 1.0269461077844312e-05, 'epoch': 1.62}
{'embedding_loss': 0.0001, 'grad_norm': 0.0024614366702735424, 'learning_rate': 9.520958083832336e-06, 'epoch': 1.72}
{'embedding_loss': 0.0001, 'grad_norm': 0.00496746227145195, 'learning_rate': 8.77245508982036e-06, 'epoch': 1.82}
{'embedding_loss': 0.0001, 'grad_norm': 0.002287093549966812, 'learning_rate': 8.023952095808385e-06, 'epoch': 1.92}
{'eval_embedding_loss': 4.5793436584062874e-05, 'eval_embedding_runtime': 9.5364, 'eval_embedding_samples_per_second': 46.139, 'eval_embedding_steps_per_second': 5.767, 'epoch': 2.0}
{'embedding_loss': 0.0001, 'grad_norm': 0.02096644788980484, 'learning_rate': 7.275449101796408e-06, 'epoch': 2.02}
{'embedding_loss': 0.0001, 'grad_norm': 0.00882739294320345, 'learning_rate': 6.526946107784432e-06, 'epoch': 2.12}
{'embedding_loss': 0.0001, 'grad_norm': 0.00953680370002985, 'learning_rate': 5.778443113772455e-06, 'epoch': 2.22}
{'embedding_loss': 0.0001, 'grad_norm': 0.014240882359445095, 'learning_rate': 5.029940119760479e-06, 'epoch': 2.32}
{'embedding_loss': 0.0001, 'grad_norm': 0.004739921540021896, 'learning_rate': 4.281437125748504e-06, 'epoch': 2.42}
{'embedding_loss': 0.0001, 'grad_norm': 0.003834732109680772, 'learning_rate': 3.5329341317365273e-06, 'epoch': 2.53}
{'embedding_loss': 0.0, 'grad_norm': 0.006666575092822313, 'learning_rate': 2.784431137724551e-06, 'epoch': 2.63}
{'embedding_loss': 0.0001, 'grad_norm': 0.007640605326741934, 'learning_rate': 2.035928143712575e-06, 'epoch': 2.73}
{'embedding_loss': 0.0, 'grad_norm': 0.004572881385684013, 'learning_rate': 1.2874251497005988e-06, 'epoch': 2.83}
{'embedding_loss': 0.0001, 'grad_norm': 0.00905776396393776, 'learning_rate': 5.389221556886228e-07, 'epoch': 2.93}
{'eval_embedding_loss': 3.857538467855193e-05, 'eval_embedding_runtime': 10.2964, 'eval_embedding_samples_per_second': 42.733, 'eval_embedding_steps_per_second': 5.342, 'epoch': 3.0}
{'train_runtime': 646.1304, 'train_samples_per_second': 18.386, 'train_steps_per_second': 2.298, 'train_loss': 0.0172592887353867, 'epoch': 3.0}

🔍 Evaluation Metrics
----------------------------------------
📊 Label Distribution:
  Label Data Journalism: 4
  Label Half Data Journalism: 2
  Label Not Data Journalism: 14

✅ Overall Metrics:
  Accuracy : 1.0000
  Precision: 1.0000
  Recall   : 1.0000
  F1       : 1.0000

🧩 Confusion Matrix:
  [4, 0, 0]
  [0, 2, 0]
  [0, 0, 14]

📌 Per-Class Metrics:
  Class Data Journalism: TP=4, FP=0, FN=0, TN=16
  Class Half Data Journalism: TP=2, FP=0, FN=0, TN=18
  Class Not Data Journalism: TP=14, FP=0, FN=0, TN=6
----------------------------------------
Fold finished F1 Score: 1.0 1.0 None
Fold 2/5
Loading model from HPC local scratch: /tmp/shapovalov_setfit_model_cache_1386162
{'embedding_loss': 0.3836, 'grad_norm': 4.879110336303711, 'learning_rate': 0.0, 'epoch': 0.0}
{'embedding_loss': 0.2371, 'grad_norm': 1.8038018941879272, 'learning_rate': 6.5771812080536925e-06, 'epoch': 0.1}
{'embedding_loss': 0.1376, 'grad_norm': 2.107125759124756, 'learning_rate': 1.3288590604026848e-05, 'epoch': 0.2}
{'embedding_loss': 0.0485, 'grad_norm': 0.6551434993743896, 'learning_rate': 2e-05, 'epoch': 0.3}
{'embedding_loss': 0.0326, 'grad_norm': 0.13462619483470917, 'learning_rate': 1.9251497005988024e-05, 'epoch': 0.4}
{'embedding_loss': 0.0283, 'grad_norm': 0.05285141244530678, 'learning_rate': 1.850299401197605e-05, 'epoch': 0.51}
{'embedding_loss': 0.0061, 'grad_norm': 0.03772396221756935, 'learning_rate': 1.7754491017964074e-05, 'epoch': 0.61}
{'embedding_loss': 0.009, 'grad_norm': 0.9118819236755371, 'learning_rate': 1.70059880239521e-05, 'epoch': 0.71}
{'embedding_loss': 0.0062, 'grad_norm': 0.007608720567077398, 'learning_rate': 1.625748502994012e-05, 'epoch': 0.81}
{'embedding_loss': 0.0015, 'grad_norm': 0.0849502682685852, 'learning_rate': 1.5508982035928143e-05, 'epoch': 0.91}
{'eval_embedding_loss': 0.00071510806446895, 'eval_embedding_runtime': 9.4072, 'eval_embedding_samples_per_second': 46.773, 'eval_embedding_steps_per_second': 5.847, 'epoch': 1.0}
{'embedding_loss': 0.0062, 'grad_norm': 0.05323789641261101, 'learning_rate': 1.4760479041916169e-05, 'epoch': 1.01}
{'embedding_loss': 0.0006, 'grad_norm': 0.0056523350067436695, 'learning_rate': 1.4011976047904192e-05, 'epoch': 1.11}
{'embedding_loss': 0.0002, 'grad_norm': 0.015533916652202606, 'learning_rate': 1.3263473053892218e-05, 'epoch': 1.21}
{'embedding_loss': 0.0001, 'grad_norm': 0.01035537663847208, 'learning_rate': 1.251497005988024e-05, 'epoch': 1.31}
{'embedding_loss': 0.0001, 'grad_norm': 0.019039109349250793, 'learning_rate': 1.1766467065868263e-05, 'epoch': 1.41}
{'embedding_loss': 0.0002, 'grad_norm': 0.004691318143159151, 'learning_rate': 1.1017964071856288e-05, 'epoch': 1.52}
{'embedding_loss': 0.0001, 'grad_norm': 0.007343186065554619, 'learning_rate': 1.0269461077844312e-05, 'epoch': 1.62}
{'embedding_loss': 0.0001, 'grad_norm': 0.015799565240740776, 'learning_rate': 9.520958083832336e-06, 'epoch': 1.72}
{'embedding_loss': 0.0002, 'grad_norm': 0.0066603561863303185, 'learning_rate': 8.77245508982036e-06, 'epoch': 1.82}
{'embedding_loss': 0.0001, 'grad_norm': 0.06298445910215378, 'learning_rate': 8.023952095808385e-06, 'epoch': 1.92}
{'eval_embedding_loss': 0.00010888732504099607, 'eval_embedding_runtime': 9.5481, 'eval_embedding_samples_per_second': 46.082, 'eval_embedding_steps_per_second': 5.76, 'epoch': 2.0}
{'embedding_loss': 0.0001, 'grad_norm': 0.01445405837148428, 'learning_rate': 7.275449101796408e-06, 'epoch': 2.02}
{'embedding_loss': 0.0001, 'grad_norm': 0.01769477315247059, 'learning_rate': 6.526946107784432e-06, 'epoch': 2.12}
{'embedding_loss': 0.0002, 'grad_norm': 0.009472060948610306, 'learning_rate': 5.778443113772455e-06, 'epoch': 2.22}
{'embedding_loss': 0.0002, 'grad_norm': 0.016386808827519417, 'learning_rate': 5.029940119760479e-06, 'epoch': 2.32}
{'embedding_loss': 0.0001, 'grad_norm': 0.004201950971037149, 'learning_rate': 4.281437125748504e-06, 'epoch': 2.42}
{'embedding_loss': 0.0001, 'grad_norm': 0.0017300575273111463, 'learning_rate': 3.5329341317365273e-06, 'epoch': 2.53}
{'embedding_loss': 0.0001, 'grad_norm': 0.005066355690360069, 'learning_rate': 2.784431137724551e-06, 'epoch': 2.63}
{'embedding_loss': 0.0001, 'grad_norm': 0.002209862694144249, 'learning_rate': 2.035928143712575e-06, 'epoch': 2.73}
{'embedding_loss': 0.0001, 'grad_norm': 0.005252000875771046, 'learning_rate': 1.2874251497005988e-06, 'epoch': 2.83}
{'embedding_loss': 0.0001, 'grad_norm': 0.00456242123618722, 'learning_rate': 5.389221556886228e-07, 'epoch': 2.93}
{'eval_embedding_loss': 0.00010405961802462116, 'eval_embedding_runtime': 9.2257, 'eval_embedding_samples_per_second': 47.693, 'eval_embedding_steps_per_second': 5.962, 'epoch': 3.0}
{'train_runtime': 645.5327, 'train_samples_per_second': 18.403, 'train_steps_per_second': 2.3, 'train_loss': 0.01747398230667392, 'epoch': 3.0}

🔍 Evaluation Metrics
----------------------------------------
📊 Label Distribution:
  Label Not Data Journalism: 14
  Label Data Journalism: 4
  Label Half Data Journalism: 2

✅ Overall Metrics:
  Accuracy : 1.0000
  Precision: 1.0000
  Recall   : 1.0000
  F1       : 1.0000

🧩 Confusion Matrix:
  [4, 0, 0]
  [0, 2, 0]
  [0, 0, 14]

📌 Per-Class Metrics:
  Class Data Journalism: TP=4, FP=0, FN=0, TN=16
  Class Half Data Journalism: TP=2, FP=0, FN=0, TN=18
  Class Not Data Journalism: TP=14, FP=0, FN=0, TN=6
----------------------------------------
Fold finished F1 Score: 1.0 1.0 None
Fold 3/5
Loading model from HPC local scratch: /tmp/shapovalov_setfit_model_cache_1386162
{'embedding_loss': 0.4814, 'grad_norm': 5.508308410644531, 'learning_rate': 0.0, 'epoch': 0.0}
{'embedding_loss': 0.2418, 'grad_norm': 2.008988857269287, 'learning_rate': 6.5771812080536925e-06, 'epoch': 0.1}
{'embedding_loss': 0.1347, 'grad_norm': 0.6336451172828674, 'learning_rate': 1.3288590604026848e-05, 'epoch': 0.2}
{'embedding_loss': 0.0436, 'grad_norm': 0.4920371174812317, 'learning_rate': 2e-05, 'epoch': 0.3}
{'embedding_loss': 0.0309, 'grad_norm': 1.1127413511276245, 'learning_rate': 1.9251497005988024e-05, 'epoch': 0.4}
{'embedding_loss': 0.0199, 'grad_norm': 0.8491565585136414, 'learning_rate': 1.850299401197605e-05, 'epoch': 0.51}
{'embedding_loss': 0.0163, 'grad_norm': 0.0810745432972908, 'learning_rate': 1.7754491017964074e-05, 'epoch': 0.61}
{'embedding_loss': 0.0178, 'grad_norm': 0.11734682321548462, 'learning_rate': 1.70059880239521e-05, 'epoch': 0.71}
{'embedding_loss': 0.0072, 'grad_norm': 0.08809435367584229, 'learning_rate': 1.625748502994012e-05, 'epoch': 0.81}
{'embedding_loss': 0.0008, 'grad_norm': 0.018020501360297203, 'learning_rate': 1.5508982035928143e-05, 'epoch': 0.91}
{'eval_embedding_loss': 0.0003142361529171467, 'eval_embedding_runtime': 8.7421, 'eval_embedding_samples_per_second': 50.331, 'eval_embedding_steps_per_second': 6.291, 'epoch': 1.0}
{'embedding_loss': 0.0003, 'grad_norm': 0.005186988040804863, 'learning_rate': 1.4760479041916169e-05, 'epoch': 1.01}
{'embedding_loss': 0.0002, 'grad_norm': 0.0620068721473217, 'learning_rate': 1.4011976047904192e-05, 'epoch': 1.11}
{'embedding_loss': 0.0002, 'grad_norm': 0.02220270410180092, 'learning_rate': 1.3263473053892218e-05, 'epoch': 1.21}
{'embedding_loss': 0.0002, 'grad_norm': 0.02753579057753086, 'learning_rate': 1.251497005988024e-05, 'epoch': 1.31}
{'embedding_loss': 0.0001, 'grad_norm': 0.012343449518084526, 'learning_rate': 1.1766467065868263e-05, 'epoch': 1.41}
{'embedding_loss': 0.0001, 'grad_norm': 0.0022367401979863644, 'learning_rate': 1.1017964071856288e-05, 'epoch': 1.52}
{'embedding_loss': 0.0001, 'grad_norm': 0.004691825248301029, 'learning_rate': 1.0269461077844312e-05, 'epoch': 1.62}
{'embedding_loss': 0.0001, 'grad_norm': 0.004139419179409742, 'learning_rate': 9.520958083832336e-06, 'epoch': 1.72}
{'embedding_loss': 0.0001, 'grad_norm': 0.0055305492132902145, 'learning_rate': 8.77245508982036e-06, 'epoch': 1.82}
{'embedding_loss': 0.0001, 'grad_norm': 0.014767445623874664, 'learning_rate': 8.023952095808385e-06, 'epoch': 1.92}
{'eval_embedding_loss': 7.419679604936391e-05, 'eval_embedding_runtime': 8.7377, 'eval_embedding_samples_per_second': 50.356, 'eval_embedding_steps_per_second': 6.295, 'epoch': 2.0}
{'embedding_loss': 0.0001, 'grad_norm': 0.014115794561803341, 'learning_rate': 7.275449101796408e-06, 'epoch': 2.02}
{'embedding_loss': 0.0001, 'grad_norm': 0.011098277755081654, 'learning_rate': 6.526946107784432e-06, 'epoch': 2.12}
{'embedding_loss': 0.0001, 'grad_norm': 0.005527863744646311, 'learning_rate': 5.778443113772455e-06, 'epoch': 2.22}
{'embedding_loss': 0.0001, 'grad_norm': 0.007240922190248966, 'learning_rate': 5.029940119760479e-06, 'epoch': 2.32}
{'embedding_loss': 0.0001, 'grad_norm': 0.008488128893077374, 'learning_rate': 4.281437125748504e-06, 'epoch': 2.42}
{'embedding_loss': 0.0001, 'grad_norm': 0.012075817212462425, 'learning_rate': 3.5329341317365273e-06, 'epoch': 2.53}
{'embedding_loss': 0.0, 'grad_norm': 0.016358576714992523, 'learning_rate': 2.784431137724551e-06, 'epoch': 2.63}
{'embedding_loss': 0.0001, 'grad_norm': 0.005215562414377928, 'learning_rate': 2.035928143712575e-06, 'epoch': 2.73}
{'embedding_loss': 0.0, 'grad_norm': 0.004643641412258148, 'learning_rate': 1.2874251497005988e-06, 'epoch': 2.83}
{'embedding_loss': 0.0001, 'grad_norm': 0.015708260238170624, 'learning_rate': 5.389221556886228e-07, 'epoch': 2.93}
{'eval_embedding_loss': 6.567671516677365e-05, 'eval_embedding_runtime': 8.7744, 'eval_embedding_samples_per_second': 50.146, 'eval_embedding_steps_per_second': 6.268, 'epoch': 3.0}
{'train_runtime': 643.7111, 'train_samples_per_second': 18.455, 'train_steps_per_second': 2.307, 'train_loss': 0.01751092799566059, 'epoch': 3.0}

🔍 Evaluation Metrics
----------------------------------------
📊 Label Distribution:
  Label Not Data Journalism: 13
  Label Half Data Journalism: 2
  Label Data Journalism: 5

✅ Overall Metrics:
  Accuracy : 1.0000
  Precision: 1.0000
  Recall   : 1.0000
  F1       : 1.0000

🧩 Confusion Matrix:
  [5, 0, 0]
  [0, 2, 0]
  [0, 0, 13]

📌 Per-Class Metrics:
  Class Data Journalism: TP=5, FP=0, FN=0, TN=15
  Class Half Data Journalism: TP=2, FP=0, FN=0, TN=18
  Class Not Data Journalism: TP=13, FP=0, FN=0, TN=7
----------------------------------------
Fold finished F1 Score: 1.0 1.0 None
Fold 4/5
Loading model from HPC local scratch: /tmp/shapovalov_setfit_model_cache_1386162
{'embedding_loss': 0.4253, 'grad_norm': 4.454073429107666, 'learning_rate': 0.0, 'epoch': 0.0}
{'embedding_loss': 0.2367, 'grad_norm': 2.057361125946045, 'learning_rate': 6.5771812080536925e-06, 'epoch': 0.1}
{'embedding_loss': 0.135, 'grad_norm': 0.5730733871459961, 'learning_rate': 1.3288590604026848e-05, 'epoch': 0.2}
{'embedding_loss': 0.0452, 'grad_norm': 0.16943223774433136, 'learning_rate': 2e-05, 'epoch': 0.3}
{'embedding_loss': 0.016, 'grad_norm': 0.11027926951646805, 'learning_rate': 1.9251497005988024e-05, 'epoch': 0.4}
{'embedding_loss': 0.0215, 'grad_norm': 0.3418937623500824, 'learning_rate': 1.850299401197605e-05, 'epoch': 0.51}
{'embedding_loss': 0.0061, 'grad_norm': 0.00726347416639328, 'learning_rate': 1.7754491017964074e-05, 'epoch': 0.61}
{'embedding_loss': 0.0064, 'grad_norm': 0.06427717208862305, 'learning_rate': 1.70059880239521e-05, 'epoch': 0.71}
{'embedding_loss': 0.0096, 'grad_norm': 0.014829461462795734, 'learning_rate': 1.625748502994012e-05, 'epoch': 0.81}
{'embedding_loss': 0.0101, 'grad_norm': 0.16988494992256165, 'learning_rate': 1.5508982035928143e-05, 'epoch': 0.91}
{'eval_embedding_loss': 0.0012149796821177006, 'eval_embedding_runtime': 8.2863, 'eval_embedding_samples_per_second': 53.1, 'eval_embedding_steps_per_second': 6.637, 'epoch': 1.0}
{'embedding_loss': 0.0074, 'grad_norm': 0.008451416157186031, 'learning_rate': 1.4760479041916169e-05, 'epoch': 1.01}
{'embedding_loss': 0.0006, 'grad_norm': 0.004082964267581701, 'learning_rate': 1.4011976047904192e-05, 'epoch': 1.11}
{'embedding_loss': 0.0003, 'grad_norm': 0.012624322436749935, 'learning_rate': 1.3263473053892218e-05, 'epoch': 1.21}
{'embedding_loss': 0.0005, 'grad_norm': 0.0419912151992321, 'learning_rate': 1.251497005988024e-05, 'epoch': 1.31}
{'embedding_loss': 0.0002, 'grad_norm': 0.02463141642510891, 'learning_rate': 1.1766467065868263e-05, 'epoch': 1.41}
{'embedding_loss': 0.0002, 'grad_norm': 0.002976580522954464, 'learning_rate': 1.1017964071856288e-05, 'epoch': 1.52}
{'embedding_loss': 0.0002, 'grad_norm': 0.022923560813069344, 'learning_rate': 1.0269461077844312e-05, 'epoch': 1.62}
{'embedding_loss': 0.0001, 'grad_norm': 0.0018488569185137749, 'learning_rate': 9.520958083832336e-06, 'epoch': 1.72}
{'embedding_loss': 0.0001, 'grad_norm': 0.040754325687885284, 'learning_rate': 8.77245508982036e-06, 'epoch': 1.82}
{'embedding_loss': 0.0001, 'grad_norm': 0.005887923296540976, 'learning_rate': 8.023952095808385e-06, 'epoch': 1.92}
{'eval_embedding_loss': 0.00025765461032278836, 'eval_embedding_runtime': 8.3193, 'eval_embedding_samples_per_second': 52.889, 'eval_embedding_steps_per_second': 6.611, 'epoch': 2.0}
{'embedding_loss': 0.0001, 'grad_norm': 0.004246215336024761, 'learning_rate': 7.275449101796408e-06, 'epoch': 2.02}
{'embedding_loss': 0.0001, 'grad_norm': 0.009255021810531616, 'learning_rate': 6.526946107784432e-06, 'epoch': 2.12}
{'embedding_loss': 0.0001, 'grad_norm': 0.00889723002910614, 'learning_rate': 5.778443113772455e-06, 'epoch': 2.22}
{'embedding_loss': 0.0001, 'grad_norm': 0.0074088117107748985, 'learning_rate': 5.029940119760479e-06, 'epoch': 2.32}
{'embedding_loss': 0.0001, 'grad_norm': 0.017340363934636116, 'learning_rate': 4.281437125748504e-06, 'epoch': 2.42}
{'embedding_loss': 0.0001, 'grad_norm': 0.013009394519031048, 'learning_rate': 3.5329341317365273e-06, 'epoch': 2.53}
{'embedding_loss': 0.0001, 'grad_norm': 0.010264482349157333, 'learning_rate': 2.784431137724551e-06, 'epoch': 2.63}
{'embedding_loss': 0.0001, 'grad_norm': 0.008623899891972542, 'learning_rate': 2.035928143712575e-06, 'epoch': 2.73}
{'embedding_loss': 0.0001, 'grad_norm': 0.01759978011250496, 'learning_rate': 1.2874251497005988e-06, 'epoch': 2.83}
{'embedding_loss': 0.0001, 'grad_norm': 0.0069293249398469925, 'learning_rate': 5.389221556886228e-07, 'epoch': 2.93}
{'eval_embedding_loss': 0.00024285241670440882, 'eval_embedding_runtime': 8.674, 'eval_embedding_samples_per_second': 50.726, 'eval_embedding_steps_per_second': 6.341, 'epoch': 3.0}
{'train_runtime': 645.0662, 'train_samples_per_second': 18.417, 'train_steps_per_second': 2.302, 'train_loss': 0.016863529783005666, 'epoch': 3.0}

🔍 Evaluation Metrics
----------------------------------------
📊 Label Distribution:
  Label Not Data Journalism: 13
  Label Data Journalism: 4
  Label Half Data Journalism: 3

✅ Overall Metrics:
  Accuracy : 1.0000
  Precision: 1.0000
  Recall   : 1.0000
  F1       : 1.0000

🧩 Confusion Matrix:
  [4, 0, 0]
  [0, 3, 0]
  [0, 0, 13]

📌 Per-Class Metrics:
  Class Data Journalism: TP=4, FP=0, FN=0, TN=16
  Class Half Data Journalism: TP=3, FP=0, FN=0, TN=17
  Class Not Data Journalism: TP=13, FP=0, FN=0, TN=7
----------------------------------------
Fold finished F1 Score: 1.0 1.0 None
Fold 5/5
Loading model from HPC local scratch: /tmp/shapovalov_setfit_model_cache_1386162
{'embedding_loss': 0.5615, 'grad_norm': 5.36397123336792, 'learning_rate': 0.0, 'epoch': 0.0}
{'embedding_loss': 0.2346, 'grad_norm': 1.6388059854507446, 'learning_rate': 6.5771812080536925e-06, 'epoch': 0.1}
{'embedding_loss': 0.1328, 'grad_norm': 0.5468239188194275, 'learning_rate': 1.3288590604026848e-05, 'epoch': 0.2}
{'embedding_loss': 0.0524, 'grad_norm': 0.8926069140434265, 'learning_rate': 2e-05, 'epoch': 0.3}
{'embedding_loss': 0.0341, 'grad_norm': 0.4305836856365204, 'learning_rate': 1.9251497005988024e-05, 'epoch': 0.4}
{'embedding_loss': 0.0123, 'grad_norm': 0.09326861798763275, 'learning_rate': 1.850299401197605e-05, 'epoch': 0.51}
{'embedding_loss': 0.0107, 'grad_norm': 0.04280758276581764, 'learning_rate': 1.7754491017964074e-05, 'epoch': 0.61}
{'embedding_loss': 0.0038, 'grad_norm': 0.00422707898542285, 'learning_rate': 1.70059880239521e-05, 'epoch': 0.71}
{'embedding_loss': 0.0036, 'grad_norm': 0.03363600745797157, 'learning_rate': 1.625748502994012e-05, 'epoch': 0.81}
{'embedding_loss': 0.0092, 'grad_norm': 0.06137274205684662, 'learning_rate': 1.5508982035928143e-05, 'epoch': 0.91}
{'eval_embedding_loss': 0.0012860747519880533, 'eval_embedding_runtime': 8.0577, 'eval_embedding_samples_per_second': 54.606, 'eval_embedding_steps_per_second': 6.826, 'epoch': 1.0}
{'embedding_loss': 0.0019, 'grad_norm': 0.031737737357616425, 'learning_rate': 1.4760479041916169e-05, 'epoch': 1.01}
{'embedding_loss': 0.0101, 'grad_norm': 0.01044803112745285, 'learning_rate': 1.4011976047904192e-05, 'epoch': 1.11}
{'embedding_loss': 0.0015, 'grad_norm': 0.056435853242874146, 'learning_rate': 1.3263473053892218e-05, 'epoch': 1.21}
{'embedding_loss': 0.0002, 'grad_norm': 0.026623204350471497, 'learning_rate': 1.251497005988024e-05, 'epoch': 1.31}
{'embedding_loss': 0.0002, 'grad_norm': 0.0096006840467453, 'learning_rate': 1.1766467065868263e-05, 'epoch': 1.41}
{'embedding_loss': 0.0004, 'grad_norm': 0.01563321053981781, 'learning_rate': 1.1017964071856288e-05, 'epoch': 1.52}
{'embedding_loss': 0.0001, 'grad_norm': 0.009190312586724758, 'learning_rate': 1.0269461077844312e-05, 'epoch': 1.62}
{'embedding_loss': 0.0002, 'grad_norm': 0.0058451262302696705, 'learning_rate': 9.520958083832336e-06, 'epoch': 1.72}
{'embedding_loss': 0.0004, 'grad_norm': 0.010848806239664555, 'learning_rate': 8.77245508982036e-06, 'epoch': 1.82}
{'embedding_loss': 0.0001, 'grad_norm': 0.0035933356266468763, 'learning_rate': 8.023952095808385e-06, 'epoch': 1.92}
{'eval_embedding_loss': 0.00019632310431916267, 'eval_embedding_runtime': 8.0234, 'eval_embedding_samples_per_second': 54.84, 'eval_embedding_steps_per_second': 6.855, 'epoch': 2.0}
{'embedding_loss': 0.0001, 'grad_norm': 0.026059623807668686, 'learning_rate': 7.275449101796408e-06, 'epoch': 2.02}
{'embedding_loss': 0.0001, 'grad_norm': 0.009032439440488815, 'learning_rate': 6.526946107784432e-06, 'epoch': 2.12}
{'embedding_loss': 0.0001, 'grad_norm': 0.002838089130818844, 'learning_rate': 5.778443113772455e-06, 'epoch': 2.22}
{'embedding_loss': 0.0001, 'grad_norm': 0.00565059669315815, 'learning_rate': 5.029940119760479e-06, 'epoch': 2.32}
{'embedding_loss': 0.0, 'grad_norm': 0.006180817726999521, 'learning_rate': 4.281437125748504e-06, 'epoch': 2.42}
{'embedding_loss': 0.0001, 'grad_norm': 0.0010557204950600863, 'learning_rate': 3.5329341317365273e-06, 'epoch': 2.53}
{'embedding_loss': 0.0001, 'grad_norm': 0.008715787902474403, 'learning_rate': 2.784431137724551e-06, 'epoch': 2.63}
{'embedding_loss': 0.0001, 'grad_norm': 0.005293865688145161, 'learning_rate': 2.035928143712575e-06, 'epoch': 2.73}
{'embedding_loss': 0.0001, 'grad_norm': 0.010492416098713875, 'learning_rate': 1.2874251497005988e-06, 'epoch': 2.83}
{'embedding_loss': 0.0001, 'grad_norm': 0.01016716007143259, 'learning_rate': 5.389221556886228e-07, 'epoch': 2.93}
{'eval_embedding_loss': 0.0001526318083051592, 'eval_embedding_runtime': 8.0115, 'eval_embedding_samples_per_second': 54.921, 'eval_embedding_steps_per_second': 6.865, 'epoch': 3.0}
{'train_runtime': 645.6646, 'train_samples_per_second': 18.4, 'train_steps_per_second': 2.3, 'train_loss': 0.017369976866463518, 'epoch': 3.0}

🔍 Evaluation Metrics
----------------------------------------
📊 Label Distribution:
  Label Not Data Journalism: 13
  Label Data Journalism: 4
  Label Half Data Journalism: 3

✅ Overall Metrics:
  Accuracy : 1.0000
  Precision: 1.0000
  Recall   : 1.0000
  F1       : 1.0000

🧩 Confusion Matrix:
  [4, 0, 0]
  [0, 3, 0]
  [0, 0, 13]

📌 Per-Class Metrics:
  Class Data Journalism: TP=4, FP=0, FN=0, TN=16
  Class Half Data Journalism: TP=3, FP=0, FN=0, TN=17
  Class Not Data Journalism: TP=13, FP=0, FN=0, TN=7
----------------------------------------
Fold finished F1 Score: 1.0 1.0 None
Average VRAM usage: 3290.69 MB, Max VRAM usage: 11420.78 MB
Trial 23 completed with avg fold F1 score: 1.0
Trial 24: {'num_iterations': 13, 'num_epochs': 3, 'batch_size': 8, 'head_lr': 2.1926939041604393e-05}
Fold 1/5
Loading model from HPC local scratch: /tmp/shapovalov_setfit_model_cache_1386162
{'embedding_loss': 0.4117, 'grad_norm': 4.9377970695495605, 'learning_rate': 0.0, 'epoch': 0.0}
{'embedding_loss': 0.2581, 'grad_norm': 1.3063291311264038, 'learning_rate': 5.568181818181818e-06, 'epoch': 0.09}
{'embedding_loss': 0.1479, 'grad_norm': 1.4841469526290894, 'learning_rate': 1.125e-05, 'epoch': 0.17}
{'embedding_loss': 0.0628, 'grad_norm': 0.16726058721542358, 'learning_rate': 1.6931818181818182e-05, 'epoch': 0.26}
{'embedding_loss': 0.0274, 'grad_norm': 0.09943124651908875, 'learning_rate': 1.9708676377454084e-05, 'epoch': 0.34}
{'embedding_loss': 0.0258, 'grad_norm': 0.0961674302816391, 'learning_rate': 1.9075364154528183e-05, 'epoch': 0.43}
{'embedding_loss': 0.0139, 'grad_norm': 0.031301554292440414, 'learning_rate': 1.8442051931602282e-05, 'epoch': 0.51}
{'embedding_loss': 0.009, 'grad_norm': 0.020115163177251816, 'learning_rate': 1.7808739708676378e-05, 'epoch': 0.6}
{'embedding_loss': 0.0163, 'grad_norm': 0.7438965439796448, 'learning_rate': 1.7175427485750477e-05, 'epoch': 0.68}
{'embedding_loss': 0.0091, 'grad_norm': 0.014677765779197216, 'learning_rate': 1.6542115262824576e-05, 'epoch': 0.77}
{'embedding_loss': 0.0029, 'grad_norm': 0.056103505194187164, 'learning_rate': 1.590880303989867e-05, 'epoch': 0.85}
{'embedding_loss': 0.0072, 'grad_norm': 0.02584925666451454, 'learning_rate': 1.527549081697277e-05, 'epoch': 0.94}
{'eval_embedding_loss': 0.00041666519246064126, 'eval_embedding_runtime': 11.4454, 'eval_embedding_samples_per_second': 45.433, 'eval_embedding_steps_per_second': 5.679, 'epoch': 1.0}
{'embedding_loss': 0.0112, 'grad_norm': 0.03973269835114479, 'learning_rate': 1.4642178594046866e-05, 'epoch': 1.03}
{'embedding_loss': 0.0048, 'grad_norm': 0.008206755854189396, 'learning_rate': 1.4008866371120963e-05, 'epoch': 1.11}
{'embedding_loss': 0.0057, 'grad_norm': 1.7010164260864258, 'learning_rate': 1.337555414819506e-05, 'epoch': 1.2}
{'embedding_loss': 0.0081, 'grad_norm': 0.006737698335200548, 'learning_rate': 1.274224192526916e-05, 'epoch': 1.28}
{'embedding_loss': 0.0019, 'grad_norm': 0.004078144207596779, 'learning_rate': 1.2108929702343256e-05, 'epoch': 1.37}
{'embedding_loss': 0.0011, 'grad_norm': 0.0671120285987854, 'learning_rate': 1.1475617479417354e-05, 'epoch': 1.45}
{'embedding_loss': 0.0002, 'grad_norm': 0.018411124125123024, 'learning_rate': 1.0842305256491453e-05, 'epoch': 1.54}
{'embedding_loss': 0.0001, 'grad_norm': 0.0022869198583066463, 'learning_rate': 1.0208993033565548e-05, 'epoch': 1.62}
{'embedding_loss': 0.0001, 'grad_norm': 0.0031428078655153513, 'learning_rate': 9.575680810639646e-06, 'epoch': 1.71}
{'embedding_loss': 0.0001, 'grad_norm': 0.010153108276426792, 'learning_rate': 8.942368587713743e-06, 'epoch': 1.79}
{'embedding_loss': 0.0001, 'grad_norm': 0.009829679504036903, 'learning_rate': 8.30905636478784e-06, 'epoch': 1.88}
{'embedding_loss': 0.0001, 'grad_norm': 0.014635233208537102, 'learning_rate': 7.675744141861939e-06, 'epoch': 1.97}
{'eval_embedding_loss': 7.525824184995145e-05, 'eval_embedding_runtime': 11.31, 'eval_embedding_samples_per_second': 45.977, 'eval_embedding_steps_per_second': 5.747, 'epoch': 2.0}
{'embedding_loss': 0.0001, 'grad_norm': 0.0114116370677948, 'learning_rate': 7.0424319189360354e-06, 'epoch': 2.05}
{'embedding_loss': 0.0001, 'grad_norm': 0.0019669646862894297, 'learning_rate': 6.4091196960101335e-06, 'epoch': 2.14}
{'embedding_loss': 0.0001, 'grad_norm': 0.005953454878181219, 'learning_rate': 5.775807473084231e-06, 'epoch': 2.22}
{'embedding_loss': 0.0, 'grad_norm': 0.003827412612736225, 'learning_rate': 5.142495250158328e-06, 'epoch': 2.31}
{'embedding_loss': 0.0001, 'grad_norm': 0.004857419524341822, 'learning_rate': 4.509183027232426e-06, 'epoch': 2.39}
{'embedding_loss': 0.0001, 'grad_norm': 0.00802895613014698, 'learning_rate': 3.8758708043065234e-06, 'epoch': 2.48}
{'embedding_loss': 0.0001, 'grad_norm': 0.011877663433551788, 'learning_rate': 3.242558581380621e-06, 'epoch': 2.56}
{'embedding_loss': 0.0001, 'grad_norm': 0.004723692778497934, 'learning_rate': 2.6092463584547184e-06, 'epoch': 2.65}
{'embedding_loss': 0.0, 'grad_norm': 0.008674703538417816, 'learning_rate': 1.975934135528816e-06, 'epoch': 2.74}
{'embedding_loss': 0.0, 'grad_norm': 0.005783251486718655, 'learning_rate': 1.3426219126029133e-06, 'epoch': 2.82}
{'embedding_loss': 0.0001, 'grad_norm': 0.010937211103737354, 'learning_rate': 7.093096896770109e-07, 'epoch': 2.91}
{'embedding_loss': 0.0, 'grad_norm': 0.0045740967616438866, 'learning_rate': 7.59974667511083e-08, 'epoch': 2.99}
{'eval_embedding_loss': 4.638762038666755e-05, 'eval_embedding_runtime': 11.9499, 'eval_embedding_samples_per_second': 43.515, 'eval_embedding_steps_per_second': 5.439, 'epoch': 3.0}
{'train_runtime': 762.5895, 'train_samples_per_second': 18.411, 'train_steps_per_second': 2.301, 'train_loss': 0.017596779367944525, 'epoch': 3.0}

🔍 Evaluation Metrics
----------------------------------------
📊 Label Distribution:
  Label Data Journalism: 4
  Label Half Data Journalism: 2
  Label Not Data Journalism: 14

✅ Overall Metrics:
  Accuracy : 1.0000
  Precision: 1.0000
  Recall   : 1.0000
  F1       : 1.0000

🧩 Confusion Matrix:
  [4, 0, 0]
  [0, 2, 0]
  [0, 0, 14]

📌 Per-Class Metrics:
  Class Data Journalism: TP=4, FP=0, FN=0, TN=16
  Class Half Data Journalism: TP=2, FP=0, FN=0, TN=18
  Class Not Data Journalism: TP=14, FP=0, FN=0, TN=6
----------------------------------------
Fold finished F1 Score: 1.0 1.0 None
Fold 2/5
Loading model from HPC local scratch: /tmp/shapovalov_setfit_model_cache_1386162
{'embedding_loss': 0.3709, 'grad_norm': 4.01749324798584, 'learning_rate': 0.0, 'epoch': 0.0}
{'embedding_loss': 0.2411, 'grad_norm': 1.8007113933563232, 'learning_rate': 5.568181818181818e-06, 'epoch': 0.09}
{'embedding_loss': 0.1561, 'grad_norm': 1.348012089729309, 'learning_rate': 1.125e-05, 'epoch': 0.17}
{'embedding_loss': 0.0692, 'grad_norm': 0.14885737001895905, 'learning_rate': 1.6931818181818182e-05, 'epoch': 0.26}
{'embedding_loss': 0.0321, 'grad_norm': 0.6799062490463257, 'learning_rate': 1.9708676377454084e-05, 'epoch': 0.34}
{'embedding_loss': 0.0248, 'grad_norm': 0.09297797828912735, 'learning_rate': 1.9075364154528183e-05, 'epoch': 0.43}
{'embedding_loss': 0.0186, 'grad_norm': 0.04214902222156525, 'learning_rate': 1.8442051931602282e-05, 'epoch': 0.51}
{'embedding_loss': 0.0108, 'grad_norm': 0.08410241454839706, 'learning_rate': 1.7808739708676378e-05, 'epoch': 0.6}
{'embedding_loss': 0.0057, 'grad_norm': 0.015402646735310555, 'learning_rate': 1.7175427485750477e-05, 'epoch': 0.68}
{'embedding_loss': 0.0006, 'grad_norm': 0.020910238847136497, 'learning_rate': 1.6542115262824576e-05, 'epoch': 0.77}
{'embedding_loss': 0.0004, 'grad_norm': 0.02597520500421524, 'learning_rate': 1.590880303989867e-05, 'epoch': 0.85}
{'embedding_loss': 0.0004, 'grad_norm': 0.0024803157430142164, 'learning_rate': 1.527549081697277e-05, 'epoch': 0.94}
{'eval_embedding_loss': 0.00023013108875602484, 'eval_embedding_runtime': 11.3157, 'eval_embedding_samples_per_second': 45.954, 'eval_embedding_steps_per_second': 5.744, 'epoch': 1.0}
{'embedding_loss': 0.0002, 'grad_norm': 0.016229888424277306, 'learning_rate': 1.4642178594046866e-05, 'epoch': 1.03}
{'embedding_loss': 0.0003, 'grad_norm': 0.012858427129685879, 'learning_rate': 1.4008866371120963e-05, 'epoch': 1.11}
{'embedding_loss': 0.0002, 'grad_norm': 0.010180627927184105, 'learning_rate': 1.337555414819506e-05, 'epoch': 1.2}
{'embedding_loss': 0.0002, 'grad_norm': 0.01649637147784233, 'learning_rate': 1.274224192526916e-05, 'epoch': 1.28}
{'embedding_loss': 0.0001, 'grad_norm': 0.0038481184747070074, 'learning_rate': 1.2108929702343256e-05, 'epoch': 1.37}
{'embedding_loss': 0.0002, 'grad_norm': 0.017952347174286842, 'learning_rate': 1.1475617479417354e-05, 'epoch': 1.45}
{'embedding_loss': 0.0001, 'grad_norm': 0.014828645624220371, 'learning_rate': 1.0842305256491453e-05, 'epoch': 1.54}
{'embedding_loss': 0.0001, 'grad_norm': 0.002801991766318679, 'learning_rate': 1.0208993033565548e-05, 'epoch': 1.62}
{'embedding_loss': 0.0001, 'grad_norm': 0.027640026062726974, 'learning_rate': 9.575680810639646e-06, 'epoch': 1.71}
{'embedding_loss': 0.0001, 'grad_norm': 0.03585861995816231, 'learning_rate': 8.942368587713743e-06, 'epoch': 1.79}
{'embedding_loss': 0.0001, 'grad_norm': 0.0030563343316316605, 'learning_rate': 8.30905636478784e-06, 'epoch': 1.88}
{'embedding_loss': 0.0001, 'grad_norm': 0.00937021616846323, 'learning_rate': 7.675744141861939e-06, 'epoch': 1.97}
{'eval_embedding_loss': 0.00016039448382798582, 'eval_embedding_runtime': 11.1445, 'eval_embedding_samples_per_second': 46.66, 'eval_embedding_steps_per_second': 5.832, 'epoch': 2.0}
{'embedding_loss': 0.0001, 'grad_norm': 0.007720068097114563, 'learning_rate': 7.0424319189360354e-06, 'epoch': 2.05}
{'embedding_loss': 0.0001, 'grad_norm': 0.00804248545318842, 'learning_rate': 6.4091196960101335e-06, 'epoch': 2.14}
{'embedding_loss': 0.0001, 'grad_norm': 0.028318313881754875, 'learning_rate': 5.775807473084231e-06, 'epoch': 2.22}
{'embedding_loss': 0.0001, 'grad_norm': 0.002209274796769023, 'learning_rate': 5.142495250158328e-06, 'epoch': 2.31}
{'embedding_loss': 0.0001, 'grad_norm': 0.02078894153237343, 'learning_rate': 4.509183027232426e-06, 'epoch': 2.39}
{'embedding_loss': 0.0001, 'grad_norm': 0.025352610275149345, 'learning_rate': 3.8758708043065234e-06, 'epoch': 2.48}
{'embedding_loss': 0.0001, 'grad_norm': 0.017950229346752167, 'learning_rate': 3.242558581380621e-06, 'epoch': 2.56}
{'embedding_loss': 0.0001, 'grad_norm': 0.013924322091042995, 'learning_rate': 2.6092463584547184e-06, 'epoch': 2.65}
{'embedding_loss': 0.0001, 'grad_norm': 0.003909459337592125, 'learning_rate': 1.975934135528816e-06, 'epoch': 2.74}
{'embedding_loss': 0.0001, 'grad_norm': 0.004530965816229582, 'learning_rate': 1.3426219126029133e-06, 'epoch': 2.82}
{'embedding_loss': 0.0001, 'grad_norm': 0.009535991586744785, 'learning_rate': 7.093096896770109e-07, 'epoch': 2.91}
{'embedding_loss': 0.0001, 'grad_norm': 0.008189545944333076, 'learning_rate': 7.59974667511083e-08, 'epoch': 2.99}
{'eval_embedding_loss': 0.00014357897453010082, 'eval_embedding_runtime': 11.2985, 'eval_embedding_samples_per_second': 46.024, 'eval_embedding_steps_per_second': 5.753, 'epoch': 3.0}
{'train_runtime': 764.0253, 'train_samples_per_second': 18.376, 'train_steps_per_second': 2.297, 'train_loss': 0.016092916024318813, 'epoch': 3.0}

🔍 Evaluation Metrics
----------------------------------------
📊 Label Distribution:
  Label Not Data Journalism: 14
  Label Data Journalism: 4
  Label Half Data Journalism: 2

✅ Overall Metrics:
  Accuracy : 1.0000
  Precision: 1.0000
  Recall   : 1.0000
  F1       : 1.0000

🧩 Confusion Matrix:
  [4, 0, 0]
  [0, 2, 0]
  [0, 0, 14]

📌 Per-Class Metrics:
  Class Data Journalism: TP=4, FP=0, FN=0, TN=16
  Class Half Data Journalism: TP=2, FP=0, FN=0, TN=18
  Class Not Data Journalism: TP=14, FP=0, FN=0, TN=6
----------------------------------------
Fold finished F1 Score: 1.0 1.0 None
Fold 3/5
Loading model from HPC local scratch: /tmp/shapovalov_setfit_model_cache_1386162
{'embedding_loss': 0.4462, 'grad_norm': 4.235180854797363, 'learning_rate': 0.0, 'epoch': 0.0}
{'embedding_loss': 0.2452, 'grad_norm': 1.4680149555206299, 'learning_rate': 5.568181818181818e-06, 'epoch': 0.09}
{'embedding_loss': 0.1523, 'grad_norm': 1.9562416076660156, 'learning_rate': 1.125e-05, 'epoch': 0.17}
{'embedding_loss': 0.0509, 'grad_norm': 0.07189853489398956, 'learning_rate': 1.6931818181818182e-05, 'epoch': 0.26}
{'embedding_loss': 0.0307, 'grad_norm': 0.6474601626396179, 'learning_rate': 1.9708676377454084e-05, 'epoch': 0.34}
{'embedding_loss': 0.0342, 'grad_norm': 0.04553994536399841, 'learning_rate': 1.9075364154528183e-05, 'epoch': 0.43}
{'embedding_loss': 0.0165, 'grad_norm': 0.9247082471847534, 'learning_rate': 1.8442051931602282e-05, 'epoch': 0.51}
{'embedding_loss': 0.0104, 'grad_norm': 0.009855036623775959, 'learning_rate': 1.7808739708676378e-05, 'epoch': 0.6}
{'embedding_loss': 0.004, 'grad_norm': 0.8914248943328857, 'learning_rate': 1.7175427485750477e-05, 'epoch': 0.68}
{'embedding_loss': 0.0026, 'grad_norm': 0.03449465334415436, 'learning_rate': 1.6542115262824576e-05, 'epoch': 0.77}
{'embedding_loss': 0.0011, 'grad_norm': 0.010503748431801796, 'learning_rate': 1.590880303989867e-05, 'epoch': 0.85}
{'embedding_loss': 0.0005, 'grad_norm': 0.0023792963474988937, 'learning_rate': 1.527549081697277e-05, 'epoch': 0.94}
{'eval_embedding_loss': 0.00021265690156724304, 'eval_embedding_runtime': 10.2746, 'eval_embedding_samples_per_second': 50.61, 'eval_embedding_steps_per_second': 6.326, 'epoch': 1.0}
{'embedding_loss': 0.0002, 'grad_norm': 0.01218088436871767, 'learning_rate': 1.4642178594046866e-05, 'epoch': 1.03}
{'embedding_loss': 0.0003, 'grad_norm': 0.027789702638983727, 'learning_rate': 1.4008866371120963e-05, 'epoch': 1.11}
{'embedding_loss': 0.0001, 'grad_norm': 0.008879432454705238, 'learning_rate': 1.337555414819506e-05, 'epoch': 1.2}
{'embedding_loss': 0.0001, 'grad_norm': 0.015337580814957619, 'learning_rate': 1.274224192526916e-05, 'epoch': 1.28}
{'embedding_loss': 0.0001, 'grad_norm': 0.005317865405231714, 'learning_rate': 1.2108929702343256e-05, 'epoch': 1.37}
{'embedding_loss': 0.0001, 'grad_norm': 0.0034086480736732483, 'learning_rate': 1.1475617479417354e-05, 'epoch': 1.45}
{'embedding_loss': 0.0001, 'grad_norm': 0.009104680269956589, 'learning_rate': 1.0842305256491453e-05, 'epoch': 1.54}
{'embedding_loss': 0.0001, 'grad_norm': 0.0009399920818395913, 'learning_rate': 1.0208993033565548e-05, 'epoch': 1.62}
{'embedding_loss': 0.0001, 'grad_norm': 0.004354208707809448, 'learning_rate': 9.575680810639646e-06, 'epoch': 1.71}
{'embedding_loss': 0.0, 'grad_norm': 0.005666522309184074, 'learning_rate': 8.942368587713743e-06, 'epoch': 1.79}
{'embedding_loss': 0.0001, 'grad_norm': 0.002377657452598214, 'learning_rate': 8.30905636478784e-06, 'epoch': 1.88}
{'embedding_loss': 0.0, 'grad_norm': 0.015086576342582703, 'learning_rate': 7.675744141861939e-06, 'epoch': 1.97}
{'eval_embedding_loss': 7.099223876139149e-05, 'eval_embedding_runtime': 10.2562, 'eval_embedding_samples_per_second': 50.701, 'eval_embedding_steps_per_second': 6.338, 'epoch': 2.0}
{'embedding_loss': 0.0001, 'grad_norm': 0.0034273432102054358, 'learning_rate': 7.0424319189360354e-06, 'epoch': 2.05}
{'embedding_loss': 0.0, 'grad_norm': 0.005814709234982729, 'learning_rate': 6.4091196960101335e-06, 'epoch': 2.14}
{'embedding_loss': 0.0, 'grad_norm': 0.004429472144693136, 'learning_rate': 5.775807473084231e-06, 'epoch': 2.22}
{'embedding_loss': 0.0001, 'grad_norm': 0.0024432416539639235, 'learning_rate': 5.142495250158328e-06, 'epoch': 2.31}
{'embedding_loss': 0.0, 'grad_norm': 0.0040308586321771145, 'learning_rate': 4.509183027232426e-06, 'epoch': 2.39}
{'embedding_loss': 0.0, 'grad_norm': 0.0056495326571166515, 'learning_rate': 3.8758708043065234e-06, 'epoch': 2.48}
{'embedding_loss': 0.0, 'grad_norm': 0.0035743594635277987, 'learning_rate': 3.242558581380621e-06, 'epoch': 2.56}
{'embedding_loss': 0.0, 'grad_norm': 0.0035663580056279898, 'learning_rate': 2.6092463584547184e-06, 'epoch': 2.65}
{'embedding_loss': 0.0, 'grad_norm': 0.005279114004224539, 'learning_rate': 1.975934135528816e-06, 'epoch': 2.74}
{'embedding_loss': 0.0, 'grad_norm': 0.0064713903702795506, 'learning_rate': 1.3426219126029133e-06, 'epoch': 2.82}
{'embedding_loss': 0.0, 'grad_norm': 0.002718681236729026, 'learning_rate': 7.093096896770109e-07, 'epoch': 2.91}
{'embedding_loss': 0.0, 'grad_norm': 0.0023259453009814024, 'learning_rate': 7.59974667511083e-08, 'epoch': 2.99}
{'eval_embedding_loss': 5.864712147740647e-05, 'eval_embedding_runtime': 10.5076, 'eval_embedding_samples_per_second': 49.488, 'eval_embedding_steps_per_second': 6.186, 'epoch': 3.0}
{'train_runtime': 764.683, 'train_samples_per_second': 18.361, 'train_steps_per_second': 2.295, 'train_loss': 0.015786704280814343, 'epoch': 3.0}

🔍 Evaluation Metrics
----------------------------------------
📊 Label Distribution:
  Label Not Data Journalism: 13
  Label Half Data Journalism: 2
  Label Data Journalism: 5

✅ Overall Metrics:
  Accuracy : 1.0000
  Precision: 1.0000
  Recall   : 1.0000
  F1       : 1.0000

🧩 Confusion Matrix:
  [5, 0, 0]
  [0, 2, 0]
  [0, 0, 13]

📌 Per-Class Metrics:
  Class Data Journalism: TP=5, FP=0, FN=0, TN=15
  Class Half Data Journalism: TP=2, FP=0, FN=0, TN=18
  Class Not Data Journalism: TP=13, FP=0, FN=0, TN=7
----------------------------------------
Fold finished F1 Score: 1.0 1.0 None
Fold 4/5
Loading model from HPC local scratch: /tmp/shapovalov_setfit_model_cache_1386162
{'embedding_loss': 0.4393, 'grad_norm': 3.841719150543213, 'learning_rate': 0.0, 'epoch': 0.0}
{'embedding_loss': 0.2278, 'grad_norm': 1.2410709857940674, 'learning_rate': 5.568181818181818e-06, 'epoch': 0.09}
{'embedding_loss': 0.1672, 'grad_norm': 1.7103873491287231, 'learning_rate': 1.125e-05, 'epoch': 0.17}
{'embedding_loss': 0.0463, 'grad_norm': 0.3623141050338745, 'learning_rate': 1.6931818181818182e-05, 'epoch': 0.26}
{'embedding_loss': 0.0284, 'grad_norm': 0.12761375308036804, 'learning_rate': 1.9708676377454084e-05, 'epoch': 0.34}
{'embedding_loss': 0.0265, 'grad_norm': 1.882712960243225, 'learning_rate': 1.9075364154528183e-05, 'epoch': 0.43}
{'embedding_loss': 0.0146, 'grad_norm': 0.13221924006938934, 'learning_rate': 1.8442051931602282e-05, 'epoch': 0.51}
{'embedding_loss': 0.0105, 'grad_norm': 0.0265459306538105, 'learning_rate': 1.7808739708676378e-05, 'epoch': 0.6}
{'embedding_loss': 0.0092, 'grad_norm': 1.8374627828598022, 'learning_rate': 1.7175427485750477e-05, 'epoch': 0.68}
{'embedding_loss': 0.0038, 'grad_norm': 0.01994069293141365, 'learning_rate': 1.6542115262824576e-05, 'epoch': 0.77}
{'embedding_loss': 0.0034, 'grad_norm': 2.9493536949157715, 'learning_rate': 1.590880303989867e-05, 'epoch': 0.85}
{'embedding_loss': 0.0045, 'grad_norm': 0.0747804120182991, 'learning_rate': 1.527549081697277e-05, 'epoch': 0.94}
{'eval_embedding_loss': 0.0015471267979592085, 'eval_embedding_runtime': 10.2344, 'eval_embedding_samples_per_second': 50.809, 'eval_embedding_steps_per_second': 6.351, 'epoch': 1.0}
{'embedding_loss': 0.0039, 'grad_norm': 0.22606481611728668, 'learning_rate': 1.4642178594046866e-05, 'epoch': 1.03}
{'embedding_loss': 0.0001, 'grad_norm': 0.0025699869729578495, 'learning_rate': 1.4008866371120963e-05, 'epoch': 1.11}
{'embedding_loss': 0.0001, 'grad_norm': 0.010188150219619274, 'learning_rate': 1.337555414819506e-05, 'epoch': 1.2}
{'embedding_loss': 0.0011, 'grad_norm': 0.01415268424898386, 'learning_rate': 1.274224192526916e-05, 'epoch': 1.28}
{'embedding_loss': 0.0001, 'grad_norm': 0.01528405025601387, 'learning_rate': 1.2108929702343256e-05, 'epoch': 1.37}
{'embedding_loss': 0.0001, 'grad_norm': 0.004314016085118055, 'learning_rate': 1.1475617479417354e-05, 'epoch': 1.45}
{'embedding_loss': 0.0001, 'grad_norm': 0.004587945528328419, 'learning_rate': 1.0842305256491453e-05, 'epoch': 1.54}
{'embedding_loss': 0.0001, 'grad_norm': 0.014108888804912567, 'learning_rate': 1.0208993033565548e-05, 'epoch': 1.62}
{'embedding_loss': 0.0001, 'grad_norm': 0.003120053792372346, 'learning_rate': 9.575680810639646e-06, 'epoch': 1.71}
{'embedding_loss': 0.0001, 'grad_norm': 0.0024892904330044985, 'learning_rate': 8.942368587713743e-06, 'epoch': 1.79}
{'embedding_loss': 0.0, 'grad_norm': 0.006206244695931673, 'learning_rate': 8.30905636478784e-06, 'epoch': 1.88}
{'embedding_loss': 0.0, 'grad_norm': 0.014117675833404064, 'learning_rate': 7.675744141861939e-06, 'epoch': 1.97}
{'eval_embedding_loss': 8.027791045606136e-05, 'eval_embedding_runtime': 9.9775, 'eval_embedding_samples_per_second': 52.117, 'eval_embedding_steps_per_second': 6.515, 'epoch': 2.0}
{'embedding_loss': 0.0, 'grad_norm': 0.002817321103066206, 'learning_rate': 7.0424319189360354e-06, 'epoch': 2.05}
{'embedding_loss': 0.0, 'grad_norm': 0.0038772018160670996, 'learning_rate': 6.4091196960101335e-06, 'epoch': 2.14}
{'embedding_loss': 0.0, 'grad_norm': 0.010860530659556389, 'learning_rate': 5.775807473084231e-06, 'epoch': 2.22}
{'embedding_loss': 0.0, 'grad_norm': 0.0074135432951152325, 'learning_rate': 5.142495250158328e-06, 'epoch': 2.31}
{'embedding_loss': 0.0, 'grad_norm': 0.01213016826659441, 'learning_rate': 4.509183027232426e-06, 'epoch': 2.39}
{'embedding_loss': 0.0, 'grad_norm': 0.007339415140450001, 'learning_rate': 3.8758708043065234e-06, 'epoch': 2.48}
{'embedding_loss': 0.0, 'grad_norm': 0.002636395627632737, 'learning_rate': 3.242558581380621e-06, 'epoch': 2.56}
{'embedding_loss': 0.0, 'grad_norm': 0.00588626554235816, 'learning_rate': 2.6092463584547184e-06, 'epoch': 2.65}
{'embedding_loss': 0.0, 'grad_norm': 0.004352989140897989, 'learning_rate': 1.975934135528816e-06, 'epoch': 2.74}
{'embedding_loss': 0.0, 'grad_norm': 0.0038171911146491766, 'learning_rate': 1.3426219126029133e-06, 'epoch': 2.82}
{'embedding_loss': 0.0, 'grad_norm': 0.00484525365754962, 'learning_rate': 7.093096896770109e-07, 'epoch': 2.91}
{'embedding_loss': 0.0, 'grad_norm': 0.011363888159394264, 'learning_rate': 7.59974667511083e-08, 'epoch': 2.99}
{'eval_embedding_loss': 5.8992955018766224e-05, 'eval_embedding_runtime': 10.3211, 'eval_embedding_samples_per_second': 50.382, 'eval_embedding_steps_per_second': 6.298, 'epoch': 3.0}
{'train_runtime': 763.4179, 'train_samples_per_second': 18.391, 'train_steps_per_second': 2.299, 'train_loss': 0.01575037211986432, 'epoch': 3.0}

🔍 Evaluation Metrics
----------------------------------------
📊 Label Distribution:
  Label Not Data Journalism: 13
  Label Data Journalism: 4
  Label Half Data Journalism: 3

✅ Overall Metrics:
  Accuracy : 1.0000
  Precision: 1.0000
  Recall   : 1.0000
  F1       : 1.0000

🧩 Confusion Matrix:
  [4, 0, 0]
  [0, 3, 0]
  [0, 0, 13]

📌 Per-Class Metrics:
  Class Data Journalism: TP=4, FP=0, FN=0, TN=16
  Class Half Data Journalism: TP=3, FP=0, FN=0, TN=17
  Class Not Data Journalism: TP=13, FP=0, FN=0, TN=7
----------------------------------------
Fold finished F1 Score: 1.0 1.0 None
Fold 5/5
Loading model from HPC local scratch: /tmp/shapovalov_setfit_model_cache_1386162
{'embedding_loss': 0.3151, 'grad_norm': 3.527916431427002, 'learning_rate': 0.0, 'epoch': 0.0}
{'embedding_loss': 0.2494, 'grad_norm': 1.4404574632644653, 'learning_rate': 5.568181818181818e-06, 'epoch': 0.09}
{'embedding_loss': 0.1444, 'grad_norm': 1.189565658569336, 'learning_rate': 1.125e-05, 'epoch': 0.17}
{'embedding_loss': 0.0495, 'grad_norm': 0.169709250330925, 'learning_rate': 1.6931818181818182e-05, 'epoch': 0.26}
{'embedding_loss': 0.0276, 'grad_norm': 0.25494053959846497, 'learning_rate': 1.9708676377454084e-05, 'epoch': 0.34}
{'embedding_loss': 0.0114, 'grad_norm': 0.362355500459671, 'learning_rate': 1.9075364154528183e-05, 'epoch': 0.43}
{'embedding_loss': 0.0154, 'grad_norm': 1.0741833448410034, 'learning_rate': 1.8442051931602282e-05, 'epoch': 0.51}
{'embedding_loss': 0.0077, 'grad_norm': 0.22895750403404236, 'learning_rate': 1.7808739708676378e-05, 'epoch': 0.6}
{'embedding_loss': 0.0027, 'grad_norm': 0.017208782956004143, 'learning_rate': 1.7175427485750477e-05, 'epoch': 0.68}
{'embedding_loss': 0.0071, 'grad_norm': 0.01506025530397892, 'learning_rate': 1.6542115262824576e-05, 'epoch': 0.77}
{'embedding_loss': 0.0062, 'grad_norm': 0.15331509709358215, 'learning_rate': 1.590880303989867e-05, 'epoch': 0.85}
{'embedding_loss': 0.0018, 'grad_norm': 0.0022813461255282164, 'learning_rate': 1.527549081697277e-05, 'epoch': 0.94}
{'eval_embedding_loss': 0.010005077347159386, 'eval_embedding_runtime': 9.5894, 'eval_embedding_samples_per_second': 54.227, 'eval_embedding_steps_per_second': 6.778, 'epoch': 1.0}
{'embedding_loss': 0.0045, 'grad_norm': 0.13391877710819244, 'learning_rate': 1.4642178594046866e-05, 'epoch': 1.03}
{'embedding_loss': 0.001, 'grad_norm': 0.021922098472714424, 'learning_rate': 1.4008866371120963e-05, 'epoch': 1.11}
{'embedding_loss': 0.0011, 'grad_norm': 0.007305167615413666, 'learning_rate': 1.337555414819506e-05, 'epoch': 1.2}
{'embedding_loss': 0.0005, 'grad_norm': 0.01860659196972847, 'learning_rate': 1.274224192526916e-05, 'epoch': 1.28}
{'embedding_loss': 0.0001, 'grad_norm': 0.007672124542295933, 'learning_rate': 1.2108929702343256e-05, 'epoch': 1.37}
{'embedding_loss': 0.0009, 'grad_norm': 0.06610158085823059, 'learning_rate': 1.1475617479417354e-05, 'epoch': 1.45}
{'embedding_loss': 0.0003, 'grad_norm': 0.017064306885004044, 'learning_rate': 1.0842305256491453e-05, 'epoch': 1.54}
{'embedding_loss': 0.0001, 'grad_norm': 0.012496132403612137, 'learning_rate': 1.0208993033565548e-05, 'epoch': 1.62}
{'embedding_loss': 0.0001, 'grad_norm': 0.0026758629828691483, 'learning_rate': 9.575680810639646e-06, 'epoch': 1.71}
{'embedding_loss': 0.0001, 'grad_norm': 0.008924632333219051, 'learning_rate': 8.942368587713743e-06, 'epoch': 1.79}
{'embedding_loss': 0.0001, 'grad_norm': 0.006321826484054327, 'learning_rate': 8.30905636478784e-06, 'epoch': 1.88}
{'embedding_loss': 0.0, 'grad_norm': 0.0014634056715294719, 'learning_rate': 7.675744141861939e-06, 'epoch': 1.97}
{'eval_embedding_loss': 0.00020270007371436805, 'eval_embedding_runtime': 9.5034, 'eval_embedding_samples_per_second': 54.718, 'eval_embedding_steps_per_second': 6.84, 'epoch': 2.0}
{'embedding_loss': 0.0, 'grad_norm': 0.005379799287766218, 'learning_rate': 7.0424319189360354e-06, 'epoch': 2.05}
{'embedding_loss': 0.0, 'grad_norm': 0.007946423254907131, 'learning_rate': 6.4091196960101335e-06, 'epoch': 2.14}
{'embedding_loss': 0.0001, 'grad_norm': 0.0040704794228076935, 'learning_rate': 5.775807473084231e-06, 'epoch': 2.22}
{'embedding_loss': 0.0, 'grad_norm': 0.004875797778367996, 'learning_rate': 5.142495250158328e-06, 'epoch': 2.31}
{'embedding_loss': 0.0001, 'grad_norm': 0.006036832462996244, 'learning_rate': 4.509183027232426e-06, 'epoch': 2.39}
{'embedding_loss': 0.0, 'grad_norm': 0.002820781897753477, 'learning_rate': 3.8758708043065234e-06, 'epoch': 2.48}
{'embedding_loss': 0.0, 'grad_norm': 0.0016336911357939243, 'learning_rate': 3.242558581380621e-06, 'epoch': 2.56}
{'embedding_loss': 0.0, 'grad_norm': 0.011350291781127453, 'learning_rate': 2.6092463584547184e-06, 'epoch': 2.65}
{'embedding_loss': 0.0, 'grad_norm': 0.0018673893064260483, 'learning_rate': 1.975934135528816e-06, 'epoch': 2.74}
{'embedding_loss': 0.0, 'grad_norm': 0.0027769452426582575, 'learning_rate': 1.3426219126029133e-06, 'epoch': 2.82}
{'embedding_loss': 0.0, 'grad_norm': 0.004978657234460115, 'learning_rate': 7.093096896770109e-07, 'epoch': 2.91}
{'embedding_loss': 0.0, 'grad_norm': 0.0012134010903537273, 'learning_rate': 7.59974667511083e-08, 'epoch': 2.99}
{'eval_embedding_loss': 0.00013006468361709267, 'eval_embedding_runtime': 9.4972, 'eval_embedding_samples_per_second': 54.753, 'eval_embedding_steps_per_second': 6.844, 'epoch': 3.0}
{'train_runtime': 763.1559, 'train_samples_per_second': 18.397, 'train_steps_per_second': 2.3, 'train_loss': 0.015209178721012835, 'epoch': 3.0}

🔍 Evaluation Metrics
----------------------------------------
📊 Label Distribution:
  Label Not Data Journalism: 13
  Label Data Journalism: 4
  Label Half Data Journalism: 3

✅ Overall Metrics:
  Accuracy : 1.0000
  Precision: 1.0000
  Recall   : 1.0000
  F1       : 1.0000

🧩 Confusion Matrix:
  [4, 0, 0]
  [0, 3, 0]
  [0, 0, 13]

📌 Per-Class Metrics:
  Class Data Journalism: TP=4, FP=0, FN=0, TN=16
  Class Half Data Journalism: TP=3, FP=0, FN=0, TN=17
  Class Not Data Journalism: TP=13, FP=0, FN=0, TN=7
----------------------------------------
Fold finished F1 Score: 1.0 1.0 None
Average VRAM usage: 3441.06 MB, Max VRAM usage: 11329.68 MB
Trial 24 completed with avg fold F1 score: 1.0
Trial 25: {'num_iterations': 11, 'num_epochs': 2, 'batch_size': 8, 'head_lr': 3.464583865021664e-05}
Fold 1/5
Loading model from HPC local scratch: /tmp/shapovalov_setfit_model_cache_1386162
{'embedding_loss': 0.3891, 'grad_norm': 3.777667760848999, 'learning_rate': 0.0, 'epoch': 0.0}
{'embedding_loss': 0.242, 'grad_norm': 1.825548768043518, 'learning_rate': 9.8989898989899e-06, 'epoch': 0.1}
{'embedding_loss': 0.0942, 'grad_norm': 1.9886728525161743, 'learning_rate': 2e-05, 'epoch': 0.2}
{'embedding_loss': 0.0478, 'grad_norm': 0.22974586486816406, 'learning_rate': 1.8877665544332213e-05, 'epoch': 0.3}
{'embedding_loss': 0.0322, 'grad_norm': 0.09281912446022034, 'learning_rate': 1.775533108866442e-05, 'epoch': 0.4}
{'embedding_loss': 0.035, 'grad_norm': 0.8381628394126892, 'learning_rate': 1.6632996632996633e-05, 'epoch': 0.51}
{'embedding_loss': 0.0105, 'grad_norm': 0.04695656895637512, 'learning_rate': 1.5510662177328844e-05, 'epoch': 0.61}
{'embedding_loss': 0.0085, 'grad_norm': 0.08694314956665039, 'learning_rate': 1.4388327721661056e-05, 'epoch': 0.71}
{'embedding_loss': 0.0026, 'grad_norm': 0.004332203883677721, 'learning_rate': 1.3265993265993267e-05, 'epoch': 0.81}
{'embedding_loss': 0.0004, 'grad_norm': 0.010057286359369755, 'learning_rate': 1.2143658810325479e-05, 'epoch': 0.91}
{'eval_embedding_loss': 0.00018589651153888553, 'eval_embedding_runtime': 9.2713, 'eval_embedding_samples_per_second': 47.459, 'eval_embedding_steps_per_second': 5.932, 'epoch': 1.0}
{'embedding_loss': 0.0003, 'grad_norm': 0.003987333737313747, 'learning_rate': 1.102132435465769e-05, 'epoch': 1.01}
{'embedding_loss': 0.0002, 'grad_norm': 0.009812166914343834, 'learning_rate': 9.8989898989899e-06, 'epoch': 1.11}
{'embedding_loss': 0.0002, 'grad_norm': 0.004853153135627508, 'learning_rate': 8.77665544332211e-06, 'epoch': 1.21}
{'embedding_loss': 0.0001, 'grad_norm': 0.004276798572391272, 'learning_rate': 7.654320987654322e-06, 'epoch': 1.31}
{'embedding_loss': 0.0002, 'grad_norm': 0.012581686489284039, 'learning_rate': 6.531986531986533e-06, 'epoch': 1.41}
{'embedding_loss': 0.0002, 'grad_norm': 0.004780960269272327, 'learning_rate': 5.409652076318743e-06, 'epoch': 1.52}
{'embedding_loss': 0.0001, 'grad_norm': 0.0027475617825984955, 'learning_rate': 4.2873176206509545e-06, 'epoch': 1.62}
{'embedding_loss': 0.0002, 'grad_norm': 0.08025486022233963, 'learning_rate': 3.1649831649831652e-06, 'epoch': 1.72}
{'embedding_loss': 0.0001, 'grad_norm': 0.005853945855051279, 'learning_rate': 2.042648709315376e-06, 'epoch': 1.82}
{'embedding_loss': 0.0001, 'grad_norm': 0.0036672463174909353, 'learning_rate': 9.20314253647587e-07, 'epoch': 1.92}
{'eval_embedding_loss': 0.0001017226095427759, 'eval_embedding_runtime': 10.384, 'eval_embedding_samples_per_second': 42.373, 'eval_embedding_steps_per_second': 5.297, 'epoch': 2.0}
{'train_runtime': 431.8004, 'train_samples_per_second': 18.342, 'train_steps_per_second': 2.293, 'train_loss': 0.02413467116856176, 'epoch': 2.0}

🔍 Evaluation Metrics
----------------------------------------
📊 Label Distribution:
  Label Data Journalism: 4
  Label Half Data Journalism: 2
  Label Not Data Journalism: 14

✅ Overall Metrics:
  Accuracy : 1.0000
  Precision: 1.0000
  Recall   : 1.0000
  F1       : 1.0000

🧩 Confusion Matrix:
  [4, 0, 0]
  [0, 2, 0]
  [0, 0, 14]

📌 Per-Class Metrics:
  Class Data Journalism: TP=4, FP=0, FN=0, TN=16
  Class Half Data Journalism: TP=2, FP=0, FN=0, TN=18
  Class Not Data Journalism: TP=14, FP=0, FN=0, TN=6
----------------------------------------
Fold finished F1 Score: 1.0 1.0 None
Fold 2/5
Loading model from HPC local scratch: /tmp/shapovalov_setfit_model_cache_1386162
{'embedding_loss': 0.3836, 'grad_norm': 4.879110336303711, 'learning_rate': 0.0, 'epoch': 0.0}
{'embedding_loss': 0.2258, 'grad_norm': 1.6769967079162598, 'learning_rate': 9.8989898989899e-06, 'epoch': 0.1}
{'embedding_loss': 0.1116, 'grad_norm': 2.860266923904419, 'learning_rate': 2e-05, 'epoch': 0.2}
{'embedding_loss': 0.0403, 'grad_norm': 0.664342999458313, 'learning_rate': 1.8877665544332213e-05, 'epoch': 0.3}
{'embedding_loss': 0.028, 'grad_norm': 0.05154816806316376, 'learning_rate': 1.775533108866442e-05, 'epoch': 0.4}
{'embedding_loss': 0.0234, 'grad_norm': 0.16768795251846313, 'learning_rate': 1.6632996632996633e-05, 'epoch': 0.51}
{'embedding_loss': 0.0051, 'grad_norm': 0.010710639879107475, 'learning_rate': 1.5510662177328844e-05, 'epoch': 0.61}
{'embedding_loss': 0.0075, 'grad_norm': 1.4895182847976685, 'learning_rate': 1.4388327721661056e-05, 'epoch': 0.71}
{'embedding_loss': 0.0049, 'grad_norm': 0.006055799312889576, 'learning_rate': 1.3265993265993267e-05, 'epoch': 0.81}
{'embedding_loss': 0.0013, 'grad_norm': 0.03167830780148506, 'learning_rate': 1.2143658810325479e-05, 'epoch': 0.91}
{'eval_embedding_loss': 0.00018876742979045957, 'eval_embedding_runtime': 9.3374, 'eval_embedding_samples_per_second': 47.122, 'eval_embedding_steps_per_second': 5.89, 'epoch': 1.0}
{'embedding_loss': 0.0043, 'grad_norm': 0.016576742753386497, 'learning_rate': 1.102132435465769e-05, 'epoch': 1.01}
{'embedding_loss': 0.0008, 'grad_norm': 0.004367359913885593, 'learning_rate': 9.8989898989899e-06, 'epoch': 1.11}
{'embedding_loss': 0.0002, 'grad_norm': 0.009374178014695644, 'learning_rate': 8.77665544332211e-06, 'epoch': 1.21}
{'embedding_loss': 0.0001, 'grad_norm': 0.008861221373081207, 'learning_rate': 7.654320987654322e-06, 'epoch': 1.31}
{'embedding_loss': 0.0001, 'grad_norm': 0.01496090367436409, 'learning_rate': 6.531986531986533e-06, 'epoch': 1.41}
{'embedding_loss': 0.0001, 'grad_norm': 0.005120923276990652, 'learning_rate': 5.409652076318743e-06, 'epoch': 1.52}
{'embedding_loss': 0.0001, 'grad_norm': 0.00671277055516839, 'learning_rate': 4.2873176206509545e-06, 'epoch': 1.62}
{'embedding_loss': 0.0001, 'grad_norm': 0.02020680531859398, 'learning_rate': 3.1649831649831652e-06, 'epoch': 1.72}
{'embedding_loss': 0.0002, 'grad_norm': 0.007494995836168528, 'learning_rate': 2.042648709315376e-06, 'epoch': 1.82}
{'embedding_loss': 0.0002, 'grad_norm': 0.05583858862519264, 'learning_rate': 9.20314253647587e-07, 'epoch': 1.92}
{'eval_embedding_loss': 8.414518379140645e-05, 'eval_embedding_runtime': 9.5525, 'eval_embedding_samples_per_second': 46.061, 'eval_embedding_steps_per_second': 5.758, 'epoch': 2.0}
{'train_runtime': 433.0567, 'train_samples_per_second': 18.289, 'train_steps_per_second': 2.286, 'train_loss': 0.023087505518571673, 'epoch': 2.0}

🔍 Evaluation Metrics
----------------------------------------
📊 Label Distribution:
  Label Not Data Journalism: 14
  Label Data Journalism: 4
  Label Half Data Journalism: 2

✅ Overall Metrics:
  Accuracy : 1.0000
  Precision: 1.0000
  Recall   : 1.0000
  F1       : 1.0000

🧩 Confusion Matrix:
  [4, 0, 0]
  [0, 2, 0]
  [0, 0, 14]

📌 Per-Class Metrics:
  Class Data Journalism: TP=4, FP=0, FN=0, TN=16
  Class Half Data Journalism: TP=2, FP=0, FN=0, TN=18
  Class Not Data Journalism: TP=14, FP=0, FN=0, TN=6
----------------------------------------
Fold finished F1 Score: 1.0 1.0 None
Fold 3/5
Loading model from HPC local scratch: /tmp/shapovalov_setfit_model_cache_1386162
{'embedding_loss': 0.4814, 'grad_norm': 5.508308410644531, 'learning_rate': 0.0, 'epoch': 0.0}
{'embedding_loss': 0.232, 'grad_norm': 2.048764944076538, 'learning_rate': 9.8989898989899e-06, 'epoch': 0.1}
{'embedding_loss': 0.1098, 'grad_norm': 1.509857416152954, 'learning_rate': 2e-05, 'epoch': 0.2}
{'embedding_loss': 0.0359, 'grad_norm': 0.19297416508197784, 'learning_rate': 1.8877665544332213e-05, 'epoch': 0.3}
{'embedding_loss': 0.0286, 'grad_norm': 1.4080027341842651, 'learning_rate': 1.775533108866442e-05, 'epoch': 0.4}
{'embedding_loss': 0.0165, 'grad_norm': 0.8512360453605652, 'learning_rate': 1.6632996632996633e-05, 'epoch': 0.51}
{'embedding_loss': 0.011, 'grad_norm': 0.07044011354446411, 'learning_rate': 1.5510662177328844e-05, 'epoch': 0.61}
{'embedding_loss': 0.0142, 'grad_norm': 0.023376034572720528, 'learning_rate': 1.4388327721661056e-05, 'epoch': 0.71}
{'embedding_loss': 0.0094, 'grad_norm': 0.14308004081249237, 'learning_rate': 1.3265993265993267e-05, 'epoch': 0.81}
{'embedding_loss': 0.0007, 'grad_norm': 0.03386273980140686, 'learning_rate': 1.2143658810325479e-05, 'epoch': 0.91}
{'eval_embedding_loss': 0.00044830728438682854, 'eval_embedding_runtime': 8.7877, 'eval_embedding_samples_per_second': 50.07, 'eval_embedding_steps_per_second': 6.259, 'epoch': 1.0}
{'embedding_loss': 0.0004, 'grad_norm': 0.008377447724342346, 'learning_rate': 1.102132435465769e-05, 'epoch': 1.01}
{'embedding_loss': 0.0003, 'grad_norm': 0.06863107532262802, 'learning_rate': 9.8989898989899e-06, 'epoch': 1.11}
{'embedding_loss': 0.0002, 'grad_norm': 0.0035648054908961058, 'learning_rate': 8.77665544332211e-06, 'epoch': 1.21}
{'embedding_loss': 0.0002, 'grad_norm': 0.023357892408967018, 'learning_rate': 7.654320987654322e-06, 'epoch': 1.31}
{'embedding_loss': 0.0002, 'grad_norm': 0.007416659500449896, 'learning_rate': 6.531986531986533e-06, 'epoch': 1.41}
{'embedding_loss': 0.0001, 'grad_norm': 0.005103959236294031, 'learning_rate': 5.409652076318743e-06, 'epoch': 1.52}
{'embedding_loss': 0.0001, 'grad_norm': 0.010776235722005367, 'learning_rate': 4.2873176206509545e-06, 'epoch': 1.62}
{'embedding_loss': 0.0002, 'grad_norm': 0.012281296774744987, 'learning_rate': 3.1649831649831652e-06, 'epoch': 1.72}
{'embedding_loss': 0.0002, 'grad_norm': 0.007875707000494003, 'learning_rate': 2.042648709315376e-06, 'epoch': 1.82}
{'embedding_loss': 0.0002, 'grad_norm': 0.022194720804691315, 'learning_rate': 9.20314253647587e-07, 'epoch': 1.92}
{'eval_embedding_loss': 0.0002667525550350547, 'eval_embedding_runtime': 8.6789, 'eval_embedding_samples_per_second': 50.698, 'eval_embedding_steps_per_second': 6.337, 'epoch': 2.0}
{'train_runtime': 431.2575, 'train_samples_per_second': 18.365, 'train_steps_per_second': 2.296, 'train_loss': 0.02350357367158538, 'epoch': 2.0}

🔍 Evaluation Metrics
----------------------------------------
📊 Label Distribution:
  Label Not Data Journalism: 13
  Label Half Data Journalism: 2
  Label Data Journalism: 5

✅ Overall Metrics:
  Accuracy : 1.0000
  Precision: 1.0000
  Recall   : 1.0000
  F1       : 1.0000

🧩 Confusion Matrix:
  [5, 0, 0]
  [0, 2, 0]
  [0, 0, 13]

📌 Per-Class Metrics:
  Class Data Journalism: TP=5, FP=0, FN=0, TN=15
  Class Half Data Journalism: TP=2, FP=0, FN=0, TN=18
  Class Not Data Journalism: TP=13, FP=0, FN=0, TN=7
----------------------------------------
Fold finished F1 Score: 1.0 1.0 None
Fold 4/5
Loading model from HPC local scratch: /tmp/shapovalov_setfit_model_cache_1386162
{'embedding_loss': 0.4253, 'grad_norm': 4.454073429107666, 'learning_rate': 0.0, 'epoch': 0.0}
{'embedding_loss': 0.2271, 'grad_norm': 2.0263092517852783, 'learning_rate': 9.8989898989899e-06, 'epoch': 0.1}
{'embedding_loss': 0.1096, 'grad_norm': 0.6314324140548706, 'learning_rate': 2e-05, 'epoch': 0.2}
{'embedding_loss': 0.0334, 'grad_norm': 0.12763723731040955, 'learning_rate': 1.8877665544332213e-05, 'epoch': 0.3}
{'embedding_loss': 0.0155, 'grad_norm': 0.1456890106201172, 'learning_rate': 1.775533108866442e-05, 'epoch': 0.4}
{'embedding_loss': 0.0224, 'grad_norm': 0.1781129688024521, 'learning_rate': 1.6632996632996633e-05, 'epoch': 0.51}
{'embedding_loss': 0.0102, 'grad_norm': 0.015443339943885803, 'learning_rate': 1.5510662177328844e-05, 'epoch': 0.61}
{'embedding_loss': 0.0065, 'grad_norm': 0.01918911375105381, 'learning_rate': 1.4388327721661056e-05, 'epoch': 0.71}
{'embedding_loss': 0.0082, 'grad_norm': 0.006680713966488838, 'learning_rate': 1.3265993265993267e-05, 'epoch': 0.81}
{'embedding_loss': 0.0067, 'grad_norm': 0.11993008106946945, 'learning_rate': 1.2143658810325479e-05, 'epoch': 0.91}
{'eval_embedding_loss': 0.0015614035073667765, 'eval_embedding_runtime': 8.9514, 'eval_embedding_samples_per_second': 49.154, 'eval_embedding_steps_per_second': 6.144, 'epoch': 1.0}
{'embedding_loss': 0.0062, 'grad_norm': 0.020495375618338585, 'learning_rate': 1.102132435465769e-05, 'epoch': 1.01}
{'embedding_loss': 0.0012, 'grad_norm': 0.0067488751374185085, 'learning_rate': 9.8989898989899e-06, 'epoch': 1.11}
{'embedding_loss': 0.0003, 'grad_norm': 0.025178806856274605, 'learning_rate': 8.77665544332211e-06, 'epoch': 1.21}
{'embedding_loss': 0.0004, 'grad_norm': 0.08473940938711166, 'learning_rate': 7.654320987654322e-06, 'epoch': 1.31}
{'embedding_loss': 0.0002, 'grad_norm': 0.008435036987066269, 'learning_rate': 6.531986531986533e-06, 'epoch': 1.41}
{'embedding_loss': 0.0002, 'grad_norm': 0.010432540439069271, 'learning_rate': 5.409652076318743e-06, 'epoch': 1.52}
{'embedding_loss': 0.0002, 'grad_norm': 0.017929252237081528, 'learning_rate': 4.2873176206509545e-06, 'epoch': 1.62}
{'embedding_loss': 0.0001, 'grad_norm': 0.0022350104991346598, 'learning_rate': 3.1649831649831652e-06, 'epoch': 1.72}
{'embedding_loss': 0.0001, 'grad_norm': 0.028149548918008804, 'learning_rate': 2.042648709315376e-06, 'epoch': 1.82}
{'embedding_loss': 0.0001, 'grad_norm': 0.006430280860513449, 'learning_rate': 9.20314253647587e-07, 'epoch': 1.92}
{'eval_embedding_loss': 0.00030954976682551205, 'eval_embedding_runtime': 8.7782, 'eval_embedding_samples_per_second': 50.124, 'eval_embedding_steps_per_second': 6.266, 'epoch': 2.0}
{'train_runtime': 435.0496, 'train_samples_per_second': 18.205, 'train_steps_per_second': 2.276, 'train_loss': 0.02286215626441808, 'epoch': 2.0}

🔍 Evaluation Metrics
----------------------------------------
📊 Label Distribution:
  Label Not Data Journalism: 13
  Label Data Journalism: 4
  Label Half Data Journalism: 3

✅ Overall Metrics:
  Accuracy : 1.0000
  Precision: 1.0000
  Recall   : 1.0000
  F1       : 1.0000

🧩 Confusion Matrix:
  [4, 0, 0]
  [0, 3, 0]
  [0, 0, 13]

📌 Per-Class Metrics:
  Class Data Journalism: TP=4, FP=0, FN=0, TN=16
  Class Half Data Journalism: TP=3, FP=0, FN=0, TN=17
  Class Not Data Journalism: TP=13, FP=0, FN=0, TN=7
----------------------------------------
Fold finished F1 Score: 1.0 1.0 None
Fold 5/5
Loading model from HPC local scratch: /tmp/shapovalov_setfit_model_cache_1386162
{'embedding_loss': 0.5615, 'grad_norm': 5.36397123336792, 'learning_rate': 0.0, 'epoch': 0.0}
{'embedding_loss': 0.2243, 'grad_norm': 1.4656118154525757, 'learning_rate': 9.8989898989899e-06, 'epoch': 0.1}
{'embedding_loss': 0.1007, 'grad_norm': 0.3054683804512024, 'learning_rate': 2e-05, 'epoch': 0.2}
{'embedding_loss': 0.0455, 'grad_norm': 0.31591174006462097, 'learning_rate': 1.8877665544332213e-05, 'epoch': 0.3}
{'embedding_loss': 0.0248, 'grad_norm': 0.13338930904865265, 'learning_rate': 1.775533108866442e-05, 'epoch': 0.4}
{'embedding_loss': 0.0078, 'grad_norm': 0.012907220050692558, 'learning_rate': 1.6632996632996633e-05, 'epoch': 0.51}
{'embedding_loss': 0.0108, 'grad_norm': 0.07530654966831207, 'learning_rate': 1.5510662177328844e-05, 'epoch': 0.61}
{'embedding_loss': 0.0015, 'grad_norm': 0.004552443511784077, 'learning_rate': 1.4388327721661056e-05, 'epoch': 0.71}
{'embedding_loss': 0.0028, 'grad_norm': 0.015152963809669018, 'learning_rate': 1.3265993265993267e-05, 'epoch': 0.81}
{'embedding_loss': 0.0061, 'grad_norm': 0.0991944819688797, 'learning_rate': 1.2143658810325479e-05, 'epoch': 0.91}
{'eval_embedding_loss': 0.002479188609868288, 'eval_embedding_runtime': 8.0458, 'eval_embedding_samples_per_second': 54.687, 'eval_embedding_steps_per_second': 6.836, 'epoch': 1.0}
{'embedding_loss': 0.0022, 'grad_norm': 0.003501961939036846, 'learning_rate': 1.102132435465769e-05, 'epoch': 1.01}
{'embedding_loss': 0.0017, 'grad_norm': 0.009955935180187225, 'learning_rate': 9.8989898989899e-06, 'epoch': 1.11}
{'embedding_loss': 0.0003, 'grad_norm': 0.028004664927721024, 'learning_rate': 8.77665544332211e-06, 'epoch': 1.21}
{'embedding_loss': 0.0002, 'grad_norm': 0.01295311376452446, 'learning_rate': 7.654320987654322e-06, 'epoch': 1.31}
{'embedding_loss': 0.0001, 'grad_norm': 0.01214901078492403, 'learning_rate': 6.531986531986533e-06, 'epoch': 1.41}
{'embedding_loss': 0.0002, 'grad_norm': 0.005301320925354958, 'learning_rate': 5.409652076318743e-06, 'epoch': 1.52}
{'embedding_loss': 0.0001, 'grad_norm': 0.005514687858521938, 'learning_rate': 4.2873176206509545e-06, 'epoch': 1.62}
{'embedding_loss': 0.0002, 'grad_norm': 0.031150024384260178, 'learning_rate': 3.1649831649831652e-06, 'epoch': 1.72}
{'embedding_loss': 0.0003, 'grad_norm': 0.007656437810510397, 'learning_rate': 2.042648709315376e-06, 'epoch': 1.82}
{'embedding_loss': 0.0001, 'grad_norm': 0.00720179220661521, 'learning_rate': 9.20314253647587e-07, 'epoch': 1.92}
{'eval_embedding_loss': 0.0003084750787820667, 'eval_embedding_runtime': 8.1847, 'eval_embedding_samples_per_second': 53.759, 'eval_embedding_steps_per_second': 6.72, 'epoch': 2.0}
{'train_runtime': 430.2248, 'train_samples_per_second': 18.409, 'train_steps_per_second': 2.301, 'train_loss': 0.022034601682345525, 'epoch': 2.0}

🔍 Evaluation Metrics
----------------------------------------
📊 Label Distribution:
  Label Not Data Journalism: 13
  Label Data Journalism: 4
  Label Half Data Journalism: 3

✅ Overall Metrics:
  Accuracy : 1.0000
  Precision: 1.0000
  Recall   : 1.0000
  F1       : 1.0000

🧩 Confusion Matrix:
  [4, 0, 0]
  [0, 3, 0]
  [0, 0, 13]

📌 Per-Class Metrics:
  Class Data Journalism: TP=4, FP=0, FN=0, TN=16
  Class Half Data Journalism: TP=3, FP=0, FN=0, TN=17
  Class Not Data Journalism: TP=13, FP=0, FN=0, TN=7
----------------------------------------
Fold finished F1 Score: 1.0 1.0 None
Average VRAM usage: 3341.35 MB, Max VRAM usage: 11323.86 MB
Trial 25 completed with avg fold F1 score: 1.0
Trial 26: {'num_iterations': 10, 'num_epochs': 3, 'batch_size': 8, 'head_lr': 3.1840602181641886e-05}
Fold 1/5
Loading model from HPC local scratch: /tmp/shapovalov_setfit_model_cache_1386162
{'embedding_loss': 0.4173, 'grad_norm': 3.6245787143707275, 'learning_rate': 0.0, 'epoch': 0.0}
{'embedding_loss': 0.2392, 'grad_norm': 1.6637029647827148, 'learning_rate': 7.2592592592592605e-06, 'epoch': 0.11}
{'embedding_loss': 0.1367, 'grad_norm': 0.9086427092552185, 'learning_rate': 1.4666666666666666e-05, 'epoch': 0.22}
{'embedding_loss': 0.0474, 'grad_norm': 0.8289747834205627, 'learning_rate': 1.9769547325102883e-05, 'epoch': 0.33}
{'embedding_loss': 0.0284, 'grad_norm': 0.9027277231216431, 'learning_rate': 1.894650205761317e-05, 'epoch': 0.44}
{'embedding_loss': 0.0196, 'grad_norm': 0.15292930603027344, 'learning_rate': 1.812345679012346e-05, 'epoch': 0.56}
{'embedding_loss': 0.0153, 'grad_norm': 0.3117814064025879, 'learning_rate': 1.7300411522633746e-05, 'epoch': 0.67}
{'embedding_loss': 0.0063, 'grad_norm': 0.02897847443819046, 'learning_rate': 1.6477366255144033e-05, 'epoch': 0.78}
{'embedding_loss': 0.0018, 'grad_norm': 0.036290086805820465, 'learning_rate': 1.565432098765432e-05, 'epoch': 0.89}
{'embedding_loss': 0.0004, 'grad_norm': 0.054504718631505966, 'learning_rate': 1.4831275720164611e-05, 'epoch': 1.0}
{'eval_embedding_loss': 0.00021622331405524164, 'eval_embedding_runtime': 9.2541, 'eval_embedding_samples_per_second': 43.224, 'eval_embedding_steps_per_second': 5.403, 'epoch': 1.0}
{'embedding_loss': 0.0002, 'grad_norm': 0.030138442292809486, 'learning_rate': 1.4008230452674898e-05, 'epoch': 1.11}
{'embedding_loss': 0.0002, 'grad_norm': 0.01760958507657051, 'learning_rate': 1.3185185185185185e-05, 'epoch': 1.22}
{'embedding_loss': 0.0002, 'grad_norm': 0.026264896616339684, 'learning_rate': 1.2362139917695475e-05, 'epoch': 1.33}
{'embedding_loss': 0.0001, 'grad_norm': 0.005576035939157009, 'learning_rate': 1.1539094650205761e-05, 'epoch': 1.44}
{'embedding_loss': 0.0001, 'grad_norm': 0.003721674671396613, 'learning_rate': 1.071604938271605e-05, 'epoch': 1.56}
{'embedding_loss': 0.0001, 'grad_norm': 0.022231195122003555, 'learning_rate': 9.893004115226338e-06, 'epoch': 1.67}
{'embedding_loss': 0.0001, 'grad_norm': 0.01951291225850582, 'learning_rate': 9.069958847736626e-06, 'epoch': 1.78}
{'embedding_loss': 0.0001, 'grad_norm': 0.014391792938113213, 'learning_rate': 8.246913580246915e-06, 'epoch': 1.89}
{'embedding_loss': 0.0001, 'grad_norm': 0.014919573441147804, 'learning_rate': 7.423868312757202e-06, 'epoch': 2.0}
{'eval_embedding_loss': 7.904911763034761e-05, 'eval_embedding_runtime': 8.5874, 'eval_embedding_samples_per_second': 46.58, 'eval_embedding_steps_per_second': 5.822, 'epoch': 2.0}
{'embedding_loss': 0.0001, 'grad_norm': 0.0011088077444583178, 'learning_rate': 6.6008230452674905e-06, 'epoch': 2.11}
{'embedding_loss': 0.0001, 'grad_norm': 0.07649539411067963, 'learning_rate': 5.777777777777778e-06, 'epoch': 2.22}
{'embedding_loss': 0.0001, 'grad_norm': 0.012561407871544361, 'learning_rate': 4.954732510288066e-06, 'epoch': 2.33}
{'embedding_loss': 0.0001, 'grad_norm': 0.006297771818935871, 'learning_rate': 4.131687242798354e-06, 'epoch': 2.44}
{'embedding_loss': 0.0001, 'grad_norm': 0.004366870503872633, 'learning_rate': 3.3086419753086426e-06, 'epoch': 2.56}
{'embedding_loss': 0.0, 'grad_norm': 0.0024638751056045294, 'learning_rate': 2.48559670781893e-06, 'epoch': 2.67}
{'embedding_loss': 0.0001, 'grad_norm': 0.04630276560783386, 'learning_rate': 1.6625514403292182e-06, 'epoch': 2.78}
{'embedding_loss': 0.0, 'grad_norm': 0.003080456517636776, 'learning_rate': 8.395061728395062e-07, 'epoch': 2.89}
{'embedding_loss': 0.0001, 'grad_norm': 0.0030997786670923233, 'learning_rate': 1.646090534979424e-08, 'epoch': 3.0}
{'eval_embedding_loss': 7.06451537553221e-05, 'eval_embedding_runtime': 8.463, 'eval_embedding_samples_per_second': 47.264, 'eval_embedding_steps_per_second': 5.908, 'epoch': 3.0}
{'train_runtime': 586.3733, 'train_samples_per_second': 18.418, 'train_steps_per_second': 2.302, 'train_loss': 0.018530467363005437, 'epoch': 3.0}

🔍 Evaluation Metrics
----------------------------------------
📊 Label Distribution:
  Label Data Journalism: 4
  Label Half Data Journalism: 2
  Label Not Data Journalism: 14

✅ Overall Metrics:
  Accuracy : 1.0000
  Precision: 1.0000
  Recall   : 1.0000
  F1       : 1.0000

🧩 Confusion Matrix:
  [4, 0, 0]
  [0, 2, 0]
  [0, 0, 14]

📌 Per-Class Metrics:
  Class Data Journalism: TP=4, FP=0, FN=0, TN=16
  Class Half Data Journalism: TP=2, FP=0, FN=0, TN=18
  Class Not Data Journalism: TP=14, FP=0, FN=0, TN=6
----------------------------------------
Fold finished F1 Score: 1.0 1.0 None
Fold 2/5
Loading model from HPC local scratch: /tmp/shapovalov_setfit_model_cache_1386162
{'embedding_loss': 0.3003, 'grad_norm': 2.9449827671051025, 'learning_rate': 0.0, 'epoch': 0.0}
{'embedding_loss': 0.2339, 'grad_norm': 1.613232970237732, 'learning_rate': 7.2592592592592605e-06, 'epoch': 0.11}
{'embedding_loss': 0.1432, 'grad_norm': 1.3897974491119385, 'learning_rate': 1.4666666666666666e-05, 'epoch': 0.22}
{'embedding_loss': 0.035, 'grad_norm': 0.22721987962722778, 'learning_rate': 1.9769547325102883e-05, 'epoch': 0.33}
{'embedding_loss': 0.0372, 'grad_norm': 0.8609068393707275, 'learning_rate': 1.894650205761317e-05, 'epoch': 0.44}
{'embedding_loss': 0.0347, 'grad_norm': 0.8863368034362793, 'learning_rate': 1.812345679012346e-05, 'epoch': 0.56}
{'embedding_loss': 0.0133, 'grad_norm': 0.02372840791940689, 'learning_rate': 1.7300411522633746e-05, 'epoch': 0.67}
{'embedding_loss': 0.0084, 'grad_norm': 0.038629502058029175, 'learning_rate': 1.6477366255144033e-05, 'epoch': 0.78}
{'embedding_loss': 0.0029, 'grad_norm': 0.5058454275131226, 'learning_rate': 1.565432098765432e-05, 'epoch': 0.89}
{'embedding_loss': 0.0006, 'grad_norm': 0.024695543572306633, 'learning_rate': 1.4831275720164611e-05, 'epoch': 1.0}
{'eval_embedding_loss': 0.0004261935537215322, 'eval_embedding_runtime': 8.343, 'eval_embedding_samples_per_second': 47.944, 'eval_embedding_steps_per_second': 5.993, 'epoch': 1.0}
{'embedding_loss': 0.0004, 'grad_norm': 0.011013234034180641, 'learning_rate': 1.4008230452674898e-05, 'epoch': 1.11}
{'embedding_loss': 0.0006, 'grad_norm': 0.04739844426512718, 'learning_rate': 1.3185185185185185e-05, 'epoch': 1.22}
{'embedding_loss': 0.0004, 'grad_norm': 0.008840648457407951, 'learning_rate': 1.2362139917695475e-05, 'epoch': 1.33}
{'embedding_loss': 0.0002, 'grad_norm': 0.0009752899641171098, 'learning_rate': 1.1539094650205761e-05, 'epoch': 1.44}
{'embedding_loss': 0.0002, 'grad_norm': 0.0035640355199575424, 'learning_rate': 1.071604938271605e-05, 'epoch': 1.56}
{'embedding_loss': 0.0002, 'grad_norm': 0.006105911917984486, 'learning_rate': 9.893004115226338e-06, 'epoch': 1.67}
{'embedding_loss': 0.0001, 'grad_norm': 0.0017949147149920464, 'learning_rate': 9.069958847736626e-06, 'epoch': 1.78}
{'embedding_loss': 0.0001, 'grad_norm': 0.010040764696896076, 'learning_rate': 8.246913580246915e-06, 'epoch': 1.89}
{'embedding_loss': 0.0001, 'grad_norm': 0.009849678725004196, 'learning_rate': 7.423868312757202e-06, 'epoch': 2.0}
{'eval_embedding_loss': 7.469429692719132e-05, 'eval_embedding_runtime': 8.062, 'eval_embedding_samples_per_second': 49.616, 'eval_embedding_steps_per_second': 6.202, 'epoch': 2.0}
{'embedding_loss': 0.0001, 'grad_norm': 0.004393750336021185, 'learning_rate': 6.6008230452674905e-06, 'epoch': 2.11}
{'embedding_loss': 0.0001, 'grad_norm': 0.015164699405431747, 'learning_rate': 5.777777777777778e-06, 'epoch': 2.22}
{'embedding_loss': 0.0001, 'grad_norm': 0.01698623225092888, 'learning_rate': 4.954732510288066e-06, 'epoch': 2.33}
{'embedding_loss': 0.0001, 'grad_norm': 0.017348524183034897, 'learning_rate': 4.131687242798354e-06, 'epoch': 2.44}
{'embedding_loss': 0.0001, 'grad_norm': 0.01212344504892826, 'learning_rate': 3.3086419753086426e-06, 'epoch': 2.56}
{'embedding_loss': 0.0001, 'grad_norm': 0.007382471114397049, 'learning_rate': 2.48559670781893e-06, 'epoch': 2.67}
{'embedding_loss': 0.0001, 'grad_norm': 0.007376368623226881, 'learning_rate': 1.6625514403292182e-06, 'epoch': 2.78}
{'embedding_loss': 0.0001, 'grad_norm': 0.011272023431956768, 'learning_rate': 8.395061728395062e-07, 'epoch': 2.89}
{'embedding_loss': 0.0001, 'grad_norm': 0.0011424662079662085, 'learning_rate': 1.646090534979424e-08, 'epoch': 3.0}
{'eval_embedding_loss': 0.00011460011592134833, 'eval_embedding_runtime': 8.397, 'eval_embedding_samples_per_second': 47.636, 'eval_embedding_steps_per_second': 5.955, 'epoch': 3.0}
{'train_runtime': 583.9308, 'train_samples_per_second': 18.495, 'train_steps_per_second': 2.312, 'train_loss': 0.01903225995151809, 'epoch': 3.0}

🔍 Evaluation Metrics
----------------------------------------
📊 Label Distribution:
  Label Not Data Journalism: 14
  Label Data Journalism: 4
  Label Half Data Journalism: 2

✅ Overall Metrics:
  Accuracy : 1.0000
  Precision: 1.0000
  Recall   : 1.0000
  F1       : 1.0000

🧩 Confusion Matrix:
  [4, 0, 0]
  [0, 2, 0]
  [0, 0, 14]

📌 Per-Class Metrics:
  Class Data Journalism: TP=4, FP=0, FN=0, TN=16
  Class Half Data Journalism: TP=2, FP=0, FN=0, TN=18
  Class Not Data Journalism: TP=14, FP=0, FN=0, TN=6
----------------------------------------
Fold finished F1 Score: 1.0 1.0 None
Fold 3/5
Loading model from HPC local scratch: /tmp/shapovalov_setfit_model_cache_1386162
{'embedding_loss': 0.3662, 'grad_norm': 3.498105525970459, 'learning_rate': 0.0, 'epoch': 0.0}
{'embedding_loss': 0.241, 'grad_norm': 1.7127363681793213, 'learning_rate': 7.2592592592592605e-06, 'epoch': 0.11}
{'embedding_loss': 0.131, 'grad_norm': 2.9790613651275635, 'learning_rate': 1.4666666666666666e-05, 'epoch': 0.22}
{'embedding_loss': 0.0453, 'grad_norm': 0.11869404464960098, 'learning_rate': 1.9769547325102883e-05, 'epoch': 0.33}
{'embedding_loss': 0.0265, 'grad_norm': 0.2142220288515091, 'learning_rate': 1.894650205761317e-05, 'epoch': 0.44}
{'embedding_loss': 0.0094, 'grad_norm': 0.06058308854699135, 'learning_rate': 1.812345679012346e-05, 'epoch': 0.56}
{'embedding_loss': 0.0092, 'grad_norm': 0.03330468758940697, 'learning_rate': 1.7300411522633746e-05, 'epoch': 0.67}
{'embedding_loss': 0.0134, 'grad_norm': 0.008834728971123695, 'learning_rate': 1.6477366255144033e-05, 'epoch': 0.78}
{'embedding_loss': 0.0125, 'grad_norm': 0.09617550671100616, 'learning_rate': 1.565432098765432e-05, 'epoch': 0.89}
{'embedding_loss': 0.0057, 'grad_norm': 0.11394579708576202, 'learning_rate': 1.4831275720164611e-05, 'epoch': 1.0}
{'eval_embedding_loss': 0.0004077174235135317, 'eval_embedding_runtime': 7.9081, 'eval_embedding_samples_per_second': 50.581, 'eval_embedding_steps_per_second': 6.323, 'epoch': 1.0}
{'embedding_loss': 0.0067, 'grad_norm': 0.0046414900571107864, 'learning_rate': 1.4008230452674898e-05, 'epoch': 1.11}
{'embedding_loss': 0.003, 'grad_norm': 0.02674902230501175, 'learning_rate': 1.3185185185185185e-05, 'epoch': 1.22}
{'embedding_loss': 0.0014, 'grad_norm': 0.02655351534485817, 'learning_rate': 1.2362139917695475e-05, 'epoch': 1.33}
{'embedding_loss': 0.0019, 'grad_norm': 0.011759812012314796, 'learning_rate': 1.1539094650205761e-05, 'epoch': 1.44}
{'embedding_loss': 0.0007, 'grad_norm': 0.009264559485018253, 'learning_rate': 1.071604938271605e-05, 'epoch': 1.56}
{'embedding_loss': 0.0001, 'grad_norm': 0.00226404401473701, 'learning_rate': 9.893004115226338e-06, 'epoch': 1.67}
{'embedding_loss': 0.0001, 'grad_norm': 0.008463884703814983, 'learning_rate': 9.069958847736626e-06, 'epoch': 1.78}
{'embedding_loss': 0.0001, 'grad_norm': 0.009214570745825768, 'learning_rate': 8.246913580246915e-06, 'epoch': 1.89}
{'embedding_loss': 0.0001, 'grad_norm': 0.0140017569065094, 'learning_rate': 7.423868312757202e-06, 'epoch': 2.0}
{'eval_embedding_loss': 9.055089321918786e-05, 'eval_embedding_runtime': 7.8637, 'eval_embedding_samples_per_second': 50.867, 'eval_embedding_steps_per_second': 6.358, 'epoch': 2.0}
{'embedding_loss': 0.0001, 'grad_norm': 0.0027999700978398323, 'learning_rate': 6.6008230452674905e-06, 'epoch': 2.11}
{'embedding_loss': 0.0001, 'grad_norm': 0.011765754781663418, 'learning_rate': 5.777777777777778e-06, 'epoch': 2.22}
{'embedding_loss': 0.0001, 'grad_norm': 0.009854649193584919, 'learning_rate': 4.954732510288066e-06, 'epoch': 2.33}
{'embedding_loss': 0.0, 'grad_norm': 0.01065407320857048, 'learning_rate': 4.131687242798354e-06, 'epoch': 2.44}
{'embedding_loss': 0.0001, 'grad_norm': 0.006298951338976622, 'learning_rate': 3.3086419753086426e-06, 'epoch': 2.56}
{'embedding_loss': 0.0, 'grad_norm': 0.0067395856603980064, 'learning_rate': 2.48559670781893e-06, 'epoch': 2.67}
{'embedding_loss': 0.0, 'grad_norm': 0.007260293234139681, 'learning_rate': 1.6625514403292182e-06, 'epoch': 2.78}
{'embedding_loss': 0.0, 'grad_norm': 0.009247640147805214, 'learning_rate': 8.395061728395062e-07, 'epoch': 2.89}
{'embedding_loss': 0.0, 'grad_norm': 0.005571326240897179, 'learning_rate': 1.646090534979424e-08, 'epoch': 3.0}
{'eval_embedding_loss': 8.470178727293387e-05, 'eval_embedding_runtime': 8.1065, 'eval_embedding_samples_per_second': 49.343, 'eval_embedding_steps_per_second': 6.168, 'epoch': 3.0}
{'train_runtime': 584.9065, 'train_samples_per_second': 18.464, 'train_steps_per_second': 2.308, 'train_loss': 0.018919861639625633, 'epoch': 3.0}

🔍 Evaluation Metrics
----------------------------------------
📊 Label Distribution:
  Label Not Data Journalism: 13
  Label Half Data Journalism: 2
  Label Data Journalism: 5

✅ Overall Metrics:
  Accuracy : 1.0000
  Precision: 1.0000
  Recall   : 1.0000
  F1       : 1.0000

🧩 Confusion Matrix:
  [5, 0, 0]
  [0, 2, 0]
  [0, 0, 13]

📌 Per-Class Metrics:
  Class Data Journalism: TP=5, FP=0, FN=0, TN=15
  Class Half Data Journalism: TP=2, FP=0, FN=0, TN=18
  Class Not Data Journalism: TP=13, FP=0, FN=0, TN=7
----------------------------------------
Fold finished F1 Score: 1.0 1.0 None
Fold 4/5
Loading model from HPC local scratch: /tmp/shapovalov_setfit_model_cache_1386162
{'embedding_loss': 0.4226, 'grad_norm': 7.66180419921875, 'learning_rate': 0.0, 'epoch': 0.0}
{'embedding_loss': 0.2364, 'grad_norm': 1.9313685894012451, 'learning_rate': 7.2592592592592605e-06, 'epoch': 0.11}
{'embedding_loss': 0.1308, 'grad_norm': 0.5402320623397827, 'learning_rate': 1.4666666666666666e-05, 'epoch': 0.22}
{'embedding_loss': 0.0374, 'grad_norm': 0.04639421030879021, 'learning_rate': 1.9769547325102883e-05, 'epoch': 0.33}
{'embedding_loss': 0.03, 'grad_norm': 0.162095308303833, 'learning_rate': 1.894650205761317e-05, 'epoch': 0.44}
{'embedding_loss': 0.0318, 'grad_norm': 0.9180511236190796, 'learning_rate': 1.812345679012346e-05, 'epoch': 0.56}
{'embedding_loss': 0.0311, 'grad_norm': 0.7308809757232666, 'learning_rate': 1.7300411522633746e-05, 'epoch': 0.67}
{'embedding_loss': 0.0189, 'grad_norm': 0.12167003005743027, 'learning_rate': 1.6477366255144033e-05, 'epoch': 0.78}
{'embedding_loss': 0.0023, 'grad_norm': 0.0185182336717844, 'learning_rate': 1.565432098765432e-05, 'epoch': 0.89}
{'embedding_loss': 0.0132, 'grad_norm': 0.033141836524009705, 'learning_rate': 1.4831275720164611e-05, 'epoch': 1.0}
{'eval_embedding_loss': 0.030124003067612648, 'eval_embedding_runtime': 7.7287, 'eval_embedding_samples_per_second': 51.755, 'eval_embedding_steps_per_second': 6.469, 'epoch': 1.0}
{'embedding_loss': 0.0037, 'grad_norm': 0.023826897144317627, 'learning_rate': 1.4008230452674898e-05, 'epoch': 1.11}
{'embedding_loss': 0.0033, 'grad_norm': 0.02359001897275448, 'learning_rate': 1.3185185185185185e-05, 'epoch': 1.22}
{'embedding_loss': 0.0037, 'grad_norm': 0.005021235905587673, 'learning_rate': 1.2362139917695475e-05, 'epoch': 1.33}
{'embedding_loss': 0.0005, 'grad_norm': 0.016457734629511833, 'learning_rate': 1.1539094650205761e-05, 'epoch': 1.44}
{'embedding_loss': 0.0002, 'grad_norm': 0.07726118713617325, 'learning_rate': 1.071604938271605e-05, 'epoch': 1.56}
{'embedding_loss': 0.0001, 'grad_norm': 0.012546881102025509, 'learning_rate': 9.893004115226338e-06, 'epoch': 1.67}
{'embedding_loss': 0.0001, 'grad_norm': 0.012167109176516533, 'learning_rate': 9.069958847736626e-06, 'epoch': 1.78}
{'embedding_loss': 0.0001, 'grad_norm': 0.01579965464770794, 'learning_rate': 8.246913580246915e-06, 'epoch': 1.89}
{'embedding_loss': 0.0001, 'grad_norm': 0.026703674346208572, 'learning_rate': 7.423868312757202e-06, 'epoch': 2.0}
{'eval_embedding_loss': 0.00015888323832768947, 'eval_embedding_runtime': 7.446, 'eval_embedding_samples_per_second': 53.72, 'eval_embedding_steps_per_second': 6.715, 'epoch': 2.0}
{'embedding_loss': 0.0001, 'grad_norm': 0.0040364377200603485, 'learning_rate': 6.6008230452674905e-06, 'epoch': 2.11}
{'embedding_loss': 0.0001, 'grad_norm': 0.011920532211661339, 'learning_rate': 5.777777777777778e-06, 'epoch': 2.22}
{'embedding_loss': 0.0001, 'grad_norm': 0.006108118686825037, 'learning_rate': 4.954732510288066e-06, 'epoch': 2.33}
{'embedding_loss': 0.0001, 'grad_norm': 0.017311550676822662, 'learning_rate': 4.131687242798354e-06, 'epoch': 2.44}
{'embedding_loss': 0.0001, 'grad_norm': 0.008344936184585094, 'learning_rate': 3.3086419753086426e-06, 'epoch': 2.56}
{'embedding_loss': 0.0001, 'grad_norm': 0.008194591850042343, 'learning_rate': 2.48559670781893e-06, 'epoch': 2.67}
{'embedding_loss': 0.0, 'grad_norm': 0.003393913386389613, 'learning_rate': 1.6625514403292182e-06, 'epoch': 2.78}
{'embedding_loss': 0.0001, 'grad_norm': 0.005168948322534561, 'learning_rate': 8.395061728395062e-07, 'epoch': 2.89}
{'embedding_loss': 0.0001, 'grad_norm': 0.0053123291581869125, 'learning_rate': 1.646090534979424e-08, 'epoch': 3.0}
{'eval_embedding_loss': 0.00013320143625605851, 'eval_embedding_runtime': 7.504, 'eval_embedding_samples_per_second': 53.305, 'eval_embedding_steps_per_second': 6.663, 'epoch': 3.0}
{'train_runtime': 586.8295, 'train_samples_per_second': 18.404, 'train_steps_per_second': 2.3, 'train_loss': 0.020300188006281302, 'epoch': 3.0}

🔍 Evaluation Metrics
----------------------------------------
📊 Label Distribution:
  Label Not Data Journalism: 13
  Label Data Journalism: 4
  Label Half Data Journalism: 3

✅ Overall Metrics:
  Accuracy : 1.0000
  Precision: 1.0000
  Recall   : 1.0000
  F1       : 1.0000

🧩 Confusion Matrix:
  [4, 0, 0]
  [0, 3, 0]
  [0, 0, 13]

📌 Per-Class Metrics:
  Class Data Journalism: TP=4, FP=0, FN=0, TN=16
  Class Half Data Journalism: TP=3, FP=0, FN=0, TN=17
  Class Not Data Journalism: TP=13, FP=0, FN=0, TN=7
----------------------------------------
Fold finished F1 Score: 1.0 1.0 None
Fold 5/5
Loading model from HPC local scratch: /tmp/shapovalov_setfit_model_cache_1386162
{'embedding_loss': 0.4917, 'grad_norm': 4.377663612365723, 'learning_rate': 0.0, 'epoch': 0.0}
{'embedding_loss': 0.2356, 'grad_norm': 2.0495846271514893, 'learning_rate': 7.2592592592592605e-06, 'epoch': 0.11}
{'embedding_loss': 0.1318, 'grad_norm': 0.5539571046829224, 'learning_rate': 1.4666666666666666e-05, 'epoch': 0.22}
{'embedding_loss': 0.0409, 'grad_norm': 0.16551370918750763, 'learning_rate': 1.9769547325102883e-05, 'epoch': 0.33}
{'embedding_loss': 0.0243, 'grad_norm': 0.645206868648529, 'learning_rate': 1.894650205761317e-05, 'epoch': 0.44}
{'embedding_loss': 0.0331, 'grad_norm': 0.07152869552373886, 'learning_rate': 1.812345679012346e-05, 'epoch': 0.56}
{'embedding_loss': 0.016, 'grad_norm': 0.23543387651443481, 'learning_rate': 1.7300411522633746e-05, 'epoch': 0.67}
{'embedding_loss': 0.01, 'grad_norm': 0.034055277705192566, 'learning_rate': 1.6477366255144033e-05, 'epoch': 0.78}
{'embedding_loss': 0.004, 'grad_norm': 0.007652494590729475, 'learning_rate': 1.565432098765432e-05, 'epoch': 0.89}
{'embedding_loss': 0.0031, 'grad_norm': 0.010463238693773746, 'learning_rate': 1.4831275720164611e-05, 'epoch': 1.0}
{'eval_embedding_loss': 0.0069335042499005795, 'eval_embedding_runtime': 7.3051, 'eval_embedding_samples_per_second': 54.756, 'eval_embedding_steps_per_second': 6.845, 'epoch': 1.0}
{'embedding_loss': 0.0029, 'grad_norm': 0.022079961374402046, 'learning_rate': 1.4008230452674898e-05, 'epoch': 1.11}
{'embedding_loss': 0.0024, 'grad_norm': 0.012432080693542957, 'learning_rate': 1.3185185185185185e-05, 'epoch': 1.22}
{'embedding_loss': 0.0012, 'grad_norm': 0.03631538897752762, 'learning_rate': 1.2362139917695475e-05, 'epoch': 1.33}
{'embedding_loss': 0.0006, 'grad_norm': 0.0069538443349301815, 'learning_rate': 1.1539094650205761e-05, 'epoch': 1.44}
{'embedding_loss': 0.0003, 'grad_norm': 0.004952482413500547, 'learning_rate': 1.071604938271605e-05, 'epoch': 1.56}
{'embedding_loss': 0.0002, 'grad_norm': 0.0014839653158560395, 'learning_rate': 9.893004115226338e-06, 'epoch': 1.67}
{'embedding_loss': 0.0001, 'grad_norm': 0.014269518665969372, 'learning_rate': 9.069958847736626e-06, 'epoch': 1.78}
{'embedding_loss': 0.0001, 'grad_norm': 0.0023609462659806013, 'learning_rate': 8.246913580246915e-06, 'epoch': 1.89}
{'embedding_loss': 0.0002, 'grad_norm': 0.008045745082199574, 'learning_rate': 7.423868312757202e-06, 'epoch': 2.0}
{'eval_embedding_loss': 0.00021853861107956618, 'eval_embedding_runtime': 7.2878, 'eval_embedding_samples_per_second': 54.886, 'eval_embedding_steps_per_second': 6.861, 'epoch': 2.0}
{'embedding_loss': 0.0001, 'grad_norm': 0.020716067403554916, 'learning_rate': 6.6008230452674905e-06, 'epoch': 2.11}
{'embedding_loss': 0.0001, 'grad_norm': 0.005942041054368019, 'learning_rate': 5.777777777777778e-06, 'epoch': 2.22}
{'embedding_loss': 0.0001, 'grad_norm': 0.004350588191300631, 'learning_rate': 4.954732510288066e-06, 'epoch': 2.33}
{'embedding_loss': 0.0001, 'grad_norm': 0.0037421234883368015, 'learning_rate': 4.131687242798354e-06, 'epoch': 2.44}
{'embedding_loss': 0.0001, 'grad_norm': 0.01934237591922283, 'learning_rate': 3.3086419753086426e-06, 'epoch': 2.56}
{'embedding_loss': 0.0001, 'grad_norm': 0.008310828357934952, 'learning_rate': 2.48559670781893e-06, 'epoch': 2.67}
{'embedding_loss': 0.0001, 'grad_norm': 0.02018885500729084, 'learning_rate': 1.6625514403292182e-06, 'epoch': 2.78}
{'embedding_loss': 0.0001, 'grad_norm': 0.003908722661435604, 'learning_rate': 8.395061728395062e-07, 'epoch': 2.89}
{'embedding_loss': 0.0001, 'grad_norm': 0.0027040643617510796, 'learning_rate': 1.646090534979424e-08, 'epoch': 3.0}
{'eval_embedding_loss': 0.00018477234698366374, 'eval_embedding_runtime': 7.7794, 'eval_embedding_samples_per_second': 51.418, 'eval_embedding_steps_per_second': 6.427, 'epoch': 3.0}
{'train_runtime': 588.5002, 'train_samples_per_second': 18.352, 'train_steps_per_second': 2.294, 'train_loss': 0.01899457035586238, 'epoch': 3.0}

🔍 Evaluation Metrics
----------------------------------------
📊 Label Distribution:
  Label Not Data Journalism: 13
  Label Data Journalism: 4
  Label Half Data Journalism: 3

✅ Overall Metrics:
  Accuracy : 1.0000
  Precision: 1.0000
  Recall   : 1.0000
  F1       : 1.0000

🧩 Confusion Matrix:
  [4, 0, 0]
  [0, 3, 0]
  [0, 0, 13]

📌 Per-Class Metrics:
  Class Data Journalism: TP=4, FP=0, FN=0, TN=16
  Class Half Data Journalism: TP=3, FP=0, FN=0, TN=17
  Class Not Data Journalism: TP=13, FP=0, FN=0, TN=7
----------------------------------------
Fold finished F1 Score: 1.0 1.0 None
Average VRAM usage: 3282.15 MB, Max VRAM usage: 11342.24 MB
Trial 26 completed with avg fold F1 score: 1.0
Trial 27: {'num_iterations': 12, 'num_epochs': 2, 'batch_size': 8, 'head_lr': 2.7095065576125734e-05}
Fold 1/5
Loading model from HPC local scratch: /tmp/shapovalov_setfit_model_cache_1386162
{'embedding_loss': 0.2862, 'grad_norm': 6.102879524230957, 'learning_rate': 0.0, 'epoch': 0.0}
{'embedding_loss': 0.2342, 'grad_norm': 1.7362864017486572, 'learning_rate': 9.074074074074075e-06, 'epoch': 0.09}
{'embedding_loss': 0.1033, 'grad_norm': 1.3006131649017334, 'learning_rate': 1.8333333333333333e-05, 'epoch': 0.19}
{'embedding_loss': 0.0473, 'grad_norm': 1.4704337120056152, 'learning_rate': 1.9156378600823046e-05, 'epoch': 0.28}
{'embedding_loss': 0.042, 'grad_norm': 1.2765463590621948, 'learning_rate': 1.8127572016460905e-05, 'epoch': 0.37}
{'embedding_loss': 0.0206, 'grad_norm': 0.7781397104263306, 'learning_rate': 1.7098765432098768e-05, 'epoch': 0.46}
{'embedding_loss': 0.0082, 'grad_norm': 0.02848336659371853, 'learning_rate': 1.6069958847736627e-05, 'epoch': 0.56}
{'embedding_loss': 0.0112, 'grad_norm': 0.028844298794865608, 'learning_rate': 1.5041152263374488e-05, 'epoch': 0.65}
{'embedding_loss': 0.0014, 'grad_norm': 0.016606710851192474, 'learning_rate': 1.4012345679012347e-05, 'epoch': 0.74}
{'embedding_loss': 0.0005, 'grad_norm': 0.01033767405897379, 'learning_rate': 1.2983539094650206e-05, 'epoch': 0.83}
{'embedding_loss': 0.0003, 'grad_norm': 0.17605598270893097, 'learning_rate': 1.1954732510288067e-05, 'epoch': 0.93}
{'eval_embedding_loss': 0.00013625634892378002, 'eval_embedding_runtime': 10.6374, 'eval_embedding_samples_per_second': 45.124, 'eval_embedding_steps_per_second': 5.64, 'epoch': 1.0}
{'embedding_loss': 0.0004, 'grad_norm': 0.015271826647222042, 'learning_rate': 1.0925925925925926e-05, 'epoch': 1.02}
{'embedding_loss': 0.0002, 'grad_norm': 0.012585676275193691, 'learning_rate': 9.897119341563787e-06, 'epoch': 1.11}
{'embedding_loss': 0.0002, 'grad_norm': 0.05665070191025734, 'learning_rate': 8.868312757201646e-06, 'epoch': 1.2}
{'embedding_loss': 0.0002, 'grad_norm': 0.022664815187454224, 'learning_rate': 7.839506172839507e-06, 'epoch': 1.3}
{'embedding_loss': 0.0001, 'grad_norm': 0.011890486814081669, 'learning_rate': 6.810699588477366e-06, 'epoch': 1.39}
{'embedding_loss': 0.0001, 'grad_norm': 0.057874780148267746, 'learning_rate': 5.781893004115226e-06, 'epoch': 1.48}
{'embedding_loss': 0.0001, 'grad_norm': 0.015077336691319942, 'learning_rate': 4.753086419753087e-06, 'epoch': 1.57}
{'embedding_loss': 0.0001, 'grad_norm': 0.014539615251123905, 'learning_rate': 3.724279835390947e-06, 'epoch': 1.67}
{'embedding_loss': 0.0001, 'grad_norm': 0.0067910063080489635, 'learning_rate': 2.6954732510288067e-06, 'epoch': 1.76}
{'embedding_loss': 0.0001, 'grad_norm': 0.0055631352588534355, 'learning_rate': 1.6666666666666667e-06, 'epoch': 1.85}
{'embedding_loss': 0.0002, 'grad_norm': 0.012264614924788475, 'learning_rate': 6.378600823045268e-07, 'epoch': 1.94}
{'eval_embedding_loss': 9.146127558778971e-05, 'eval_embedding_runtime': 10.3949, 'eval_embedding_samples_per_second': 46.176, 'eval_embedding_steps_per_second': 5.772, 'epoch': 2.0}
{'train_runtime': 468.9981, 'train_samples_per_second': 18.422, 'train_steps_per_second': 2.303, 'train_loss': 0.02184598469089165, 'epoch': 2.0}

🔍 Evaluation Metrics
----------------------------------------
📊 Label Distribution:
  Label Data Journalism: 4
  Label Half Data Journalism: 2
  Label Not Data Journalism: 14

✅ Overall Metrics:
  Accuracy : 1.0000
  Precision: 1.0000
  Recall   : 1.0000
  F1       : 1.0000

🧩 Confusion Matrix:
  [4, 0, 0]
  [0, 2, 0]
  [0, 0, 14]

📌 Per-Class Metrics:
  Class Data Journalism: TP=4, FP=0, FN=0, TN=16
  Class Half Data Journalism: TP=2, FP=0, FN=0, TN=18
  Class Not Data Journalism: TP=14, FP=0, FN=0, TN=6
----------------------------------------
Fold finished F1 Score: 1.0 1.0 None
Fold 2/5
Loading model from HPC local scratch: /tmp/shapovalov_setfit_model_cache_1386162
{'embedding_loss': 0.3664, 'grad_norm': 3.230531692504883, 'learning_rate': 0.0, 'epoch': 0.0}
{'embedding_loss': 0.2188, 'grad_norm': 1.7586228847503662, 'learning_rate': 9.074074074074075e-06, 'epoch': 0.09}
{'embedding_loss': 0.122, 'grad_norm': 0.9445159435272217, 'learning_rate': 1.8333333333333333e-05, 'epoch': 0.19}
{'embedding_loss': 0.0603, 'grad_norm': 1.27157723903656, 'learning_rate': 1.9156378600823046e-05, 'epoch': 0.28}
{'embedding_loss': 0.0386, 'grad_norm': 1.0743337869644165, 'learning_rate': 1.8127572016460905e-05, 'epoch': 0.37}
{'embedding_loss': 0.0164, 'grad_norm': 1.1144309043884277, 'learning_rate': 1.7098765432098768e-05, 'epoch': 0.46}
{'embedding_loss': 0.009, 'grad_norm': 0.1910744607448578, 'learning_rate': 1.6069958847736627e-05, 'epoch': 0.56}
{'embedding_loss': 0.0083, 'grad_norm': 0.06945718824863434, 'learning_rate': 1.5041152263374488e-05, 'epoch': 0.65}
{'embedding_loss': 0.0065, 'grad_norm': 0.19733570516109467, 'learning_rate': 1.4012345679012347e-05, 'epoch': 0.74}
{'embedding_loss': 0.0018, 'grad_norm': 0.011708571575582027, 'learning_rate': 1.2983539094650206e-05, 'epoch': 0.83}
{'embedding_loss': 0.0042, 'grad_norm': 0.07348743081092834, 'learning_rate': 1.1954732510288067e-05, 'epoch': 0.93}
{'eval_embedding_loss': 0.0001704807364149019, 'eval_embedding_runtime': 9.8506, 'eval_embedding_samples_per_second': 48.728, 'eval_embedding_steps_per_second': 6.091, 'epoch': 1.0}
{'embedding_loss': 0.0031, 'grad_norm': 0.029204776510596275, 'learning_rate': 1.0925925925925926e-05, 'epoch': 1.02}
{'embedding_loss': 0.0004, 'grad_norm': 0.018084462732076645, 'learning_rate': 9.897119341563787e-06, 'epoch': 1.11}
{'embedding_loss': 0.0003, 'grad_norm': 0.05509095638990402, 'learning_rate': 8.868312757201646e-06, 'epoch': 1.2}
{'embedding_loss': 0.0002, 'grad_norm': 0.02439284883439541, 'learning_rate': 7.839506172839507e-06, 'epoch': 1.3}
{'embedding_loss': 0.0002, 'grad_norm': 0.0062675466760993, 'learning_rate': 6.810699588477366e-06, 'epoch': 1.39}
{'embedding_loss': 0.0002, 'grad_norm': 0.006475258618593216, 'learning_rate': 5.781893004115226e-06, 'epoch': 1.48}
{'embedding_loss': 0.0001, 'grad_norm': 0.0171838216483593, 'learning_rate': 4.753086419753087e-06, 'epoch': 1.57}
{'embedding_loss': 0.0001, 'grad_norm': 0.0085380794480443, 'learning_rate': 3.724279835390947e-06, 'epoch': 1.67}
{'embedding_loss': 0.0001, 'grad_norm': 0.0050698076374828815, 'learning_rate': 2.6954732510288067e-06, 'epoch': 1.76}
{'embedding_loss': 0.0001, 'grad_norm': 0.00626717833802104, 'learning_rate': 1.6666666666666667e-06, 'epoch': 1.85}
{'embedding_loss': 0.0002, 'grad_norm': 0.051270175725221634, 'learning_rate': 6.378600823045268e-07, 'epoch': 1.94}
{'eval_embedding_loss': 7.082810770953074e-05, 'eval_embedding_runtime': 10.48, 'eval_embedding_samples_per_second': 45.801, 'eval_embedding_steps_per_second': 5.725, 'epoch': 2.0}
{'train_runtime': 469.4379, 'train_samples_per_second': 18.405, 'train_steps_per_second': 2.301, 'train_loss': 0.022870006980546923, 'epoch': 2.0}

🔍 Evaluation Metrics
----------------------------------------
📊 Label Distribution:
  Label Not Data Journalism: 14
  Label Data Journalism: 4
  Label Half Data Journalism: 2

✅ Overall Metrics:
  Accuracy : 1.0000
  Precision: 1.0000
  Recall   : 1.0000
  F1       : 1.0000

🧩 Confusion Matrix:
  [4, 0, 0]
  [0, 2, 0]
  [0, 0, 14]

📌 Per-Class Metrics:
  Class Data Journalism: TP=4, FP=0, FN=0, TN=16
  Class Half Data Journalism: TP=2, FP=0, FN=0, TN=18
  Class Not Data Journalism: TP=14, FP=0, FN=0, TN=6
----------------------------------------
Fold finished F1 Score: 1.0 1.0 None
Fold 3/5
Loading model from HPC local scratch: /tmp/shapovalov_setfit_model_cache_1386162
{'embedding_loss': 0.3668, 'grad_norm': 3.4851067066192627, 'learning_rate': 0.0, 'epoch': 0.0}
{'embedding_loss': 0.2347, 'grad_norm': 1.5017979145050049, 'learning_rate': 9.074074074074075e-06, 'epoch': 0.09}
{'embedding_loss': 0.11, 'grad_norm': 0.46784424781799316, 'learning_rate': 1.8333333333333333e-05, 'epoch': 0.19}
{'embedding_loss': 0.0439, 'grad_norm': 0.13382397592067719, 'learning_rate': 1.9156378600823046e-05, 'epoch': 0.28}
{'embedding_loss': 0.0322, 'grad_norm': 0.1069684699177742, 'learning_rate': 1.8127572016460905e-05, 'epoch': 0.37}
{'embedding_loss': 0.03, 'grad_norm': 0.11067501455545425, 'learning_rate': 1.7098765432098768e-05, 'epoch': 0.46}
{'embedding_loss': 0.0164, 'grad_norm': 1.4572395086288452, 'learning_rate': 1.6069958847736627e-05, 'epoch': 0.56}
{'embedding_loss': 0.0058, 'grad_norm': 0.17387697100639343, 'learning_rate': 1.5041152263374488e-05, 'epoch': 0.65}
{'embedding_loss': 0.0054, 'grad_norm': 1.71504807472229, 'learning_rate': 1.4012345679012347e-05, 'epoch': 0.74}
{'embedding_loss': 0.0034, 'grad_norm': 0.022443115711212158, 'learning_rate': 1.2983539094650206e-05, 'epoch': 0.83}
{'embedding_loss': 0.0042, 'grad_norm': 0.023324010893702507, 'learning_rate': 1.1954732510288067e-05, 'epoch': 0.93}
{'eval_embedding_loss': 0.00022526508837472647, 'eval_embedding_runtime': 9.5222, 'eval_embedding_samples_per_second': 50.409, 'eval_embedding_steps_per_second': 6.301, 'epoch': 1.0}
{'embedding_loss': 0.0019, 'grad_norm': 0.04490658640861511, 'learning_rate': 1.0925925925925926e-05, 'epoch': 1.02}
{'embedding_loss': 0.0004, 'grad_norm': 0.0446614995598793, 'learning_rate': 9.897119341563787e-06, 'epoch': 1.11}
{'embedding_loss': 0.0002, 'grad_norm': 0.029102502390742302, 'learning_rate': 8.868312757201646e-06, 'epoch': 1.2}
{'embedding_loss': 0.0002, 'grad_norm': 0.01691312901675701, 'learning_rate': 7.839506172839507e-06, 'epoch': 1.3}
{'embedding_loss': 0.0001, 'grad_norm': 0.005658358801156282, 'learning_rate': 6.810699588477366e-06, 'epoch': 1.39}
{'embedding_loss': 0.0001, 'grad_norm': 0.025513462722301483, 'learning_rate': 5.781893004115226e-06, 'epoch': 1.48}
{'embedding_loss': 0.0001, 'grad_norm': 0.029063832014799118, 'learning_rate': 4.753086419753087e-06, 'epoch': 1.57}
{'embedding_loss': 0.0001, 'grad_norm': 0.005295548588037491, 'learning_rate': 3.724279835390947e-06, 'epoch': 1.67}
{'embedding_loss': 0.0001, 'grad_norm': 0.008913927711546421, 'learning_rate': 2.6954732510288067e-06, 'epoch': 1.76}
{'embedding_loss': 0.0001, 'grad_norm': 0.006202751770615578, 'learning_rate': 1.6666666666666667e-06, 'epoch': 1.85}
{'embedding_loss': 0.0001, 'grad_norm': 0.022377466782927513, 'learning_rate': 6.378600823045268e-07, 'epoch': 1.94}
{'eval_embedding_loss': 0.00019573922327253968, 'eval_embedding_runtime': 9.5761, 'eval_embedding_samples_per_second': 50.125, 'eval_embedding_steps_per_second': 6.266, 'epoch': 2.0}
{'train_runtime': 469.5476, 'train_samples_per_second': 18.401, 'train_steps_per_second': 2.3, 'train_loss': 0.022792959428194013, 'epoch': 2.0}

🔍 Evaluation Metrics
----------------------------------------
📊 Label Distribution:
  Label Not Data Journalism: 13
  Label Half Data Journalism: 2
  Label Data Journalism: 5

✅ Overall Metrics:
  Accuracy : 1.0000
  Precision: 1.0000
  Recall   : 1.0000
  F1       : 1.0000

🧩 Confusion Matrix:
  [5, 0, 0]
  [0, 2, 0]
  [0, 0, 13]

📌 Per-Class Metrics:
  Class Data Journalism: TP=5, FP=0, FN=0, TN=15
  Class Half Data Journalism: TP=2, FP=0, FN=0, TN=18
  Class Not Data Journalism: TP=13, FP=0, FN=0, TN=7
----------------------------------------
Fold finished F1 Score: 1.0 1.0 None
Fold 4/5
Loading model from HPC local scratch: /tmp/shapovalov_setfit_model_cache_1386162
{'embedding_loss': 0.4083, 'grad_norm': 3.6230061054229736, 'learning_rate': 0.0, 'epoch': 0.0}
{'embedding_loss': 0.2297, 'grad_norm': 1.5867496728897095, 'learning_rate': 9.074074074074075e-06, 'epoch': 0.09}
{'embedding_loss': 0.1147, 'grad_norm': 0.1931786984205246, 'learning_rate': 1.8333333333333333e-05, 'epoch': 0.19}
{'embedding_loss': 0.0279, 'grad_norm': 0.043939925730228424, 'learning_rate': 1.9156378600823046e-05, 'epoch': 0.28}
{'embedding_loss': 0.0332, 'grad_norm': 0.9379531145095825, 'learning_rate': 1.8127572016460905e-05, 'epoch': 0.37}
{'embedding_loss': 0.0257, 'grad_norm': 0.657840371131897, 'learning_rate': 1.7098765432098768e-05, 'epoch': 0.46}
{'embedding_loss': 0.0056, 'grad_norm': 0.16140006482601166, 'learning_rate': 1.6069958847736627e-05, 'epoch': 0.56}
{'embedding_loss': 0.0111, 'grad_norm': 0.049304280430078506, 'learning_rate': 1.5041152263374488e-05, 'epoch': 0.65}
{'embedding_loss': 0.0034, 'grad_norm': 0.1808045208454132, 'learning_rate': 1.4012345679012347e-05, 'epoch': 0.74}
{'embedding_loss': 0.0044, 'grad_norm': 0.017903955653309822, 'learning_rate': 1.2983539094650206e-05, 'epoch': 0.83}
{'embedding_loss': 0.0052, 'grad_norm': 0.024653002619743347, 'learning_rate': 1.1954732510288067e-05, 'epoch': 0.93}
{'eval_embedding_loss': 0.0007344047771766782, 'eval_embedding_runtime': 9.1124, 'eval_embedding_samples_per_second': 52.675, 'eval_embedding_steps_per_second': 6.584, 'epoch': 1.0}
{'embedding_loss': 0.0017, 'grad_norm': 0.013012789189815521, 'learning_rate': 1.0925925925925926e-05, 'epoch': 1.02}
{'embedding_loss': 0.0005, 'grad_norm': 0.051499973982572556, 'learning_rate': 9.897119341563787e-06, 'epoch': 1.11}
{'embedding_loss': 0.0004, 'grad_norm': 0.04521168768405914, 'learning_rate': 8.868312757201646e-06, 'epoch': 1.2}
{'embedding_loss': 0.0002, 'grad_norm': 0.05305478721857071, 'learning_rate': 7.839506172839507e-06, 'epoch': 1.3}
{'embedding_loss': 0.0002, 'grad_norm': 0.017737384885549545, 'learning_rate': 6.810699588477366e-06, 'epoch': 1.39}
{'embedding_loss': 0.0003, 'grad_norm': 0.0034462090115994215, 'learning_rate': 5.781893004115226e-06, 'epoch': 1.48}
{'embedding_loss': 0.0002, 'grad_norm': 0.012480915524065495, 'learning_rate': 4.753086419753087e-06, 'epoch': 1.57}
{'embedding_loss': 0.0001, 'grad_norm': 0.013856520876288414, 'learning_rate': 3.724279835390947e-06, 'epoch': 1.67}
{'embedding_loss': 0.0001, 'grad_norm': 0.029672836884856224, 'learning_rate': 2.6954732510288067e-06, 'epoch': 1.76}
{'embedding_loss': 0.0001, 'grad_norm': 0.007683831732720137, 'learning_rate': 1.6666666666666667e-06, 'epoch': 1.85}
{'embedding_loss': 0.0001, 'grad_norm': 0.010830117389559746, 'learning_rate': 6.378600823045268e-07, 'epoch': 1.94}
{'eval_embedding_loss': 0.00024714242317713797, 'eval_embedding_runtime': 9.205, 'eval_embedding_samples_per_second': 52.145, 'eval_embedding_steps_per_second': 6.518, 'epoch': 2.0}
{'train_runtime': 468.2752, 'train_samples_per_second': 18.451, 'train_steps_per_second': 2.306, 'train_loss': 0.021689104550104175, 'epoch': 2.0}

🔍 Evaluation Metrics
----------------------------------------
📊 Label Distribution:
  Label Not Data Journalism: 13
  Label Data Journalism: 4
  Label Half Data Journalism: 3

✅ Overall Metrics:
  Accuracy : 1.0000
  Precision: 1.0000
  Recall   : 1.0000
  F1       : 1.0000

🧩 Confusion Matrix:
  [4, 0, 0]
  [0, 3, 0]
  [0, 0, 13]

📌 Per-Class Metrics:
  Class Data Journalism: TP=4, FP=0, FN=0, TN=16
  Class Half Data Journalism: TP=3, FP=0, FN=0, TN=17
  Class Not Data Journalism: TP=13, FP=0, FN=0, TN=7
----------------------------------------
Fold finished F1 Score: 1.0 1.0 None
Fold 5/5
Loading model from HPC local scratch: /tmp/shapovalov_setfit_model_cache_1386162
{'embedding_loss': 0.2594, 'grad_norm': 2.7141921520233154, 'learning_rate': 0.0, 'epoch': 0.0}
{'embedding_loss': 0.2277, 'grad_norm': 1.2214622497558594, 'learning_rate': 9.074074074074075e-06, 'epoch': 0.09}
{'embedding_loss': 0.1195, 'grad_norm': 0.7054275870323181, 'learning_rate': 1.8333333333333333e-05, 'epoch': 0.19}
{'embedding_loss': 0.0328, 'grad_norm': 1.4869529008865356, 'learning_rate': 1.9156378600823046e-05, 'epoch': 0.28}
{'embedding_loss': 0.0174, 'grad_norm': 0.12919120490550995, 'learning_rate': 1.8127572016460905e-05, 'epoch': 0.37}
{'embedding_loss': 0.0193, 'grad_norm': 0.18772006034851074, 'learning_rate': 1.7098765432098768e-05, 'epoch': 0.46}
{'embedding_loss': 0.0088, 'grad_norm': 0.016464270651340485, 'learning_rate': 1.6069958847736627e-05, 'epoch': 0.56}
{'embedding_loss': 0.0063, 'grad_norm': 0.04429656267166138, 'learning_rate': 1.5041152263374488e-05, 'epoch': 0.65}
{'embedding_loss': 0.0054, 'grad_norm': 0.0429622083902359, 'learning_rate': 1.4012345679012347e-05, 'epoch': 0.74}
{'embedding_loss': 0.0045, 'grad_norm': 0.019583355635404587, 'learning_rate': 1.2983539094650206e-05, 'epoch': 0.83}
{'embedding_loss': 0.0008, 'grad_norm': 0.014711854048073292, 'learning_rate': 1.1954732510288067e-05, 'epoch': 0.93}
{'eval_embedding_loss': 0.0017302035121247172, 'eval_embedding_runtime': 8.753, 'eval_embedding_samples_per_second': 54.838, 'eval_embedding_steps_per_second': 6.855, 'epoch': 1.0}
{'embedding_loss': 0.0002, 'grad_norm': 0.009254788048565388, 'learning_rate': 1.0925925925925926e-05, 'epoch': 1.02}
{'embedding_loss': 0.0001, 'grad_norm': 0.012948659248650074, 'learning_rate': 9.897119341563787e-06, 'epoch': 1.11}
{'embedding_loss': 0.0001, 'grad_norm': 0.009267994202673435, 'learning_rate': 8.868312757201646e-06, 'epoch': 1.2}
{'embedding_loss': 0.0001, 'grad_norm': 0.036972831934690475, 'learning_rate': 7.839506172839507e-06, 'epoch': 1.3}
{'embedding_loss': 0.0001, 'grad_norm': 0.00506378710269928, 'learning_rate': 6.810699588477366e-06, 'epoch': 1.39}
{'embedding_loss': 0.0001, 'grad_norm': 0.008777264505624771, 'learning_rate': 5.781893004115226e-06, 'epoch': 1.48}
{'embedding_loss': 0.0005, 'grad_norm': 0.0104215107858181, 'learning_rate': 4.753086419753087e-06, 'epoch': 1.57}
{'embedding_loss': 0.0001, 'grad_norm': 0.002182600786909461, 'learning_rate': 3.724279835390947e-06, 'epoch': 1.67}
{'embedding_loss': 0.0001, 'grad_norm': 0.0034177310299128294, 'learning_rate': 2.6954732510288067e-06, 'epoch': 1.76}
{'embedding_loss': 0.0002, 'grad_norm': 0.012755298055708408, 'learning_rate': 1.6666666666666667e-06, 'epoch': 1.85}
{'embedding_loss': 0.0, 'grad_norm': 0.005092082545161247, 'learning_rate': 6.378600823045268e-07, 'epoch': 1.94}
{'eval_embedding_loss': 0.00037543787038885057, 'eval_embedding_runtime': 8.9432, 'eval_embedding_samples_per_second': 53.672, 'eval_embedding_steps_per_second': 6.709, 'epoch': 2.0}
{'train_runtime': 469.6467, 'train_samples_per_second': 18.397, 'train_steps_per_second': 2.3, 'train_loss': 0.020591441776896653, 'epoch': 2.0}

🔍 Evaluation Metrics
----------------------------------------
📊 Label Distribution:
  Label Not Data Journalism: 13
  Label Data Journalism: 4
  Label Half Data Journalism: 3

✅ Overall Metrics:
  Accuracy : 1.0000
  Precision: 1.0000
  Recall   : 1.0000
  F1       : 1.0000

🧩 Confusion Matrix:
  [4, 0, 0]
  [0, 3, 0]
  [0, 0, 13]

📌 Per-Class Metrics:
  Class Data Journalism: TP=4, FP=0, FN=0, TN=16
  Class Half Data Journalism: TP=3, FP=0, FN=0, TN=17
  Class Not Data Journalism: TP=13, FP=0, FN=0, TN=7
----------------------------------------
Fold finished F1 Score: 1.0 1.0 None
Average VRAM usage: 3377.96 MB, Max VRAM usage: 11331.23 MB
Trial 27 completed with avg fold F1 score: 1.0
Trial 28: {'num_iterations': 15, 'num_epochs': 3, 'batch_size': 8, 'head_lr': 2.4157154928846305e-05}
Fold 1/5
Loading model from HPC local scratch: /tmp/shapovalov_setfit_model_cache_1386162
{'embedding_loss': 0.3775, 'grad_norm': 3.5210306644439697, 'learning_rate': 0.0, 'epoch': 0.0}
{'embedding_loss': 0.2505, 'grad_norm': 1.884595513343811, 'learning_rate': 4.8275862068965525e-06, 'epoch': 0.07}
{'embedding_loss': 0.1581, 'grad_norm': 1.9300237894058228, 'learning_rate': 9.75369458128079e-06, 'epoch': 0.15}
{'embedding_loss': 0.0547, 'grad_norm': 0.09414978325366974, 'learning_rate': 1.4679802955665026e-05, 'epoch': 0.22}
{'embedding_loss': 0.0332, 'grad_norm': 0.08437290787696838, 'learning_rate': 1.9605911330049263e-05, 'epoch': 0.3}
{'embedding_loss': 0.0383, 'grad_norm': 2.330975294113159, 'learning_rate': 1.949506037321625e-05, 'epoch': 0.37}
{'embedding_loss': 0.0138, 'grad_norm': 0.040551234036684036, 'learning_rate': 1.8946212952799123e-05, 'epoch': 0.44}
{'embedding_loss': 0.0143, 'grad_norm': 0.03765273466706276, 'learning_rate': 1.8397365532382e-05, 'epoch': 0.52}
{'embedding_loss': 0.0071, 'grad_norm': 0.0298097375780344, 'learning_rate': 1.7848518111964873e-05, 'epoch': 0.59}
{'embedding_loss': 0.0036, 'grad_norm': 0.5968647599220276, 'learning_rate': 1.7299670691547752e-05, 'epoch': 0.67}
{'embedding_loss': 0.0095, 'grad_norm': 0.09771590679883957, 'learning_rate': 1.6750823271130627e-05, 'epoch': 0.74}
{'embedding_loss': 0.0033, 'grad_norm': 0.03541553393006325, 'learning_rate': 1.6201975850713502e-05, 'epoch': 0.81}
{'embedding_loss': 0.0051, 'grad_norm': 0.004616959486156702, 'learning_rate': 1.5653128430296377e-05, 'epoch': 0.89}
{'embedding_loss': 0.0042, 'grad_norm': 0.011339964345097542, 'learning_rate': 1.5104281009879255e-05, 'epoch': 0.96}
{'eval_embedding_loss': 0.00016437660087831318, 'eval_embedding_runtime': 13.4784, 'eval_embedding_samples_per_second': 44.516, 'eval_embedding_steps_per_second': 5.564, 'epoch': 1.0}
{'embedding_loss': 0.0005, 'grad_norm': 0.010939854197204113, 'learning_rate': 1.4555433589462132e-05, 'epoch': 1.04}
{'embedding_loss': 0.0001, 'grad_norm': 0.0016577208880335093, 'learning_rate': 1.4006586169045007e-05, 'epoch': 1.11}
{'embedding_loss': 0.0001, 'grad_norm': 0.0157595444470644, 'learning_rate': 1.3457738748627882e-05, 'epoch': 1.19}
{'embedding_loss': 0.0003, 'grad_norm': 0.004332171753048897, 'learning_rate': 1.2908891328210757e-05, 'epoch': 1.26}
{'embedding_loss': 0.0001, 'grad_norm': 0.014843331649899483, 'learning_rate': 1.2360043907793636e-05, 'epoch': 1.33}
{'embedding_loss': 0.0001, 'grad_norm': 0.01108214259147644, 'learning_rate': 1.181119648737651e-05, 'epoch': 1.41}
{'embedding_loss': 0.0001, 'grad_norm': 0.009183842688798904, 'learning_rate': 1.1262349066959386e-05, 'epoch': 1.48}
{'embedding_loss': 0.0001, 'grad_norm': 0.006256378721445799, 'learning_rate': 1.0713501646542262e-05, 'epoch': 1.56}
{'embedding_loss': 0.0001, 'grad_norm': 0.002182858996093273, 'learning_rate': 1.0164654226125139e-05, 'epoch': 1.63}
{'embedding_loss': 0.0001, 'grad_norm': 0.007317803800106049, 'learning_rate': 9.615806805708014e-06, 'epoch': 1.7}
{'embedding_loss': 0.0001, 'grad_norm': 0.011167846620082855, 'learning_rate': 9.06695938529089e-06, 'epoch': 1.78}
{'embedding_loss': 0.0, 'grad_norm': 0.0035939267836511135, 'learning_rate': 8.518111964873766e-06, 'epoch': 1.85}
{'embedding_loss': 0.0001, 'grad_norm': 0.003713271813467145, 'learning_rate': 7.969264544456642e-06, 'epoch': 1.93}
{'embedding_loss': 0.0, 'grad_norm': 0.009630823507905006, 'learning_rate': 7.4204171240395175e-06, 'epoch': 2.0}
{'eval_embedding_loss': 9.498585131950676e-05, 'eval_embedding_runtime': 13.9328, 'eval_embedding_samples_per_second': 43.064, 'eval_embedding_steps_per_second': 5.383, 'epoch': 2.0}
{'embedding_loss': 0.0001, 'grad_norm': 0.0054390341974794865, 'learning_rate': 6.871569703622394e-06, 'epoch': 2.07}
{'embedding_loss': 0.0, 'grad_norm': 0.007055186666548252, 'learning_rate': 6.322722283205269e-06, 'epoch': 2.15}
{'embedding_loss': 0.0, 'grad_norm': 0.0012971655232831836, 'learning_rate': 5.773874862788146e-06, 'epoch': 2.22}
{'embedding_loss': 0.0, 'grad_norm': 0.008104381151497364, 'learning_rate': 5.225027442371021e-06, 'epoch': 2.3}
{'embedding_loss': 0.0, 'grad_norm': 0.0070692929439246655, 'learning_rate': 4.676180021953897e-06, 'epoch': 2.37}
{'embedding_loss': 0.0001, 'grad_norm': 0.004126270767301321, 'learning_rate': 4.1273326015367735e-06, 'epoch': 2.44}
{'embedding_loss': 0.0, 'grad_norm': 0.003023930126801133, 'learning_rate': 3.578485181119649e-06, 'epoch': 2.52}
{'embedding_loss': 0.0001, 'grad_norm': 0.0008607642957940698, 'learning_rate': 3.0296377607025253e-06, 'epoch': 2.59}
{'embedding_loss': 0.0001, 'grad_norm': 0.010755008086562157, 'learning_rate': 2.4807903402854007e-06, 'epoch': 2.67}
{'embedding_loss': 0.0, 'grad_norm': 0.000987848499789834, 'learning_rate': 1.931942919868277e-06, 'epoch': 2.74}
{'embedding_loss': 0.0001, 'grad_norm': 0.0031094015575945377, 'learning_rate': 1.3830954994511529e-06, 'epoch': 2.81}
{'embedding_loss': 0.0001, 'grad_norm': 0.00320338923484087, 'learning_rate': 8.342480790340286e-07, 'epoch': 2.89}
{'embedding_loss': 0.0, 'grad_norm': 0.0084687490016222, 'learning_rate': 2.8540065861690453e-07, 'epoch': 2.96}
{'eval_embedding_loss': 0.00010068147093988955, 'eval_embedding_runtime': 13.8852, 'eval_embedding_samples_per_second': 43.212, 'eval_embedding_steps_per_second': 5.401, 'epoch': 3.0}
{'train_runtime': 883.3608, 'train_samples_per_second': 18.339, 'train_steps_per_second': 2.292, 'train_loss': 0.014829926418376235, 'epoch': 3.0}

🔍 Evaluation Metrics
----------------------------------------
📊 Label Distribution:
  Label Data Journalism: 4
  Label Half Data Journalism: 2
  Label Not Data Journalism: 14

✅ Overall Metrics:
  Accuracy : 1.0000
  Precision: 1.0000
  Recall   : 1.0000
  F1       : 1.0000

🧩 Confusion Matrix:
  [4, 0, 0]
  [0, 2, 0]
  [0, 0, 14]

📌 Per-Class Metrics:
  Class Data Journalism: TP=4, FP=0, FN=0, TN=16
  Class Half Data Journalism: TP=2, FP=0, FN=0, TN=18
  Class Not Data Journalism: TP=14, FP=0, FN=0, TN=6
----------------------------------------
Fold finished F1 Score: 1.0 1.0 None
Fold 2/5
Loading model from HPC local scratch: /tmp/shapovalov_setfit_model_cache_1386162
{'embedding_loss': 0.3786, 'grad_norm': 3.3787879943847656, 'learning_rate': 0.0, 'epoch': 0.0}
{'embedding_loss': 0.2526, 'grad_norm': 1.838721752166748, 'learning_rate': 4.8275862068965525e-06, 'epoch': 0.07}
{'embedding_loss': 0.1532, 'grad_norm': 1.369695782661438, 'learning_rate': 9.75369458128079e-06, 'epoch': 0.15}
{'embedding_loss': 0.065, 'grad_norm': 0.16469982266426086, 'learning_rate': 1.4679802955665026e-05, 'epoch': 0.22}
{'embedding_loss': 0.0319, 'grad_norm': 1.7789887189865112, 'learning_rate': 1.9605911330049263e-05, 'epoch': 0.3}
{'embedding_loss': 0.034, 'grad_norm': 1.3021562099456787, 'learning_rate': 1.949506037321625e-05, 'epoch': 0.37}
{'embedding_loss': 0.0292, 'grad_norm': 0.32354676723480225, 'learning_rate': 1.8946212952799123e-05, 'epoch': 0.44}
{'embedding_loss': 0.0119, 'grad_norm': 0.01414122898131609, 'learning_rate': 1.8397365532382e-05, 'epoch': 0.52}
{'embedding_loss': 0.0007, 'grad_norm': 0.025085346773266792, 'learning_rate': 1.7848518111964873e-05, 'epoch': 0.59}
{'embedding_loss': 0.0027, 'grad_norm': 0.031905826181173325, 'learning_rate': 1.7299670691547752e-05, 'epoch': 0.67}
{'embedding_loss': 0.0005, 'grad_norm': 0.049827005714178085, 'learning_rate': 1.6750823271130627e-05, 'epoch': 0.74}
{'embedding_loss': 0.0003, 'grad_norm': 0.012094283476471901, 'learning_rate': 1.6201975850713502e-05, 'epoch': 0.81}
{'embedding_loss': 0.0004, 'grad_norm': 0.019487977027893066, 'learning_rate': 1.5653128430296377e-05, 'epoch': 0.89}
{'embedding_loss': 0.0002, 'grad_norm': 0.005677596665918827, 'learning_rate': 1.5104281009879255e-05, 'epoch': 0.96}
{'eval_embedding_loss': 0.0001089989673346281, 'eval_embedding_runtime': 12.5646, 'eval_embedding_samples_per_second': 47.753, 'eval_embedding_steps_per_second': 5.969, 'epoch': 1.0}
{'embedding_loss': 0.0001, 'grad_norm': 0.005210606846958399, 'learning_rate': 1.4555433589462132e-05, 'epoch': 1.04}
{'embedding_loss': 0.0001, 'grad_norm': 0.006991244852542877, 'learning_rate': 1.4006586169045007e-05, 'epoch': 1.11}
{'embedding_loss': 0.0001, 'grad_norm': 0.013953525573015213, 'learning_rate': 1.3457738748627882e-05, 'epoch': 1.19}
{'embedding_loss': 0.0001, 'grad_norm': 0.0016789148794487119, 'learning_rate': 1.2908891328210757e-05, 'epoch': 1.26}
{'embedding_loss': 0.0001, 'grad_norm': 0.018914703279733658, 'learning_rate': 1.2360043907793636e-05, 'epoch': 1.33}
{'embedding_loss': 0.0001, 'grad_norm': 0.0030172308906912804, 'learning_rate': 1.181119648737651e-05, 'epoch': 1.41}
{'embedding_loss': 0.0001, 'grad_norm': 0.024054398760199547, 'learning_rate': 1.1262349066959386e-05, 'epoch': 1.48}
{'embedding_loss': 0.0, 'grad_norm': 0.015750663354992867, 'learning_rate': 1.0713501646542262e-05, 'epoch': 1.56}
{'embedding_loss': 0.0001, 'grad_norm': 0.0006311495089903474, 'learning_rate': 1.0164654226125139e-05, 'epoch': 1.63}
{'embedding_loss': 0.0, 'grad_norm': 0.002943473169580102, 'learning_rate': 9.615806805708014e-06, 'epoch': 1.7}
{'embedding_loss': 0.0, 'grad_norm': 0.002034989884123206, 'learning_rate': 9.06695938529089e-06, 'epoch': 1.78}
{'embedding_loss': 0.0001, 'grad_norm': 0.004833970218896866, 'learning_rate': 8.518111964873766e-06, 'epoch': 1.85}
{'embedding_loss': 0.0, 'grad_norm': 0.005474260076880455, 'learning_rate': 7.969264544456642e-06, 'epoch': 1.93}
{'embedding_loss': 0.0, 'grad_norm': 0.004459400195628405, 'learning_rate': 7.4204171240395175e-06, 'epoch': 2.0}
{'eval_embedding_loss': 8.482883276883513e-05, 'eval_embedding_runtime': 13.0295, 'eval_embedding_samples_per_second': 46.049, 'eval_embedding_steps_per_second': 5.756, 'epoch': 2.0}
{'embedding_loss': 0.0, 'grad_norm': 0.016889972612261772, 'learning_rate': 6.871569703622394e-06, 'epoch': 2.07}
{'embedding_loss': 0.0001, 'grad_norm': 0.01604735478758812, 'learning_rate': 6.322722283205269e-06, 'epoch': 2.15}
{'embedding_loss': 0.0, 'grad_norm': 0.001422304310835898, 'learning_rate': 5.773874862788146e-06, 'epoch': 2.22}
{'embedding_loss': 0.0, 'grad_norm': 0.0022759903222322464, 'learning_rate': 5.225027442371021e-06, 'epoch': 2.3}
{'embedding_loss': 0.0, 'grad_norm': 0.0076676770113408566, 'learning_rate': 4.676180021953897e-06, 'epoch': 2.37}
{'embedding_loss': 0.0, 'grad_norm': 0.0003657348861452192, 'learning_rate': 4.1273326015367735e-06, 'epoch': 2.44}
{'embedding_loss': 0.0, 'grad_norm': 0.00753394840285182, 'learning_rate': 3.578485181119649e-06, 'epoch': 2.52}
{'embedding_loss': 0.0, 'grad_norm': 0.0030046768952161074, 'learning_rate': 3.0296377607025253e-06, 'epoch': 2.59}
{'embedding_loss': 0.0, 'grad_norm': 0.00027112409588880837, 'learning_rate': 2.4807903402854007e-06, 'epoch': 2.67}
{'embedding_loss': 0.0, 'grad_norm': 0.008612684905529022, 'learning_rate': 1.931942919868277e-06, 'epoch': 2.74}
{'embedding_loss': 0.0, 'grad_norm': 0.007321564015001059, 'learning_rate': 1.3830954994511529e-06, 'epoch': 2.81}
{'embedding_loss': 0.0, 'grad_norm': 0.0038824465591460466, 'learning_rate': 8.342480790340286e-07, 'epoch': 2.89}
{'embedding_loss': 0.0, 'grad_norm': 0.003477647202089429, 'learning_rate': 2.8540065861690453e-07, 'epoch': 2.96}
{'eval_embedding_loss': 5.304253500071354e-05, 'eval_embedding_runtime': 12.3934, 'eval_embedding_samples_per_second': 48.413, 'eval_embedding_steps_per_second': 6.052, 'epoch': 3.0}
{'train_runtime': 880.883, 'train_samples_per_second': 18.391, 'train_steps_per_second': 2.299, 'train_loss': 0.01448425219828309, 'epoch': 3.0}

🔍 Evaluation Metrics
----------------------------------------
📊 Label Distribution:
  Label Not Data Journalism: 14
  Label Data Journalism: 4
  Label Half Data Journalism: 2

✅ Overall Metrics:
  Accuracy : 1.0000
  Precision: 1.0000
  Recall   : 1.0000
  F1       : 1.0000

🧩 Confusion Matrix:
  [4, 0, 0]
  [0, 2, 0]
  [0, 0, 14]

📌 Per-Class Metrics:
  Class Data Journalism: TP=4, FP=0, FN=0, TN=16
  Class Half Data Journalism: TP=2, FP=0, FN=0, TN=18
  Class Not Data Journalism: TP=14, FP=0, FN=0, TN=6
----------------------------------------
Fold finished F1 Score: 1.0 1.0 None
Fold 3/5
Loading model from HPC local scratch: /tmp/shapovalov_setfit_model_cache_1386162
{'embedding_loss': 0.3732, 'grad_norm': 3.395054340362549, 'learning_rate': 0.0, 'epoch': 0.0}
{'embedding_loss': 0.247, 'grad_norm': 1.5954536199569702, 'learning_rate': 4.8275862068965525e-06, 'epoch': 0.07}
{'embedding_loss': 0.1534, 'grad_norm': 0.9847633242607117, 'learning_rate': 9.75369458128079e-06, 'epoch': 0.15}
{'embedding_loss': 0.0723, 'grad_norm': 1.6382884979248047, 'learning_rate': 1.4679802955665026e-05, 'epoch': 0.22}
{'embedding_loss': 0.0455, 'grad_norm': 0.39249294996261597, 'learning_rate': 1.9605911330049263e-05, 'epoch': 0.3}
{'embedding_loss': 0.0251, 'grad_norm': 0.710939347743988, 'learning_rate': 1.949506037321625e-05, 'epoch': 0.37}
{'embedding_loss': 0.0174, 'grad_norm': 1.228041410446167, 'learning_rate': 1.8946212952799123e-05, 'epoch': 0.44}
{'embedding_loss': 0.0075, 'grad_norm': 0.05977487936615944, 'learning_rate': 1.8397365532382e-05, 'epoch': 0.52}
{'embedding_loss': 0.0067, 'grad_norm': 0.03186836466193199, 'learning_rate': 1.7848518111964873e-05, 'epoch': 0.59}
{'embedding_loss': 0.0049, 'grad_norm': 0.020941296592354774, 'learning_rate': 1.7299670691547752e-05, 'epoch': 0.67}
{'embedding_loss': 0.0008, 'grad_norm': 0.005537080578505993, 'learning_rate': 1.6750823271130627e-05, 'epoch': 0.74}
{'embedding_loss': 0.0004, 'grad_norm': 0.05378173291683197, 'learning_rate': 1.6201975850713502e-05, 'epoch': 0.81}
{'embedding_loss': 0.0002, 'grad_norm': 0.0078070866875350475, 'learning_rate': 1.5653128430296377e-05, 'epoch': 0.89}
{'embedding_loss': 0.0002, 'grad_norm': 0.02221544459462166, 'learning_rate': 1.5104281009879255e-05, 'epoch': 0.96}
{'eval_embedding_loss': 0.0003232942835893482, 'eval_embedding_runtime': 11.844, 'eval_embedding_samples_per_second': 50.659, 'eval_embedding_steps_per_second': 6.332, 'epoch': 1.0}
{'embedding_loss': 0.0002, 'grad_norm': 0.02247082069516182, 'learning_rate': 1.4555433589462132e-05, 'epoch': 1.04}
{'embedding_loss': 0.0002, 'grad_norm': 0.02905452623963356, 'learning_rate': 1.4006586169045007e-05, 'epoch': 1.11}
{'embedding_loss': 0.0001, 'grad_norm': 0.012760460376739502, 'learning_rate': 1.3457738748627882e-05, 'epoch': 1.19}
{'embedding_loss': 0.0001, 'grad_norm': 0.007377300877124071, 'learning_rate': 1.2908891328210757e-05, 'epoch': 1.26}
{'embedding_loss': 0.0001, 'grad_norm': 0.029912706464529037, 'learning_rate': 1.2360043907793636e-05, 'epoch': 1.33}
{'embedding_loss': 0.0001, 'grad_norm': 0.01306341402232647, 'learning_rate': 1.181119648737651e-05, 'epoch': 1.41}
{'embedding_loss': 0.0001, 'grad_norm': 0.03504490479826927, 'learning_rate': 1.1262349066959386e-05, 'epoch': 1.48}
{'embedding_loss': 0.0001, 'grad_norm': 0.04017232730984688, 'learning_rate': 1.0713501646542262e-05, 'epoch': 1.56}
{'embedding_loss': 0.0001, 'grad_norm': 0.0009812373900786042, 'learning_rate': 1.0164654226125139e-05, 'epoch': 1.63}
{'embedding_loss': 0.0001, 'grad_norm': 0.011358107440173626, 'learning_rate': 9.615806805708014e-06, 'epoch': 1.7}
{'embedding_loss': 0.0001, 'grad_norm': 0.004468398634344339, 'learning_rate': 9.06695938529089e-06, 'epoch': 1.78}
{'embedding_loss': 0.0, 'grad_norm': 0.006859820801764727, 'learning_rate': 8.518111964873766e-06, 'epoch': 1.85}
{'embedding_loss': 0.0001, 'grad_norm': 0.009457782842218876, 'learning_rate': 7.969264544456642e-06, 'epoch': 1.93}
{'embedding_loss': 0.0001, 'grad_norm': 0.0017917368095368147, 'learning_rate': 7.4204171240395175e-06, 'epoch': 2.0}
{'eval_embedding_loss': 0.00010151597234653309, 'eval_embedding_runtime': 12.0499, 'eval_embedding_samples_per_second': 49.793, 'eval_embedding_steps_per_second': 6.224, 'epoch': 2.0}
{'embedding_loss': 0.0001, 'grad_norm': 0.004689977038651705, 'learning_rate': 6.871569703622394e-06, 'epoch': 2.07}
{'embedding_loss': 0.0, 'grad_norm': 0.02080271579325199, 'learning_rate': 6.322722283205269e-06, 'epoch': 2.15}
{'embedding_loss': 0.0001, 'grad_norm': 0.001094005536288023, 'learning_rate': 5.773874862788146e-06, 'epoch': 2.22}
{'embedding_loss': 0.0, 'grad_norm': 0.005570821929723024, 'learning_rate': 5.225027442371021e-06, 'epoch': 2.3}
{'embedding_loss': 0.0, 'grad_norm': 0.007958322763442993, 'learning_rate': 4.676180021953897e-06, 'epoch': 2.37}
{'embedding_loss': 0.0001, 'grad_norm': 0.009699182584881783, 'learning_rate': 4.1273326015367735e-06, 'epoch': 2.44}
{'embedding_loss': 0.0001, 'grad_norm': 0.006877458188682795, 'learning_rate': 3.578485181119649e-06, 'epoch': 2.52}
{'embedding_loss': 0.0001, 'grad_norm': 0.04958741366863251, 'learning_rate': 3.0296377607025253e-06, 'epoch': 2.59}
{'embedding_loss': 0.0, 'grad_norm': 0.00784753356128931, 'learning_rate': 2.4807903402854007e-06, 'epoch': 2.67}
{'embedding_loss': 0.0001, 'grad_norm': 0.008349895477294922, 'learning_rate': 1.931942919868277e-06, 'epoch': 2.74}
{'embedding_loss': 0.0001, 'grad_norm': 0.009558074176311493, 'learning_rate': 1.3830954994511529e-06, 'epoch': 2.81}
{'embedding_loss': 0.0001, 'grad_norm': 0.019560763612389565, 'learning_rate': 8.342480790340286e-07, 'epoch': 2.89}
{'embedding_loss': 0.0, 'grad_norm': 0.0034894836135208607, 'learning_rate': 2.8540065861690453e-07, 'epoch': 2.96}
{'eval_embedding_loss': 9.428161865798756e-05, 'eval_embedding_runtime': 11.8691, 'eval_embedding_samples_per_second': 50.551, 'eval_embedding_steps_per_second': 6.319, 'epoch': 3.0}
{'train_runtime': 880.1754, 'train_samples_per_second': 18.405, 'train_steps_per_second': 2.301, 'train_loss': 0.014472550043727007, 'epoch': 3.0}

🔍 Evaluation Metrics
----------------------------------------
📊 Label Distribution:
  Label Not Data Journalism: 13
  Label Half Data Journalism: 2
  Label Data Journalism: 5

✅ Overall Metrics:
  Accuracy : 1.0000
  Precision: 1.0000
  Recall   : 1.0000
  F1       : 1.0000

🧩 Confusion Matrix:
  [5, 0, 0]
  [0, 2, 0]
  [0, 0, 13]

📌 Per-Class Metrics:
  Class Data Journalism: TP=5, FP=0, FN=0, TN=15
  Class Half Data Journalism: TP=2, FP=0, FN=0, TN=18
  Class Not Data Journalism: TP=13, FP=0, FN=0, TN=7
----------------------------------------
Fold finished F1 Score: 1.0 1.0 None
Fold 4/5
Loading model from HPC local scratch: /tmp/shapovalov_setfit_model_cache_1386162
{'embedding_loss': 0.2676, 'grad_norm': 3.4190804958343506, 'learning_rate': 0.0, 'epoch': 0.0}
{'embedding_loss': 0.2483, 'grad_norm': 1.9756813049316406, 'learning_rate': 4.8275862068965525e-06, 'epoch': 0.07}
{'embedding_loss': 0.1597, 'grad_norm': 1.4965345859527588, 'learning_rate': 9.75369458128079e-06, 'epoch': 0.15}
{'embedding_loss': 0.0551, 'grad_norm': 0.09538763761520386, 'learning_rate': 1.4679802955665026e-05, 'epoch': 0.22}
{'embedding_loss': 0.0281, 'grad_norm': 1.061869740486145, 'learning_rate': 1.9605911330049263e-05, 'epoch': 0.3}
{'embedding_loss': 0.0256, 'grad_norm': 0.17511795461177826, 'learning_rate': 1.949506037321625e-05, 'epoch': 0.37}
{'embedding_loss': 0.0212, 'grad_norm': 0.9674803018569946, 'learning_rate': 1.8946212952799123e-05, 'epoch': 0.44}
{'embedding_loss': 0.0137, 'grad_norm': 3.0833024978637695, 'learning_rate': 1.8397365532382e-05, 'epoch': 0.52}
{'embedding_loss': 0.0075, 'grad_norm': 0.0689467191696167, 'learning_rate': 1.7848518111964873e-05, 'epoch': 0.59}
{'embedding_loss': 0.0049, 'grad_norm': 0.019421935081481934, 'learning_rate': 1.7299670691547752e-05, 'epoch': 0.67}
{'embedding_loss': 0.0027, 'grad_norm': 0.004766007885336876, 'learning_rate': 1.6750823271130627e-05, 'epoch': 0.74}
{'embedding_loss': 0.0021, 'grad_norm': 0.08270133286714554, 'learning_rate': 1.6201975850713502e-05, 'epoch': 0.81}
{'embedding_loss': 0.002, 'grad_norm': 0.008175993338227272, 'learning_rate': 1.5653128430296377e-05, 'epoch': 0.89}
{'embedding_loss': 0.0009, 'grad_norm': 0.028788307681679726, 'learning_rate': 1.5104281009879255e-05, 'epoch': 0.96}
{'eval_embedding_loss': 0.0006289001321420074, 'eval_embedding_runtime': 11.466, 'eval_embedding_samples_per_second': 52.329, 'eval_embedding_steps_per_second': 6.541, 'epoch': 1.0}
{'embedding_loss': 0.0006, 'grad_norm': 0.011856977827847004, 'learning_rate': 1.4555433589462132e-05, 'epoch': 1.04}
{'embedding_loss': 0.0002, 'grad_norm': 0.005510927643626928, 'learning_rate': 1.4006586169045007e-05, 'epoch': 1.11}
{'embedding_loss': 0.0002, 'grad_norm': 0.004555226769298315, 'learning_rate': 1.3457738748627882e-05, 'epoch': 1.19}
{'embedding_loss': 0.0002, 'grad_norm': 0.0012513429392129183, 'learning_rate': 1.2908891328210757e-05, 'epoch': 1.26}
{'embedding_loss': 0.0001, 'grad_norm': 0.002849081763997674, 'learning_rate': 1.2360043907793636e-05, 'epoch': 1.33}
{'embedding_loss': 0.0001, 'grad_norm': 0.0046660322695970535, 'learning_rate': 1.181119648737651e-05, 'epoch': 1.41}
{'embedding_loss': 0.0001, 'grad_norm': 0.005058445502072573, 'learning_rate': 1.1262349066959386e-05, 'epoch': 1.48}
{'embedding_loss': 0.0001, 'grad_norm': 0.0070913415402174, 'learning_rate': 1.0713501646542262e-05, 'epoch': 1.56}
{'embedding_loss': 0.0001, 'grad_norm': 0.006948981899768114, 'learning_rate': 1.0164654226125139e-05, 'epoch': 1.63}
{'embedding_loss': 0.0001, 'grad_norm': 0.0053237434476614, 'learning_rate': 9.615806805708014e-06, 'epoch': 1.7}
{'embedding_loss': 0.0001, 'grad_norm': 0.0228726863861084, 'learning_rate': 9.06695938529089e-06, 'epoch': 1.78}
{'embedding_loss': 0.0001, 'grad_norm': 0.016982968896627426, 'learning_rate': 8.518111964873766e-06, 'epoch': 1.85}
{'embedding_loss': 0.0001, 'grad_norm': 0.011858913116157055, 'learning_rate': 7.969264544456642e-06, 'epoch': 1.93}
{'embedding_loss': 0.0001, 'grad_norm': 0.002543355105444789, 'learning_rate': 7.4204171240395175e-06, 'epoch': 2.0}
{'eval_embedding_loss': 0.00014280849427450448, 'eval_embedding_runtime': 11.4557, 'eval_embedding_samples_per_second': 52.376, 'eval_embedding_steps_per_second': 6.547, 'epoch': 2.0}
{'embedding_loss': 0.0001, 'grad_norm': 0.003674099687486887, 'learning_rate': 6.871569703622394e-06, 'epoch': 2.07}
{'embedding_loss': 0.0001, 'grad_norm': 0.010603366419672966, 'learning_rate': 6.322722283205269e-06, 'epoch': 2.15}
{'embedding_loss': 0.0, 'grad_norm': 0.007705789525061846, 'learning_rate': 5.773874862788146e-06, 'epoch': 2.22}
{'embedding_loss': 0.0001, 'grad_norm': 0.015525470487773418, 'learning_rate': 5.225027442371021e-06, 'epoch': 2.3}
{'embedding_loss': 0.0001, 'grad_norm': 0.017739126458764076, 'learning_rate': 4.676180021953897e-06, 'epoch': 2.37}
{'embedding_loss': 0.0001, 'grad_norm': 0.0033858499955385923, 'learning_rate': 4.1273326015367735e-06, 'epoch': 2.44}
{'embedding_loss': 0.0, 'grad_norm': 0.003581574885174632, 'learning_rate': 3.578485181119649e-06, 'epoch': 2.52}
{'embedding_loss': 0.0001, 'grad_norm': 0.009564860723912716, 'learning_rate': 3.0296377607025253e-06, 'epoch': 2.59}
{'embedding_loss': 0.0, 'grad_norm': 0.004173879511654377, 'learning_rate': 2.4807903402854007e-06, 'epoch': 2.67}
{'embedding_loss': 0.0, 'grad_norm': 0.0014654853148385882, 'learning_rate': 1.931942919868277e-06, 'epoch': 2.74}
{'embedding_loss': 0.0, 'grad_norm': 0.00784517265856266, 'learning_rate': 1.3830954994511529e-06, 'epoch': 2.81}
{'embedding_loss': 0.0, 'grad_norm': 0.01021227240562439, 'learning_rate': 8.342480790340286e-07, 'epoch': 2.89}
{'embedding_loss': 0.0, 'grad_norm': 0.012888845056295395, 'learning_rate': 2.8540065861690453e-07, 'epoch': 2.96}
{'eval_embedding_loss': 0.00012709970178548247, 'eval_embedding_runtime': 11.8436, 'eval_embedding_samples_per_second': 50.66, 'eval_embedding_steps_per_second': 6.333, 'epoch': 3.0}
{'train_runtime': 883.128, 'train_samples_per_second': 18.344, 'train_steps_per_second': 2.293, 'train_loss': 0.014196228148634143, 'epoch': 3.0}

🔍 Evaluation Metrics
----------------------------------------
📊 Label Distribution:
  Label Not Data Journalism: 13
  Label Data Journalism: 4
  Label Half Data Journalism: 3

✅ Overall Metrics:
  Accuracy : 1.0000
  Precision: 1.0000
  Recall   : 1.0000
  F1       : 1.0000

🧩 Confusion Matrix:
  [4, 0, 0]
  [0, 3, 0]
  [0, 0, 13]

📌 Per-Class Metrics:
  Class Data Journalism: TP=4, FP=0, FN=0, TN=16
  Class Half Data Journalism: TP=3, FP=0, FN=0, TN=17
  Class Not Data Journalism: TP=13, FP=0, FN=0, TN=7
----------------------------------------
Fold finished F1 Score: 1.0 1.0 None
Fold 5/5
Loading model from HPC local scratch: /tmp/shapovalov_setfit_model_cache_1386162
{'embedding_loss': 0.3065, 'grad_norm': 3.1578316688537598, 'learning_rate': 0.0, 'epoch': 0.0}
{'embedding_loss': 0.2452, 'grad_norm': 1.7512974739074707, 'learning_rate': 4.8275862068965525e-06, 'epoch': 0.07}
{'embedding_loss': 0.1656, 'grad_norm': 1.1333352327346802, 'learning_rate': 9.75369458128079e-06, 'epoch': 0.15}
{'embedding_loss': 0.0717, 'grad_norm': 0.46211251616477966, 'learning_rate': 1.4679802955665026e-05, 'epoch': 0.22}
{'embedding_loss': 0.0327, 'grad_norm': 0.1286439150571823, 'learning_rate': 1.9605911330049263e-05, 'epoch': 0.3}
{'embedding_loss': 0.0165, 'grad_norm': 0.951309323310852, 'learning_rate': 1.949506037321625e-05, 'epoch': 0.37}
{'embedding_loss': 0.006, 'grad_norm': 0.1218155100941658, 'learning_rate': 1.8946212952799123e-05, 'epoch': 0.44}
{'embedding_loss': 0.0049, 'grad_norm': 0.04724135249853134, 'learning_rate': 1.8397365532382e-05, 'epoch': 0.52}
{'embedding_loss': 0.0095, 'grad_norm': 1.0954216718673706, 'learning_rate': 1.7848518111964873e-05, 'epoch': 0.59}
{'embedding_loss': 0.0042, 'grad_norm': 0.014047350734472275, 'learning_rate': 1.7299670691547752e-05, 'epoch': 0.67}
{'embedding_loss': 0.0032, 'grad_norm': 0.0326228104531765, 'learning_rate': 1.6750823271130627e-05, 'epoch': 0.74}
{'embedding_loss': 0.0044, 'grad_norm': 0.07047386467456818, 'learning_rate': 1.6201975850713502e-05, 'epoch': 0.81}
{'embedding_loss': 0.0075, 'grad_norm': 0.11348787695169449, 'learning_rate': 1.5653128430296377e-05, 'epoch': 0.89}
{'embedding_loss': 0.008, 'grad_norm': 0.010086426511406898, 'learning_rate': 1.5104281009879255e-05, 'epoch': 0.96}
{'eval_embedding_loss': 0.009713350795209408, 'eval_embedding_runtime': 10.9274, 'eval_embedding_samples_per_second': 54.908, 'eval_embedding_steps_per_second': 6.863, 'epoch': 1.0}
{'embedding_loss': 0.0049, 'grad_norm': 0.010081459768116474, 'learning_rate': 1.4555433589462132e-05, 'epoch': 1.04}
{'embedding_loss': 0.0019, 'grad_norm': 0.009915049187839031, 'learning_rate': 1.4006586169045007e-05, 'epoch': 1.11}
{'embedding_loss': 0.0002, 'grad_norm': 0.014366389252245426, 'learning_rate': 1.3457738748627882e-05, 'epoch': 1.19}
{'embedding_loss': 0.0001, 'grad_norm': 0.022021103650331497, 'learning_rate': 1.2908891328210757e-05, 'epoch': 1.26}
{'embedding_loss': 0.0001, 'grad_norm': 0.0036913680378347635, 'learning_rate': 1.2360043907793636e-05, 'epoch': 1.33}
{'embedding_loss': 0.0001, 'grad_norm': 0.005251653958112001, 'learning_rate': 1.181119648737651e-05, 'epoch': 1.41}
{'embedding_loss': 0.0001, 'grad_norm': 0.010489230044186115, 'learning_rate': 1.1262349066959386e-05, 'epoch': 1.48}
{'embedding_loss': 0.0001, 'grad_norm': 0.0041404468938708305, 'learning_rate': 1.0713501646542262e-05, 'epoch': 1.56}
{'embedding_loss': 0.0001, 'grad_norm': 0.00043282745173200965, 'learning_rate': 1.0164654226125139e-05, 'epoch': 1.63}
{'embedding_loss': 0.0001, 'grad_norm': 0.013867886736989021, 'learning_rate': 9.615806805708014e-06, 'epoch': 1.7}
{'embedding_loss': 0.0001, 'grad_norm': 0.004728408996015787, 'learning_rate': 9.06695938529089e-06, 'epoch': 1.78}
{'embedding_loss': 0.0, 'grad_norm': 0.0014567883918061852, 'learning_rate': 8.518111964873766e-06, 'epoch': 1.85}
{'embedding_loss': 0.0001, 'grad_norm': 0.004469201900064945, 'learning_rate': 7.969264544456642e-06, 'epoch': 1.93}
{'embedding_loss': 0.0001, 'grad_norm': 0.022703351452946663, 'learning_rate': 7.4204171240395175e-06, 'epoch': 2.0}
{'eval_embedding_loss': 0.00012804877769667655, 'eval_embedding_runtime': 11.1165, 'eval_embedding_samples_per_second': 53.974, 'eval_embedding_steps_per_second': 6.747, 'epoch': 2.0}
{'embedding_loss': 0.0001, 'grad_norm': 0.018943997099995613, 'learning_rate': 6.871569703622394e-06, 'epoch': 2.07}
{'embedding_loss': 0.0001, 'grad_norm': 0.0106580201536417, 'learning_rate': 6.322722283205269e-06, 'epoch': 2.15}
{'embedding_loss': 0.0, 'grad_norm': 0.0053602540865540504, 'learning_rate': 5.773874862788146e-06, 'epoch': 2.22}
{'embedding_loss': 0.0, 'grad_norm': 0.002205071272328496, 'learning_rate': 5.225027442371021e-06, 'epoch': 2.3}
{'embedding_loss': 0.0, 'grad_norm': 0.008132238872349262, 'learning_rate': 4.676180021953897e-06, 'epoch': 2.37}
{'embedding_loss': 0.0001, 'grad_norm': 0.0004183050477877259, 'learning_rate': 4.1273326015367735e-06, 'epoch': 2.44}
{'embedding_loss': 0.0, 'grad_norm': 0.007882623001933098, 'learning_rate': 3.578485181119649e-06, 'epoch': 2.52}
{'embedding_loss': 0.0, 'grad_norm': 0.01009697187691927, 'learning_rate': 3.0296377607025253e-06, 'epoch': 2.59}
{'embedding_loss': 0.0, 'grad_norm': 0.003955536056309938, 'learning_rate': 2.4807903402854007e-06, 'epoch': 2.67}
{'embedding_loss': 0.0, 'grad_norm': 0.006075538694858551, 'learning_rate': 1.931942919868277e-06, 'epoch': 2.74}
{'embedding_loss': 0.0, 'grad_norm': 0.013126558624207973, 'learning_rate': 1.3830954994511529e-06, 'epoch': 2.81}
{'embedding_loss': 0.0, 'grad_norm': 0.014957785606384277, 'learning_rate': 8.342480790340286e-07, 'epoch': 2.89}
{'embedding_loss': 0.0, 'grad_norm': 0.004862610716372728, 'learning_rate': 2.8540065861690453e-07, 'epoch': 2.96}
{'eval_embedding_loss': 0.00010060654312837869, 'eval_embedding_runtime': 11.1701, 'eval_embedding_samples_per_second': 53.715, 'eval_embedding_steps_per_second': 6.714, 'epoch': 3.0}
{'train_runtime': 882.5672, 'train_samples_per_second': 18.356, 'train_steps_per_second': 2.294, 'train_loss': 0.014545593562875127, 'epoch': 3.0}

🔍 Evaluation Metrics
----------------------------------------
📊 Label Distribution:
  Label Not Data Journalism: 13
  Label Data Journalism: 4
  Label Half Data Journalism: 3

✅ Overall Metrics:
  Accuracy : 1.0000
  Precision: 1.0000
  Recall   : 1.0000
  F1       : 1.0000

🧩 Confusion Matrix:
  [4, 0, 0]
  [0, 3, 0]
  [0, 0, 13]

📌 Per-Class Metrics:
  Class Data Journalism: TP=4, FP=0, FN=0, TN=16
  Class Half Data Journalism: TP=3, FP=0, FN=0, TN=17
  Class Not Data Journalism: TP=13, FP=0, FN=0, TN=7
----------------------------------------
Fold finished F1 Score: 1.0 1.0 None
Average VRAM usage: 3543.88 MB, Max VRAM usage: 11423.78 MB
Trial 28 completed with avg fold F1 score: 1.0
Trial 29: {'num_iterations': 13, 'num_epochs': 1, 'batch_size': 8, 'head_lr': 2.589149964071428e-05}
Fold 1/5
Loading model from HPC local scratch: /tmp/shapovalov_setfit_model_cache_1386162
{'embedding_loss': 0.4117, 'grad_norm': 4.9377970695495605, 'learning_rate': 0.0, 'epoch': 0.0}
{'embedding_loss': 0.234, 'grad_norm': 0.9607376456260681, 'learning_rate': 1.6610169491525424e-05, 'epoch': 0.09}
{'embedding_loss': 0.0741, 'grad_norm': 1.5726405382156372, 'learning_rate': 1.8479087452471484e-05, 'epoch': 0.17}
{'embedding_loss': 0.0435, 'grad_norm': 0.05317318066954613, 'learning_rate': 1.657794676806084e-05, 'epoch': 0.26}
{'embedding_loss': 0.0178, 'grad_norm': 0.0514322854578495, 'learning_rate': 1.467680608365019e-05, 'epoch': 0.34}
{'embedding_loss': 0.0145, 'grad_norm': 0.040893279016017914, 'learning_rate': 1.2775665399239545e-05, 'epoch': 0.43}
{'embedding_loss': 0.0091, 'grad_norm': 0.061126451939344406, 'learning_rate': 1.0874524714828898e-05, 'epoch': 0.51}
{'embedding_loss': 0.0043, 'grad_norm': 0.009890224784612656, 'learning_rate': 8.973384030418252e-06, 'epoch': 0.6}
{'embedding_loss': 0.0105, 'grad_norm': 0.22818610072135925, 'learning_rate': 7.072243346007606e-06, 'epoch': 0.68}
{'embedding_loss': 0.0051, 'grad_norm': 0.2907201945781708, 'learning_rate': 5.171102661596958e-06, 'epoch': 0.77}
{'embedding_loss': 0.001, 'grad_norm': 0.04985487088561058, 'learning_rate': 3.269961977186312e-06, 'epoch': 0.85}
{'embedding_loss': 0.0008, 'grad_norm': 0.06728111207485199, 'learning_rate': 1.3688212927756656e-06, 'epoch': 0.94}
{'eval_embedding_loss': 0.00027638085884973407, 'eval_embedding_runtime': 11.4181, 'eval_embedding_samples_per_second': 45.542, 'eval_embedding_steps_per_second': 5.693, 'epoch': 1.0}
{'train_runtime': 254.8986, 'train_samples_per_second': 18.36, 'train_steps_per_second': 2.295, 'train_loss': 0.03578511457412671, 'epoch': 1.0}

🔍 Evaluation Metrics
----------------------------------------
📊 Label Distribution:
  Label Data Journalism: 4
  Label Half Data Journalism: 2
  Label Not Data Journalism: 14

✅ Overall Metrics:
  Accuracy : 1.0000
  Precision: 1.0000
  Recall   : 1.0000
  F1       : 1.0000

🧩 Confusion Matrix:
  [4, 0, 0]
  [0, 2, 0]
  [0, 0, 14]

📌 Per-Class Metrics:
  Class Data Journalism: TP=4, FP=0, FN=0, TN=16
  Class Half Data Journalism: TP=2, FP=0, FN=0, TN=18
  Class Not Data Journalism: TP=14, FP=0, FN=0, TN=6
----------------------------------------
Fold finished F1 Score: 1.0 1.0 None
Fold 2/5
Loading model from HPC local scratch: /tmp/shapovalov_setfit_model_cache_1386162
{'embedding_loss': 0.3709, 'grad_norm': 4.01749324798584, 'learning_rate': 0.0, 'epoch': 0.0}
{'embedding_loss': 0.2134, 'grad_norm': 1.8375999927520752, 'learning_rate': 1.6610169491525424e-05, 'epoch': 0.09}
{'embedding_loss': 0.0816, 'grad_norm': 0.10155778378248215, 'learning_rate': 1.8479087452471484e-05, 'epoch': 0.17}
{'embedding_loss': 0.0332, 'grad_norm': 0.07666009664535522, 'learning_rate': 1.657794676806084e-05, 'epoch': 0.26}
{'embedding_loss': 0.0255, 'grad_norm': 0.2840263545513153, 'learning_rate': 1.467680608365019e-05, 'epoch': 0.34}
{'embedding_loss': 0.0208, 'grad_norm': 0.06411049515008926, 'learning_rate': 1.2775665399239545e-05, 'epoch': 0.43}
{'embedding_loss': 0.0165, 'grad_norm': 0.033095624297857285, 'learning_rate': 1.0874524714828898e-05, 'epoch': 0.51}
{'embedding_loss': 0.0094, 'grad_norm': 0.011463874019682407, 'learning_rate': 8.973384030418252e-06, 'epoch': 0.6}
{'embedding_loss': 0.0033, 'grad_norm': 0.00772268557921052, 'learning_rate': 7.072243346007606e-06, 'epoch': 0.68}
{'embedding_loss': 0.0004, 'grad_norm': 0.01999840699136257, 'learning_rate': 5.171102661596958e-06, 'epoch': 0.77}
{'embedding_loss': 0.0006, 'grad_norm': 0.01587054133415222, 'learning_rate': 3.269961977186312e-06, 'epoch': 0.85}
{'embedding_loss': 0.001, 'grad_norm': 0.006596822291612625, 'learning_rate': 1.3688212927756656e-06, 'epoch': 0.94}
{'eval_embedding_loss': 0.00022267554595600814, 'eval_embedding_runtime': 10.7416, 'eval_embedding_samples_per_second': 48.41, 'eval_embedding_steps_per_second': 6.051, 'epoch': 1.0}
{'train_runtime': 253.4405, 'train_samples_per_second': 18.466, 'train_steps_per_second': 2.308, 'train_loss': 0.034966560945105855, 'epoch': 1.0}

🔍 Evaluation Metrics
----------------------------------------
📊 Label Distribution:
  Label Not Data Journalism: 14
  Label Data Journalism: 4
  Label Half Data Journalism: 2

✅ Overall Metrics:
  Accuracy : 1.0000
  Precision: 1.0000
  Recall   : 1.0000
  F1       : 1.0000

🧩 Confusion Matrix:
  [4, 0, 0]
  [0, 2, 0]
  [0, 0, 14]

📌 Per-Class Metrics:
  Class Data Journalism: TP=4, FP=0, FN=0, TN=16
  Class Half Data Journalism: TP=2, FP=0, FN=0, TN=18
  Class Not Data Journalism: TP=14, FP=0, FN=0, TN=6
----------------------------------------
Fold finished F1 Score: 1.0 1.0 None
Fold 3/5
Loading model from HPC local scratch: /tmp/shapovalov_setfit_model_cache_1386162
{'embedding_loss': 0.4462, 'grad_norm': 4.235180854797363, 'learning_rate': 0.0, 'epoch': 0.0}
{'embedding_loss': 0.2164, 'grad_norm': 1.1920993328094482, 'learning_rate': 1.6610169491525424e-05, 'epoch': 0.09}
{'embedding_loss': 0.079, 'grad_norm': 1.1056039333343506, 'learning_rate': 1.8479087452471484e-05, 'epoch': 0.17}
{'embedding_loss': 0.0367, 'grad_norm': 0.044713906943798065, 'learning_rate': 1.657794676806084e-05, 'epoch': 0.26}
{'embedding_loss': 0.0242, 'grad_norm': 1.411570429801941, 'learning_rate': 1.467680608365019e-05, 'epoch': 0.34}
{'embedding_loss': 0.022, 'grad_norm': 0.020999105647206306, 'learning_rate': 1.2775665399239545e-05, 'epoch': 0.43}
{'embedding_loss': 0.0081, 'grad_norm': 0.5234906077384949, 'learning_rate': 1.0874524714828898e-05, 'epoch': 0.51}
{'embedding_loss': 0.0068, 'grad_norm': 0.009741028770804405, 'learning_rate': 8.973384030418252e-06, 'epoch': 0.6}
{'embedding_loss': 0.006, 'grad_norm': 0.8553529977798462, 'learning_rate': 7.072243346007606e-06, 'epoch': 0.68}
{'embedding_loss': 0.0031, 'grad_norm': 0.022686921060085297, 'learning_rate': 5.171102661596958e-06, 'epoch': 0.77}
{'embedding_loss': 0.0061, 'grad_norm': 0.09823296219110489, 'learning_rate': 3.269961977186312e-06, 'epoch': 0.85}
{'embedding_loss': 0.0014, 'grad_norm': 0.014113499782979488, 'learning_rate': 1.3688212927756656e-06, 'epoch': 0.94}
{'eval_embedding_loss': 0.0006080425810068846, 'eval_embedding_runtime': 10.4054, 'eval_embedding_samples_per_second': 49.974, 'eval_embedding_steps_per_second': 6.247, 'epoch': 1.0}
{'train_runtime': 255.9656, 'train_samples_per_second': 18.284, 'train_steps_per_second': 2.285, 'train_loss': 0.03544789242884542, 'epoch': 1.0}

🔍 Evaluation Metrics
----------------------------------------
📊 Label Distribution:
  Label Not Data Journalism: 13
  Label Half Data Journalism: 2
  Label Data Journalism: 5

✅ Overall Metrics:
  Accuracy : 1.0000
  Precision: 1.0000
  Recall   : 1.0000
  F1       : 1.0000

🧩 Confusion Matrix:
  [5, 0, 0]
  [0, 2, 0]
  [0, 0, 13]

📌 Per-Class Metrics:
  Class Data Journalism: TP=5, FP=0, FN=0, TN=15
  Class Half Data Journalism: TP=2, FP=0, FN=0, TN=18
  Class Not Data Journalism: TP=13, FP=0, FN=0, TN=7
----------------------------------------
Fold finished F1 Score: 1.0 1.0 None
Fold 4/5
Loading model from HPC local scratch: /tmp/shapovalov_setfit_model_cache_1386162
{'embedding_loss': 0.4393, 'grad_norm': 3.841719150543213, 'learning_rate': 0.0, 'epoch': 0.0}
{'embedding_loss': 0.2039, 'grad_norm': 1.2621194124221802, 'learning_rate': 1.6610169491525424e-05, 'epoch': 0.09}
{'embedding_loss': 0.0821, 'grad_norm': 1.2182490825653076, 'learning_rate': 1.8479087452471484e-05, 'epoch': 0.17}
{'embedding_loss': 0.0355, 'grad_norm': 0.2245689481496811, 'learning_rate': 1.657794676806084e-05, 'epoch': 0.26}
{'embedding_loss': 0.0272, 'grad_norm': 0.14903871715068817, 'learning_rate': 1.467680608365019e-05, 'epoch': 0.34}
{'embedding_loss': 0.0196, 'grad_norm': 1.5154523849487305, 'learning_rate': 1.2775665399239545e-05, 'epoch': 0.43}
{'embedding_loss': 0.0094, 'grad_norm': 0.017284510657191277, 'learning_rate': 1.0874524714828898e-05, 'epoch': 0.51}
{'embedding_loss': 0.0055, 'grad_norm': 0.011822258122265339, 'learning_rate': 8.973384030418252e-06, 'epoch': 0.6}
{'embedding_loss': 0.0072, 'grad_norm': 0.030059924349188805, 'learning_rate': 7.072243346007606e-06, 'epoch': 0.68}
{'embedding_loss': 0.0025, 'grad_norm': 0.007145626470446587, 'learning_rate': 5.171102661596958e-06, 'epoch': 0.77}
{'embedding_loss': 0.0039, 'grad_norm': 0.9745270609855652, 'learning_rate': 3.269961977186312e-06, 'epoch': 0.85}
{'embedding_loss': 0.0039, 'grad_norm': 0.46719875931739807, 'learning_rate': 1.3688212927756656e-06, 'epoch': 0.94}
{'eval_embedding_loss': 0.006596513092517853, 'eval_embedding_runtime': 10.0391, 'eval_embedding_samples_per_second': 51.797, 'eval_embedding_steps_per_second': 6.475, 'epoch': 1.0}
{'train_runtime': 253.0185, 'train_samples_per_second': 18.497, 'train_steps_per_second': 2.312, 'train_loss': 0.03499393503890078, 'epoch': 1.0}

🔍 Evaluation Metrics
----------------------------------------
📊 Label Distribution:
  Label Not Data Journalism: 13
  Label Data Journalism: 4
  Label Half Data Journalism: 3

✅ Overall Metrics:
  Accuracy : 1.0000
  Precision: 1.0000
  Recall   : 1.0000
  F1       : 1.0000

🧩 Confusion Matrix:
  [4, 0, 0]
  [0, 3, 0]
  [0, 0, 13]

📌 Per-Class Metrics:
  Class Data Journalism: TP=4, FP=0, FN=0, TN=16
  Class Half Data Journalism: TP=3, FP=0, FN=0, TN=17
  Class Not Data Journalism: TP=13, FP=0, FN=0, TN=7
----------------------------------------
Fold finished F1 Score: 1.0 1.0 None
Fold 5/5
Loading model from HPC local scratch: /tmp/shapovalov_setfit_model_cache_1386162
{'embedding_loss': 0.3151, 'grad_norm': 3.527916431427002, 'learning_rate': 0.0, 'epoch': 0.0}
{'embedding_loss': 0.2283, 'grad_norm': 1.4916267395019531, 'learning_rate': 1.6610169491525424e-05, 'epoch': 0.09}
{'embedding_loss': 0.077, 'grad_norm': 0.7051554322242737, 'learning_rate': 1.8479087452471484e-05, 'epoch': 0.17}
{'embedding_loss': 0.0292, 'grad_norm': 0.3774603307247162, 'learning_rate': 1.657794676806084e-05, 'epoch': 0.26}
{'embedding_loss': 0.0148, 'grad_norm': 0.03292262926697731, 'learning_rate': 1.467680608365019e-05, 'epoch': 0.34}
{'embedding_loss': 0.005, 'grad_norm': 0.0962098017334938, 'learning_rate': 1.2775665399239545e-05, 'epoch': 0.43}
{'embedding_loss': 0.0111, 'grad_norm': 0.8955654501914978, 'learning_rate': 1.0874524714828898e-05, 'epoch': 0.51}
{'embedding_loss': 0.0029, 'grad_norm': 0.03209126740694046, 'learning_rate': 8.973384030418252e-06, 'epoch': 0.6}
{'embedding_loss': 0.0025, 'grad_norm': 0.024892469868063927, 'learning_rate': 7.072243346007606e-06, 'epoch': 0.68}
{'embedding_loss': 0.0065, 'grad_norm': 0.016161177307367325, 'learning_rate': 5.171102661596958e-06, 'epoch': 0.77}
{'embedding_loss': 0.0025, 'grad_norm': 0.13043272495269775, 'learning_rate': 3.269961977186312e-06, 'epoch': 0.85}
{'embedding_loss': 0.001, 'grad_norm': 0.010001204907894135, 'learning_rate': 1.3688212927756656e-06, 'epoch': 0.94}
{'eval_embedding_loss': 0.0052615259774029255, 'eval_embedding_runtime': 9.4378, 'eval_embedding_samples_per_second': 55.098, 'eval_embedding_steps_per_second': 6.887, 'epoch': 1.0}
{'train_runtime': 252.3046, 'train_samples_per_second': 18.549, 'train_steps_per_second': 2.319, 'train_loss': 0.032762151065035765, 'epoch': 1.0}

🔍 Evaluation Metrics
----------------------------------------
📊 Label Distribution:
  Label Not Data Journalism: 13
  Label Data Journalism: 4
  Label Half Data Journalism: 3

✅ Overall Metrics:
  Accuracy : 1.0000
  Precision: 1.0000
  Recall   : 1.0000
  F1       : 1.0000

🧩 Confusion Matrix:
  [4, 0, 0]
  [0, 3, 0]
  [0, 0, 13]

📌 Per-Class Metrics:
  Class Data Journalism: TP=4, FP=0, FN=0, TN=16
  Class Half Data Journalism: TP=3, FP=0, FN=0, TN=17
  Class Not Data Journalism: TP=13, FP=0, FN=0, TN=7
----------------------------------------
Fold finished F1 Score: 1.0 1.0 None
Average VRAM usage: 3508.79 MB, Max VRAM usage: 11342.36 MB
Trial 29 completed with avg fold F1 score: 1.0


Best Trial Found 0:
FrozenTrial(number=0, state=1, values=[1.0], datetime_start=datetime.datetime(2025, 10, 12, 8, 11, 0, 874825), datetime_complete=datetime.datetime(2025, 10, 12, 9, 19, 58, 569834), params={'num_iterations': 14, 'num_epochs': 3, 'batch_size': 8, 'head_learning_rate': 2.3073636940063274e-05}, user_attrs={}, system_attrs={}, intermediate_values={}, distributions={'num_iterations': IntDistribution(high=20, log=False, low=10, step=1), 'num_epochs': IntDistribution(high=3, log=False, low=1, step=1), 'batch_size': CategoricalDistribution(choices=(8, 16)), 'head_learning_rate': FloatDistribution(high=5e-05, log=True, low=2e-05, step=None)}, trial_id=0, value=None)

Metrics: 

Fold 1 Metrics:

🔍 Evaluation Metrics
----------------------------------------
📊 Label Distribution:
  Label Data Journalism: 4
  Label Half Data Journalism: 2
  Label Not Data Journalism: 14

✅ Overall Metrics:
  Accuracy : 1.0000
  Precision: 1.0000
  Recall   : 1.0000
  F1       : 1.0000

🧩 Confusion Matrix:
  [4, 0, 0]
  [0, 2, 0]
  [0, 0, 14]

📌 Per-Class Metrics:
  Class Data Journalism: TP=4, FP=0, FN=0, TN=16
  Class Half Data Journalism: TP=2, FP=0, FN=0, TN=18
  Class Not Data Journalism: TP=14, FP=0, FN=0, TN=6
----------------------------------------

Fold 2 Metrics:

🔍 Evaluation Metrics
----------------------------------------
📊 Label Distribution:
  Label Not Data Journalism: 14
  Label Data Journalism: 4
  Label Half Data Journalism: 2

✅ Overall Metrics:
  Accuracy : 1.0000
  Precision: 1.0000
  Recall   : 1.0000
  F1       : 1.0000

🧩 Confusion Matrix:
  [4, 0, 0]
  [0, 2, 0]
  [0, 0, 14]

📌 Per-Class Metrics:
  Class Data Journalism: TP=4, FP=0, FN=0, TN=16
  Class Half Data Journalism: TP=2, FP=0, FN=0, TN=18
  Class Not Data Journalism: TP=14, FP=0, FN=0, TN=6
----------------------------------------

Fold 3 Metrics:

🔍 Evaluation Metrics
----------------------------------------
📊 Label Distribution:
  Label Not Data Journalism: 13
  Label Half Data Journalism: 2
  Label Data Journalism: 5

✅ Overall Metrics:
  Accuracy : 1.0000
  Precision: 1.0000
  Recall   : 1.0000
  F1       : 1.0000

🧩 Confusion Matrix:
  [5, 0, 0]
  [0, 2, 0]
  [0, 0, 13]

📌 Per-Class Metrics:
  Class Data Journalism: TP=5, FP=0, FN=0, TN=15
  Class Half Data Journalism: TP=2, FP=0, FN=0, TN=18
  Class Not Data Journalism: TP=13, FP=0, FN=0, TN=7
----------------------------------------

Fold 4 Metrics:

🔍 Evaluation Metrics
----------------------------------------
📊 Label Distribution:
  Label Not Data Journalism: 13
  Label Data Journalism: 4
  Label Half Data Journalism: 3

✅ Overall Metrics:
  Accuracy : 1.0000
  Precision: 1.0000
  Recall   : 1.0000
  F1       : 1.0000

🧩 Confusion Matrix:
  [4, 0, 0]
  [0, 3, 0]
  [0, 0, 13]

📌 Per-Class Metrics:
  Class Data Journalism: TP=4, FP=0, FN=0, TN=16
  Class Half Data Journalism: TP=3, FP=0, FN=0, TN=17
  Class Not Data Journalism: TP=13, FP=0, FN=0, TN=7
----------------------------------------

Fold 5 Metrics:

🔍 Evaluation Metrics
----------------------------------------
📊 Label Distribution:
  Label Not Data Journalism: 13
  Label Data Journalism: 4
  Label Half Data Journalism: 3

✅ Overall Metrics:
  Accuracy : 1.0000
  Precision: 1.0000
  Recall   : 1.0000
  F1       : 1.0000

🧩 Confusion Matrix:
  [4, 0, 0]
  [0, 3, 0]
  [0, 0, 13]

📌 Per-Class Metrics:
  Class Data Journalism: TP=4, FP=0, FN=0, TN=16
  Class Half Data Journalism: TP=3, FP=0, FN=0, TN=17
  Class Not Data Journalism: TP=13, FP=0, FN=0, TN=7
----------------------------------------
Cross validation completed.
Training final model on full dataset with optimal fold average parameters...
Few_Shot_Training.py finished.
