Activating Python environment...
Environment activated.
--- GPU Status ---
Mon Oct 13 17:49:55 2025       
+---------------------------------------------------------------------------------------+
| NVIDIA-SMI 535.247.01             Driver Version: 535.247.01   CUDA Version: 12.2     |
|-----------------------------------------+----------------------+----------------------+
| GPU  Name                 Persistence-M | Bus-Id        Disp.A | Volatile Uncorr. ECC |
| Fan  Temp   Perf          Pwr:Usage/Cap |         Memory-Usage | GPU-Util  Compute M. |
|                                         |                      |               MIG M. |
|=========================================+======================+======================|
|   0  NVIDIA A100-SXM4-40GB          On  | 00000000:01:00.0 Off |                    0 |
| N/A   27C    P0              51W / 400W |      4MiB / 40960MiB |      0%      Default |
|                                         |                      |             Disabled |
+-----------------------------------------+----------------------+----------------------+
                                                                                         
+---------------------------------------------------------------------------------------+
| Processes:                                                                            |
|  GPU   GI   CI        PID   Type   Process name                            GPU Memory |
|        ID   ID                                                             Usage      |
|=======================================================================================|
|  No running processes found                                                           |
+---------------------------------------------------------------------------------------+
--- Running on Host ---
Running on n-hpc-gz6
--- Current Directory ---
Current working directory: /work/shapovalov/KML
--- Temporary Directories Debug ---
SLURM_TMPDIR is: 
TMPDIR is: /tmp
Checking /tmp content:
drwxrwxrwt 35 root root 229376 Oct 13 16:24 /tmp
Checking /dev/shm content:
drwxrwxrwt 22 root root 16540 Oct 13 16:08 /dev/shm
---
Staging model from ./downloaded_model to local scratch /tmp/shapovalov_setfit_model_cache_1387365...
sending incremental file list
./
README.md
config.json
config_sentence_transformers.json
config_setfit.json
model.safetensors
model_head.pkl
modules.json
sentence_bert_config.json
special_tokens_map.json
tokenizer.json
tokenizer_config.json
vocab.txt
1_Pooling/
1_Pooling/config.json

sent 439,027,280 bytes  received 274 bytes  175,611,021.60 bytes/sec
total size is 438,919,162  speedup is 1.00
Model staging complete.
SETFIT_MODEL_PATH set to: /tmp/shapovalov_setfit_model_cache_1387365
Starting Few_Shot_Training.py...
Starting optuna cross validation training...
Loading data from Training_Data_Filtered with text column 'text' and label column 'label'
Data_Journalism_Daten_Filtered.csv loaded with 100 examples.
Loaded 100 total examples for training.
Using device: cuda
CUDA available: True
Starting cross validation with optuna with 5 folds and 100 trials
Filtering dones. Loaded texsts and labels
Labels: {'Half Data Journalism', 'Not Data Journalism', 'Data Journalism'}
Trial 0: {'num_iterations': 7, 'num_epochs': 4, 'batch_size': 16, 'head_lr': 0.008471801418819975}
Fold 1/5
Loading model from HPC local scratch: /tmp/shapovalov_setfit_model_cache_1387365
{'embedding_loss': 0.3753, 'grad_norm': 3.523641347885132, 'learning_rate': 0.0, 'epoch': 0.01}
{'embedding_loss': 0.1711, 'grad_norm': 1.0992686748504639, 'learning_rate': 1.8333333333333333e-05, 'epoch': 0.71}
{'embedding_loss': 0.0365, 'grad_norm': 0.583549439907074, 'learning_rate': 1.4365079365079366e-05, 'epoch': 1.43}
{'embedding_loss': 0.0211, 'grad_norm': 0.43384453654289246, 'learning_rate': 1.0396825396825398e-05, 'epoch': 2.14}
{'embedding_loss': 0.0075, 'grad_norm': 0.06952089816331863, 'learning_rate': 6.4285714285714295e-06, 'epoch': 2.86}
{'embedding_loss': 0.0024, 'grad_norm': 0.08683845400810242, 'learning_rate': 2.4603174603174605e-06, 'epoch': 3.57}
{'train_runtime': 218.4294, 'train_samples_per_second': 20.51, 'train_steps_per_second': 1.282, 'train_loss': 0.04345290763303637, 'epoch': 4.0}

🔍 Evaluation Metrics
----------------------------------------
📊 Label Distribution:
  Label Data Journalism: 4
  Label Half Data Journalism: 2
  Label Not Data Journalism: 14

✅ Overall Metrics:
  Accuracy : 0.8500
  Precision: 0.8625
  Recall   : 0.8500
  F1       : 0.8367

🧩 Confusion Matrix:
  [2, 1, 1]
  [0, 1, 1]
  [0, 0, 14]

📌 Per-Class Metrics:
  Class Data Journalism: TP=2, FP=0, FN=2, TN=16
  Class Half Data Journalism: TP=1, FP=1, FN=1, TN=17
  Class Not Data Journalism: TP=14, FP=2, FN=0, TN=4
----------------------------------------
Fold finished F1 Score: 0.8633333333333333 None
Fold 2/5
Loading model from HPC local scratch: /tmp/shapovalov_setfit_model_cache_1387365
{'embedding_loss': 0.3604, 'grad_norm': 3.6940126419067383, 'learning_rate': 0.0, 'epoch': 0.01}
{'embedding_loss': 0.1652, 'grad_norm': 1.7277313470840454, 'learning_rate': 1.8333333333333333e-05, 'epoch': 0.71}
{'embedding_loss': 0.0307, 'grad_norm': 0.15537594258785248, 'learning_rate': 1.4365079365079366e-05, 'epoch': 1.43}
{'embedding_loss': 0.0247, 'grad_norm': 0.22162839770317078, 'learning_rate': 1.0396825396825398e-05, 'epoch': 2.14}
{'embedding_loss': 0.0121, 'grad_norm': 0.8466066718101501, 'learning_rate': 6.4285714285714295e-06, 'epoch': 2.86}
{'embedding_loss': 0.0059, 'grad_norm': 0.13523165881633759, 'learning_rate': 2.4603174603174605e-06, 'epoch': 3.57}
{'train_runtime': 218.3939, 'train_samples_per_second': 20.513, 'train_steps_per_second': 1.282, 'train_loss': 0.04394170535462243, 'epoch': 4.0}

🔍 Evaluation Metrics
----------------------------------------
📊 Label Distribution:
  Label Not Data Journalism: 14
  Label Data Journalism: 4
  Label Half Data Journalism: 2

✅ Overall Metrics:
  Accuracy : 0.7000
  Precision: 0.8286
  Recall   : 0.7000
  F1       : 0.7271

🧩 Confusion Matrix:
  [1, 3, 0]
  [0, 2, 0]
  [1, 2, 11]

📌 Per-Class Metrics:
  Class Data Journalism: TP=1, FP=1, FN=3, TN=15
  Class Half Data Journalism: TP=2, FP=5, FN=0, TN=13
  Class Not Data Journalism: TP=11, FP=0, FN=3, TN=6
----------------------------------------
Fold finished F1 Score: 0.6728888888888889 None
Fold 3/5
Loading model from HPC local scratch: /tmp/shapovalov_setfit_model_cache_1387365
{'embedding_loss': 0.3287, 'grad_norm': 3.3898487091064453, 'learning_rate': 0.0, 'epoch': 0.01}
{'embedding_loss': 0.1599, 'grad_norm': 1.1501715183258057, 'learning_rate': 1.8333333333333333e-05, 'epoch': 0.71}
{'embedding_loss': 0.0298, 'grad_norm': 0.13703902065753937, 'learning_rate': 1.4365079365079366e-05, 'epoch': 1.43}
{'embedding_loss': 0.0107, 'grad_norm': 0.49390918016433716, 'learning_rate': 1.0396825396825398e-05, 'epoch': 2.14}
{'embedding_loss': 0.0042, 'grad_norm': 0.04524746909737587, 'learning_rate': 6.4285714285714295e-06, 'epoch': 2.86}
{'embedding_loss': 0.0047, 'grad_norm': 0.05790926516056061, 'learning_rate': 2.4603174603174605e-06, 'epoch': 3.57}
{'train_runtime': 215.0734, 'train_samples_per_second': 20.83, 'train_steps_per_second': 1.302, 'train_loss': 0.038322210099015916, 'epoch': 4.0}

🔍 Evaluation Metrics
----------------------------------------
📊 Label Distribution:
  Label Not Data Journalism: 13
  Label Half Data Journalism: 2
  Label Data Journalism: 5

✅ Overall Metrics:
  Accuracy : 0.7500
  Precision: 0.7958
  Recall   : 0.7500
  F1       : 0.7720

🧩 Confusion Matrix:
  [4, 1, 0]
  [1, 0, 1]
  [0, 2, 11]

📌 Per-Class Metrics:
  Class Data Journalism: TP=4, FP=1, FN=1, TN=14
  Class Half Data Journalism: TP=0, FP=3, FN=2, TN=15
  Class Not Data Journalism: TP=11, FP=1, FN=2, TN=6
----------------------------------------
Fold finished F1 Score: 0.728 None
Fold 4/5
Loading model from HPC local scratch: /tmp/shapovalov_setfit_model_cache_1387365
{'embedding_loss': 0.4535, 'grad_norm': 3.461676836013794, 'learning_rate': 0.0, 'epoch': 0.01}
{'embedding_loss': 0.1645, 'grad_norm': 1.1943645477294922, 'learning_rate': 1.8333333333333333e-05, 'epoch': 0.71}
{'embedding_loss': 0.0233, 'grad_norm': 0.6556445360183716, 'learning_rate': 1.4365079365079366e-05, 'epoch': 1.43}
{'embedding_loss': 0.0089, 'grad_norm': 0.18165211379528046, 'learning_rate': 1.0396825396825398e-05, 'epoch': 2.14}
{'embedding_loss': 0.0029, 'grad_norm': 0.04053696244955063, 'learning_rate': 6.4285714285714295e-06, 'epoch': 2.86}
{'embedding_loss': 0.0008, 'grad_norm': 0.03239411488175392, 'learning_rate': 2.4603174603174605e-06, 'epoch': 3.57}
{'train_runtime': 215.8398, 'train_samples_per_second': 20.756, 'train_steps_per_second': 1.297, 'train_loss': 0.036905004210504036, 'epoch': 4.0}

🔍 Evaluation Metrics
----------------------------------------
📊 Label Distribution:
  Label Not Data Journalism: 13
  Label Data Journalism: 4
  Label Half Data Journalism: 3

✅ Overall Metrics:
  Accuracy : 0.8500
  Precision: 0.7233
  Recall   : 0.8500
  F1       : 0.7813

🧩 Confusion Matrix:
  [4, 0, 0]
  [1, 0, 2]
  [0, 0, 13]

📌 Per-Class Metrics:
  Class Data Journalism: TP=4, FP=1, FN=0, TN=15
  Class Half Data Journalism: TP=0, FP=0, FN=3, TN=17
  Class Not Data Journalism: TP=13, FP=2, FN=0, TN=5
----------------------------------------
Fold finished F1 Score: 0.9186507936507937 None
Fold 5/5
Loading model from HPC local scratch: /tmp/shapovalov_setfit_model_cache_1387365
{'embedding_loss': 0.4009, 'grad_norm': 3.7379493713378906, 'learning_rate': 0.0, 'epoch': 0.01}
{'embedding_loss': 0.1646, 'grad_norm': 1.0493298768997192, 'learning_rate': 1.8333333333333333e-05, 'epoch': 0.71}
{'embedding_loss': 0.0285, 'grad_norm': 0.03901967778801918, 'learning_rate': 1.4365079365079366e-05, 'epoch': 1.43}
{'embedding_loss': 0.0079, 'grad_norm': 0.022954534739255905, 'learning_rate': 1.0396825396825398e-05, 'epoch': 2.14}
{'embedding_loss': 0.0034, 'grad_norm': 0.4719381034374237, 'learning_rate': 6.4285714285714295e-06, 'epoch': 2.86}
{'embedding_loss': 0.0015, 'grad_norm': 0.03033328987658024, 'learning_rate': 2.4603174603174605e-06, 'epoch': 3.57}
{'train_runtime': 216.381, 'train_samples_per_second': 20.704, 'train_steps_per_second': 1.294, 'train_loss': 0.037791136346225225, 'epoch': 4.0}

🔍 Evaluation Metrics
----------------------------------------
📊 Label Distribution:
  Label Not Data Journalism: 13
  Label Data Journalism: 4
  Label Half Data Journalism: 3

✅ Overall Metrics:
  Accuracy : 0.7000
  Precision: 0.5971
  Recall   : 0.7000
  F1       : 0.6300

🧩 Confusion Matrix:
  [1, 1, 2]
  [1, 0, 2]
  [0, 0, 13]

📌 Per-Class Metrics:
  Class Data Journalism: TP=1, FP=1, FN=3, TN=15
  Class Half Data Journalism: TP=0, FP=1, FN=3, TN=16
  Class Not Data Journalism: TP=13, FP=4, FN=0, TN=3
----------------------------------------
Fold finished F1 Score: 0.77 None
Average VRAM usage: 5011.87 MB, Max VRAM usage: 21303.17 MB
Trial 0 completed with avg fold F1 score: 0.7905746031746032
Trial 1: {'num_iterations': 8, 'num_epochs': 2, 'batch_size': 16, 'head_lr': 4.207053950287933e-05}
Fold 1/5
Loading model from HPC local scratch: /tmp/shapovalov_setfit_model_cache_1387365
{'embedding_loss': 0.3451, 'grad_norm': 2.896070718765259, 'learning_rate': 0.0, 'epoch': 0.01}
{'embedding_loss': 0.1516, 'grad_norm': 0.5752060413360596, 'learning_rate': 1.5416666666666668e-05, 'epoch': 0.62}
{'embedding_loss': 0.0274, 'grad_norm': 0.05379689484834671, 'learning_rate': 8.472222222222223e-06, 'epoch': 1.25}
{'embedding_loss': 0.025, 'grad_norm': 0.3829774260520935, 'learning_rate': 1.527777777777778e-06, 'epoch': 1.88}
{'train_runtime': 122.1138, 'train_samples_per_second': 20.964, 'train_steps_per_second': 1.31, 'train_loss': 0.06648770878091455, 'epoch': 2.0}

🔍 Evaluation Metrics
----------------------------------------
📊 Label Distribution:
  Label Data Journalism: 4
  Label Half Data Journalism: 2
  Label Not Data Journalism: 14

✅ Overall Metrics:
  Accuracy : 0.8000
  Precision: 0.8458
  Recall   : 0.8000
  F1       : 0.7733

🧩 Confusion Matrix:
  [1, 2, 1]
  [0, 1, 1]
  [0, 0, 14]

📌 Per-Class Metrics:
  Class Data Journalism: TP=1, FP=0, FN=3, TN=16
  Class Half Data Journalism: TP=1, FP=2, FN=1, TN=16
  Class Not Data Journalism: TP=14, FP=2, FN=0, TN=4
----------------------------------------
Fold finished F1 Score: 0.8266666666666668 None
Fold 2/5
Loading model from HPC local scratch: /tmp/shapovalov_setfit_model_cache_1387365
{'embedding_loss': 0.3706, 'grad_norm': 3.2043991088867188, 'learning_rate': 0.0, 'epoch': 0.01}
{'embedding_loss': 0.1411, 'grad_norm': 1.0733898878097534, 'learning_rate': 1.5416666666666668e-05, 'epoch': 0.62}
{'embedding_loss': 0.0323, 'grad_norm': 0.49563542008399963, 'learning_rate': 8.472222222222223e-06, 'epoch': 1.25}
{'embedding_loss': 0.0255, 'grad_norm': 0.22552630305290222, 'learning_rate': 1.527777777777778e-06, 'epoch': 1.88}
{'train_runtime': 122.4202, 'train_samples_per_second': 20.912, 'train_steps_per_second': 1.307, 'train_loss': 0.06471095541492104, 'epoch': 2.0}

🔍 Evaluation Metrics
----------------------------------------
📊 Label Distribution:
  Label Not Data Journalism: 14
  Label Data Journalism: 4
  Label Half Data Journalism: 2

✅ Overall Metrics:
  Accuracy : 0.7500
  Precision: 0.8617
  Recall   : 0.7500
  F1       : 0.7923

🧩 Confusion Matrix:
  [3, 1, 0]
  [0, 1, 1]
  [0, 3, 11]

📌 Per-Class Metrics:
  Class Data Journalism: TP=3, FP=0, FN=1, TN=16
  Class Half Data Journalism: TP=1, FP=4, FN=1, TN=14
  Class Not Data Journalism: TP=11, FP=1, FN=3, TN=5
----------------------------------------
Fold finished F1 Score: 0.7076923076923076 None
Fold 3/5
Loading model from HPC local scratch: /tmp/shapovalov_setfit_model_cache_1387365
{'embedding_loss': 0.3392, 'grad_norm': 2.816593647003174, 'learning_rate': 0.0, 'epoch': 0.01}
{'embedding_loss': 0.1344, 'grad_norm': 1.0912376642227173, 'learning_rate': 1.5416666666666668e-05, 'epoch': 0.62}
{'embedding_loss': 0.0278, 'grad_norm': 0.03770431503653526, 'learning_rate': 8.472222222222223e-06, 'epoch': 1.25}
{'embedding_loss': 0.0151, 'grad_norm': 0.0682036280632019, 'learning_rate': 1.527777777777778e-06, 'epoch': 1.88}
{'train_runtime': 123.7611, 'train_samples_per_second': 20.685, 'train_steps_per_second': 1.293, 'train_loss': 0.057753275614231825, 'epoch': 2.0}

🔍 Evaluation Metrics
----------------------------------------
📊 Label Distribution:
  Label Not Data Journalism: 13
  Label Half Data Journalism: 2
  Label Data Journalism: 5

✅ Overall Metrics:
  Accuracy : 0.8500
  Precision: 0.8571
  Recall   : 0.8500
  F1       : 0.8500

🧩 Confusion Matrix:
  [4, 0, 1]
  [0, 1, 1]
  [0, 1, 12]

📌 Per-Class Metrics:
  Class Data Journalism: TP=4, FP=0, FN=1, TN=15
  Class Half Data Journalism: TP=1, FP=1, FN=1, TN=17
  Class Not Data Journalism: TP=12, FP=2, FN=1, TN=5
----------------------------------------
Fold finished F1 Score: 0.85 None
Fold 4/5
Loading model from HPC local scratch: /tmp/shapovalov_setfit_model_cache_1387365
{'embedding_loss': 0.2864, 'grad_norm': 2.9529924392700195, 'learning_rate': 0.0, 'epoch': 0.01}
{'embedding_loss': 0.1386, 'grad_norm': 0.7836949229240417, 'learning_rate': 1.5416666666666668e-05, 'epoch': 0.62}
{'embedding_loss': 0.0246, 'grad_norm': 0.15294700860977173, 'learning_rate': 8.472222222222223e-06, 'epoch': 1.25}
{'embedding_loss': 0.0121, 'grad_norm': 1.1332333087921143, 'learning_rate': 1.527777777777778e-06, 'epoch': 1.88}
{'train_runtime': 123.4887, 'train_samples_per_second': 20.731, 'train_steps_per_second': 1.296, 'train_loss': 0.056040085223503414, 'epoch': 2.0}

🔍 Evaluation Metrics
----------------------------------------
📊 Label Distribution:
  Label Not Data Journalism: 13
  Label Data Journalism: 4
  Label Half Data Journalism: 3

✅ Overall Metrics:
  Accuracy : 0.8000
  Precision: 0.7171
  Recall   : 0.8000
  F1       : 0.7556

🧩 Confusion Matrix:
  [4, 0, 0]
  [1, 0, 2]
  [0, 1, 12]

📌 Per-Class Metrics:
  Class Data Journalism: TP=4, FP=1, FN=0, TN=15
  Class Half Data Journalism: TP=0, FP=1, FN=3, TN=16
  Class Not Data Journalism: TP=12, FP=2, FN=1, TN=5
----------------------------------------
Fold finished F1 Score: 0.8444444444444443 None
Fold 5/5
Loading model from HPC local scratch: /tmp/shapovalov_setfit_model_cache_1387365
{'embedding_loss': 0.392, 'grad_norm': 2.9009206295013428, 'learning_rate': 0.0, 'epoch': 0.01}
{'embedding_loss': 0.1401, 'grad_norm': 0.591770589351654, 'learning_rate': 1.5416666666666668e-05, 'epoch': 0.62}
{'embedding_loss': 0.018, 'grad_norm': 0.32990825176239014, 'learning_rate': 8.472222222222223e-06, 'epoch': 1.25}
{'embedding_loss': 0.0082, 'grad_norm': 0.12503911554813385, 'learning_rate': 1.527777777777778e-06, 'epoch': 1.88}
{'train_runtime': 123.7137, 'train_samples_per_second': 20.693, 'train_steps_per_second': 1.293, 'train_loss': 0.0537567205959931, 'epoch': 2.0}

🔍 Evaluation Metrics
----------------------------------------
📊 Label Distribution:
  Label Not Data Journalism: 13
  Label Data Journalism: 4
  Label Half Data Journalism: 3

✅ Overall Metrics:
  Accuracy : 0.7000
  Precision: 0.5971
  Recall   : 0.7000
  F1       : 0.6300

🧩 Confusion Matrix:
  [1, 1, 2]
  [1, 0, 2]
  [0, 0, 13]

📌 Per-Class Metrics:
  Class Data Journalism: TP=1, FP=1, FN=3, TN=15
  Class Half Data Journalism: TP=0, FP=1, FN=3, TN=16
  Class Not Data Journalism: TP=13, FP=4, FN=0, TN=3
----------------------------------------
Fold finished F1 Score: 0.77 None
Average VRAM usage: 5492.79 MB, Max VRAM usage: 17226.57 MB
Trial 1 completed with avg fold F1 score: 0.7997606837606838
Trial 2: {'num_iterations': 6, 'num_epochs': 4, 'batch_size': 16, 'head_lr': 0.002537815508265664}
Fold 1/5
Loading model from HPC local scratch: /tmp/shapovalov_setfit_model_cache_1387365
{'embedding_loss': 0.3249, 'grad_norm': 2.6149380207061768, 'learning_rate': 0.0, 'epoch': 0.02}
{'embedding_loss': 0.1563, 'grad_norm': 0.7740299701690674, 'learning_rate': 1.7685185185185187e-05, 'epoch': 0.83}
{'embedding_loss': 0.035, 'grad_norm': 0.5127026438713074, 'learning_rate': 1.3055555555555557e-05, 'epoch': 1.67}
{'embedding_loss': 0.0199, 'grad_norm': 0.327178418636322, 'learning_rate': 8.425925925925926e-06, 'epoch': 2.5}
{'embedding_loss': 0.0125, 'grad_norm': 0.09753026813268661, 'learning_rate': 3.796296296296297e-06, 'epoch': 3.33}
{'train_runtime': 182.5714, 'train_samples_per_second': 21.033, 'train_steps_per_second': 1.315, 'train_loss': 0.04868307920793692, 'epoch': 4.0}

🔍 Evaluation Metrics
----------------------------------------
📊 Label Distribution:
  Label Data Journalism: 4
  Label Half Data Journalism: 2
  Label Not Data Journalism: 14

✅ Overall Metrics:
  Accuracy : 0.8000
  Precision: 0.8458
  Recall   : 0.8000
  F1       : 0.7733

🧩 Confusion Matrix:
  [1, 2, 1]
  [0, 1, 1]
  [0, 0, 14]

📌 Per-Class Metrics:
  Class Data Journalism: TP=1, FP=0, FN=3, TN=16
  Class Half Data Journalism: TP=1, FP=2, FN=1, TN=16
  Class Not Data Journalism: TP=14, FP=2, FN=0, TN=4
----------------------------------------
Fold finished F1 Score: 0.8266666666666668 None
Fold 2/5
Loading model from HPC local scratch: /tmp/shapovalov_setfit_model_cache_1387365
{'embedding_loss': 0.4045, 'grad_norm': 3.366190195083618, 'learning_rate': 0.0, 'epoch': 0.02}
{'embedding_loss': 0.159, 'grad_norm': 1.4039093255996704, 'learning_rate': 1.7685185185185187e-05, 'epoch': 0.83}
{'embedding_loss': 0.0341, 'grad_norm': 0.5971567630767822, 'learning_rate': 1.3055555555555557e-05, 'epoch': 1.67}
{'embedding_loss': 0.0161, 'grad_norm': 0.2914002537727356, 'learning_rate': 8.425925925925926e-06, 'epoch': 2.5}
{'embedding_loss': 0.0103, 'grad_norm': 0.034581445157527924, 'learning_rate': 3.796296296296297e-06, 'epoch': 3.33}
{'train_runtime': 183.2483, 'train_samples_per_second': 20.955, 'train_steps_per_second': 1.31, 'train_loss': 0.04788099614282449, 'epoch': 4.0}

🔍 Evaluation Metrics
----------------------------------------
📊 Label Distribution:
  Label Not Data Journalism: 14
  Label Data Journalism: 4
  Label Half Data Journalism: 2

✅ Overall Metrics:
  Accuracy : 0.8000
  Precision: 0.8900
  Recall   : 0.8000
  F1       : 0.8231

🧩 Confusion Matrix:
  [3, 1, 0]
  [0, 2, 0]
  [1, 2, 11]

📌 Per-Class Metrics:
  Class Data Journalism: TP=3, FP=1, FN=1, TN=15
  Class Half Data Journalism: TP=2, FP=3, FN=0, TN=15
  Class Not Data Journalism: TP=11, FP=0, FN=3, TN=6
----------------------------------------
Fold finished F1 Score: 0.7768571428571429 None
Fold 3/5
Loading model from HPC local scratch: /tmp/shapovalov_setfit_model_cache_1387365
{'embedding_loss': 0.3841, 'grad_norm': 3.0262792110443115, 'learning_rate': 0.0, 'epoch': 0.02}
{'embedding_loss': 0.1467, 'grad_norm': 1.0820295810699463, 'learning_rate': 1.7685185185185187e-05, 'epoch': 0.83}
{'embedding_loss': 0.0259, 'grad_norm': 0.317440003156662, 'learning_rate': 1.3055555555555557e-05, 'epoch': 1.67}
{'embedding_loss': 0.0144, 'grad_norm': 0.06158353388309479, 'learning_rate': 8.425925925925926e-06, 'epoch': 2.5}
{'embedding_loss': 0.0037, 'grad_norm': 0.14661671221256256, 'learning_rate': 3.796296296296297e-06, 'epoch': 3.33}
{'train_runtime': 185.7317, 'train_samples_per_second': 20.675, 'train_steps_per_second': 1.292, 'train_loss': 0.04174337921043237, 'epoch': 4.0}

🔍 Evaluation Metrics
----------------------------------------
📊 Label Distribution:
  Label Not Data Journalism: 13
  Label Half Data Journalism: 2
  Label Data Journalism: 5

✅ Overall Metrics:
  Accuracy : 0.7000
  Precision: 0.7833
  Recall   : 0.7000
  F1       : 0.7387

🧩 Confusion Matrix:
  [3, 2, 0]
  [1, 0, 1]
  [0, 2, 11]

📌 Per-Class Metrics:
  Class Data Journalism: TP=3, FP=1, FN=2, TN=14
  Class Half Data Journalism: TP=0, FP=4, FN=2, TN=14
  Class Not Data Journalism: TP=11, FP=1, FN=2, TN=6
----------------------------------------
Fold finished F1 Score: 0.6613333333333333 None
Fold 4/5
Loading model from HPC local scratch: /tmp/shapovalov_setfit_model_cache_1387365
{'embedding_loss': 0.3682, 'grad_norm': 3.33510684967041, 'learning_rate': 0.0, 'epoch': 0.02}
{'embedding_loss': 0.1517, 'grad_norm': 1.3155646324157715, 'learning_rate': 1.7685185185185187e-05, 'epoch': 0.83}
{'embedding_loss': 0.0226, 'grad_norm': 0.0526847280561924, 'learning_rate': 1.3055555555555557e-05, 'epoch': 1.67}
{'embedding_loss': 0.0083, 'grad_norm': 0.07053869217634201, 'learning_rate': 8.425925925925926e-06, 'epoch': 2.5}
{'embedding_loss': 0.0033, 'grad_norm': 0.04095889627933502, 'learning_rate': 3.796296296296297e-06, 'epoch': 3.33}
{'train_runtime': 184.9651, 'train_samples_per_second': 20.761, 'train_steps_per_second': 1.298, 'train_loss': 0.03988879487539331, 'epoch': 4.0}

🔍 Evaluation Metrics
----------------------------------------
📊 Label Distribution:
  Label Not Data Journalism: 13
  Label Data Journalism: 4
  Label Half Data Journalism: 3

✅ Overall Metrics:
  Accuracy : 0.8000
  Precision: 0.7171
  Recall   : 0.8000
  F1       : 0.7556

🧩 Confusion Matrix:
  [4, 0, 0]
  [1, 0, 2]
  [0, 1, 12]

📌 Per-Class Metrics:
  Class Data Journalism: TP=4, FP=1, FN=0, TN=15
  Class Half Data Journalism: TP=0, FP=1, FN=3, TN=16
  Class Not Data Journalism: TP=12, FP=2, FN=1, TN=5
----------------------------------------
Fold finished F1 Score: 0.8444444444444443 None
Fold 5/5
Loading model from HPC local scratch: /tmp/shapovalov_setfit_model_cache_1387365
{'embedding_loss': 0.3582, 'grad_norm': 2.8250327110290527, 'learning_rate': 0.0, 'epoch': 0.02}
{'embedding_loss': 0.1509, 'grad_norm': 0.5533839464187622, 'learning_rate': 1.7685185185185187e-05, 'epoch': 0.83}
{'embedding_loss': 0.0217, 'grad_norm': 0.45498621463775635, 'learning_rate': 1.3055555555555557e-05, 'epoch': 1.67}
{'embedding_loss': 0.0054, 'grad_norm': 0.2887108623981476, 'learning_rate': 8.425925925925926e-06, 'epoch': 2.5}
{'embedding_loss': 0.0008, 'grad_norm': 0.02419511042535305, 'learning_rate': 3.796296296296297e-06, 'epoch': 3.33}
{'train_runtime': 194.5135, 'train_samples_per_second': 19.742, 'train_steps_per_second': 1.234, 'train_loss': 0.038237712283929186, 'epoch': 4.0}

🔍 Evaluation Metrics
----------------------------------------
📊 Label Distribution:
  Label Not Data Journalism: 13
  Label Data Journalism: 4
  Label Half Data Journalism: 3

✅ Overall Metrics:
  Accuracy : 0.7500
  Precision: 0.6967
  Recall   : 0.7500
  F1       : 0.7179

🧩 Confusion Matrix:
  [2, 2, 0]
  [1, 0, 2]
  [0, 0, 13]

📌 Per-Class Metrics:
  Class Data Journalism: TP=2, FP=1, FN=2, TN=15
  Class Half Data Journalism: TP=0, FP=2, FN=3, TN=15
  Class Not Data Journalism: TP=13, FP=2, FN=0, TN=5
----------------------------------------
Fold finished F1 Score: 0.7821428571428571 None
Average VRAM usage: 5645.96 MB, Max VRAM usage: 21259.25 MB
Trial 2 completed with avg fold F1 score: 0.7782888888888888
Trial 3: {'num_iterations': 8, 'num_epochs': 2, 'batch_size': 16, 'head_lr': 0.07579479953348005}
Fold 1/5
Loading model from HPC local scratch: /tmp/shapovalov_setfit_model_cache_1387365
{'embedding_loss': 0.3451, 'grad_norm': 2.896070718765259, 'learning_rate': 0.0, 'epoch': 0.01}
{'embedding_loss': 0.1516, 'grad_norm': 0.5752060413360596, 'learning_rate': 1.5416666666666668e-05, 'epoch': 0.62}
{'embedding_loss': 0.0274, 'grad_norm': 0.05379689484834671, 'learning_rate': 8.472222222222223e-06, 'epoch': 1.25}
{'embedding_loss': 0.025, 'grad_norm': 0.3829774260520935, 'learning_rate': 1.527777777777778e-06, 'epoch': 1.88}
{'train_runtime': 122.1116, 'train_samples_per_second': 20.964, 'train_steps_per_second': 1.31, 'train_loss': 0.06648770878091455, 'epoch': 2.0}

🔍 Evaluation Metrics
----------------------------------------
📊 Label Distribution:
  Label Data Journalism: 4
  Label Half Data Journalism: 2
  Label Not Data Journalism: 14

✅ Overall Metrics:
  Accuracy : 0.8000
  Precision: 0.8458
  Recall   : 0.8000
  F1       : 0.7733

🧩 Confusion Matrix:
  [1, 2, 1]
  [0, 1, 1]
  [0, 0, 14]

📌 Per-Class Metrics:
  Class Data Journalism: TP=1, FP=0, FN=3, TN=16
  Class Half Data Journalism: TP=1, FP=2, FN=1, TN=16
  Class Not Data Journalism: TP=14, FP=2, FN=0, TN=4
----------------------------------------
Fold finished F1 Score: 0.8266666666666668 None
Fold 2/5
Loading model from HPC local scratch: /tmp/shapovalov_setfit_model_cache_1387365
{'embedding_loss': 0.3706, 'grad_norm': 3.2043991088867188, 'learning_rate': 0.0, 'epoch': 0.01}
{'embedding_loss': 0.1411, 'grad_norm': 1.0733898878097534, 'learning_rate': 1.5416666666666668e-05, 'epoch': 0.62}
{'embedding_loss': 0.0323, 'grad_norm': 0.49563542008399963, 'learning_rate': 8.472222222222223e-06, 'epoch': 1.25}
{'embedding_loss': 0.0255, 'grad_norm': 0.22552630305290222, 'learning_rate': 1.527777777777778e-06, 'epoch': 1.88}
{'train_runtime': 122.0627, 'train_samples_per_second': 20.973, 'train_steps_per_second': 1.311, 'train_loss': 0.06471095541492104, 'epoch': 2.0}

🔍 Evaluation Metrics
----------------------------------------
📊 Label Distribution:
  Label Not Data Journalism: 14
  Label Data Journalism: 4
  Label Half Data Journalism: 2

✅ Overall Metrics:
  Accuracy : 0.7500
  Precision: 0.8617
  Recall   : 0.7500
  F1       : 0.7923

🧩 Confusion Matrix:
  [3, 1, 0]
  [0, 1, 1]
  [0, 3, 11]

📌 Per-Class Metrics:
  Class Data Journalism: TP=3, FP=0, FN=1, TN=16
  Class Half Data Journalism: TP=1, FP=4, FN=1, TN=14
  Class Not Data Journalism: TP=11, FP=1, FN=3, TN=5
----------------------------------------
Fold finished F1 Score: 0.7076923076923076 None
Fold 3/5
Loading model from HPC local scratch: /tmp/shapovalov_setfit_model_cache_1387365
{'embedding_loss': 0.3392, 'grad_norm': 2.816593647003174, 'learning_rate': 0.0, 'epoch': 0.01}
{'embedding_loss': 0.1344, 'grad_norm': 1.0912376642227173, 'learning_rate': 1.5416666666666668e-05, 'epoch': 0.62}
{'embedding_loss': 0.0278, 'grad_norm': 0.03770431503653526, 'learning_rate': 8.472222222222223e-06, 'epoch': 1.25}
{'embedding_loss': 0.0151, 'grad_norm': 0.0682036280632019, 'learning_rate': 1.527777777777778e-06, 'epoch': 1.88}
{'train_runtime': 122.7268, 'train_samples_per_second': 20.859, 'train_steps_per_second': 1.304, 'train_loss': 0.057753275614231825, 'epoch': 2.0}

🔍 Evaluation Metrics
----------------------------------------
📊 Label Distribution:
  Label Not Data Journalism: 13
  Label Half Data Journalism: 2
  Label Data Journalism: 5

✅ Overall Metrics:
  Accuracy : 0.8500
  Precision: 0.8571
  Recall   : 0.8500
  F1       : 0.8500

🧩 Confusion Matrix:
  [4, 0, 1]
  [0, 1, 1]
  [0, 1, 12]

📌 Per-Class Metrics:
  Class Data Journalism: TP=4, FP=0, FN=1, TN=15
  Class Half Data Journalism: TP=1, FP=1, FN=1, TN=17
  Class Not Data Journalism: TP=12, FP=2, FN=1, TN=5
----------------------------------------
Fold finished F1 Score: 0.85 None
Fold 4/5
Loading model from HPC local scratch: /tmp/shapovalov_setfit_model_cache_1387365
{'embedding_loss': 0.2864, 'grad_norm': 2.9529924392700195, 'learning_rate': 0.0, 'epoch': 0.01}
{'embedding_loss': 0.1386, 'grad_norm': 0.7836949229240417, 'learning_rate': 1.5416666666666668e-05, 'epoch': 0.62}
{'embedding_loss': 0.0246, 'grad_norm': 0.15294700860977173, 'learning_rate': 8.472222222222223e-06, 'epoch': 1.25}
{'embedding_loss': 0.0121, 'grad_norm': 1.1332333087921143, 'learning_rate': 1.527777777777778e-06, 'epoch': 1.88}
{'train_runtime': 122.8221, 'train_samples_per_second': 20.843, 'train_steps_per_second': 1.303, 'train_loss': 0.056040085223503414, 'epoch': 2.0}

🔍 Evaluation Metrics
----------------------------------------
📊 Label Distribution:
  Label Not Data Journalism: 13
  Label Data Journalism: 4
  Label Half Data Journalism: 3

✅ Overall Metrics:
  Accuracy : 0.8000
  Precision: 0.7171
  Recall   : 0.8000
  F1       : 0.7556

🧩 Confusion Matrix:
  [4, 0, 0]
  [1, 0, 2]
  [0, 1, 12]

📌 Per-Class Metrics:
  Class Data Journalism: TP=4, FP=1, FN=0, TN=15
  Class Half Data Journalism: TP=0, FP=1, FN=3, TN=16
  Class Not Data Journalism: TP=12, FP=2, FN=1, TN=5
----------------------------------------
Fold finished F1 Score: 0.8444444444444443 None
Fold 5/5
Loading model from HPC local scratch: /tmp/shapovalov_setfit_model_cache_1387365
{'embedding_loss': 0.392, 'grad_norm': 2.9009206295013428, 'learning_rate': 0.0, 'epoch': 0.01}
{'embedding_loss': 0.1401, 'grad_norm': 0.591770589351654, 'learning_rate': 1.5416666666666668e-05, 'epoch': 0.62}
{'embedding_loss': 0.018, 'grad_norm': 0.32990825176239014, 'learning_rate': 8.472222222222223e-06, 'epoch': 1.25}
{'embedding_loss': 0.0082, 'grad_norm': 0.12503911554813385, 'learning_rate': 1.527777777777778e-06, 'epoch': 1.88}
{'train_runtime': 123.0285, 'train_samples_per_second': 20.808, 'train_steps_per_second': 1.301, 'train_loss': 0.0537567205959931, 'epoch': 2.0}

🔍 Evaluation Metrics
----------------------------------------
📊 Label Distribution:
  Label Not Data Journalism: 13
  Label Data Journalism: 4
  Label Half Data Journalism: 3

✅ Overall Metrics:
  Accuracy : 0.7000
  Precision: 0.5971
  Recall   : 0.7000
  F1       : 0.6300

🧩 Confusion Matrix:
  [1, 1, 2]
  [1, 0, 2]
  [0, 0, 13]

📌 Per-Class Metrics:
  Class Data Journalism: TP=1, FP=1, FN=3, TN=15
  Class Half Data Journalism: TP=0, FP=1, FN=3, TN=16
  Class Not Data Journalism: TP=13, FP=4, FN=0, TN=3
----------------------------------------
Fold finished F1 Score: 0.77 None
Average VRAM usage: 5437.15 MB, Max VRAM usage: 21259.37 MB
Trial 3 completed with avg fold F1 score: 0.7997606837606838
Trial 4: {'num_iterations': 9, 'num_epochs': 2, 'batch_size': 16, 'head_lr': 5.3370327626039544e-05}
Fold 1/5
Loading model from HPC local scratch: /tmp/shapovalov_setfit_model_cache_1387365
{'embedding_loss': 0.3055, 'grad_norm': 2.91137433052063, 'learning_rate': 0.0, 'epoch': 0.01}
{'embedding_loss': 0.1525, 'grad_norm': 1.1672433614730835, 'learning_rate': 1.617283950617284e-05, 'epoch': 0.56}
{'embedding_loss': 0.0336, 'grad_norm': 1.1562250852584839, 'learning_rate': 1e-05, 'epoch': 1.11}
{'embedding_loss': 0.0261, 'grad_norm': 0.3873855471611023, 'learning_rate': 3.827160493827161e-06, 'epoch': 1.67}
{'train_runtime': 137.3292, 'train_samples_per_second': 20.972, 'train_steps_per_second': 1.311, 'train_loss': 0.062266685234175785, 'epoch': 2.0}

🔍 Evaluation Metrics
----------------------------------------
📊 Label Distribution:
  Label Data Journalism: 4
  Label Half Data Journalism: 2
  Label Not Data Journalism: 14

✅ Overall Metrics:
  Accuracy : 0.8000
  Precision: 0.8783
  Recall   : 0.8000
  F1       : 0.7892

🧩 Confusion Matrix:
  [1, 3, 0]
  [0, 1, 1]
  [0, 0, 14]

📌 Per-Class Metrics:
  Class Data Journalism: TP=1, FP=0, FN=3, TN=16
  Class Half Data Journalism: TP=1, FP=3, FN=1, TN=15
  Class Not Data Journalism: TP=14, FP=1, FN=0, TN=5
----------------------------------------
Fold finished F1 Score: 0.8108045977011494 None
Fold 2/5
Loading model from HPC local scratch: /tmp/shapovalov_setfit_model_cache_1387365
{'embedding_loss': 0.3031, 'grad_norm': 2.697917938232422, 'learning_rate': 0.0, 'epoch': 0.01}
{'embedding_loss': 0.148, 'grad_norm': 1.423376441001892, 'learning_rate': 1.617283950617284e-05, 'epoch': 0.56}
{'embedding_loss': 0.037, 'grad_norm': 0.6375268697738647, 'learning_rate': 1e-05, 'epoch': 1.11}
{'embedding_loss': 0.0182, 'grad_norm': 0.6356250047683716, 'learning_rate': 3.827160493827161e-06, 'epoch': 1.67}
{'train_runtime': 137.4167, 'train_samples_per_second': 20.958, 'train_steps_per_second': 1.31, 'train_loss': 0.05920573522647222, 'epoch': 2.0}

🔍 Evaluation Metrics
----------------------------------------
📊 Label Distribution:
  Label Not Data Journalism: 14
  Label Data Journalism: 4
  Label Half Data Journalism: 2

✅ Overall Metrics:
  Accuracy : 0.7500
  Precision: 0.8167
  Recall   : 0.7500
  F1       : 0.7756

🧩 Confusion Matrix:
  [3, 1, 0]
  [0, 1, 1]
  [1, 2, 11]

📌 Per-Class Metrics:
  Class Data Journalism: TP=3, FP=1, FN=1, TN=15
  Class Half Data Journalism: TP=1, FP=3, FN=1, TN=15
  Class Not Data Journalism: TP=11, FP=1, FN=3, TN=5
----------------------------------------
Fold finished F1 Score: 0.7243589743589742 None
Fold 3/5
Loading model from HPC local scratch: /tmp/shapovalov_setfit_model_cache_1387365
{'embedding_loss': 0.3434, 'grad_norm': 3.14304518699646, 'learning_rate': 0.0, 'epoch': 0.01}
{'embedding_loss': 0.1439, 'grad_norm': 1.8053278923034668, 'learning_rate': 1.617283950617284e-05, 'epoch': 0.56}
{'embedding_loss': 0.0302, 'grad_norm': 0.20020297169685364, 'learning_rate': 1e-05, 'epoch': 1.11}
{'embedding_loss': 0.0231, 'grad_norm': 0.8219862580299377, 'learning_rate': 3.827160493827161e-06, 'epoch': 1.67}
{'train_runtime': 138.8121, 'train_samples_per_second': 20.747, 'train_steps_per_second': 1.297, 'train_loss': 0.05888469268878301, 'epoch': 2.0}

🔍 Evaluation Metrics
----------------------------------------
📊 Label Distribution:
  Label Not Data Journalism: 13
  Label Half Data Journalism: 2
  Label Data Journalism: 5

✅ Overall Metrics:
  Accuracy : 0.7500
  Precision: 0.7446
  Recall   : 0.7500
  F1       : 0.7444

🧩 Confusion Matrix:
  [3, 1, 1]
  [1, 0, 1]
  [0, 1, 12]

📌 Per-Class Metrics:
  Class Data Journalism: TP=3, FP=1, FN=2, TN=14
  Class Half Data Journalism: TP=0, FP=2, FN=2, TN=16
  Class Not Data Journalism: TP=12, FP=2, FN=1, TN=5
----------------------------------------
Fold finished F1 Score: 0.7555555555555554 None
Fold 4/5
Loading model from HPC local scratch: /tmp/shapovalov_setfit_model_cache_1387365
{'embedding_loss': 0.3821, 'grad_norm': 3.3300387859344482, 'learning_rate': 0.0, 'epoch': 0.01}
{'embedding_loss': 0.1342, 'grad_norm': 0.26525670289993286, 'learning_rate': 1.617283950617284e-05, 'epoch': 0.56}
{'embedding_loss': 0.0248, 'grad_norm': 0.9878453016281128, 'learning_rate': 1e-05, 'epoch': 1.11}
{'embedding_loss': 0.0097, 'grad_norm': 0.0503140427172184, 'learning_rate': 3.827160493827161e-06, 'epoch': 1.67}
{'train_runtime': 137.8748, 'train_samples_per_second': 20.889, 'train_steps_per_second': 1.306, 'train_loss': 0.04939259274138345, 'epoch': 2.0}

🔍 Evaluation Metrics
----------------------------------------
📊 Label Distribution:
  Label Not Data Journalism: 13
  Label Data Journalism: 4
  Label Half Data Journalism: 3

✅ Overall Metrics:
  Accuracy : 0.8000
  Precision: 0.7171
  Recall   : 0.8000
  F1       : 0.7556

🧩 Confusion Matrix:
  [4, 0, 0]
  [1, 0, 2]
  [0, 1, 12]

📌 Per-Class Metrics:
  Class Data Journalism: TP=4, FP=1, FN=0, TN=15
  Class Half Data Journalism: TP=0, FP=1, FN=3, TN=16
  Class Not Data Journalism: TP=12, FP=2, FN=1, TN=5
----------------------------------------
Fold finished F1 Score: 0.8444444444444443 None
Fold 5/5
Loading model from HPC local scratch: /tmp/shapovalov_setfit_model_cache_1387365
{'embedding_loss': 0.3429, 'grad_norm': 2.7064952850341797, 'learning_rate': 0.0, 'epoch': 0.01}
{'embedding_loss': 0.1425, 'grad_norm': 1.5639947652816772, 'learning_rate': 1.617283950617284e-05, 'epoch': 0.56}
{'embedding_loss': 0.0244, 'grad_norm': 0.37854865193367004, 'learning_rate': 1e-05, 'epoch': 1.11}
{'embedding_loss': 0.0069, 'grad_norm': 0.059994589537382126, 'learning_rate': 3.827160493827161e-06, 'epoch': 1.67}
{'train_runtime': 138.4841, 'train_samples_per_second': 20.797, 'train_steps_per_second': 1.3, 'train_loss': 0.049740581131643716, 'epoch': 2.0}

🔍 Evaluation Metrics
----------------------------------------
📊 Label Distribution:
  Label Not Data Journalism: 13
  Label Data Journalism: 4
  Label Half Data Journalism: 3

✅ Overall Metrics:
  Accuracy : 0.7000
  Precision: 0.6281
  Recall   : 0.7000
  F1       : 0.6494

🧩 Confusion Matrix:
  [1, 2, 1]
  [1, 0, 2]
  [0, 0, 13]

📌 Per-Class Metrics:
  Class Data Journalism: TP=1, FP=1, FN=3, TN=15
  Class Half Data Journalism: TP=0, FP=2, FN=3, TN=15
  Class Not Data Journalism: TP=13, FP=3, FN=0, TN=4
----------------------------------------
Fold finished F1 Score: 0.7505747126436781 None
Average VRAM usage: 5808.09 MB, Max VRAM usage: 21309.43 MB
Trial 4 completed with avg fold F1 score: 0.7771476569407603
Trial 5: {'num_iterations': 6, 'num_epochs': 2, 'batch_size': 16, 'head_lr': 0.0012561043700013551}
Fold 1/5
Loading model from HPC local scratch: /tmp/shapovalov_setfit_model_cache_1387365
{'embedding_loss': 0.3249, 'grad_norm': 2.6149380207061768, 'learning_rate': 0.0, 'epoch': 0.02}
{'embedding_loss': 0.1417, 'grad_norm': 0.7517635226249695, 'learning_rate': 1.314814814814815e-05, 'epoch': 0.83}
{'embedding_loss': 0.0331, 'grad_norm': 0.4610995948314667, 'learning_rate': 3.88888888888889e-06, 'epoch': 1.67}
{'train_runtime': 91.1082, 'train_samples_per_second': 21.074, 'train_steps_per_second': 1.317, 'train_loss': 0.07856184641520182, 'epoch': 2.0}

🔍 Evaluation Metrics
----------------------------------------
📊 Label Distribution:
  Label Data Journalism: 4
  Label Half Data Journalism: 2
  Label Not Data Journalism: 14

✅ Overall Metrics:
  Accuracy : 0.7500
  Precision: 0.7125
  Recall   : 0.7500
  F1       : 0.7200

🧩 Confusion Matrix:
  [1, 2, 1]
  [1, 0, 1]
  [0, 0, 14]

📌 Per-Class Metrics:
  Class Data Journalism: TP=1, FP=1, FN=3, TN=15
  Class Half Data Journalism: TP=0, FP=2, FN=2, TN=16
  Class Not Data Journalism: TP=14, FP=2, FN=0, TN=4
----------------------------------------
Fold finished F1 Score: 0.78 None
Fold 2/5
Loading model from HPC local scratch: /tmp/shapovalov_setfit_model_cache_1387365
{'embedding_loss': 0.4045, 'grad_norm': 3.366190195083618, 'learning_rate': 0.0, 'epoch': 0.02}
{'embedding_loss': 0.1435, 'grad_norm': 1.1217740774154663, 'learning_rate': 1.314814814814815e-05, 'epoch': 0.83}
{'embedding_loss': 0.0348, 'grad_norm': 0.5351335406303406, 'learning_rate': 3.88888888888889e-06, 'epoch': 1.67}
{'train_runtime': 91.7415, 'train_samples_per_second': 20.928, 'train_steps_per_second': 1.308, 'train_loss': 0.08059535572926203, 'epoch': 2.0}

🔍 Evaluation Metrics
----------------------------------------
📊 Label Distribution:
  Label Not Data Journalism: 14
  Label Data Journalism: 4
  Label Half Data Journalism: 2

✅ Overall Metrics:
  Accuracy : 0.7500
  Precision: 0.8617
  Recall   : 0.7500
  F1       : 0.7923

🧩 Confusion Matrix:
  [3, 1, 0]
  [0, 1, 1]
  [0, 3, 11]

📌 Per-Class Metrics:
  Class Data Journalism: TP=3, FP=0, FN=1, TN=16
  Class Half Data Journalism: TP=1, FP=4, FN=1, TN=14
  Class Not Data Journalism: TP=11, FP=1, FN=3, TN=5
----------------------------------------
Fold finished F1 Score: 0.7076923076923076 None
Fold 3/5
Loading model from HPC local scratch: /tmp/shapovalov_setfit_model_cache_1387365
{'embedding_loss': 0.3841, 'grad_norm': 3.0262792110443115, 'learning_rate': 0.0, 'epoch': 0.02}
{'embedding_loss': 0.1261, 'grad_norm': 0.6895498037338257, 'learning_rate': 1.314814814814815e-05, 'epoch': 0.83}
{'embedding_loss': 0.0265, 'grad_norm': 0.3419203758239746, 'learning_rate': 3.88888888888889e-06, 'epoch': 1.67}
{'train_runtime': 92.2107, 'train_samples_per_second': 20.822, 'train_steps_per_second': 1.301, 'train_loss': 0.06977666889627775, 'epoch': 2.0}

🔍 Evaluation Metrics
----------------------------------------
📊 Label Distribution:
  Label Not Data Journalism: 13
  Label Half Data Journalism: 2
  Label Data Journalism: 5

✅ Overall Metrics:
  Accuracy : 0.7500
  Precision: 0.7875
  Recall   : 0.7500
  F1       : 0.7667

🧩 Confusion Matrix:
  [3, 2, 0]
  [1, 0, 1]
  [0, 1, 12]

📌 Per-Class Metrics:
  Class Data Journalism: TP=3, FP=1, FN=2, TN=14
  Class Half Data Journalism: TP=0, FP=3, FN=2, TN=15
  Class Not Data Journalism: TP=12, FP=1, FN=1, TN=6
----------------------------------------
Fold finished F1 Score: 0.7333333333333333 None
Fold 4/5
Loading model from HPC local scratch: /tmp/shapovalov_setfit_model_cache_1387365
{'embedding_loss': 0.3682, 'grad_norm': 3.33510684967041, 'learning_rate': 0.0, 'epoch': 0.02}
{'embedding_loss': 0.1319, 'grad_norm': 0.7285321950912476, 'learning_rate': 1.314814814814815e-05, 'epoch': 0.83}
{'embedding_loss': 0.0216, 'grad_norm': 0.05790942162275314, 'learning_rate': 3.88888888888889e-06, 'epoch': 1.67}
{'train_runtime': 94.2931, 'train_samples_per_second': 20.362, 'train_steps_per_second': 1.273, 'train_loss': 0.06959588875373204, 'epoch': 2.0}

🔍 Evaluation Metrics
----------------------------------------
📊 Label Distribution:
  Label Not Data Journalism: 13
  Label Data Journalism: 4
  Label Half Data Journalism: 3

✅ Overall Metrics:
  Accuracy : 0.8000
  Precision: 0.6905
  Recall   : 0.8000
  F1       : 0.7378

🧩 Confusion Matrix:
  [4, 0, 0]
  [1, 0, 2]
  [1, 0, 12]

📌 Per-Class Metrics:
  Class Data Journalism: TP=4, FP=2, FN=0, TN=14
  Class Half Data Journalism: TP=0, FP=0, FN=3, TN=17
  Class Not Data Journalism: TP=12, FP=2, FN=1, TN=5
----------------------------------------
Fold finished F1 Score: 0.8622222222222222 None
Fold 5/5
Loading model from HPC local scratch: /tmp/shapovalov_setfit_model_cache_1387365
{'embedding_loss': 0.3582, 'grad_norm': 2.8250327110290527, 'learning_rate': 0.0, 'epoch': 0.02}
{'embedding_loss': 0.1374, 'grad_norm': 0.2632425129413605, 'learning_rate': 1.314814814814815e-05, 'epoch': 0.83}
{'embedding_loss': 0.0235, 'grad_norm': 0.5891668200492859, 'learning_rate': 3.88888888888889e-06, 'epoch': 1.67}
{'train_runtime': 92.8327, 'train_samples_per_second': 20.682, 'train_steps_per_second': 1.293, 'train_loss': 0.07103060185909271, 'epoch': 2.0}

🔍 Evaluation Metrics
----------------------------------------
📊 Label Distribution:
  Label Not Data Journalism: 13
  Label Data Journalism: 4
  Label Half Data Journalism: 3

✅ Overall Metrics:
  Accuracy : 0.7500
  Precision: 0.6615
  Recall   : 0.7500
  F1       : 0.6970

🧩 Confusion Matrix:
  [2, 1, 1]
  [1, 0, 2]
  [0, 0, 13]

📌 Per-Class Metrics:
  Class Data Journalism: TP=2, FP=1, FN=2, TN=15
  Class Half Data Journalism: TP=0, FP=1, FN=3, TN=16
  Class Not Data Journalism: TP=13, FP=3, FN=0, TN=4
----------------------------------------
Fold finished F1 Score: 0.8029556650246306 None
Average VRAM usage: 5643.02 MB, Max VRAM usage: 19103.36 MB
Trial 5 completed with avg fold F1 score: 0.7772407056544989
Trial 6: {'num_iterations': 7, 'num_epochs': 2, 'batch_size': 16, 'head_lr': 0.0028016351587162596}
Fold 1/5
Loading model from HPC local scratch: /tmp/shapovalov_setfit_model_cache_1387365
{'embedding_loss': 0.3753, 'grad_norm': 3.523641347885132, 'learning_rate': 0.0, 'epoch': 0.01}
{'embedding_loss': 0.1447, 'grad_norm': 0.8411393761634827, 'learning_rate': 1.4444444444444446e-05, 'epoch': 0.71}
{'embedding_loss': 0.0335, 'grad_norm': 0.5475443601608276, 'learning_rate': 6.507936507936509e-06, 'epoch': 1.43}
{'train_runtime': 106.1934, 'train_samples_per_second': 21.094, 'train_steps_per_second': 1.318, 'train_loss': 0.07175212119306837, 'epoch': 2.0}

🔍 Evaluation Metrics
----------------------------------------
📊 Label Distribution:
  Label Data Journalism: 4
  Label Half Data Journalism: 2
  Label Not Data Journalism: 14

✅ Overall Metrics:
  Accuracy : 0.8000
  Precision: 0.8458
  Recall   : 0.8000
  F1       : 0.7733

🧩 Confusion Matrix:
  [1, 2, 1]
  [0, 1, 1]
  [0, 0, 14]

📌 Per-Class Metrics:
  Class Data Journalism: TP=1, FP=0, FN=3, TN=16
  Class Half Data Journalism: TP=1, FP=2, FN=1, TN=16
  Class Not Data Journalism: TP=14, FP=2, FN=0, TN=4
----------------------------------------
Fold finished F1 Score: 0.8266666666666668 None
Fold 2/5
Loading model from HPC local scratch: /tmp/shapovalov_setfit_model_cache_1387365
{'embedding_loss': 0.3604, 'grad_norm': 3.6940126419067383, 'learning_rate': 0.0, 'epoch': 0.01}
{'embedding_loss': 0.1409, 'grad_norm': 0.5587460398674011, 'learning_rate': 1.4444444444444446e-05, 'epoch': 0.71}
{'embedding_loss': 0.033, 'grad_norm': 0.13807933032512665, 'learning_rate': 6.507936507936509e-06, 'epoch': 1.43}
{'train_runtime': 106.9847, 'train_samples_per_second': 20.938, 'train_steps_per_second': 1.309, 'train_loss': 0.07159562430211476, 'epoch': 2.0}

🔍 Evaluation Metrics
----------------------------------------
📊 Label Distribution:
  Label Not Data Journalism: 14
  Label Data Journalism: 4
  Label Half Data Journalism: 2

✅ Overall Metrics:
  Accuracy : 0.6500
  Precision: 0.8560
  Recall   : 0.6500
  F1       : 0.6945

🧩 Confusion Matrix:
  [1, 3, 0]
  [0, 1, 1]
  [0, 3, 11]

📌 Per-Class Metrics:
  Class Data Journalism: TP=1, FP=0, FN=3, TN=16
  Class Half Data Journalism: TP=1, FP=6, FN=1, TN=12
  Class Not Data Journalism: TP=11, FP=1, FN=3, TN=5
----------------------------------------
Fold finished F1 Score: 0.6054700854700854 None
Fold 3/5
Loading model from HPC local scratch: /tmp/shapovalov_setfit_model_cache_1387365
{'embedding_loss': 0.3287, 'grad_norm': 3.3898487091064453, 'learning_rate': 0.0, 'epoch': 0.01}
{'embedding_loss': 0.1335, 'grad_norm': 1.115831971168518, 'learning_rate': 1.4444444444444446e-05, 'epoch': 0.71}
{'embedding_loss': 0.0279, 'grad_norm': 0.34064921736717224, 'learning_rate': 6.507936507936509e-06, 'epoch': 1.43}
{'train_runtime': 107.3442, 'train_samples_per_second': 20.867, 'train_steps_per_second': 1.304, 'train_loss': 0.06305104302508491, 'epoch': 2.0}

🔍 Evaluation Metrics
----------------------------------------
📊 Label Distribution:
  Label Not Data Journalism: 13
  Label Half Data Journalism: 2
  Label Data Journalism: 5

✅ Overall Metrics:
  Accuracy : 0.7500
  Precision: 0.8658
  Recall   : 0.7500
  F1       : 0.7881

🧩 Confusion Matrix:
  [3, 2, 0]
  [0, 1, 1]
  [0, 2, 11]

📌 Per-Class Metrics:
  Class Data Journalism: TP=3, FP=0, FN=2, TN=15
  Class Half Data Journalism: TP=1, FP=4, FN=1, TN=14
  Class Not Data Journalism: TP=11, FP=1, FN=2, TN=6
----------------------------------------
Fold finished F1 Score: 0.7119285714285715 None
Fold 4/5
Loading model from HPC local scratch: /tmp/shapovalov_setfit_model_cache_1387365
{'embedding_loss': 0.4535, 'grad_norm': 3.461676836013794, 'learning_rate': 0.0, 'epoch': 0.01}
{'embedding_loss': 0.1384, 'grad_norm': 1.0447149276733398, 'learning_rate': 1.4444444444444446e-05, 'epoch': 0.71}
{'embedding_loss': 0.0215, 'grad_norm': 0.769131600856781, 'learning_rate': 6.507936507936509e-06, 'epoch': 1.43}
{'train_runtime': 107.5798, 'train_samples_per_second': 20.822, 'train_steps_per_second': 1.301, 'train_loss': 0.06294959400381361, 'epoch': 2.0}

🔍 Evaluation Metrics
----------------------------------------
📊 Label Distribution:
  Label Not Data Journalism: 13
  Label Data Journalism: 4
  Label Half Data Journalism: 3

✅ Overall Metrics:
  Accuracy : 0.8500
  Precision: 0.7233
  Recall   : 0.8500
  F1       : 0.7813

🧩 Confusion Matrix:
  [4, 0, 0]
  [1, 0, 2]
  [0, 0, 13]

📌 Per-Class Metrics:
  Class Data Journalism: TP=4, FP=1, FN=0, TN=15
  Class Half Data Journalism: TP=0, FP=0, FN=3, TN=17
  Class Not Data Journalism: TP=13, FP=2, FN=0, TN=5
----------------------------------------
Fold finished F1 Score: 0.9186507936507937 None
Fold 5/5
Loading model from HPC local scratch: /tmp/shapovalov_setfit_model_cache_1387365
{'embedding_loss': 0.4009, 'grad_norm': 3.7379493713378906, 'learning_rate': 0.0, 'epoch': 0.01}
{'embedding_loss': 0.1419, 'grad_norm': 0.9794996380805969, 'learning_rate': 1.4444444444444446e-05, 'epoch': 0.71}
{'embedding_loss': 0.0243, 'grad_norm': 0.035512689501047134, 'learning_rate': 6.507936507936509e-06, 'epoch': 1.43}
{'train_runtime': 107.7663, 'train_samples_per_second': 20.786, 'train_steps_per_second': 1.299, 'train_loss': 0.06315116243703024, 'epoch': 2.0}

🔍 Evaluation Metrics
----------------------------------------
📊 Label Distribution:
  Label Not Data Journalism: 13
  Label Data Journalism: 4
  Label Half Data Journalism: 3

✅ Overall Metrics:
  Accuracy : 0.7000
  Precision: 0.5971
  Recall   : 0.7000
  F1       : 0.6300

🧩 Confusion Matrix:
  [1, 1, 2]
  [1, 0, 2]
  [0, 0, 13]

📌 Per-Class Metrics:
  Class Data Journalism: TP=1, FP=1, FN=3, TN=15
  Class Half Data Journalism: TP=0, FP=1, FN=3, TN=16
  Class Not Data Journalism: TP=13, FP=4, FN=0, TN=3
----------------------------------------
Fold finished F1 Score: 0.77 None
Average VRAM usage: 5766.31 MB, Max VRAM usage: 21263.25 MB
Trial 6 completed with avg fold F1 score: 0.7665432234432236
Trial 7: {'num_iterations': 6, 'num_epochs': 2, 'batch_size': 16, 'head_lr': 0.0002920433847181409}
Fold 1/5
Loading model from HPC local scratch: /tmp/shapovalov_setfit_model_cache_1387365
{'embedding_loss': 0.3249, 'grad_norm': 2.6149380207061768, 'learning_rate': 0.0, 'epoch': 0.02}
{'embedding_loss': 0.1417, 'grad_norm': 0.7517635226249695, 'learning_rate': 1.314814814814815e-05, 'epoch': 0.83}
{'embedding_loss': 0.0331, 'grad_norm': 0.4610995948314667, 'learning_rate': 3.88888888888889e-06, 'epoch': 1.67}
{'train_runtime': 91.9082, 'train_samples_per_second': 20.89, 'train_steps_per_second': 1.306, 'train_loss': 0.07856184641520182, 'epoch': 2.0}

🔍 Evaluation Metrics
----------------------------------------
📊 Label Distribution:
  Label Data Journalism: 4
  Label Half Data Journalism: 2
  Label Not Data Journalism: 14

✅ Overall Metrics:
  Accuracy : 0.7500
  Precision: 0.7125
  Recall   : 0.7500
  F1       : 0.7200

🧩 Confusion Matrix:
  [1, 2, 1]
  [1, 0, 1]
  [0, 0, 14]

📌 Per-Class Metrics:
  Class Data Journalism: TP=1, FP=1, FN=3, TN=15
  Class Half Data Journalism: TP=0, FP=2, FN=2, TN=16
  Class Not Data Journalism: TP=14, FP=2, FN=0, TN=4
----------------------------------------
Fold finished F1 Score: 0.78 None
Fold 2/5
Loading model from HPC local scratch: /tmp/shapovalov_setfit_model_cache_1387365
{'embedding_loss': 0.4045, 'grad_norm': 3.366190195083618, 'learning_rate': 0.0, 'epoch': 0.02}
{'embedding_loss': 0.1435, 'grad_norm': 1.1217740774154663, 'learning_rate': 1.314814814814815e-05, 'epoch': 0.83}
{'embedding_loss': 0.0348, 'grad_norm': 0.5351335406303406, 'learning_rate': 3.88888888888889e-06, 'epoch': 1.67}
{'train_runtime': 91.1251, 'train_samples_per_second': 21.07, 'train_steps_per_second': 1.317, 'train_loss': 0.08059535572926203, 'epoch': 2.0}

🔍 Evaluation Metrics
----------------------------------------
📊 Label Distribution:
  Label Not Data Journalism: 14
  Label Data Journalism: 4
  Label Half Data Journalism: 2

✅ Overall Metrics:
  Accuracy : 0.7500
  Precision: 0.8617
  Recall   : 0.7500
  F1       : 0.7923

🧩 Confusion Matrix:
  [3, 1, 0]
  [0, 1, 1]
  [0, 3, 11]

📌 Per-Class Metrics:
  Class Data Journalism: TP=3, FP=0, FN=1, TN=16
  Class Half Data Journalism: TP=1, FP=4, FN=1, TN=14
  Class Not Data Journalism: TP=11, FP=1, FN=3, TN=5
----------------------------------------
Fold finished F1 Score: 0.7076923076923076 None
Fold 3/5
Loading model from HPC local scratch: /tmp/shapovalov_setfit_model_cache_1387365
{'embedding_loss': 0.3841, 'grad_norm': 3.0262792110443115, 'learning_rate': 0.0, 'epoch': 0.02}
{'embedding_loss': 0.1261, 'grad_norm': 0.6895498037338257, 'learning_rate': 1.314814814814815e-05, 'epoch': 0.83}
{'embedding_loss': 0.0265, 'grad_norm': 0.3419203758239746, 'learning_rate': 3.88888888888889e-06, 'epoch': 1.67}
{'train_runtime': 92.6495, 'train_samples_per_second': 20.723, 'train_steps_per_second': 1.295, 'train_loss': 0.06977666889627775, 'epoch': 2.0}

🔍 Evaluation Metrics
----------------------------------------
📊 Label Distribution:
  Label Not Data Journalism: 13
  Label Half Data Journalism: 2
  Label Data Journalism: 5

✅ Overall Metrics:
  Accuracy : 0.7500
  Precision: 0.7875
  Recall   : 0.7500
  F1       : 0.7667

🧩 Confusion Matrix:
  [3, 2, 0]
  [1, 0, 1]
  [0, 1, 12]

📌 Per-Class Metrics:
  Class Data Journalism: TP=3, FP=1, FN=2, TN=14
  Class Half Data Journalism: TP=0, FP=3, FN=2, TN=15
  Class Not Data Journalism: TP=12, FP=1, FN=1, TN=6
----------------------------------------
Fold finished F1 Score: 0.7333333333333333 None
Fold 4/5
Loading model from HPC local scratch: /tmp/shapovalov_setfit_model_cache_1387365
{'embedding_loss': 0.3682, 'grad_norm': 3.33510684967041, 'learning_rate': 0.0, 'epoch': 0.02}
{'embedding_loss': 0.1319, 'grad_norm': 0.7285321950912476, 'learning_rate': 1.314814814814815e-05, 'epoch': 0.83}
{'embedding_loss': 0.0216, 'grad_norm': 0.05790942162275314, 'learning_rate': 3.88888888888889e-06, 'epoch': 1.67}
{'train_runtime': 92.9737, 'train_samples_per_second': 20.651, 'train_steps_per_second': 1.291, 'train_loss': 0.06959588875373204, 'epoch': 2.0}

🔍 Evaluation Metrics
----------------------------------------
📊 Label Distribution:
  Label Not Data Journalism: 13
  Label Data Journalism: 4
  Label Half Data Journalism: 3

✅ Overall Metrics:
  Accuracy : 0.8000
  Precision: 0.6905
  Recall   : 0.8000
  F1       : 0.7378

🧩 Confusion Matrix:
  [4, 0, 0]
  [1, 0, 2]
  [1, 0, 12]

📌 Per-Class Metrics:
  Class Data Journalism: TP=4, FP=2, FN=0, TN=14
  Class Half Data Journalism: TP=0, FP=0, FN=3, TN=17
  Class Not Data Journalism: TP=12, FP=2, FN=1, TN=5
----------------------------------------
Fold finished F1 Score: 0.8622222222222222 None
Fold 5/5
Loading model from HPC local scratch: /tmp/shapovalov_setfit_model_cache_1387365
{'embedding_loss': 0.3582, 'grad_norm': 2.8250327110290527, 'learning_rate': 0.0, 'epoch': 0.02}
{'embedding_loss': 0.1374, 'grad_norm': 0.2632425129413605, 'learning_rate': 1.314814814814815e-05, 'epoch': 0.83}
{'embedding_loss': 0.0235, 'grad_norm': 0.5891668200492859, 'learning_rate': 3.88888888888889e-06, 'epoch': 1.67}
{'train_runtime': 92.2084, 'train_samples_per_second': 20.822, 'train_steps_per_second': 1.301, 'train_loss': 0.07103060185909271, 'epoch': 2.0}

🔍 Evaluation Metrics
----------------------------------------
📊 Label Distribution:
  Label Not Data Journalism: 13
  Label Data Journalism: 4
  Label Half Data Journalism: 3

✅ Overall Metrics:
  Accuracy : 0.7500
  Precision: 0.6615
  Recall   : 0.7500
  F1       : 0.6970

🧩 Confusion Matrix:
  [2, 1, 1]
  [1, 0, 2]
  [0, 0, 13]

📌 Per-Class Metrics:
  Class Data Journalism: TP=2, FP=1, FN=2, TN=15
  Class Half Data Journalism: TP=0, FP=1, FN=3, TN=16
  Class Not Data Journalism: TP=13, FP=3, FN=0, TN=4
----------------------------------------
Fold finished F1 Score: 0.8029556650246306 None
Average VRAM usage: 5848.40 MB, Max VRAM usage: 21478.28 MB
Trial 7 completed with avg fold F1 score: 0.7772407056544989
Trial 8: {'num_iterations': 7, 'num_epochs': 4, 'batch_size': 16, 'head_lr': 6.290644294586152e-05}
Fold 1/5
Loading model from HPC local scratch: /tmp/shapovalov_setfit_model_cache_1387365
{'embedding_loss': 0.3753, 'grad_norm': 3.523641347885132, 'learning_rate': 0.0, 'epoch': 0.01}
{'embedding_loss': 0.1711, 'grad_norm': 1.0992686748504639, 'learning_rate': 1.8333333333333333e-05, 'epoch': 0.71}
{'embedding_loss': 0.0365, 'grad_norm': 0.583549439907074, 'learning_rate': 1.4365079365079366e-05, 'epoch': 1.43}
{'embedding_loss': 0.0211, 'grad_norm': 0.43384453654289246, 'learning_rate': 1.0396825396825398e-05, 'epoch': 2.14}
{'embedding_loss': 0.0075, 'grad_norm': 0.06952089816331863, 'learning_rate': 6.4285714285714295e-06, 'epoch': 2.86}
{'embedding_loss': 0.0024, 'grad_norm': 0.08683845400810242, 'learning_rate': 2.4603174603174605e-06, 'epoch': 3.57}
{'train_runtime': 213.1043, 'train_samples_per_second': 21.023, 'train_steps_per_second': 1.314, 'train_loss': 0.04345290763303637, 'epoch': 4.0}

🔍 Evaluation Metrics
----------------------------------------
📊 Label Distribution:
  Label Data Journalism: 4
  Label Half Data Journalism: 2
  Label Not Data Journalism: 14

✅ Overall Metrics:
  Accuracy : 0.8500
  Precision: 0.8625
  Recall   : 0.8500
  F1       : 0.8367

🧩 Confusion Matrix:
  [2, 1, 1]
  [0, 1, 1]
  [0, 0, 14]

📌 Per-Class Metrics:
  Class Data Journalism: TP=2, FP=0, FN=2, TN=16
  Class Half Data Journalism: TP=1, FP=1, FN=1, TN=17
  Class Not Data Journalism: TP=14, FP=2, FN=0, TN=4
----------------------------------------
Fold finished F1 Score: 0.8633333333333333 None
Fold 2/5
Loading model from HPC local scratch: /tmp/shapovalov_setfit_model_cache_1387365
{'embedding_loss': 0.3604, 'grad_norm': 3.6940126419067383, 'learning_rate': 0.0, 'epoch': 0.01}
{'embedding_loss': 0.1652, 'grad_norm': 1.7277313470840454, 'learning_rate': 1.8333333333333333e-05, 'epoch': 0.71}
{'embedding_loss': 0.0307, 'grad_norm': 0.15537594258785248, 'learning_rate': 1.4365079365079366e-05, 'epoch': 1.43}
{'embedding_loss': 0.0247, 'grad_norm': 0.22162839770317078, 'learning_rate': 1.0396825396825398e-05, 'epoch': 2.14}
{'embedding_loss': 0.0121, 'grad_norm': 0.8466066718101501, 'learning_rate': 6.4285714285714295e-06, 'epoch': 2.86}
{'embedding_loss': 0.0059, 'grad_norm': 0.13523165881633759, 'learning_rate': 2.4603174603174605e-06, 'epoch': 3.57}
{'train_runtime': 213.3327, 'train_samples_per_second': 21.0, 'train_steps_per_second': 1.313, 'train_loss': 0.04394170535462243, 'epoch': 4.0}

🔍 Evaluation Metrics
----------------------------------------
📊 Label Distribution:
  Label Not Data Journalism: 14
  Label Data Journalism: 4
  Label Half Data Journalism: 2

✅ Overall Metrics:
  Accuracy : 0.7000
  Precision: 0.8286
  Recall   : 0.7000
  F1       : 0.7271

🧩 Confusion Matrix:
  [1, 3, 0]
  [0, 2, 0]
  [1, 2, 11]

📌 Per-Class Metrics:
  Class Data Journalism: TP=1, FP=1, FN=3, TN=15
  Class Half Data Journalism: TP=2, FP=5, FN=0, TN=13
  Class Not Data Journalism: TP=11, FP=0, FN=3, TN=6
----------------------------------------
Fold finished F1 Score: 0.6728888888888889 None
Fold 3/5
Loading model from HPC local scratch: /tmp/shapovalov_setfit_model_cache_1387365
{'embedding_loss': 0.3287, 'grad_norm': 3.3898487091064453, 'learning_rate': 0.0, 'epoch': 0.01}
{'embedding_loss': 0.1599, 'grad_norm': 1.1501715183258057, 'learning_rate': 1.8333333333333333e-05, 'epoch': 0.71}
{'embedding_loss': 0.0298, 'grad_norm': 0.13703902065753937, 'learning_rate': 1.4365079365079366e-05, 'epoch': 1.43}
{'embedding_loss': 0.0107, 'grad_norm': 0.49390918016433716, 'learning_rate': 1.0396825396825398e-05, 'epoch': 2.14}
{'embedding_loss': 0.0042, 'grad_norm': 0.04524746909737587, 'learning_rate': 6.4285714285714295e-06, 'epoch': 2.86}
{'embedding_loss': 0.0047, 'grad_norm': 0.05790926516056061, 'learning_rate': 2.4603174603174605e-06, 'epoch': 3.57}
{'train_runtime': 215.1562, 'train_samples_per_second': 20.822, 'train_steps_per_second': 1.301, 'train_loss': 0.038322210099015916, 'epoch': 4.0}

🔍 Evaluation Metrics
----------------------------------------
📊 Label Distribution:
  Label Not Data Journalism: 13
  Label Half Data Journalism: 2
  Label Data Journalism: 5

✅ Overall Metrics:
  Accuracy : 0.7500
  Precision: 0.7958
  Recall   : 0.7500
  F1       : 0.7720

🧩 Confusion Matrix:
  [4, 1, 0]
  [1, 0, 1]
  [0, 2, 11]

📌 Per-Class Metrics:
  Class Data Journalism: TP=4, FP=1, FN=1, TN=14
  Class Half Data Journalism: TP=0, FP=3, FN=2, TN=15
  Class Not Data Journalism: TP=11, FP=1, FN=2, TN=6
----------------------------------------
Fold finished F1 Score: 0.728 None
Fold 4/5
Loading model from HPC local scratch: /tmp/shapovalov_setfit_model_cache_1387365
{'embedding_loss': 0.4535, 'grad_norm': 3.461676836013794, 'learning_rate': 0.0, 'epoch': 0.01}
{'embedding_loss': 0.1645, 'grad_norm': 1.1943645477294922, 'learning_rate': 1.8333333333333333e-05, 'epoch': 0.71}
{'embedding_loss': 0.0233, 'grad_norm': 0.6556445360183716, 'learning_rate': 1.4365079365079366e-05, 'epoch': 1.43}
{'embedding_loss': 0.0089, 'grad_norm': 0.18165211379528046, 'learning_rate': 1.0396825396825398e-05, 'epoch': 2.14}
{'embedding_loss': 0.0029, 'grad_norm': 0.04053696244955063, 'learning_rate': 6.4285714285714295e-06, 'epoch': 2.86}
{'embedding_loss': 0.0008, 'grad_norm': 0.03239411488175392, 'learning_rate': 2.4603174603174605e-06, 'epoch': 3.57}
{'train_runtime': 215.668, 'train_samples_per_second': 20.773, 'train_steps_per_second': 1.298, 'train_loss': 0.036905004210504036, 'epoch': 4.0}

🔍 Evaluation Metrics
----------------------------------------
📊 Label Distribution:
  Label Not Data Journalism: 13
  Label Data Journalism: 4
  Label Half Data Journalism: 3

✅ Overall Metrics:
  Accuracy : 0.8500
  Precision: 0.7233
  Recall   : 0.8500
  F1       : 0.7813

🧩 Confusion Matrix:
  [4, 0, 0]
  [1, 0, 2]
  [0, 0, 13]

📌 Per-Class Metrics:
  Class Data Journalism: TP=4, FP=1, FN=0, TN=15
  Class Half Data Journalism: TP=0, FP=0, FN=3, TN=17
  Class Not Data Journalism: TP=13, FP=2, FN=0, TN=5
----------------------------------------
Fold finished F1 Score: 0.9186507936507937 None
Fold 5/5
Loading model from HPC local scratch: /tmp/shapovalov_setfit_model_cache_1387365
{'embedding_loss': 0.4009, 'grad_norm': 3.7379493713378906, 'learning_rate': 0.0, 'epoch': 0.01}
{'embedding_loss': 0.1646, 'grad_norm': 1.0493298768997192, 'learning_rate': 1.8333333333333333e-05, 'epoch': 0.71}
{'embedding_loss': 0.0285, 'grad_norm': 0.03901967778801918, 'learning_rate': 1.4365079365079366e-05, 'epoch': 1.43}
{'embedding_loss': 0.0079, 'grad_norm': 0.022954534739255905, 'learning_rate': 1.0396825396825398e-05, 'epoch': 2.14}
{'embedding_loss': 0.0034, 'grad_norm': 0.4719381034374237, 'learning_rate': 6.4285714285714295e-06, 'epoch': 2.86}
{'embedding_loss': 0.0015, 'grad_norm': 0.03033328987658024, 'learning_rate': 2.4603174603174605e-06, 'epoch': 3.57}
{'train_runtime': 219.6746, 'train_samples_per_second': 20.394, 'train_steps_per_second': 1.275, 'train_loss': 0.037791136346225225, 'epoch': 4.0}

🔍 Evaluation Metrics
----------------------------------------
📊 Label Distribution:
  Label Not Data Journalism: 13
  Label Data Journalism: 4
  Label Half Data Journalism: 3

✅ Overall Metrics:
  Accuracy : 0.7000
  Precision: 0.5971
  Recall   : 0.7000
  F1       : 0.6300

🧩 Confusion Matrix:
  [1, 1, 2]
  [1, 0, 2]
  [0, 0, 13]

📌 Per-Class Metrics:
  Class Data Journalism: TP=1, FP=1, FN=3, TN=15
  Class Half Data Journalism: TP=0, FP=1, FN=3, TN=16
  Class Not Data Journalism: TP=13, FP=4, FN=0, TN=3
----------------------------------------
Fold finished F1 Score: 0.77 None
Average VRAM usage: 5051.60 MB, Max VRAM usage: 19782.21 MB
Trial 8 completed with avg fold F1 score: 0.7905746031746032
Trial 9: {'num_iterations': 8, 'num_epochs': 3, 'batch_size': 16, 'head_lr': 1.5339162591163613e-05}
Fold 1/5
Loading model from HPC local scratch: /tmp/shapovalov_setfit_model_cache_1387365
{'embedding_loss': 0.3451, 'grad_norm': 2.896070718765259, 'learning_rate': 0.0, 'epoch': 0.01}
{'embedding_loss': 0.1644, 'grad_norm': 0.5815149545669556, 'learning_rate': 1.7685185185185187e-05, 'epoch': 0.62}
{'embedding_loss': 0.0281, 'grad_norm': 0.13028492033481598, 'learning_rate': 1.3055555555555557e-05, 'epoch': 1.25}
{'embedding_loss': 0.0243, 'grad_norm': 0.2615799307823181, 'learning_rate': 8.425925925925926e-06, 'epoch': 1.88}
{'embedding_loss': 0.0111, 'grad_norm': 0.04009565711021423, 'learning_rate': 3.796296296296297e-06, 'epoch': 2.5}
{'train_runtime': 184.4329, 'train_samples_per_second': 20.821, 'train_steps_per_second': 1.301, 'train_loss': 0.04918667133897543, 'epoch': 3.0}

🔍 Evaluation Metrics
----------------------------------------
📊 Label Distribution:
  Label Data Journalism: 4
  Label Half Data Journalism: 2
  Label Not Data Journalism: 14

✅ Overall Metrics:
  Accuracy : 0.8000
  Precision: 0.8458
  Recall   : 0.8000
  F1       : 0.7733

🧩 Confusion Matrix:
  [1, 2, 1]
  [0, 1, 1]
  [0, 0, 14]

📌 Per-Class Metrics:
  Class Data Journalism: TP=1, FP=0, FN=3, TN=16
  Class Half Data Journalism: TP=1, FP=2, FN=1, TN=16
  Class Not Data Journalism: TP=14, FP=2, FN=0, TN=4
----------------------------------------
Fold finished F1 Score: 0.8266666666666668 None
Fold 2/5
Loading model from HPC local scratch: /tmp/shapovalov_setfit_model_cache_1387365
{'embedding_loss': 0.3706, 'grad_norm': 3.2043991088867188, 'learning_rate': 0.0, 'epoch': 0.01}
{'embedding_loss': 0.1545, 'grad_norm': 1.2442175149917603, 'learning_rate': 1.7685185185185187e-05, 'epoch': 0.62}
{'embedding_loss': 0.0344, 'grad_norm': 0.46935099363327026, 'learning_rate': 1.3055555555555557e-05, 'epoch': 1.25}
{'embedding_loss': 0.0249, 'grad_norm': 0.3180326819419861, 'learning_rate': 8.425925925925926e-06, 'epoch': 1.88}
{'embedding_loss': 0.0148, 'grad_norm': 0.37431642413139343, 'learning_rate': 3.796296296296297e-06, 'epoch': 2.5}
{'train_runtime': 184.1754, 'train_samples_per_second': 20.85, 'train_steps_per_second': 1.303, 'train_loss': 0.050162357091903684, 'epoch': 3.0}

🔍 Evaluation Metrics
----------------------------------------
📊 Label Distribution:
  Label Not Data Journalism: 14
  Label Data Journalism: 4
  Label Half Data Journalism: 2

✅ Overall Metrics:
  Accuracy : 0.8500
  Precision: 0.9000
  Recall   : 0.8500
  F1       : 0.8628

🧩 Confusion Matrix:
  [3, 1, 0]
  [0, 2, 0]
  [1, 1, 12]

📌 Per-Class Metrics:
  Class Data Journalism: TP=3, FP=1, FN=1, TN=15
  Class Half Data Journalism: TP=2, FP=2, FN=0, TN=16
  Class Not Data Journalism: TP=12, FP=0, FN=2, TN=6
----------------------------------------
Fold finished F1 Score: 0.8371794871794872 None
Fold 3/5
Loading model from HPC local scratch: /tmp/shapovalov_setfit_model_cache_1387365
{'embedding_loss': 0.3392, 'grad_norm': 2.816593647003174, 'learning_rate': 0.0, 'epoch': 0.01}
{'embedding_loss': 0.1533, 'grad_norm': 1.4565742015838623, 'learning_rate': 1.7685185185185187e-05, 'epoch': 0.62}
{'embedding_loss': 0.0301, 'grad_norm': 0.028422463685274124, 'learning_rate': 1.3055555555555557e-05, 'epoch': 1.25}
{'embedding_loss': 0.0152, 'grad_norm': 0.12420788407325745, 'learning_rate': 8.425925925925926e-06, 'epoch': 1.88}
{'embedding_loss': 0.0075, 'grad_norm': 0.08529823273420334, 'learning_rate': 3.796296296296297e-06, 'epoch': 2.5}
{'train_runtime': 184.8265, 'train_samples_per_second': 20.776, 'train_steps_per_second': 1.299, 'train_loss': 0.04420492397621274, 'epoch': 3.0}

🔍 Evaluation Metrics
----------------------------------------
📊 Label Distribution:
  Label Not Data Journalism: 13
  Label Half Data Journalism: 2
  Label Data Journalism: 5

✅ Overall Metrics:
  Accuracy : 0.8000
  Precision: 0.8708
  Recall   : 0.8000
  F1       : 0.8276

🧩 Confusion Matrix:
  [4, 1, 0]
  [0, 1, 1]
  [0, 2, 11]

📌 Per-Class Metrics:
  Class Data Journalism: TP=4, FP=0, FN=1, TN=15
  Class Half Data Journalism: TP=1, FP=3, FN=1, TN=15
  Class Not Data Journalism: TP=11, FP=1, FN=2, TN=6
----------------------------------------
Fold finished F1 Score: 0.7724444444444444 None
Fold 4/5
Loading model from HPC local scratch: /tmp/shapovalov_setfit_model_cache_1387365
{'embedding_loss': 0.2864, 'grad_norm': 2.9529924392700195, 'learning_rate': 0.0, 'epoch': 0.01}
{'embedding_loss': 0.1543, 'grad_norm': 0.8335371017456055, 'learning_rate': 1.7685185185185187e-05, 'epoch': 0.62}
{'embedding_loss': 0.0251, 'grad_norm': 0.09787995368242264, 'learning_rate': 1.3055555555555557e-05, 'epoch': 1.25}
{'embedding_loss': 0.0106, 'grad_norm': 1.250091791152954, 'learning_rate': 8.425925925925926e-06, 'epoch': 1.88}
{'embedding_loss': 0.002, 'grad_norm': 0.3062531054019928, 'learning_rate': 3.796296296296297e-06, 'epoch': 2.5}
{'train_runtime': 184.5901, 'train_samples_per_second': 20.803, 'train_steps_per_second': 1.3, 'train_loss': 0.04092647215972344, 'epoch': 3.0}

🔍 Evaluation Metrics
----------------------------------------
📊 Label Distribution:
  Label Not Data Journalism: 13
  Label Data Journalism: 4
  Label Half Data Journalism: 3

✅ Overall Metrics:
  Accuracy : 0.8000
  Precision: 0.7171
  Recall   : 0.8000
  F1       : 0.7556

🧩 Confusion Matrix:
  [4, 0, 0]
  [1, 0, 2]
  [0, 1, 12]

📌 Per-Class Metrics:
  Class Data Journalism: TP=4, FP=1, FN=0, TN=15
  Class Half Data Journalism: TP=0, FP=1, FN=3, TN=16
  Class Not Data Journalism: TP=12, FP=2, FN=1, TN=5
----------------------------------------
Fold finished F1 Score: 0.8444444444444443 None
Fold 5/5
Loading model from HPC local scratch: /tmp/shapovalov_setfit_model_cache_1387365
{'embedding_loss': 0.392, 'grad_norm': 2.9009206295013428, 'learning_rate': 0.0, 'epoch': 0.01}
{'embedding_loss': 0.1519, 'grad_norm': 0.7957608699798584, 'learning_rate': 1.7685185185185187e-05, 'epoch': 0.62}
{'embedding_loss': 0.0202, 'grad_norm': 0.2933466136455536, 'learning_rate': 1.3055555555555557e-05, 'epoch': 1.25}
{'embedding_loss': 0.0054, 'grad_norm': 0.05235496535897255, 'learning_rate': 8.425925925925926e-06, 'epoch': 1.88}
{'embedding_loss': 0.0011, 'grad_norm': 0.017965003848075867, 'learning_rate': 3.796296296296297e-06, 'epoch': 2.5}
{'train_runtime': 184.452, 'train_samples_per_second': 20.818, 'train_steps_per_second': 1.301, 'train_loss': 0.03831217631231994, 'epoch': 3.0}

🔍 Evaluation Metrics
----------------------------------------
📊 Label Distribution:
  Label Not Data Journalism: 13
  Label Data Journalism: 4
  Label Half Data Journalism: 3

✅ Overall Metrics:
  Accuracy : 0.7000
  Precision: 0.5971
  Recall   : 0.7000
  F1       : 0.6300

🧩 Confusion Matrix:
  [1, 1, 2]
  [1, 0, 2]
  [0, 0, 13]

📌 Per-Class Metrics:
  Class Data Journalism: TP=1, FP=1, FN=3, TN=15
  Class Half Data Journalism: TP=0, FP=1, FN=3, TN=16
  Class Not Data Journalism: TP=13, FP=4, FN=0, TN=3
----------------------------------------
Fold finished F1 Score: 0.77 None
Average VRAM usage: 5354.59 MB, Max VRAM usage: 21258.00 MB
Trial 9 completed with avg fold F1 score: 0.8101470085470087
Trial 10: {'num_iterations': 9, 'num_epochs': 3, 'batch_size': 16, 'head_lr': 1.0719864040714887e-05}
Fold 1/5
Loading model from HPC local scratch: /tmp/shapovalov_setfit_model_cache_1387365
{'embedding_loss': 0.3055, 'grad_norm': 2.91137433052063, 'learning_rate': 0.0, 'epoch': 0.01}
{'embedding_loss': 0.1635, 'grad_norm': 1.1010459661483765, 'learning_rate': 1.8189300411522635e-05, 'epoch': 0.56}
{'embedding_loss': 0.0382, 'grad_norm': 1.1430509090423584, 'learning_rate': 1.4074074074074075e-05, 'epoch': 1.11}
{'embedding_loss': 0.0262, 'grad_norm': 0.38822174072265625, 'learning_rate': 9.958847736625515e-06, 'epoch': 1.67}
{'embedding_loss': 0.0097, 'grad_norm': 0.43022647500038147, 'learning_rate': 5.843621399176955e-06, 'epoch': 2.22}
{'embedding_loss': 0.0072, 'grad_norm': 0.01846178248524666, 'learning_rate': 1.7283950617283952e-06, 'epoch': 2.78}
{'train_runtime': 206.006, 'train_samples_per_second': 20.97, 'train_steps_per_second': 1.311, 'train_loss': 0.04612644690054434, 'epoch': 3.0}

🔍 Evaluation Metrics
----------------------------------------
📊 Label Distribution:
  Label Data Journalism: 4
  Label Half Data Journalism: 2
  Label Not Data Journalism: 14

✅ Overall Metrics:
  Accuracy : 0.8000
  Precision: 0.8783
  Recall   : 0.8000
  F1       : 0.7892

🧩 Confusion Matrix:
  [1, 3, 0]
  [0, 1, 1]
  [0, 0, 14]

📌 Per-Class Metrics:
  Class Data Journalism: TP=1, FP=0, FN=3, TN=16
  Class Half Data Journalism: TP=1, FP=3, FN=1, TN=15
  Class Not Data Journalism: TP=14, FP=1, FN=0, TN=5
----------------------------------------
Fold finished F1 Score: 0.8108045977011494 None
Fold 2/5
Loading model from HPC local scratch: /tmp/shapovalov_setfit_model_cache_1387365
{'embedding_loss': 0.3031, 'grad_norm': 2.697917938232422, 'learning_rate': 0.0, 'epoch': 0.01}
{'embedding_loss': 0.1629, 'grad_norm': 1.2864246368408203, 'learning_rate': 1.8189300411522635e-05, 'epoch': 0.56}
{'embedding_loss': 0.0387, 'grad_norm': 0.5445811152458191, 'learning_rate': 1.4074074074074075e-05, 'epoch': 1.11}
{'embedding_loss': 0.0173, 'grad_norm': 0.4253438711166382, 'learning_rate': 9.958847736625515e-06, 'epoch': 1.67}
{'embedding_loss': 0.009, 'grad_norm': 0.023056894540786743, 'learning_rate': 5.843621399176955e-06, 'epoch': 2.22}
{'embedding_loss': 0.0036, 'grad_norm': 0.05188620835542679, 'learning_rate': 1.7283950617283952e-06, 'epoch': 2.78}
{'train_runtime': 207.6326, 'train_samples_per_second': 20.806, 'train_steps_per_second': 1.3, 'train_loss': 0.04360533784385081, 'epoch': 3.0}

🔍 Evaluation Metrics
----------------------------------------
📊 Label Distribution:
  Label Not Data Journalism: 14
  Label Data Journalism: 4
  Label Half Data Journalism: 2

✅ Overall Metrics:
  Accuracy : 0.8000
  Precision: 0.8900
  Recall   : 0.8000
  F1       : 0.8231

🧩 Confusion Matrix:
  [3, 1, 0]
  [0, 2, 0]
  [1, 2, 11]

📌 Per-Class Metrics:
  Class Data Journalism: TP=3, FP=1, FN=1, TN=15
  Class Half Data Journalism: TP=2, FP=3, FN=0, TN=15
  Class Not Data Journalism: TP=11, FP=0, FN=3, TN=6
----------------------------------------
Fold finished F1 Score: 0.7768571428571429 None
Fold 3/5
Loading model from HPC local scratch: /tmp/shapovalov_setfit_model_cache_1387365
{'embedding_loss': 0.3434, 'grad_norm': 3.14304518699646, 'learning_rate': 0.0, 'epoch': 0.01}
{'embedding_loss': 0.1601, 'grad_norm': 1.7531856298446655, 'learning_rate': 1.8189300411522635e-05, 'epoch': 0.56}
{'embedding_loss': 0.0294, 'grad_norm': 0.15435951948165894, 'learning_rate': 1.4074074074074075e-05, 'epoch': 1.11}
{'embedding_loss': 0.0182, 'grad_norm': 0.7828260660171509, 'learning_rate': 9.958847736625515e-06, 'epoch': 1.67}
{'embedding_loss': 0.0099, 'grad_norm': 0.11260239779949188, 'learning_rate': 5.843621399176955e-06, 'epoch': 2.22}
{'embedding_loss': 0.0021, 'grad_norm': 0.27623286843299866, 'learning_rate': 1.7283950617283952e-06, 'epoch': 2.78}
{'train_runtime': 206.9343, 'train_samples_per_second': 20.876, 'train_steps_per_second': 1.305, 'train_loss': 0.0417670167154736, 'epoch': 3.0}

🔍 Evaluation Metrics
----------------------------------------
📊 Label Distribution:
  Label Not Data Journalism: 13
  Label Half Data Journalism: 2
  Label Data Journalism: 5

✅ Overall Metrics:
  Accuracy : 0.6500
  Precision: 0.7292
  Recall   : 0.6500
  F1       : 0.6867

🧩 Confusion Matrix:
  [3, 1, 1]
  [1, 0, 1]
  [0, 3, 10]

📌 Per-Class Metrics:
  Class Data Journalism: TP=3, FP=1, FN=2, TN=14
  Class Half Data Journalism: TP=0, FP=4, FN=2, TN=14
  Class Not Data Journalism: TP=10, FP=2, FN=3, TN=5
----------------------------------------
Fold finished F1 Score: 0.6133333333333334 None
Fold 4/5
Loading model from HPC local scratch: /tmp/shapovalov_setfit_model_cache_1387365
{'embedding_loss': 0.3821, 'grad_norm': 3.3300387859344482, 'learning_rate': 0.0, 'epoch': 0.01}
{'embedding_loss': 0.1472, 'grad_norm': 0.38713881373405457, 'learning_rate': 1.8189300411522635e-05, 'epoch': 0.56}
{'embedding_loss': 0.0282, 'grad_norm': 0.9441004395484924, 'learning_rate': 1.4074074074074075e-05, 'epoch': 1.11}
{'embedding_loss': 0.0085, 'grad_norm': 0.11811885237693787, 'learning_rate': 9.958847736625515e-06, 'epoch': 1.67}
{'embedding_loss': 0.0042, 'grad_norm': 0.10699252784252167, 'learning_rate': 5.843621399176955e-06, 'epoch': 2.22}
{'embedding_loss': 0.0019, 'grad_norm': 0.08044295758008957, 'learning_rate': 1.7283950617283952e-06, 'epoch': 2.78}
{'train_runtime': 207.5914, 'train_samples_per_second': 20.81, 'train_steps_per_second': 1.301, 'train_loss': 0.03612085656711349, 'epoch': 3.0}

🔍 Evaluation Metrics
----------------------------------------
📊 Label Distribution:
  Label Not Data Journalism: 13
  Label Data Journalism: 4
  Label Half Data Journalism: 3

✅ Overall Metrics:
  Accuracy : 0.8000
  Precision: 0.7171
  Recall   : 0.8000
  F1       : 0.7556

🧩 Confusion Matrix:
  [4, 0, 0]
  [1, 0, 2]
  [0, 1, 12]

📌 Per-Class Metrics:
  Class Data Journalism: TP=4, FP=1, FN=0, TN=15
  Class Half Data Journalism: TP=0, FP=1, FN=3, TN=16
  Class Not Data Journalism: TP=12, FP=2, FN=1, TN=5
----------------------------------------
Fold finished F1 Score: 0.8444444444444443 None
Fold 5/5
Loading model from HPC local scratch: /tmp/shapovalov_setfit_model_cache_1387365
{'embedding_loss': 0.3429, 'grad_norm': 2.7064952850341797, 'learning_rate': 0.0, 'epoch': 0.01}
{'embedding_loss': 0.1563, 'grad_norm': 8.548178672790527, 'learning_rate': 1.8189300411522635e-05, 'epoch': 0.56}
{'embedding_loss': 0.027, 'grad_norm': 0.4518713653087616, 'learning_rate': 1.4074074074074075e-05, 'epoch': 1.11}
{'embedding_loss': 0.0056, 'grad_norm': 0.05060301348567009, 'learning_rate': 9.958847736625515e-06, 'epoch': 1.67}
{'embedding_loss': 0.0007, 'grad_norm': 0.007332084234803915, 'learning_rate': 5.843621399176955e-06, 'epoch': 2.22}
{'embedding_loss': 0.0011, 'grad_norm': 0.08425702899694443, 'learning_rate': 1.7283950617283952e-06, 'epoch': 2.78}
{'train_runtime': 207.5516, 'train_samples_per_second': 20.814, 'train_steps_per_second': 1.301, 'train_loss': 0.03603820821477307, 'epoch': 3.0}

🔍 Evaluation Metrics
----------------------------------------
📊 Label Distribution:
  Label Not Data Journalism: 13
  Label Data Journalism: 4
  Label Half Data Journalism: 3

✅ Overall Metrics:
  Accuracy : 0.7000
  Precision: 0.6281
  Recall   : 0.7000
  F1       : 0.6494

🧩 Confusion Matrix:
  [1, 2, 1]
  [1, 0, 2]
  [0, 0, 13]

📌 Per-Class Metrics:
  Class Data Journalism: TP=1, FP=1, FN=3, TN=15
  Class Half Data Journalism: TP=0, FP=2, FN=3, TN=15
  Class Not Data Journalism: TP=13, FP=3, FN=0, TN=4
----------------------------------------
Fold finished F1 Score: 0.7505747126436781 None
Average VRAM usage: 5282.94 MB, Max VRAM usage: 17234.46 MB
Trial 10 completed with avg fold F1 score: 0.7592028461959497
Trial 11: {'num_iterations': 8, 'num_epochs': 3, 'batch_size': 16, 'head_lr': 1.42856761240024e-05}
Fold 1/5
Loading model from HPC local scratch: /tmp/shapovalov_setfit_model_cache_1387365
{'embedding_loss': 0.3451, 'grad_norm': 2.896070718765259, 'learning_rate': 0.0, 'epoch': 0.01}
{'embedding_loss': 0.1644, 'grad_norm': 0.5815149545669556, 'learning_rate': 1.7685185185185187e-05, 'epoch': 0.62}
{'embedding_loss': 0.0281, 'grad_norm': 0.13028492033481598, 'learning_rate': 1.3055555555555557e-05, 'epoch': 1.25}
{'embedding_loss': 0.0243, 'grad_norm': 0.2615799307823181, 'learning_rate': 8.425925925925926e-06, 'epoch': 1.88}
{'embedding_loss': 0.0111, 'grad_norm': 0.04009565711021423, 'learning_rate': 3.796296296296297e-06, 'epoch': 2.5}
{'train_runtime': 182.4245, 'train_samples_per_second': 21.05, 'train_steps_per_second': 1.316, 'train_loss': 0.04918667133897543, 'epoch': 3.0}

🔍 Evaluation Metrics
----------------------------------------
📊 Label Distribution:
  Label Data Journalism: 4
  Label Half Data Journalism: 2
  Label Not Data Journalism: 14

✅ Overall Metrics:
  Accuracy : 0.8000
  Precision: 0.8458
  Recall   : 0.8000
  F1       : 0.7733

🧩 Confusion Matrix:
  [1, 2, 1]
  [0, 1, 1]
  [0, 0, 14]

📌 Per-Class Metrics:
  Class Data Journalism: TP=1, FP=0, FN=3, TN=16
  Class Half Data Journalism: TP=1, FP=2, FN=1, TN=16
  Class Not Data Journalism: TP=14, FP=2, FN=0, TN=4
----------------------------------------
Fold finished F1 Score: 0.8266666666666668 None
Fold 2/5
Loading model from HPC local scratch: /tmp/shapovalov_setfit_model_cache_1387365
{'embedding_loss': 0.3706, 'grad_norm': 3.2043991088867188, 'learning_rate': 0.0, 'epoch': 0.01}
{'embedding_loss': 0.1545, 'grad_norm': 1.2442175149917603, 'learning_rate': 1.7685185185185187e-05, 'epoch': 0.62}
{'embedding_loss': 0.0344, 'grad_norm': 0.46935099363327026, 'learning_rate': 1.3055555555555557e-05, 'epoch': 1.25}
{'embedding_loss': 0.0249, 'grad_norm': 0.3180326819419861, 'learning_rate': 8.425925925925926e-06, 'epoch': 1.88}
{'embedding_loss': 0.0148, 'grad_norm': 0.37431642413139343, 'learning_rate': 3.796296296296297e-06, 'epoch': 2.5}
{'train_runtime': 183.3231, 'train_samples_per_second': 20.947, 'train_steps_per_second': 1.309, 'train_loss': 0.050162357091903684, 'epoch': 3.0}

🔍 Evaluation Metrics
----------------------------------------
📊 Label Distribution:
  Label Not Data Journalism: 14
  Label Data Journalism: 4
  Label Half Data Journalism: 2

✅ Overall Metrics:
  Accuracy : 0.8500
  Precision: 0.9000
  Recall   : 0.8500
  F1       : 0.8628

🧩 Confusion Matrix:
  [3, 1, 0]
  [0, 2, 0]
  [1, 1, 12]

📌 Per-Class Metrics:
  Class Data Journalism: TP=3, FP=1, FN=1, TN=15
  Class Half Data Journalism: TP=2, FP=2, FN=0, TN=16
  Class Not Data Journalism: TP=12, FP=0, FN=2, TN=6
----------------------------------------
Fold finished F1 Score: 0.8371794871794872 None
Fold 3/5
Loading model from HPC local scratch: /tmp/shapovalov_setfit_model_cache_1387365
{'embedding_loss': 0.3392, 'grad_norm': 2.816593647003174, 'learning_rate': 0.0, 'epoch': 0.01}
{'embedding_loss': 0.1533, 'grad_norm': 1.4565742015838623, 'learning_rate': 1.7685185185185187e-05, 'epoch': 0.62}
{'embedding_loss': 0.0301, 'grad_norm': 0.028422463685274124, 'learning_rate': 1.3055555555555557e-05, 'epoch': 1.25}
{'embedding_loss': 0.0152, 'grad_norm': 0.12420788407325745, 'learning_rate': 8.425925925925926e-06, 'epoch': 1.88}
{'embedding_loss': 0.0075, 'grad_norm': 0.08529823273420334, 'learning_rate': 3.796296296296297e-06, 'epoch': 2.5}
{'train_runtime': 185.4468, 'train_samples_per_second': 20.707, 'train_steps_per_second': 1.294, 'train_loss': 0.04420492397621274, 'epoch': 3.0}

🔍 Evaluation Metrics
----------------------------------------
📊 Label Distribution:
  Label Not Data Journalism: 13
  Label Half Data Journalism: 2
  Label Data Journalism: 5

✅ Overall Metrics:
  Accuracy : 0.8000
  Precision: 0.8708
  Recall   : 0.8000
  F1       : 0.8276

🧩 Confusion Matrix:
  [4, 1, 0]
  [0, 1, 1]
  [0, 2, 11]

📌 Per-Class Metrics:
  Class Data Journalism: TP=4, FP=0, FN=1, TN=15
  Class Half Data Journalism: TP=1, FP=3, FN=1, TN=15
  Class Not Data Journalism: TP=11, FP=1, FN=2, TN=6
----------------------------------------
Fold finished F1 Score: 0.7724444444444444 None
Fold 4/5
Loading model from HPC local scratch: /tmp/shapovalov_setfit_model_cache_1387365
{'embedding_loss': 0.2864, 'grad_norm': 2.9529924392700195, 'learning_rate': 0.0, 'epoch': 0.01}
{'embedding_loss': 0.1543, 'grad_norm': 0.8335371017456055, 'learning_rate': 1.7685185185185187e-05, 'epoch': 0.62}
{'embedding_loss': 0.0251, 'grad_norm': 0.09787995368242264, 'learning_rate': 1.3055555555555557e-05, 'epoch': 1.25}
{'embedding_loss': 0.0106, 'grad_norm': 1.250091791152954, 'learning_rate': 8.425925925925926e-06, 'epoch': 1.88}
{'embedding_loss': 0.002, 'grad_norm': 0.3062531054019928, 'learning_rate': 3.796296296296297e-06, 'epoch': 2.5}
{'train_runtime': 185.512, 'train_samples_per_second': 20.699, 'train_steps_per_second': 1.294, 'train_loss': 0.04092647215972344, 'epoch': 3.0}

🔍 Evaluation Metrics
----------------------------------------
📊 Label Distribution:
  Label Not Data Journalism: 13
  Label Data Journalism: 4
  Label Half Data Journalism: 3

✅ Overall Metrics:
  Accuracy : 0.8000
  Precision: 0.7171
  Recall   : 0.8000
  F1       : 0.7556

🧩 Confusion Matrix:
  [4, 0, 0]
  [1, 0, 2]
  [0, 1, 12]

📌 Per-Class Metrics:
  Class Data Journalism: TP=4, FP=1, FN=0, TN=15
  Class Half Data Journalism: TP=0, FP=1, FN=3, TN=16
  Class Not Data Journalism: TP=12, FP=2, FN=1, TN=5
----------------------------------------
Fold finished F1 Score: 0.8444444444444443 None
Fold 5/5
Loading model from HPC local scratch: /tmp/shapovalov_setfit_model_cache_1387365
{'embedding_loss': 0.392, 'grad_norm': 2.9009206295013428, 'learning_rate': 0.0, 'epoch': 0.01}
{'embedding_loss': 0.1519, 'grad_norm': 0.7957608699798584, 'learning_rate': 1.7685185185185187e-05, 'epoch': 0.62}
{'embedding_loss': 0.0202, 'grad_norm': 0.2933466136455536, 'learning_rate': 1.3055555555555557e-05, 'epoch': 1.25}
{'embedding_loss': 0.0054, 'grad_norm': 0.05235496535897255, 'learning_rate': 8.425925925925926e-06, 'epoch': 1.88}
{'embedding_loss': 0.0011, 'grad_norm': 0.017965003848075867, 'learning_rate': 3.796296296296297e-06, 'epoch': 2.5}
{'train_runtime': 186.9888, 'train_samples_per_second': 20.536, 'train_steps_per_second': 1.283, 'train_loss': 0.03831217631231994, 'epoch': 3.0}

🔍 Evaluation Metrics
----------------------------------------
📊 Label Distribution:
  Label Not Data Journalism: 13
  Label Data Journalism: 4
  Label Half Data Journalism: 3

✅ Overall Metrics:
  Accuracy : 0.7000
  Precision: 0.5971
  Recall   : 0.7000
  F1       : 0.6300

🧩 Confusion Matrix:
  [1, 1, 2]
  [1, 0, 2]
  [0, 0, 13]

📌 Per-Class Metrics:
  Class Data Journalism: TP=1, FP=1, FN=3, TN=15
  Class Half Data Journalism: TP=0, FP=1, FN=3, TN=16
  Class Not Data Journalism: TP=13, FP=4, FN=0, TN=3
----------------------------------------
Fold finished F1 Score: 0.77 None
Average VRAM usage: 5317.01 MB, Max VRAM usage: 21286.80 MB
Trial 11 completed with avg fold F1 score: 0.8101470085470087
Trial 12: {'num_iterations': 8, 'num_epochs': 3, 'batch_size': 16, 'head_lr': 1.3715792335953042e-05}
Fold 1/5
Loading model from HPC local scratch: /tmp/shapovalov_setfit_model_cache_1387365
{'embedding_loss': 0.3451, 'grad_norm': 2.896070718765259, 'learning_rate': 0.0, 'epoch': 0.01}
{'embedding_loss': 0.1644, 'grad_norm': 0.5815149545669556, 'learning_rate': 1.7685185185185187e-05, 'epoch': 0.62}
{'embedding_loss': 0.0281, 'grad_norm': 0.13028492033481598, 'learning_rate': 1.3055555555555557e-05, 'epoch': 1.25}
{'embedding_loss': 0.0243, 'grad_norm': 0.2615799307823181, 'learning_rate': 8.425925925925926e-06, 'epoch': 1.88}
{'embedding_loss': 0.0111, 'grad_norm': 0.04009565711021423, 'learning_rate': 3.796296296296297e-06, 'epoch': 2.5}
{'train_runtime': 182.9737, 'train_samples_per_second': 20.987, 'train_steps_per_second': 1.312, 'train_loss': 0.04918667133897543, 'epoch': 3.0}

🔍 Evaluation Metrics
----------------------------------------
📊 Label Distribution:
  Label Data Journalism: 4
  Label Half Data Journalism: 2
  Label Not Data Journalism: 14

✅ Overall Metrics:
  Accuracy : 0.8000
  Precision: 0.8458
  Recall   : 0.8000
  F1       : 0.7733

🧩 Confusion Matrix:
  [1, 2, 1]
  [0, 1, 1]
  [0, 0, 14]

📌 Per-Class Metrics:
  Class Data Journalism: TP=1, FP=0, FN=3, TN=16
  Class Half Data Journalism: TP=1, FP=2, FN=1, TN=16
  Class Not Data Journalism: TP=14, FP=2, FN=0, TN=4
----------------------------------------
Fold finished F1 Score: 0.8266666666666668 None
Fold 2/5
Loading model from HPC local scratch: /tmp/shapovalov_setfit_model_cache_1387365
{'embedding_loss': 0.3706, 'grad_norm': 3.2043991088867188, 'learning_rate': 0.0, 'epoch': 0.01}
{'embedding_loss': 0.1545, 'grad_norm': 1.2442175149917603, 'learning_rate': 1.7685185185185187e-05, 'epoch': 0.62}
{'embedding_loss': 0.0344, 'grad_norm': 0.46935099363327026, 'learning_rate': 1.3055555555555557e-05, 'epoch': 1.25}
{'embedding_loss': 0.0249, 'grad_norm': 0.3180326819419861, 'learning_rate': 8.425925925925926e-06, 'epoch': 1.88}
{'embedding_loss': 0.0148, 'grad_norm': 0.37431642413139343, 'learning_rate': 3.796296296296297e-06, 'epoch': 2.5}
{'train_runtime': 183.8911, 'train_samples_per_second': 20.882, 'train_steps_per_second': 1.305, 'train_loss': 0.050162357091903684, 'epoch': 3.0}

🔍 Evaluation Metrics
----------------------------------------
📊 Label Distribution:
  Label Not Data Journalism: 14
  Label Data Journalism: 4
  Label Half Data Journalism: 2

✅ Overall Metrics:
  Accuracy : 0.8500
  Precision: 0.9000
  Recall   : 0.8500
  F1       : 0.8628

🧩 Confusion Matrix:
  [3, 1, 0]
  [0, 2, 0]
  [1, 1, 12]

📌 Per-Class Metrics:
  Class Data Journalism: TP=3, FP=1, FN=1, TN=15
  Class Half Data Journalism: TP=2, FP=2, FN=0, TN=16
  Class Not Data Journalism: TP=12, FP=0, FN=2, TN=6
----------------------------------------
Fold finished F1 Score: 0.8371794871794872 None
Fold 3/5
Loading model from HPC local scratch: /tmp/shapovalov_setfit_model_cache_1387365
{'embedding_loss': 0.3392, 'grad_norm': 2.816593647003174, 'learning_rate': 0.0, 'epoch': 0.01}
{'embedding_loss': 0.1533, 'grad_norm': 1.4565742015838623, 'learning_rate': 1.7685185185185187e-05, 'epoch': 0.62}
{'embedding_loss': 0.0301, 'grad_norm': 0.028422463685274124, 'learning_rate': 1.3055555555555557e-05, 'epoch': 1.25}
{'embedding_loss': 0.0152, 'grad_norm': 0.12420788407325745, 'learning_rate': 8.425925925925926e-06, 'epoch': 1.88}
{'embedding_loss': 0.0075, 'grad_norm': 0.08529823273420334, 'learning_rate': 3.796296296296297e-06, 'epoch': 2.5}
{'train_runtime': 186.5668, 'train_samples_per_second': 20.582, 'train_steps_per_second': 1.286, 'train_loss': 0.04420492397621274, 'epoch': 3.0}

🔍 Evaluation Metrics
----------------------------------------
📊 Label Distribution:
  Label Not Data Journalism: 13
  Label Half Data Journalism: 2
  Label Data Journalism: 5

✅ Overall Metrics:
  Accuracy : 0.8000
  Precision: 0.8708
  Recall   : 0.8000
  F1       : 0.8276

🧩 Confusion Matrix:
  [4, 1, 0]
  [0, 1, 1]
  [0, 2, 11]

📌 Per-Class Metrics:
  Class Data Journalism: TP=4, FP=0, FN=1, TN=15
  Class Half Data Journalism: TP=1, FP=3, FN=1, TN=15
  Class Not Data Journalism: TP=11, FP=1, FN=2, TN=6
----------------------------------------
Fold finished F1 Score: 0.7724444444444444 None
Fold 4/5
Loading model from HPC local scratch: /tmp/shapovalov_setfit_model_cache_1387365
{'embedding_loss': 0.2864, 'grad_norm': 2.9529924392700195, 'learning_rate': 0.0, 'epoch': 0.01}
{'embedding_loss': 0.1543, 'grad_norm': 0.8335371017456055, 'learning_rate': 1.7685185185185187e-05, 'epoch': 0.62}
{'embedding_loss': 0.0251, 'grad_norm': 0.09787995368242264, 'learning_rate': 1.3055555555555557e-05, 'epoch': 1.25}
{'embedding_loss': 0.0106, 'grad_norm': 1.250091791152954, 'learning_rate': 8.425925925925926e-06, 'epoch': 1.88}
{'embedding_loss': 0.002, 'grad_norm': 0.3062531054019928, 'learning_rate': 3.796296296296297e-06, 'epoch': 2.5}
{'train_runtime': 184.9486, 'train_samples_per_second': 20.763, 'train_steps_per_second': 1.298, 'train_loss': 0.04092647215972344, 'epoch': 3.0}

🔍 Evaluation Metrics
----------------------------------------
📊 Label Distribution:
  Label Not Data Journalism: 13
  Label Data Journalism: 4
  Label Half Data Journalism: 3

✅ Overall Metrics:
  Accuracy : 0.8000
  Precision: 0.7171
  Recall   : 0.8000
  F1       : 0.7556

🧩 Confusion Matrix:
  [4, 0, 0]
  [1, 0, 2]
  [0, 1, 12]

📌 Per-Class Metrics:
  Class Data Journalism: TP=4, FP=1, FN=0, TN=15
  Class Half Data Journalism: TP=0, FP=1, FN=3, TN=16
  Class Not Data Journalism: TP=12, FP=2, FN=1, TN=5
----------------------------------------
Fold finished F1 Score: 0.8444444444444443 None
Fold 5/5
Loading model from HPC local scratch: /tmp/shapovalov_setfit_model_cache_1387365
{'embedding_loss': 0.392, 'grad_norm': 2.9009206295013428, 'learning_rate': 0.0, 'epoch': 0.01}
{'embedding_loss': 0.1519, 'grad_norm': 0.7957608699798584, 'learning_rate': 1.7685185185185187e-05, 'epoch': 0.62}
{'embedding_loss': 0.0202, 'grad_norm': 0.2933466136455536, 'learning_rate': 1.3055555555555557e-05, 'epoch': 1.25}
{'embedding_loss': 0.0054, 'grad_norm': 0.05235496535897255, 'learning_rate': 8.425925925925926e-06, 'epoch': 1.88}
{'embedding_loss': 0.0011, 'grad_norm': 0.017965003848075867, 'learning_rate': 3.796296296296297e-06, 'epoch': 2.5}
{'train_runtime': 184.8956, 'train_samples_per_second': 20.768, 'train_steps_per_second': 1.298, 'train_loss': 0.03831217631231994, 'epoch': 3.0}

🔍 Evaluation Metrics
----------------------------------------
📊 Label Distribution:
  Label Not Data Journalism: 13
  Label Data Journalism: 4
  Label Half Data Journalism: 3

✅ Overall Metrics:
  Accuracy : 0.7000
  Precision: 0.5971
  Recall   : 0.7000
  F1       : 0.6300

🧩 Confusion Matrix:
  [1, 1, 2]
  [1, 0, 2]
  [0, 0, 13]

📌 Per-Class Metrics:
  Class Data Journalism: TP=1, FP=1, FN=3, TN=15
  Class Half Data Journalism: TP=0, FP=1, FN=3, TN=16
  Class Not Data Journalism: TP=13, FP=4, FN=0, TN=3
----------------------------------------
Fold finished F1 Score: 0.77 None
Average VRAM usage: 5304.19 MB, Max VRAM usage: 20746.09 MB
Trial 12 completed with avg fold F1 score: 0.8101470085470087
Trial 13: {'num_iterations': 8, 'num_epochs': 3, 'batch_size': 16, 'head_lr': 0.00024966778788717203}
Fold 1/5
Loading model from HPC local scratch: /tmp/shapovalov_setfit_model_cache_1387365
{'embedding_loss': 0.3451, 'grad_norm': 2.896070718765259, 'learning_rate': 0.0, 'epoch': 0.01}
{'embedding_loss': 0.1644, 'grad_norm': 0.5815149545669556, 'learning_rate': 1.7685185185185187e-05, 'epoch': 0.62}
{'embedding_loss': 0.0281, 'grad_norm': 0.13028492033481598, 'learning_rate': 1.3055555555555557e-05, 'epoch': 1.25}
{'embedding_loss': 0.0243, 'grad_norm': 0.2615799307823181, 'learning_rate': 8.425925925925926e-06, 'epoch': 1.88}
{'embedding_loss': 0.0111, 'grad_norm': 0.04009565711021423, 'learning_rate': 3.796296296296297e-06, 'epoch': 2.5}
{'train_runtime': 182.3179, 'train_samples_per_second': 21.062, 'train_steps_per_second': 1.316, 'train_loss': 0.04918667133897543, 'epoch': 3.0}

🔍 Evaluation Metrics
----------------------------------------
📊 Label Distribution:
  Label Data Journalism: 4
  Label Half Data Journalism: 2
  Label Not Data Journalism: 14

✅ Overall Metrics:
  Accuracy : 0.8000
  Precision: 0.8458
  Recall   : 0.8000
  F1       : 0.7733

🧩 Confusion Matrix:
  [1, 2, 1]
  [0, 1, 1]
  [0, 0, 14]

📌 Per-Class Metrics:
  Class Data Journalism: TP=1, FP=0, FN=3, TN=16
  Class Half Data Journalism: TP=1, FP=2, FN=1, TN=16
  Class Not Data Journalism: TP=14, FP=2, FN=0, TN=4
----------------------------------------
Fold finished F1 Score: 0.8266666666666668 None
Fold 2/5
Loading model from HPC local scratch: /tmp/shapovalov_setfit_model_cache_1387365
{'embedding_loss': 0.3706, 'grad_norm': 3.2043991088867188, 'learning_rate': 0.0, 'epoch': 0.01}
{'embedding_loss': 0.1545, 'grad_norm': 1.2442175149917603, 'learning_rate': 1.7685185185185187e-05, 'epoch': 0.62}
{'embedding_loss': 0.0344, 'grad_norm': 0.46935099363327026, 'learning_rate': 1.3055555555555557e-05, 'epoch': 1.25}
{'embedding_loss': 0.0249, 'grad_norm': 0.3180326819419861, 'learning_rate': 8.425925925925926e-06, 'epoch': 1.88}
{'embedding_loss': 0.0148, 'grad_norm': 0.37431642413139343, 'learning_rate': 3.796296296296297e-06, 'epoch': 2.5}
{'train_runtime': 182.803, 'train_samples_per_second': 21.006, 'train_steps_per_second': 1.313, 'train_loss': 0.050162357091903684, 'epoch': 3.0}

🔍 Evaluation Metrics
----------------------------------------
📊 Label Distribution:
  Label Not Data Journalism: 14
  Label Data Journalism: 4
  Label Half Data Journalism: 2

✅ Overall Metrics:
  Accuracy : 0.8500
  Precision: 0.9000
  Recall   : 0.8500
  F1       : 0.8628

🧩 Confusion Matrix:
  [3, 1, 0]
  [0, 2, 0]
  [1, 1, 12]

📌 Per-Class Metrics:
  Class Data Journalism: TP=3, FP=1, FN=1, TN=15
  Class Half Data Journalism: TP=2, FP=2, FN=0, TN=16
  Class Not Data Journalism: TP=12, FP=0, FN=2, TN=6
----------------------------------------
Fold finished F1 Score: 0.8371794871794872 None
Fold 3/5
Loading model from HPC local scratch: /tmp/shapovalov_setfit_model_cache_1387365
{'embedding_loss': 0.3392, 'grad_norm': 2.816593647003174, 'learning_rate': 0.0, 'epoch': 0.01}
{'embedding_loss': 0.1533, 'grad_norm': 1.4565742015838623, 'learning_rate': 1.7685185185185187e-05, 'epoch': 0.62}
{'embedding_loss': 0.0301, 'grad_norm': 0.028422463685274124, 'learning_rate': 1.3055555555555557e-05, 'epoch': 1.25}
{'embedding_loss': 0.0152, 'grad_norm': 0.12420788407325745, 'learning_rate': 8.425925925925926e-06, 'epoch': 1.88}
{'embedding_loss': 0.0075, 'grad_norm': 0.08529823273420334, 'learning_rate': 3.796296296296297e-06, 'epoch': 2.5}
{'train_runtime': 185.2523, 'train_samples_per_second': 20.728, 'train_steps_per_second': 1.296, 'train_loss': 0.04420492397621274, 'epoch': 3.0}

🔍 Evaluation Metrics
----------------------------------------
📊 Label Distribution:
  Label Not Data Journalism: 13
  Label Half Data Journalism: 2
  Label Data Journalism: 5

✅ Overall Metrics:
  Accuracy : 0.8000
  Precision: 0.8708
  Recall   : 0.8000
  F1       : 0.8276

🧩 Confusion Matrix:
  [4, 1, 0]
  [0, 1, 1]
  [0, 2, 11]

📌 Per-Class Metrics:
  Class Data Journalism: TP=4, FP=0, FN=1, TN=15
  Class Half Data Journalism: TP=1, FP=3, FN=1, TN=15
  Class Not Data Journalism: TP=11, FP=1, FN=2, TN=6
----------------------------------------
Fold finished F1 Score: 0.7724444444444444 None
Fold 4/5
Loading model from HPC local scratch: /tmp/shapovalov_setfit_model_cache_1387365
{'embedding_loss': 0.2864, 'grad_norm': 2.9529924392700195, 'learning_rate': 0.0, 'epoch': 0.01}
{'embedding_loss': 0.1543, 'grad_norm': 0.8335371017456055, 'learning_rate': 1.7685185185185187e-05, 'epoch': 0.62}
{'embedding_loss': 0.0251, 'grad_norm': 0.09787995368242264, 'learning_rate': 1.3055555555555557e-05, 'epoch': 1.25}
{'embedding_loss': 0.0106, 'grad_norm': 1.250091791152954, 'learning_rate': 8.425925925925926e-06, 'epoch': 1.88}
{'embedding_loss': 0.002, 'grad_norm': 0.3062531054019928, 'learning_rate': 3.796296296296297e-06, 'epoch': 2.5}
{'train_runtime': 184.5994, 'train_samples_per_second': 20.802, 'train_steps_per_second': 1.3, 'train_loss': 0.04092647215972344, 'epoch': 3.0}

🔍 Evaluation Metrics
----------------------------------------
📊 Label Distribution:
  Label Not Data Journalism: 13
  Label Data Journalism: 4
  Label Half Data Journalism: 3

✅ Overall Metrics:
  Accuracy : 0.8000
  Precision: 0.7171
  Recall   : 0.8000
  F1       : 0.7556

🧩 Confusion Matrix:
  [4, 0, 0]
  [1, 0, 2]
  [0, 1, 12]

📌 Per-Class Metrics:
  Class Data Journalism: TP=4, FP=1, FN=0, TN=15
  Class Half Data Journalism: TP=0, FP=1, FN=3, TN=16
  Class Not Data Journalism: TP=12, FP=2, FN=1, TN=5
----------------------------------------
Fold finished F1 Score: 0.8444444444444443 None
Fold 5/5
Loading model from HPC local scratch: /tmp/shapovalov_setfit_model_cache_1387365
{'embedding_loss': 0.392, 'grad_norm': 2.9009206295013428, 'learning_rate': 0.0, 'epoch': 0.01}
{'embedding_loss': 0.1519, 'grad_norm': 0.7957608699798584, 'learning_rate': 1.7685185185185187e-05, 'epoch': 0.62}
{'embedding_loss': 0.0202, 'grad_norm': 0.2933466136455536, 'learning_rate': 1.3055555555555557e-05, 'epoch': 1.25}
{'embedding_loss': 0.0054, 'grad_norm': 0.05235496535897255, 'learning_rate': 8.425925925925926e-06, 'epoch': 1.88}
{'embedding_loss': 0.0011, 'grad_norm': 0.017965003848075867, 'learning_rate': 3.796296296296297e-06, 'epoch': 2.5}
{'train_runtime': 184.6246, 'train_samples_per_second': 20.799, 'train_steps_per_second': 1.3, 'train_loss': 0.03831217631231994, 'epoch': 3.0}

🔍 Evaluation Metrics
----------------------------------------
📊 Label Distribution:
  Label Not Data Journalism: 13
  Label Data Journalism: 4
  Label Half Data Journalism: 3

✅ Overall Metrics:
  Accuracy : 0.7000
  Precision: 0.5971
  Recall   : 0.7000
  F1       : 0.6300

🧩 Confusion Matrix:
  [1, 1, 2]
  [1, 0, 2]
  [0, 0, 13]

📌 Per-Class Metrics:
  Class Data Journalism: TP=1, FP=1, FN=3, TN=15
  Class Half Data Journalism: TP=0, FP=1, FN=3, TN=16
  Class Not Data Journalism: TP=13, FP=4, FN=0, TN=3
----------------------------------------
Fold finished F1 Score: 0.77 None
Average VRAM usage: 5292.07 MB, Max VRAM usage: 21263.62 MB
Trial 13 completed with avg fold F1 score: 0.8101470085470087
Trial 14: {'num_iterations': 9, 'num_epochs': 3, 'batch_size': 16, 'head_lr': 0.00021904221439740916}
Fold 1/5
Loading model from HPC local scratch: /tmp/shapovalov_setfit_model_cache_1387365
{'embedding_loss': 0.3055, 'grad_norm': 2.91137433052063, 'learning_rate': 0.0, 'epoch': 0.01}
{'embedding_loss': 0.1635, 'grad_norm': 1.1010459661483765, 'learning_rate': 1.8189300411522635e-05, 'epoch': 0.56}
{'embedding_loss': 0.0382, 'grad_norm': 1.1430509090423584, 'learning_rate': 1.4074074074074075e-05, 'epoch': 1.11}
{'embedding_loss': 0.0262, 'grad_norm': 0.38822174072265625, 'learning_rate': 9.958847736625515e-06, 'epoch': 1.67}
{'embedding_loss': 0.0097, 'grad_norm': 0.43022647500038147, 'learning_rate': 5.843621399176955e-06, 'epoch': 2.22}
{'embedding_loss': 0.0072, 'grad_norm': 0.01846178248524666, 'learning_rate': 1.7283950617283952e-06, 'epoch': 2.78}
{'train_runtime': 208.443, 'train_samples_per_second': 20.725, 'train_steps_per_second': 1.295, 'train_loss': 0.04612644690054434, 'epoch': 3.0}

🔍 Evaluation Metrics
----------------------------------------
📊 Label Distribution:
  Label Data Journalism: 4
  Label Half Data Journalism: 2
  Label Not Data Journalism: 14

✅ Overall Metrics:
  Accuracy : 0.8000
  Precision: 0.8783
  Recall   : 0.8000
  F1       : 0.7892

🧩 Confusion Matrix:
  [1, 3, 0]
  [0, 1, 1]
  [0, 0, 14]

📌 Per-Class Metrics:
  Class Data Journalism: TP=1, FP=0, FN=3, TN=16
  Class Half Data Journalism: TP=1, FP=3, FN=1, TN=15
  Class Not Data Journalism: TP=14, FP=1, FN=0, TN=5
----------------------------------------
Fold finished F1 Score: 0.8108045977011494 None
Fold 2/5
Loading model from HPC local scratch: /tmp/shapovalov_setfit_model_cache_1387365
{'embedding_loss': 0.3031, 'grad_norm': 2.697917938232422, 'learning_rate': 0.0, 'epoch': 0.01}
{'embedding_loss': 0.1629, 'grad_norm': 1.2864246368408203, 'learning_rate': 1.8189300411522635e-05, 'epoch': 0.56}
{'embedding_loss': 0.0387, 'grad_norm': 0.5445811152458191, 'learning_rate': 1.4074074074074075e-05, 'epoch': 1.11}
{'embedding_loss': 0.0173, 'grad_norm': 0.4253438711166382, 'learning_rate': 9.958847736625515e-06, 'epoch': 1.67}
{'embedding_loss': 0.009, 'grad_norm': 0.023056894540786743, 'learning_rate': 5.843621399176955e-06, 'epoch': 2.22}
{'embedding_loss': 0.0036, 'grad_norm': 0.05188620835542679, 'learning_rate': 1.7283950617283952e-06, 'epoch': 2.78}
{'train_runtime': 206.9244, 'train_samples_per_second': 20.877, 'train_steps_per_second': 1.305, 'train_loss': 0.04360533784385081, 'epoch': 3.0}

🔍 Evaluation Metrics
----------------------------------------
📊 Label Distribution:
  Label Not Data Journalism: 14
  Label Data Journalism: 4
  Label Half Data Journalism: 2

✅ Overall Metrics:
  Accuracy : 0.8000
  Precision: 0.8900
  Recall   : 0.8000
  F1       : 0.8231

🧩 Confusion Matrix:
  [3, 1, 0]
  [0, 2, 0]
  [1, 2, 11]

📌 Per-Class Metrics:
  Class Data Journalism: TP=3, FP=1, FN=1, TN=15
  Class Half Data Journalism: TP=2, FP=3, FN=0, TN=15
  Class Not Data Journalism: TP=11, FP=0, FN=3, TN=6
----------------------------------------
Fold finished F1 Score: 0.7768571428571429 None
Fold 3/5
Loading model from HPC local scratch: /tmp/shapovalov_setfit_model_cache_1387365
{'embedding_loss': 0.3434, 'grad_norm': 3.14304518699646, 'learning_rate': 0.0, 'epoch': 0.01}
{'embedding_loss': 0.1601, 'grad_norm': 1.7531856298446655, 'learning_rate': 1.8189300411522635e-05, 'epoch': 0.56}
{'embedding_loss': 0.0294, 'grad_norm': 0.15435951948165894, 'learning_rate': 1.4074074074074075e-05, 'epoch': 1.11}
{'embedding_loss': 0.0182, 'grad_norm': 0.7828260660171509, 'learning_rate': 9.958847736625515e-06, 'epoch': 1.67}
{'embedding_loss': 0.0099, 'grad_norm': 0.11260239779949188, 'learning_rate': 5.843621399176955e-06, 'epoch': 2.22}
{'embedding_loss': 0.0021, 'grad_norm': 0.27623286843299866, 'learning_rate': 1.7283950617283952e-06, 'epoch': 2.78}
{'train_runtime': 206.649, 'train_samples_per_second': 20.905, 'train_steps_per_second': 1.307, 'train_loss': 0.0417670167154736, 'epoch': 3.0}

🔍 Evaluation Metrics
----------------------------------------
📊 Label Distribution:
  Label Not Data Journalism: 13
  Label Half Data Journalism: 2
  Label Data Journalism: 5

✅ Overall Metrics:
  Accuracy : 0.6500
  Precision: 0.7292
  Recall   : 0.6500
  F1       : 0.6867

🧩 Confusion Matrix:
  [3, 1, 1]
  [1, 0, 1]
  [0, 3, 10]

📌 Per-Class Metrics:
  Class Data Journalism: TP=3, FP=1, FN=2, TN=14
  Class Half Data Journalism: TP=0, FP=4, FN=2, TN=14
  Class Not Data Journalism: TP=10, FP=2, FN=3, TN=5
----------------------------------------
Fold finished F1 Score: 0.6133333333333334 None
Fold 4/5
Loading model from HPC local scratch: /tmp/shapovalov_setfit_model_cache_1387365
{'embedding_loss': 0.3821, 'grad_norm': 3.3300387859344482, 'learning_rate': 0.0, 'epoch': 0.01}
{'embedding_loss': 0.1472, 'grad_norm': 0.38713881373405457, 'learning_rate': 1.8189300411522635e-05, 'epoch': 0.56}
{'embedding_loss': 0.0282, 'grad_norm': 0.9441004395484924, 'learning_rate': 1.4074074074074075e-05, 'epoch': 1.11}
{'embedding_loss': 0.0085, 'grad_norm': 0.11811885237693787, 'learning_rate': 9.958847736625515e-06, 'epoch': 1.67}
{'embedding_loss': 0.0042, 'grad_norm': 0.10699252784252167, 'learning_rate': 5.843621399176955e-06, 'epoch': 2.22}
{'embedding_loss': 0.0019, 'grad_norm': 0.08044295758008957, 'learning_rate': 1.7283950617283952e-06, 'epoch': 2.78}
{'train_runtime': 208.6306, 'train_samples_per_second': 20.706, 'train_steps_per_second': 1.294, 'train_loss': 0.03612085656711349, 'epoch': 3.0}

🔍 Evaluation Metrics
----------------------------------------
📊 Label Distribution:
  Label Not Data Journalism: 13
  Label Data Journalism: 4
  Label Half Data Journalism: 3

✅ Overall Metrics:
  Accuracy : 0.8000
  Precision: 0.7171
  Recall   : 0.8000
  F1       : 0.7556

🧩 Confusion Matrix:
  [4, 0, 0]
  [1, 0, 2]
  [0, 1, 12]

📌 Per-Class Metrics:
  Class Data Journalism: TP=4, FP=1, FN=0, TN=15
  Class Half Data Journalism: TP=0, FP=1, FN=3, TN=16
  Class Not Data Journalism: TP=12, FP=2, FN=1, TN=5
----------------------------------------
Fold finished F1 Score: 0.8444444444444443 None
Fold 5/5
Loading model from HPC local scratch: /tmp/shapovalov_setfit_model_cache_1387365
{'embedding_loss': 0.3429, 'grad_norm': 2.7064952850341797, 'learning_rate': 0.0, 'epoch': 0.01}
{'embedding_loss': 0.1563, 'grad_norm': 8.548178672790527, 'learning_rate': 1.8189300411522635e-05, 'epoch': 0.56}
{'embedding_loss': 0.027, 'grad_norm': 0.4518713653087616, 'learning_rate': 1.4074074074074075e-05, 'epoch': 1.11}
{'embedding_loss': 0.0056, 'grad_norm': 0.05060301348567009, 'learning_rate': 9.958847736625515e-06, 'epoch': 1.67}
{'embedding_loss': 0.0007, 'grad_norm': 0.007332084234803915, 'learning_rate': 5.843621399176955e-06, 'epoch': 2.22}
{'embedding_loss': 0.0011, 'grad_norm': 0.08425702899694443, 'learning_rate': 1.7283950617283952e-06, 'epoch': 2.78}
{'train_runtime': 206.8136, 'train_samples_per_second': 20.888, 'train_steps_per_second': 1.306, 'train_loss': 0.03603820821477307, 'epoch': 3.0}

🔍 Evaluation Metrics
----------------------------------------
📊 Label Distribution:
  Label Not Data Journalism: 13
  Label Data Journalism: 4
  Label Half Data Journalism: 3

✅ Overall Metrics:
  Accuracy : 0.7000
  Precision: 0.6281
  Recall   : 0.7000
  F1       : 0.6494

🧩 Confusion Matrix:
  [1, 2, 1]
  [1, 0, 2]
  [0, 0, 13]

📌 Per-Class Metrics:
  Class Data Journalism: TP=1, FP=1, FN=3, TN=15
  Class Half Data Journalism: TP=0, FP=2, FN=3, TN=15
  Class Not Data Journalism: TP=13, FP=3, FN=0, TN=4
----------------------------------------
Fold finished F1 Score: 0.7505747126436781 None
Average VRAM usage: 5650.56 MB, Max VRAM usage: 21264.82 MB
Trial 14 completed with avg fold F1 score: 0.7592028461959497
Trial 15: {'num_iterations': 8, 'num_epochs': 3, 'batch_size': 16, 'head_lr': 2.6574558200327415e-05}
Fold 1/5
Loading model from HPC local scratch: /tmp/shapovalov_setfit_model_cache_1387365
{'embedding_loss': 0.3451, 'grad_norm': 2.896070718765259, 'learning_rate': 0.0, 'epoch': 0.01}
{'embedding_loss': 0.1644, 'grad_norm': 0.5815149545669556, 'learning_rate': 1.7685185185185187e-05, 'epoch': 0.62}
{'embedding_loss': 0.0281, 'grad_norm': 0.13028492033481598, 'learning_rate': 1.3055555555555557e-05, 'epoch': 1.25}
{'embedding_loss': 0.0243, 'grad_norm': 0.2615799307823181, 'learning_rate': 8.425925925925926e-06, 'epoch': 1.88}
{'embedding_loss': 0.0111, 'grad_norm': 0.04009565711021423, 'learning_rate': 3.796296296296297e-06, 'epoch': 2.5}
{'train_runtime': 182.1961, 'train_samples_per_second': 21.076, 'train_steps_per_second': 1.317, 'train_loss': 0.04918667133897543, 'epoch': 3.0}

🔍 Evaluation Metrics
----------------------------------------
📊 Label Distribution:
  Label Data Journalism: 4
  Label Half Data Journalism: 2
  Label Not Data Journalism: 14

✅ Overall Metrics:
  Accuracy : 0.8000
  Precision: 0.8458
  Recall   : 0.8000
  F1       : 0.7733

🧩 Confusion Matrix:
  [1, 2, 1]
  [0, 1, 1]
  [0, 0, 14]

📌 Per-Class Metrics:
  Class Data Journalism: TP=1, FP=0, FN=3, TN=16
  Class Half Data Journalism: TP=1, FP=2, FN=1, TN=16
  Class Not Data Journalism: TP=14, FP=2, FN=0, TN=4
----------------------------------------
Fold finished F1 Score: 0.8266666666666668 None
Fold 2/5
Loading model from HPC local scratch: /tmp/shapovalov_setfit_model_cache_1387365
{'embedding_loss': 0.3706, 'grad_norm': 3.2043991088867188, 'learning_rate': 0.0, 'epoch': 0.01}
{'embedding_loss': 0.1545, 'grad_norm': 1.2442175149917603, 'learning_rate': 1.7685185185185187e-05, 'epoch': 0.62}
{'embedding_loss': 0.0344, 'grad_norm': 0.46935099363327026, 'learning_rate': 1.3055555555555557e-05, 'epoch': 1.25}
{'embedding_loss': 0.0249, 'grad_norm': 0.3180326819419861, 'learning_rate': 8.425925925925926e-06, 'epoch': 1.88}
{'embedding_loss': 0.0148, 'grad_norm': 0.37431642413139343, 'learning_rate': 3.796296296296297e-06, 'epoch': 2.5}
{'train_runtime': 184.4342, 'train_samples_per_second': 20.82, 'train_steps_per_second': 1.301, 'train_loss': 0.050162357091903684, 'epoch': 3.0}

🔍 Evaluation Metrics
----------------------------------------
📊 Label Distribution:
  Label Not Data Journalism: 14
  Label Data Journalism: 4
  Label Half Data Journalism: 2

✅ Overall Metrics:
  Accuracy : 0.8500
  Precision: 0.9000
  Recall   : 0.8500
  F1       : 0.8628

🧩 Confusion Matrix:
  [3, 1, 0]
  [0, 2, 0]
  [1, 1, 12]

📌 Per-Class Metrics:
  Class Data Journalism: TP=3, FP=1, FN=1, TN=15
  Class Half Data Journalism: TP=2, FP=2, FN=0, TN=16
  Class Not Data Journalism: TP=12, FP=0, FN=2, TN=6
----------------------------------------
Fold finished F1 Score: 0.8371794871794872 None
Fold 3/5
Loading model from HPC local scratch: /tmp/shapovalov_setfit_model_cache_1387365
{'embedding_loss': 0.3392, 'grad_norm': 2.816593647003174, 'learning_rate': 0.0, 'epoch': 0.01}
{'embedding_loss': 0.1533, 'grad_norm': 1.4565742015838623, 'learning_rate': 1.7685185185185187e-05, 'epoch': 0.62}
{'embedding_loss': 0.0301, 'grad_norm': 0.028422463685274124, 'learning_rate': 1.3055555555555557e-05, 'epoch': 1.25}
{'embedding_loss': 0.0152, 'grad_norm': 0.12420788407325745, 'learning_rate': 8.425925925925926e-06, 'epoch': 1.88}
{'embedding_loss': 0.0075, 'grad_norm': 0.08529823273420334, 'learning_rate': 3.796296296296297e-06, 'epoch': 2.5}
{'train_runtime': 184.8917, 'train_samples_per_second': 20.769, 'train_steps_per_second': 1.298, 'train_loss': 0.04420492397621274, 'epoch': 3.0}

🔍 Evaluation Metrics
----------------------------------------
📊 Label Distribution:
  Label Not Data Journalism: 13
  Label Half Data Journalism: 2
  Label Data Journalism: 5

✅ Overall Metrics:
  Accuracy : 0.8000
  Precision: 0.8708
  Recall   : 0.8000
  F1       : 0.8276

🧩 Confusion Matrix:
  [4, 1, 0]
  [0, 1, 1]
  [0, 2, 11]

📌 Per-Class Metrics:
  Class Data Journalism: TP=4, FP=0, FN=1, TN=15
  Class Half Data Journalism: TP=1, FP=3, FN=1, TN=15
  Class Not Data Journalism: TP=11, FP=1, FN=2, TN=6
----------------------------------------
Fold finished F1 Score: 0.7724444444444444 None
Fold 4/5
Loading model from HPC local scratch: /tmp/shapovalov_setfit_model_cache_1387365
{'embedding_loss': 0.2864, 'grad_norm': 2.9529924392700195, 'learning_rate': 0.0, 'epoch': 0.01}
{'embedding_loss': 0.1543, 'grad_norm': 0.8335371017456055, 'learning_rate': 1.7685185185185187e-05, 'epoch': 0.62}
{'embedding_loss': 0.0251, 'grad_norm': 0.09787995368242264, 'learning_rate': 1.3055555555555557e-05, 'epoch': 1.25}
{'embedding_loss': 0.0106, 'grad_norm': 1.250091791152954, 'learning_rate': 8.425925925925926e-06, 'epoch': 1.88}
{'embedding_loss': 0.002, 'grad_norm': 0.3062531054019928, 'learning_rate': 3.796296296296297e-06, 'epoch': 2.5}
{'train_runtime': 185.684, 'train_samples_per_second': 20.68, 'train_steps_per_second': 1.293, 'train_loss': 0.04092647215972344, 'epoch': 3.0}

🔍 Evaluation Metrics
----------------------------------------
📊 Label Distribution:
  Label Not Data Journalism: 13
  Label Data Journalism: 4
  Label Half Data Journalism: 3

✅ Overall Metrics:
  Accuracy : 0.8000
  Precision: 0.7171
  Recall   : 0.8000
  F1       : 0.7556

🧩 Confusion Matrix:
  [4, 0, 0]
  [1, 0, 2]
  [0, 1, 12]

📌 Per-Class Metrics:
  Class Data Journalism: TP=4, FP=1, FN=0, TN=15
  Class Half Data Journalism: TP=0, FP=1, FN=3, TN=16
  Class Not Data Journalism: TP=12, FP=2, FN=1, TN=5
----------------------------------------
Fold finished F1 Score: 0.8444444444444443 None
Fold 5/5
Loading model from HPC local scratch: /tmp/shapovalov_setfit_model_cache_1387365
{'embedding_loss': 0.392, 'grad_norm': 2.9009206295013428, 'learning_rate': 0.0, 'epoch': 0.01}
{'embedding_loss': 0.1519, 'grad_norm': 0.7957608699798584, 'learning_rate': 1.7685185185185187e-05, 'epoch': 0.62}
{'embedding_loss': 0.0202, 'grad_norm': 0.2933466136455536, 'learning_rate': 1.3055555555555557e-05, 'epoch': 1.25}
{'embedding_loss': 0.0054, 'grad_norm': 0.05235496535897255, 'learning_rate': 8.425925925925926e-06, 'epoch': 1.88}
{'embedding_loss': 0.0011, 'grad_norm': 0.017965003848075867, 'learning_rate': 3.796296296296297e-06, 'epoch': 2.5}
{'train_runtime': 183.8732, 'train_samples_per_second': 20.884, 'train_steps_per_second': 1.305, 'train_loss': 0.03831217631231994, 'epoch': 3.0}

🔍 Evaluation Metrics
----------------------------------------
📊 Label Distribution:
  Label Not Data Journalism: 13
  Label Data Journalism: 4
  Label Half Data Journalism: 3

✅ Overall Metrics:
  Accuracy : 0.7000
  Precision: 0.5971
  Recall   : 0.7000
  F1       : 0.6300

🧩 Confusion Matrix:
  [1, 1, 2]
  [1, 0, 2]
  [0, 0, 13]

📌 Per-Class Metrics:
  Class Data Journalism: TP=1, FP=1, FN=3, TN=15
  Class Half Data Journalism: TP=0, FP=1, FN=3, TN=16
  Class Not Data Journalism: TP=13, FP=4, FN=0, TN=3
----------------------------------------
Fold finished F1 Score: 0.77 None
Average VRAM usage: 4845.04 MB, Max VRAM usage: 15105.23 MB
Trial 15 completed with avg fold F1 score: 0.8101470085470087
Trial 16: {'num_iterations': 7, 'num_epochs': 3, 'batch_size': 16, 'head_lr': 0.0001253673219089811}
Fold 1/5
Loading model from HPC local scratch: /tmp/shapovalov_setfit_model_cache_1387365
{'embedding_loss': 0.3753, 'grad_norm': 3.523641347885132, 'learning_rate': 0.0, 'epoch': 0.01}
{'embedding_loss': 0.1579, 'grad_norm': 0.6305482387542725, 'learning_rate': 1.7037037037037038e-05, 'epoch': 0.71}
{'embedding_loss': 0.0345, 'grad_norm': 0.5553069710731506, 'learning_rate': 1.1746031746031748e-05, 'epoch': 1.43}
{'embedding_loss': 0.0216, 'grad_norm': 1.4073874950408936, 'learning_rate': 6.455026455026455e-06, 'epoch': 2.14}
{'embedding_loss': 0.0128, 'grad_norm': 0.54205721616745, 'learning_rate': 1.164021164021164e-06, 'epoch': 2.86}
{'train_runtime': 161.3595, 'train_samples_per_second': 20.823, 'train_steps_per_second': 1.301, 'train_loss': 0.055485513806343076, 'epoch': 3.0}

🔍 Evaluation Metrics
----------------------------------------
📊 Label Distribution:
  Label Data Journalism: 4
  Label Half Data Journalism: 2
  Label Not Data Journalism: 14

✅ Overall Metrics:
  Accuracy : 0.8500
  Precision: 0.8867
  Recall   : 0.8500
  F1       : 0.8492

🧩 Confusion Matrix:
  [2, 2, 0]
  [0, 1, 1]
  [0, 0, 14]

📌 Per-Class Metrics:
  Class Data Journalism: TP=2, FP=0, FN=2, TN=16
  Class Half Data Journalism: TP=1, FP=2, FN=1, TN=16
  Class Not Data Journalism: TP=14, FP=1, FN=0, TN=5
----------------------------------------
Fold finished F1 Score: 0.8508045977011495 None
Fold 2/5
Loading model from HPC local scratch: /tmp/shapovalov_setfit_model_cache_1387365
{'embedding_loss': 0.3604, 'grad_norm': 3.6940126419067383, 'learning_rate': 0.0, 'epoch': 0.01}
{'embedding_loss': 0.1515, 'grad_norm': 0.5727890729904175, 'learning_rate': 1.7037037037037038e-05, 'epoch': 0.71}
{'embedding_loss': 0.0323, 'grad_norm': 0.14159029722213745, 'learning_rate': 1.1746031746031748e-05, 'epoch': 1.43}
{'embedding_loss': 0.0234, 'grad_norm': 0.3818378448486328, 'learning_rate': 6.455026455026455e-06, 'epoch': 2.14}
{'embedding_loss': 0.0148, 'grad_norm': 0.9097439050674438, 'learning_rate': 1.164021164021164e-06, 'epoch': 2.86}
{'train_runtime': 160.1412, 'train_samples_per_second': 20.981, 'train_steps_per_second': 1.311, 'train_loss': 0.05471398929754893, 'epoch': 3.0}

🔍 Evaluation Metrics
----------------------------------------
📊 Label Distribution:
  Label Not Data Journalism: 14
  Label Data Journalism: 4
  Label Half Data Journalism: 2

✅ Overall Metrics:
  Accuracy : 0.7000
  Precision: 0.8286
  Recall   : 0.7000
  F1       : 0.7271

🧩 Confusion Matrix:
  [1, 3, 0]
  [0, 2, 0]
  [1, 2, 11]

📌 Per-Class Metrics:
  Class Data Journalism: TP=1, FP=1, FN=3, TN=15
  Class Half Data Journalism: TP=2, FP=5, FN=0, TN=13
  Class Not Data Journalism: TP=11, FP=0, FN=3, TN=6
----------------------------------------
Fold finished F1 Score: 0.6728888888888889 None
Fold 3/5
Loading model from HPC local scratch: /tmp/shapovalov_setfit_model_cache_1387365
{'embedding_loss': 0.3287, 'grad_norm': 3.3898487091064453, 'learning_rate': 0.0, 'epoch': 0.01}
{'embedding_loss': 0.1464, 'grad_norm': 1.0560283660888672, 'learning_rate': 1.7037037037037038e-05, 'epoch': 0.71}
{'embedding_loss': 0.0306, 'grad_norm': 0.1651388704776764, 'learning_rate': 1.1746031746031748e-05, 'epoch': 1.43}
{'embedding_loss': 0.0127, 'grad_norm': 0.5470564365386963, 'learning_rate': 6.455026455026455e-06, 'epoch': 2.14}
{'embedding_loss': 0.0052, 'grad_norm': 0.11787008494138718, 'learning_rate': 1.164021164021164e-06, 'epoch': 2.86}
{'train_runtime': 160.514, 'train_samples_per_second': 20.933, 'train_steps_per_second': 1.308, 'train_loss': 0.047756146923417134, 'epoch': 3.0}

🔍 Evaluation Metrics
----------------------------------------
📊 Label Distribution:
  Label Not Data Journalism: 13
  Label Half Data Journalism: 2
  Label Data Journalism: 5

✅ Overall Metrics:
  Accuracy : 0.8000
  Precision: 0.8708
  Recall   : 0.8000
  F1       : 0.8276

🧩 Confusion Matrix:
  [4, 1, 0]
  [0, 1, 1]
  [0, 2, 11]

📌 Per-Class Metrics:
  Class Data Journalism: TP=4, FP=0, FN=1, TN=15
  Class Half Data Journalism: TP=1, FP=3, FN=1, TN=15
  Class Not Data Journalism: TP=11, FP=1, FN=2, TN=6
----------------------------------------
Fold finished F1 Score: 0.7724444444444444 None
Fold 4/5
Loading model from HPC local scratch: /tmp/shapovalov_setfit_model_cache_1387365
{'embedding_loss': 0.4535, 'grad_norm': 3.461676836013794, 'learning_rate': 0.0, 'epoch': 0.01}
{'embedding_loss': 0.1508, 'grad_norm': 1.2352181673049927, 'learning_rate': 1.7037037037037038e-05, 'epoch': 0.71}
{'embedding_loss': 0.0211, 'grad_norm': 0.7159741520881653, 'learning_rate': 1.1746031746031748e-05, 'epoch': 1.43}
{'embedding_loss': 0.0079, 'grad_norm': 0.19666072726249695, 'learning_rate': 6.455026455026455e-06, 'epoch': 2.14}
{'embedding_loss': 0.0026, 'grad_norm': 0.04652692377567291, 'learning_rate': 1.164021164021164e-06, 'epoch': 2.86}
{'train_runtime': 161.1122, 'train_samples_per_second': 20.855, 'train_steps_per_second': 1.303, 'train_loss': 0.044979362855000156, 'epoch': 3.0}

🔍 Evaluation Metrics
----------------------------------------
📊 Label Distribution:
  Label Not Data Journalism: 13
  Label Data Journalism: 4
  Label Half Data Journalism: 3

✅ Overall Metrics:
  Accuracy : 0.8500
  Precision: 0.7233
  Recall   : 0.8500
  F1       : 0.7813

🧩 Confusion Matrix:
  [4, 0, 0]
  [1, 0, 2]
  [0, 0, 13]

📌 Per-Class Metrics:
  Class Data Journalism: TP=4, FP=1, FN=0, TN=15
  Class Half Data Journalism: TP=0, FP=0, FN=3, TN=17
  Class Not Data Journalism: TP=13, FP=2, FN=0, TN=5
----------------------------------------
Fold finished F1 Score: 0.9186507936507937 None
Fold 5/5
Loading model from HPC local scratch: /tmp/shapovalov_setfit_model_cache_1387365
{'embedding_loss': 0.4009, 'grad_norm': 3.7379493713378906, 'learning_rate': 0.0, 'epoch': 0.01}
{'embedding_loss': 0.1542, 'grad_norm': 1.0762884616851807, 'learning_rate': 1.7037037037037038e-05, 'epoch': 0.71}
{'embedding_loss': 0.0266, 'grad_norm': 0.048244230449199677, 'learning_rate': 1.1746031746031748e-05, 'epoch': 1.43}
{'embedding_loss': 0.0049, 'grad_norm': 0.013027084060013294, 'learning_rate': 6.455026455026455e-06, 'epoch': 2.14}
{'embedding_loss': 0.0023, 'grad_norm': 0.09483475983142853, 'learning_rate': 1.164021164021164e-06, 'epoch': 2.86}
{'train_runtime': 161.806, 'train_samples_per_second': 20.766, 'train_steps_per_second': 1.298, 'train_loss': 0.04596453011922893, 'epoch': 3.0}

🔍 Evaluation Metrics
----------------------------------------
📊 Label Distribution:
  Label Not Data Journalism: 13
  Label Data Journalism: 4
  Label Half Data Journalism: 3

✅ Overall Metrics:
  Accuracy : 0.7000
  Precision: 0.5971
  Recall   : 0.7000
  F1       : 0.6300

🧩 Confusion Matrix:
  [1, 1, 2]
  [1, 0, 2]
  [0, 0, 13]

📌 Per-Class Metrics:
  Class Data Journalism: TP=1, FP=1, FN=3, TN=15
  Class Half Data Journalism: TP=0, FP=1, FN=3, TN=16
  Class Not Data Journalism: TP=13, FP=4, FN=0, TN=3
----------------------------------------
Fold finished F1 Score: 0.77 None
Average VRAM usage: 5541.78 MB, Max VRAM usage: 21310.75 MB
Trial 16 completed with avg fold F1 score: 0.7969577449370553
Trial 17: {'num_iterations': 9, 'num_epochs': 4, 'batch_size': 16, 'head_lr': 0.03071023640248155}
Fold 1/5
Loading model from HPC local scratch: /tmp/shapovalov_setfit_model_cache_1387365
{'embedding_loss': 0.3055, 'grad_norm': 2.91137433052063, 'learning_rate': 0.0, 'epoch': 0.01}
{'embedding_loss': 0.1772, 'grad_norm': 1.5446010828018188, 'learning_rate': 1.9197530864197534e-05, 'epoch': 0.56}
{'embedding_loss': 0.0393, 'grad_norm': 1.1243622303009033, 'learning_rate': 1.6111111111111115e-05, 'epoch': 1.11}
{'embedding_loss': 0.0263, 'grad_norm': 0.40729522705078125, 'learning_rate': 1.3024691358024692e-05, 'epoch': 1.67}
{'embedding_loss': 0.0083, 'grad_norm': 0.31313976645469666, 'learning_rate': 9.938271604938273e-06, 'epoch': 2.22}
{'embedding_loss': 0.0059, 'grad_norm': 0.03999663516879082, 'learning_rate': 6.851851851851853e-06, 'epoch': 2.78}
{'embedding_loss': 0.001, 'grad_norm': 0.09985370188951492, 'learning_rate': 3.7654320987654325e-06, 'epoch': 3.33}
{'embedding_loss': 0.0007, 'grad_norm': 0.014814291149377823, 'learning_rate': 6.790123456790124e-07, 'epoch': 3.89}
{'train_runtime': 273.6454, 'train_samples_per_second': 21.049, 'train_steps_per_second': 1.316, 'train_loss': 0.03648572042584419, 'epoch': 4.0}

🔍 Evaluation Metrics
----------------------------------------
📊 Label Distribution:
  Label Data Journalism: 4
  Label Half Data Journalism: 2
  Label Not Data Journalism: 14

✅ Overall Metrics:
  Accuracy : 0.8500
  Precision: 0.8625
  Recall   : 0.8500
  F1       : 0.8367

🧩 Confusion Matrix:
  [2, 1, 1]
  [0, 1, 1]
  [0, 0, 14]

📌 Per-Class Metrics:
  Class Data Journalism: TP=2, FP=0, FN=2, TN=16
  Class Half Data Journalism: TP=1, FP=1, FN=1, TN=17
  Class Not Data Journalism: TP=14, FP=2, FN=0, TN=4
----------------------------------------
Fold finished F1 Score: 0.8633333333333333 None
Fold 2/5
Loading model from HPC local scratch: /tmp/shapovalov_setfit_model_cache_1387365
{'embedding_loss': 0.3031, 'grad_norm': 2.697917938232422, 'learning_rate': 0.0, 'epoch': 0.01}
{'embedding_loss': 0.1766, 'grad_norm': 1.166198968887329, 'learning_rate': 1.9197530864197534e-05, 'epoch': 0.56}
{'embedding_loss': 0.0384, 'grad_norm': 0.4787498414516449, 'learning_rate': 1.6111111111111115e-05, 'epoch': 1.11}
{'embedding_loss': 0.0174, 'grad_norm': 0.41079628467559814, 'learning_rate': 1.3024691358024692e-05, 'epoch': 1.67}
{'embedding_loss': 0.0086, 'grad_norm': 0.01782279834151268, 'learning_rate': 9.938271604938273e-06, 'epoch': 2.22}
{'embedding_loss': 0.0029, 'grad_norm': 0.046476274728775024, 'learning_rate': 6.851851851851853e-06, 'epoch': 2.78}
{'embedding_loss': 0.0014, 'grad_norm': 0.02215614914894104, 'learning_rate': 3.7654320987654325e-06, 'epoch': 3.33}
{'embedding_loss': 0.0008, 'grad_norm': 0.04079686850309372, 'learning_rate': 6.790123456790124e-07, 'epoch': 3.89}
{'train_runtime': 275.5142, 'train_samples_per_second': 20.906, 'train_steps_per_second': 1.307, 'train_loss': 0.03454434871673584, 'epoch': 4.0}

🔍 Evaluation Metrics
----------------------------------------
📊 Label Distribution:
  Label Not Data Journalism: 14
  Label Data Journalism: 4
  Label Half Data Journalism: 2

✅ Overall Metrics:
  Accuracy : 0.8000
  Precision: 0.8900
  Recall   : 0.8000
  F1       : 0.8231

🧩 Confusion Matrix:
  [3, 1, 0]
  [0, 2, 0]
  [1, 2, 11]

📌 Per-Class Metrics:
  Class Data Journalism: TP=3, FP=1, FN=1, TN=15
  Class Half Data Journalism: TP=2, FP=3, FN=0, TN=15
  Class Not Data Journalism: TP=11, FP=0, FN=3, TN=6
----------------------------------------
Fold finished F1 Score: 0.7768571428571429 None
Fold 3/5
Loading model from HPC local scratch: /tmp/shapovalov_setfit_model_cache_1387365
{'embedding_loss': 0.3434, 'grad_norm': 3.14304518699646, 'learning_rate': 0.0, 'epoch': 0.01}
{'embedding_loss': 0.1735, 'grad_norm': 1.6420763731002808, 'learning_rate': 1.9197530864197534e-05, 'epoch': 0.56}
{'embedding_loss': 0.032, 'grad_norm': 0.19167733192443848, 'learning_rate': 1.6111111111111115e-05, 'epoch': 1.11}
{'embedding_loss': 0.0148, 'grad_norm': 0.5231315493583679, 'learning_rate': 1.3024691358024692e-05, 'epoch': 1.67}
{'embedding_loss': 0.0084, 'grad_norm': 0.056557685136795044, 'learning_rate': 9.938271604938273e-06, 'epoch': 2.22}
{'embedding_loss': 0.0012, 'grad_norm': 0.10286290943622589, 'learning_rate': 6.851851851851853e-06, 'epoch': 2.78}
{'embedding_loss': 0.0017, 'grad_norm': 0.026528535410761833, 'learning_rate': 3.7654320987654325e-06, 'epoch': 3.33}
{'embedding_loss': 0.0007, 'grad_norm': 0.01592150516808033, 'learning_rate': 6.790123456790124e-07, 'epoch': 3.89}
{'train_runtime': 276.9352, 'train_samples_per_second': 20.799, 'train_steps_per_second': 1.3, 'train_loss': 0.03276173917757761, 'epoch': 4.0}

🔍 Evaluation Metrics
----------------------------------------
📊 Label Distribution:
  Label Not Data Journalism: 13
  Label Half Data Journalism: 2
  Label Data Journalism: 5

✅ Overall Metrics:
  Accuracy : 0.7000
  Precision: 0.7909
  Recall   : 0.7000
  F1       : 0.7417

🧩 Confusion Matrix:
  [4, 1, 0]
  [1, 0, 1]
  [0, 3, 10]

📌 Per-Class Metrics:
  Class Data Journalism: TP=4, FP=1, FN=1, TN=14
  Class Half Data Journalism: TP=0, FP=4, FN=2, TN=14
  Class Not Data Journalism: TP=10, FP=1, FN=3, TN=6
----------------------------------------
Fold finished F1 Score: 0.6583333333333334 None
Fold 4/5
Loading model from HPC local scratch: /tmp/shapovalov_setfit_model_cache_1387365
{'embedding_loss': 0.3821, 'grad_norm': 3.3300387859344482, 'learning_rate': 0.0, 'epoch': 0.01}
{'embedding_loss': 0.1606, 'grad_norm': 0.7095491290092468, 'learning_rate': 1.9197530864197534e-05, 'epoch': 0.56}
{'embedding_loss': 0.0275, 'grad_norm': 1.1417372226715088, 'learning_rate': 1.6111111111111115e-05, 'epoch': 1.11}
{'embedding_loss': 0.0082, 'grad_norm': 0.14989212155342102, 'learning_rate': 1.3024691358024692e-05, 'epoch': 1.67}
{'embedding_loss': 0.0031, 'grad_norm': 0.041216179728507996, 'learning_rate': 9.938271604938273e-06, 'epoch': 2.22}
{'embedding_loss': 0.0009, 'grad_norm': 0.04181221127510071, 'learning_rate': 6.851851851851853e-06, 'epoch': 2.78}
{'embedding_loss': 0.0004, 'grad_norm': 0.04224874824285507, 'learning_rate': 3.7654320987654325e-06, 'epoch': 3.33}
{'embedding_loss': 0.0004, 'grad_norm': 0.025862982496619225, 'learning_rate': 6.790123456790124e-07, 'epoch': 3.89}
{'train_runtime': 277.7197, 'train_samples_per_second': 20.74, 'train_steps_per_second': 1.296, 'train_loss': 0.02855579434480104, 'epoch': 4.0}

🔍 Evaluation Metrics
----------------------------------------
📊 Label Distribution:
  Label Not Data Journalism: 13
  Label Data Journalism: 4
  Label Half Data Journalism: 3

✅ Overall Metrics:
  Accuracy : 0.8000
  Precision: 0.7171
  Recall   : 0.8000
  F1       : 0.7556

🧩 Confusion Matrix:
  [4, 0, 0]
  [1, 0, 2]
  [0, 1, 12]

📌 Per-Class Metrics:
  Class Data Journalism: TP=4, FP=1, FN=0, TN=15
  Class Half Data Journalism: TP=0, FP=1, FN=3, TN=16
  Class Not Data Journalism: TP=12, FP=2, FN=1, TN=5
----------------------------------------
Fold finished F1 Score: 0.8444444444444443 None
Fold 5/5
Loading model from HPC local scratch: /tmp/shapovalov_setfit_model_cache_1387365
{'embedding_loss': 0.3429, 'grad_norm': 2.7064952850341797, 'learning_rate': 0.0, 'epoch': 0.01}
{'embedding_loss': 0.165, 'grad_norm': 1.6784040927886963, 'learning_rate': 1.9197530864197534e-05, 'epoch': 0.56}
{'embedding_loss': 0.0284, 'grad_norm': 0.37445589900016785, 'learning_rate': 1.6111111111111115e-05, 'epoch': 1.11}
{'embedding_loss': 0.005, 'grad_norm': 0.05028281360864639, 'learning_rate': 1.3024691358024692e-05, 'epoch': 1.67}
{'embedding_loss': 0.0005, 'grad_norm': 0.005639967508614063, 'learning_rate': 9.938271604938273e-06, 'epoch': 2.22}
{'embedding_loss': 0.0007, 'grad_norm': 0.04680904000997543, 'learning_rate': 6.851851851851853e-06, 'epoch': 2.78}
{'embedding_loss': 0.0003, 'grad_norm': 0.01506939996033907, 'learning_rate': 3.7654320987654325e-06, 'epoch': 3.33}
{'embedding_loss': 0.0004, 'grad_norm': 0.009241520427167416, 'learning_rate': 6.790123456790124e-07, 'epoch': 3.89}
{'train_runtime': 278.941, 'train_samples_per_second': 20.65, 'train_steps_per_second': 1.291, 'train_loss': 0.028315154200471523, 'epoch': 4.0}

🔍 Evaluation Metrics
----------------------------------------
📊 Label Distribution:
  Label Not Data Journalism: 13
  Label Data Journalism: 4
  Label Half Data Journalism: 3

✅ Overall Metrics:
  Accuracy : 0.7500
  Precision: 0.6967
  Recall   : 0.7500
  F1       : 0.7179

🧩 Confusion Matrix:
  [2, 2, 0]
  [1, 0, 2]
  [0, 0, 13]

📌 Per-Class Metrics:
  Class Data Journalism: TP=2, FP=1, FN=2, TN=15
  Class Half Data Journalism: TP=0, FP=2, FN=3, TN=15
  Class Not Data Journalism: TP=13, FP=2, FN=0, TN=5
----------------------------------------
Fold finished F1 Score: 0.7821428571428571 None
Average VRAM usage: 5236.45 MB, Max VRAM usage: 21310.77 MB
Trial 17 completed with avg fold F1 score: 0.7850222222222223
Trial 18: {'num_iterations': 8, 'num_epochs': 3, 'batch_size': 16, 'head_lr': 0.000700216358269045}
Fold 1/5
Loading model from HPC local scratch: /tmp/shapovalov_setfit_model_cache_1387365
{'embedding_loss': 0.3451, 'grad_norm': 2.896070718765259, 'learning_rate': 0.0, 'epoch': 0.01}
{'embedding_loss': 0.1644, 'grad_norm': 0.5815149545669556, 'learning_rate': 1.7685185185185187e-05, 'epoch': 0.62}
{'embedding_loss': 0.0281, 'grad_norm': 0.13028492033481598, 'learning_rate': 1.3055555555555557e-05, 'epoch': 1.25}
{'embedding_loss': 0.0243, 'grad_norm': 0.2615799307823181, 'learning_rate': 8.425925925925926e-06, 'epoch': 1.88}
{'embedding_loss': 0.0111, 'grad_norm': 0.04009565711021423, 'learning_rate': 3.796296296296297e-06, 'epoch': 2.5}
{'train_runtime': 183.1537, 'train_samples_per_second': 20.966, 'train_steps_per_second': 1.31, 'train_loss': 0.04918667133897543, 'epoch': 3.0}

🔍 Evaluation Metrics
----------------------------------------
📊 Label Distribution:
  Label Data Journalism: 4
  Label Half Data Journalism: 2
  Label Not Data Journalism: 14

✅ Overall Metrics:
  Accuracy : 0.8000
  Precision: 0.8458
  Recall   : 0.8000
  F1       : 0.7733

🧩 Confusion Matrix:
  [1, 2, 1]
  [0, 1, 1]
  [0, 0, 14]

📌 Per-Class Metrics:
  Class Data Journalism: TP=1, FP=0, FN=3, TN=16
  Class Half Data Journalism: TP=1, FP=2, FN=1, TN=16
  Class Not Data Journalism: TP=14, FP=2, FN=0, TN=4
----------------------------------------
Fold finished F1 Score: 0.8266666666666668 None
Fold 2/5
Loading model from HPC local scratch: /tmp/shapovalov_setfit_model_cache_1387365
{'embedding_loss': 0.3706, 'grad_norm': 3.2043991088867188, 'learning_rate': 0.0, 'epoch': 0.01}
{'embedding_loss': 0.1545, 'grad_norm': 1.2442175149917603, 'learning_rate': 1.7685185185185187e-05, 'epoch': 0.62}
{'embedding_loss': 0.0344, 'grad_norm': 0.46935099363327026, 'learning_rate': 1.3055555555555557e-05, 'epoch': 1.25}
{'embedding_loss': 0.0249, 'grad_norm': 0.3180326819419861, 'learning_rate': 8.425925925925926e-06, 'epoch': 1.88}
{'embedding_loss': 0.0148, 'grad_norm': 0.37431642413139343, 'learning_rate': 3.796296296296297e-06, 'epoch': 2.5}
{'train_runtime': 184.2056, 'train_samples_per_second': 20.846, 'train_steps_per_second': 1.303, 'train_loss': 0.050162357091903684, 'epoch': 3.0}

🔍 Evaluation Metrics
----------------------------------------
📊 Label Distribution:
  Label Not Data Journalism: 14
  Label Data Journalism: 4
  Label Half Data Journalism: 2

✅ Overall Metrics:
  Accuracy : 0.8500
  Precision: 0.9000
  Recall   : 0.8500
  F1       : 0.8628

🧩 Confusion Matrix:
  [3, 1, 0]
  [0, 2, 0]
  [1, 1, 12]

📌 Per-Class Metrics:
  Class Data Journalism: TP=3, FP=1, FN=1, TN=15
  Class Half Data Journalism: TP=2, FP=2, FN=0, TN=16
  Class Not Data Journalism: TP=12, FP=0, FN=2, TN=6
----------------------------------------
Fold finished F1 Score: 0.8371794871794872 None
Fold 3/5
Loading model from HPC local scratch: /tmp/shapovalov_setfit_model_cache_1387365
{'embedding_loss': 0.3392, 'grad_norm': 2.816593647003174, 'learning_rate': 0.0, 'epoch': 0.01}
{'embedding_loss': 0.1533, 'grad_norm': 1.4565742015838623, 'learning_rate': 1.7685185185185187e-05, 'epoch': 0.62}
{'embedding_loss': 0.0301, 'grad_norm': 0.028422463685274124, 'learning_rate': 1.3055555555555557e-05, 'epoch': 1.25}
{'embedding_loss': 0.0152, 'grad_norm': 0.12420788407325745, 'learning_rate': 8.425925925925926e-06, 'epoch': 1.88}
{'embedding_loss': 0.0075, 'grad_norm': 0.08529823273420334, 'learning_rate': 3.796296296296297e-06, 'epoch': 2.5}
{'train_runtime': 183.7508, 'train_samples_per_second': 20.898, 'train_steps_per_second': 1.306, 'train_loss': 0.04420492397621274, 'epoch': 3.0}

🔍 Evaluation Metrics
----------------------------------------
📊 Label Distribution:
  Label Not Data Journalism: 13
  Label Half Data Journalism: 2
  Label Data Journalism: 5

✅ Overall Metrics:
  Accuracy : 0.8000
  Precision: 0.8708
  Recall   : 0.8000
  F1       : 0.8276

🧩 Confusion Matrix:
  [4, 1, 0]
  [0, 1, 1]
  [0, 2, 11]

📌 Per-Class Metrics:
  Class Data Journalism: TP=4, FP=0, FN=1, TN=15
  Class Half Data Journalism: TP=1, FP=3, FN=1, TN=15
  Class Not Data Journalism: TP=11, FP=1, FN=2, TN=6
----------------------------------------
Fold finished F1 Score: 0.7724444444444444 None
Fold 4/5
Loading model from HPC local scratch: /tmp/shapovalov_setfit_model_cache_1387365
{'embedding_loss': 0.2864, 'grad_norm': 2.9529924392700195, 'learning_rate': 0.0, 'epoch': 0.01}
{'embedding_loss': 0.1543, 'grad_norm': 0.8335371017456055, 'learning_rate': 1.7685185185185187e-05, 'epoch': 0.62}
{'embedding_loss': 0.0251, 'grad_norm': 0.09787995368242264, 'learning_rate': 1.3055555555555557e-05, 'epoch': 1.25}
{'embedding_loss': 0.0106, 'grad_norm': 1.250091791152954, 'learning_rate': 8.425925925925926e-06, 'epoch': 1.88}
{'embedding_loss': 0.002, 'grad_norm': 0.3062531054019928, 'learning_rate': 3.796296296296297e-06, 'epoch': 2.5}
{'train_runtime': 185.0392, 'train_samples_per_second': 20.752, 'train_steps_per_second': 1.297, 'train_loss': 0.04092647215972344, 'epoch': 3.0}

🔍 Evaluation Metrics
----------------------------------------
📊 Label Distribution:
  Label Not Data Journalism: 13
  Label Data Journalism: 4
  Label Half Data Journalism: 3

✅ Overall Metrics:
  Accuracy : 0.8000
  Precision: 0.7171
  Recall   : 0.8000
  F1       : 0.7556

🧩 Confusion Matrix:
  [4, 0, 0]
  [1, 0, 2]
  [0, 1, 12]

📌 Per-Class Metrics:
  Class Data Journalism: TP=4, FP=1, FN=0, TN=15
  Class Half Data Journalism: TP=0, FP=1, FN=3, TN=16
  Class Not Data Journalism: TP=12, FP=2, FN=1, TN=5
----------------------------------------
Fold finished F1 Score: 0.8444444444444443 None
Fold 5/5
Loading model from HPC local scratch: /tmp/shapovalov_setfit_model_cache_1387365
{'embedding_loss': 0.392, 'grad_norm': 2.9009206295013428, 'learning_rate': 0.0, 'epoch': 0.01}
{'embedding_loss': 0.1519, 'grad_norm': 0.7957608699798584, 'learning_rate': 1.7685185185185187e-05, 'epoch': 0.62}
{'embedding_loss': 0.0202, 'grad_norm': 0.2933466136455536, 'learning_rate': 1.3055555555555557e-05, 'epoch': 1.25}
{'embedding_loss': 0.0054, 'grad_norm': 0.05235496535897255, 'learning_rate': 8.425925925925926e-06, 'epoch': 1.88}
{'embedding_loss': 0.0011, 'grad_norm': 0.017965003848075867, 'learning_rate': 3.796296296296297e-06, 'epoch': 2.5}
{'train_runtime': 184.7884, 'train_samples_per_second': 20.781, 'train_steps_per_second': 1.299, 'train_loss': 0.03831217631231994, 'epoch': 3.0}

🔍 Evaluation Metrics
----------------------------------------
📊 Label Distribution:
  Label Not Data Journalism: 13
  Label Data Journalism: 4
  Label Half Data Journalism: 3

✅ Overall Metrics:
  Accuracy : 0.7000
  Precision: 0.5971
  Recall   : 0.7000
  F1       : 0.6300

🧩 Confusion Matrix:
  [1, 1, 2]
  [1, 0, 2]
  [0, 0, 13]

📌 Per-Class Metrics:
  Class Data Journalism: TP=1, FP=1, FN=3, TN=15
  Class Half Data Journalism: TP=0, FP=1, FN=3, TN=16
  Class Not Data Journalism: TP=13, FP=4, FN=0, TN=3
----------------------------------------
Fold finished F1 Score: 0.77 None
Average VRAM usage: 5398.88 MB, Max VRAM usage: 21238.13 MB
Trial 18 completed with avg fold F1 score: 0.8101470085470087
Trial 19: {'num_iterations': 7, 'num_epochs': 3, 'batch_size': 16, 'head_lr': 2.1510093886788063e-05}
Fold 1/5
Loading model from HPC local scratch: /tmp/shapovalov_setfit_model_cache_1387365
{'embedding_loss': 0.3753, 'grad_norm': 3.523641347885132, 'learning_rate': 0.0, 'epoch': 0.01}
{'embedding_loss': 0.1579, 'grad_norm': 0.6305482387542725, 'learning_rate': 1.7037037037037038e-05, 'epoch': 0.71}
{'embedding_loss': 0.0345, 'grad_norm': 0.5553069710731506, 'learning_rate': 1.1746031746031748e-05, 'epoch': 1.43}
{'embedding_loss': 0.0216, 'grad_norm': 1.4073874950408936, 'learning_rate': 6.455026455026455e-06, 'epoch': 2.14}
{'embedding_loss': 0.0128, 'grad_norm': 0.54205721616745, 'learning_rate': 1.164021164021164e-06, 'epoch': 2.86}
{'train_runtime': 159.9762, 'train_samples_per_second': 21.003, 'train_steps_per_second': 1.313, 'train_loss': 0.055485513806343076, 'epoch': 3.0}

🔍 Evaluation Metrics
----------------------------------------
📊 Label Distribution:
  Label Data Journalism: 4
  Label Half Data Journalism: 2
  Label Not Data Journalism: 14

✅ Overall Metrics:
  Accuracy : 0.8500
  Precision: 0.8867
  Recall   : 0.8500
  F1       : 0.8492

🧩 Confusion Matrix:
  [2, 2, 0]
  [0, 1, 1]
  [0, 0, 14]

📌 Per-Class Metrics:
  Class Data Journalism: TP=2, FP=0, FN=2, TN=16
  Class Half Data Journalism: TP=1, FP=2, FN=1, TN=16
  Class Not Data Journalism: TP=14, FP=1, FN=0, TN=5
----------------------------------------
Fold finished F1 Score: 0.8508045977011495 None
Fold 2/5
Loading model from HPC local scratch: /tmp/shapovalov_setfit_model_cache_1387365
{'embedding_loss': 0.3604, 'grad_norm': 3.6940126419067383, 'learning_rate': 0.0, 'epoch': 0.01}
{'embedding_loss': 0.1515, 'grad_norm': 0.5727890729904175, 'learning_rate': 1.7037037037037038e-05, 'epoch': 0.71}
{'embedding_loss': 0.0323, 'grad_norm': 0.14159029722213745, 'learning_rate': 1.1746031746031748e-05, 'epoch': 1.43}
{'embedding_loss': 0.0234, 'grad_norm': 0.3818378448486328, 'learning_rate': 6.455026455026455e-06, 'epoch': 2.14}
{'embedding_loss': 0.0148, 'grad_norm': 0.9097439050674438, 'learning_rate': 1.164021164021164e-06, 'epoch': 2.86}
{'train_runtime': 159.7736, 'train_samples_per_second': 21.03, 'train_steps_per_second': 1.314, 'train_loss': 0.05471398929754893, 'epoch': 3.0}

🔍 Evaluation Metrics
----------------------------------------
📊 Label Distribution:
  Label Not Data Journalism: 14
  Label Data Journalism: 4
  Label Half Data Journalism: 2

✅ Overall Metrics:
  Accuracy : 0.7000
  Precision: 0.8286
  Recall   : 0.7000
  F1       : 0.7271

🧩 Confusion Matrix:
  [1, 3, 0]
  [0, 2, 0]
  [1, 2, 11]

📌 Per-Class Metrics:
  Class Data Journalism: TP=1, FP=1, FN=3, TN=15
  Class Half Data Journalism: TP=2, FP=5, FN=0, TN=13
  Class Not Data Journalism: TP=11, FP=0, FN=3, TN=6
----------------------------------------
Fold finished F1 Score: 0.6728888888888889 None
Fold 3/5
Loading model from HPC local scratch: /tmp/shapovalov_setfit_model_cache_1387365
{'embedding_loss': 0.3287, 'grad_norm': 3.3898487091064453, 'learning_rate': 0.0, 'epoch': 0.01}
{'embedding_loss': 0.1464, 'grad_norm': 1.0560283660888672, 'learning_rate': 1.7037037037037038e-05, 'epoch': 0.71}
{'embedding_loss': 0.0306, 'grad_norm': 0.1651388704776764, 'learning_rate': 1.1746031746031748e-05, 'epoch': 1.43}
{'embedding_loss': 0.0127, 'grad_norm': 0.5470564365386963, 'learning_rate': 6.455026455026455e-06, 'epoch': 2.14}
{'embedding_loss': 0.0052, 'grad_norm': 0.11787008494138718, 'learning_rate': 1.164021164021164e-06, 'epoch': 2.86}
{'train_runtime': 161.2496, 'train_samples_per_second': 20.837, 'train_steps_per_second': 1.302, 'train_loss': 0.047756146923417134, 'epoch': 3.0}

🔍 Evaluation Metrics
----------------------------------------
📊 Label Distribution:
  Label Not Data Journalism: 13
  Label Half Data Journalism: 2
  Label Data Journalism: 5

✅ Overall Metrics:
  Accuracy : 0.8000
  Precision: 0.8708
  Recall   : 0.8000
  F1       : 0.8276

🧩 Confusion Matrix:
  [4, 1, 0]
  [0, 1, 1]
  [0, 2, 11]

📌 Per-Class Metrics:
  Class Data Journalism: TP=4, FP=0, FN=1, TN=15
  Class Half Data Journalism: TP=1, FP=3, FN=1, TN=15
  Class Not Data Journalism: TP=11, FP=1, FN=2, TN=6
----------------------------------------
Fold finished F1 Score: 0.7724444444444444 None
Fold 4/5
Loading model from HPC local scratch: /tmp/shapovalov_setfit_model_cache_1387365
{'embedding_loss': 0.4535, 'grad_norm': 3.461676836013794, 'learning_rate': 0.0, 'epoch': 0.01}
{'embedding_loss': 0.1508, 'grad_norm': 1.2352181673049927, 'learning_rate': 1.7037037037037038e-05, 'epoch': 0.71}
{'embedding_loss': 0.0211, 'grad_norm': 0.7159741520881653, 'learning_rate': 1.1746031746031748e-05, 'epoch': 1.43}
{'embedding_loss': 0.0079, 'grad_norm': 0.19666072726249695, 'learning_rate': 6.455026455026455e-06, 'epoch': 2.14}
{'embedding_loss': 0.0026, 'grad_norm': 0.04652692377567291, 'learning_rate': 1.164021164021164e-06, 'epoch': 2.86}
{'train_runtime': 162.172, 'train_samples_per_second': 20.719, 'train_steps_per_second': 1.295, 'train_loss': 0.044979362855000156, 'epoch': 3.0}

🔍 Evaluation Metrics
----------------------------------------
📊 Label Distribution:
  Label Not Data Journalism: 13
  Label Data Journalism: 4
  Label Half Data Journalism: 3

✅ Overall Metrics:
  Accuracy : 0.8500
  Precision: 0.7233
  Recall   : 0.8500
  F1       : 0.7813

🧩 Confusion Matrix:
  [4, 0, 0]
  [1, 0, 2]
  [0, 0, 13]

📌 Per-Class Metrics:
  Class Data Journalism: TP=4, FP=1, FN=0, TN=15
  Class Half Data Journalism: TP=0, FP=0, FN=3, TN=17
  Class Not Data Journalism: TP=13, FP=2, FN=0, TN=5
----------------------------------------
Fold finished F1 Score: 0.9186507936507937 None
Fold 5/5
Loading model from HPC local scratch: /tmp/shapovalov_setfit_model_cache_1387365
{'embedding_loss': 0.4009, 'grad_norm': 3.7379493713378906, 'learning_rate': 0.0, 'epoch': 0.01}
{'embedding_loss': 0.1542, 'grad_norm': 1.0762884616851807, 'learning_rate': 1.7037037037037038e-05, 'epoch': 0.71}
{'embedding_loss': 0.0266, 'grad_norm': 0.048244230449199677, 'learning_rate': 1.1746031746031748e-05, 'epoch': 1.43}
{'embedding_loss': 0.0049, 'grad_norm': 0.013027084060013294, 'learning_rate': 6.455026455026455e-06, 'epoch': 2.14}
{'embedding_loss': 0.0023, 'grad_norm': 0.09483475983142853, 'learning_rate': 1.164021164021164e-06, 'epoch': 2.86}
{'train_runtime': 162.1292, 'train_samples_per_second': 20.724, 'train_steps_per_second': 1.295, 'train_loss': 0.04596453011922893, 'epoch': 3.0}

🔍 Evaluation Metrics
----------------------------------------
📊 Label Distribution:
  Label Not Data Journalism: 13
  Label Data Journalism: 4
  Label Half Data Journalism: 3

✅ Overall Metrics:
  Accuracy : 0.7000
  Precision: 0.5971
  Recall   : 0.7000
  F1       : 0.6300

🧩 Confusion Matrix:
  [1, 1, 2]
  [1, 0, 2]
  [0, 0, 13]

📌 Per-Class Metrics:
  Class Data Journalism: TP=1, FP=1, FN=3, TN=15
  Class Half Data Journalism: TP=0, FP=1, FN=3, TN=16
  Class Not Data Journalism: TP=13, FP=4, FN=0, TN=3
----------------------------------------
Fold finished F1 Score: 0.77 None
Average VRAM usage: 4985.50 MB, Max VRAM usage: 16765.59 MB
Trial 19 completed with avg fold F1 score: 0.7969577449370553
Trial 20: {'num_iterations': 9, 'num_epochs': 4, 'batch_size': 16, 'head_lr': 9.522548002348432e-05}
Fold 1/5
Loading model from HPC local scratch: /tmp/shapovalov_setfit_model_cache_1387365
{'embedding_loss': 0.3055, 'grad_norm': 2.91137433052063, 'learning_rate': 0.0, 'epoch': 0.01}
{'embedding_loss': 0.1772, 'grad_norm': 1.5446010828018188, 'learning_rate': 1.9197530864197534e-05, 'epoch': 0.56}
{'embedding_loss': 0.0393, 'grad_norm': 1.1243622303009033, 'learning_rate': 1.6111111111111115e-05, 'epoch': 1.11}
{'embedding_loss': 0.0263, 'grad_norm': 0.40729522705078125, 'learning_rate': 1.3024691358024692e-05, 'epoch': 1.67}
{'embedding_loss': 0.0083, 'grad_norm': 0.31313976645469666, 'learning_rate': 9.938271604938273e-06, 'epoch': 2.22}
{'embedding_loss': 0.0059, 'grad_norm': 0.03999663516879082, 'learning_rate': 6.851851851851853e-06, 'epoch': 2.78}
{'embedding_loss': 0.001, 'grad_norm': 0.09985370188951492, 'learning_rate': 3.7654320987654325e-06, 'epoch': 3.33}
{'embedding_loss': 0.0007, 'grad_norm': 0.014814291149377823, 'learning_rate': 6.790123456790124e-07, 'epoch': 3.89}
{'train_runtime': 278.6394, 'train_samples_per_second': 20.672, 'train_steps_per_second': 1.292, 'train_loss': 0.03648572042584419, 'epoch': 4.0}

🔍 Evaluation Metrics
----------------------------------------
📊 Label Distribution:
  Label Data Journalism: 4
  Label Half Data Journalism: 2
  Label Not Data Journalism: 14

✅ Overall Metrics:
  Accuracy : 0.8500
  Precision: 0.8625
  Recall   : 0.8500
  F1       : 0.8367

🧩 Confusion Matrix:
  [2, 1, 1]
  [0, 1, 1]
  [0, 0, 14]

📌 Per-Class Metrics:
  Class Data Journalism: TP=2, FP=0, FN=2, TN=16
  Class Half Data Journalism: TP=1, FP=1, FN=1, TN=17
  Class Not Data Journalism: TP=14, FP=2, FN=0, TN=4
----------------------------------------
Fold finished F1 Score: 0.8633333333333333 None
Fold 2/5
Loading model from HPC local scratch: /tmp/shapovalov_setfit_model_cache_1387365
{'embedding_loss': 0.3031, 'grad_norm': 2.697917938232422, 'learning_rate': 0.0, 'epoch': 0.01}
{'embedding_loss': 0.1766, 'grad_norm': 1.166198968887329, 'learning_rate': 1.9197530864197534e-05, 'epoch': 0.56}
{'embedding_loss': 0.0384, 'grad_norm': 0.4787498414516449, 'learning_rate': 1.6111111111111115e-05, 'epoch': 1.11}
{'embedding_loss': 0.0174, 'grad_norm': 0.41079628467559814, 'learning_rate': 1.3024691358024692e-05, 'epoch': 1.67}
{'embedding_loss': 0.0086, 'grad_norm': 0.01782279834151268, 'learning_rate': 9.938271604938273e-06, 'epoch': 2.22}
{'embedding_loss': 0.0029, 'grad_norm': 0.046476274728775024, 'learning_rate': 6.851851851851853e-06, 'epoch': 2.78}
{'embedding_loss': 0.0014, 'grad_norm': 0.02215614914894104, 'learning_rate': 3.7654320987654325e-06, 'epoch': 3.33}
{'embedding_loss': 0.0008, 'grad_norm': 0.04079686850309372, 'learning_rate': 6.790123456790124e-07, 'epoch': 3.89}
{'train_runtime': 280.811, 'train_samples_per_second': 20.512, 'train_steps_per_second': 1.282, 'train_loss': 0.03454434871673584, 'epoch': 4.0}

🔍 Evaluation Metrics
----------------------------------------
📊 Label Distribution:
  Label Not Data Journalism: 14
  Label Data Journalism: 4
  Label Half Data Journalism: 2

✅ Overall Metrics:
  Accuracy : 0.8000
  Precision: 0.8900
  Recall   : 0.8000
  F1       : 0.8231

🧩 Confusion Matrix:
  [3, 1, 0]
  [0, 2, 0]
  [1, 2, 11]

📌 Per-Class Metrics:
  Class Data Journalism: TP=3, FP=1, FN=1, TN=15
  Class Half Data Journalism: TP=2, FP=3, FN=0, TN=15
  Class Not Data Journalism: TP=11, FP=0, FN=3, TN=6
----------------------------------------
Fold finished F1 Score: 0.7768571428571429 None
Fold 3/5
Loading model from HPC local scratch: /tmp/shapovalov_setfit_model_cache_1387365
{'embedding_loss': 0.3434, 'grad_norm': 3.14304518699646, 'learning_rate': 0.0, 'epoch': 0.01}
{'embedding_loss': 0.1735, 'grad_norm': 1.6420763731002808, 'learning_rate': 1.9197530864197534e-05, 'epoch': 0.56}
{'embedding_loss': 0.032, 'grad_norm': 0.19167733192443848, 'learning_rate': 1.6111111111111115e-05, 'epoch': 1.11}
{'embedding_loss': 0.0148, 'grad_norm': 0.5231315493583679, 'learning_rate': 1.3024691358024692e-05, 'epoch': 1.67}
{'embedding_loss': 0.0084, 'grad_norm': 0.056557685136795044, 'learning_rate': 9.938271604938273e-06, 'epoch': 2.22}
{'embedding_loss': 0.0012, 'grad_norm': 0.10286290943622589, 'learning_rate': 6.851851851851853e-06, 'epoch': 2.78}
{'embedding_loss': 0.0017, 'grad_norm': 0.026528535410761833, 'learning_rate': 3.7654320987654325e-06, 'epoch': 3.33}
{'embedding_loss': 0.0007, 'grad_norm': 0.01592150516808033, 'learning_rate': 6.790123456790124e-07, 'epoch': 3.89}
{'train_runtime': 281.9323, 'train_samples_per_second': 20.43, 'train_steps_per_second': 1.277, 'train_loss': 0.03276173917757761, 'epoch': 4.0}

🔍 Evaluation Metrics
----------------------------------------
📊 Label Distribution:
  Label Not Data Journalism: 13
  Label Half Data Journalism: 2
  Label Data Journalism: 5

✅ Overall Metrics:
  Accuracy : 0.7000
  Precision: 0.7909
  Recall   : 0.7000
  F1       : 0.7417

🧩 Confusion Matrix:
  [4, 1, 0]
  [1, 0, 1]
  [0, 3, 10]

📌 Per-Class Metrics:
  Class Data Journalism: TP=4, FP=1, FN=1, TN=14
  Class Half Data Journalism: TP=0, FP=4, FN=2, TN=14
  Class Not Data Journalism: TP=10, FP=1, FN=3, TN=6
----------------------------------------
Fold finished F1 Score: 0.6583333333333334 None
Fold 4/5
Loading model from HPC local scratch: /tmp/shapovalov_setfit_model_cache_1387365
{'embedding_loss': 0.3821, 'grad_norm': 3.3300387859344482, 'learning_rate': 0.0, 'epoch': 0.01}
{'embedding_loss': 0.1606, 'grad_norm': 0.7095491290092468, 'learning_rate': 1.9197530864197534e-05, 'epoch': 0.56}
{'embedding_loss': 0.0275, 'grad_norm': 1.1417372226715088, 'learning_rate': 1.6111111111111115e-05, 'epoch': 1.11}
{'embedding_loss': 0.0082, 'grad_norm': 0.14989212155342102, 'learning_rate': 1.3024691358024692e-05, 'epoch': 1.67}
{'embedding_loss': 0.0031, 'grad_norm': 0.041216179728507996, 'learning_rate': 9.938271604938273e-06, 'epoch': 2.22}
{'embedding_loss': 0.0009, 'grad_norm': 0.04181221127510071, 'learning_rate': 6.851851851851853e-06, 'epoch': 2.78}
{'embedding_loss': 0.0004, 'grad_norm': 0.04224874824285507, 'learning_rate': 3.7654320987654325e-06, 'epoch': 3.33}
{'embedding_loss': 0.0004, 'grad_norm': 0.025862982496619225, 'learning_rate': 6.790123456790124e-07, 'epoch': 3.89}
{'train_runtime': 282.8785, 'train_samples_per_second': 20.362, 'train_steps_per_second': 1.273, 'train_loss': 0.02855579434480104, 'epoch': 4.0}

🔍 Evaluation Metrics
----------------------------------------
📊 Label Distribution:
  Label Not Data Journalism: 13
  Label Data Journalism: 4
  Label Half Data Journalism: 3

✅ Overall Metrics:
  Accuracy : 0.8000
  Precision: 0.7171
  Recall   : 0.8000
  F1       : 0.7556

🧩 Confusion Matrix:
  [4, 0, 0]
  [1, 0, 2]
  [0, 1, 12]

📌 Per-Class Metrics:
  Class Data Journalism: TP=4, FP=1, FN=0, TN=15
  Class Half Data Journalism: TP=0, FP=1, FN=3, TN=16
  Class Not Data Journalism: TP=12, FP=2, FN=1, TN=5
----------------------------------------
Fold finished F1 Score: 0.8444444444444443 None
Fold 5/5
Loading model from HPC local scratch: /tmp/shapovalov_setfit_model_cache_1387365
{'embedding_loss': 0.3429, 'grad_norm': 2.7064952850341797, 'learning_rate': 0.0, 'epoch': 0.01}
{'embedding_loss': 0.165, 'grad_norm': 1.6784040927886963, 'learning_rate': 1.9197530864197534e-05, 'epoch': 0.56}
{'embedding_loss': 0.0284, 'grad_norm': 0.37445589900016785, 'learning_rate': 1.6111111111111115e-05, 'epoch': 1.11}
{'embedding_loss': 0.005, 'grad_norm': 0.05028281360864639, 'learning_rate': 1.3024691358024692e-05, 'epoch': 1.67}
{'embedding_loss': 0.0005, 'grad_norm': 0.005639967508614063, 'learning_rate': 9.938271604938273e-06, 'epoch': 2.22}
{'embedding_loss': 0.0007, 'grad_norm': 0.04680904000997543, 'learning_rate': 6.851851851851853e-06, 'epoch': 2.78}
{'embedding_loss': 0.0003, 'grad_norm': 0.01506939996033907, 'learning_rate': 3.7654320987654325e-06, 'epoch': 3.33}
{'embedding_loss': 0.0004, 'grad_norm': 0.009241520427167416, 'learning_rate': 6.790123456790124e-07, 'epoch': 3.89}
{'train_runtime': 284.1442, 'train_samples_per_second': 20.271, 'train_steps_per_second': 1.267, 'train_loss': 0.028315154200471523, 'epoch': 4.0}

🔍 Evaluation Metrics
----------------------------------------
📊 Label Distribution:
  Label Not Data Journalism: 13
  Label Data Journalism: 4
  Label Half Data Journalism: 3

✅ Overall Metrics:
  Accuracy : 0.7500
  Precision: 0.6967
  Recall   : 0.7500
  F1       : 0.7179

🧩 Confusion Matrix:
  [2, 2, 0]
  [1, 0, 2]
  [0, 0, 13]

📌 Per-Class Metrics:
  Class Data Journalism: TP=2, FP=1, FN=2, TN=15
  Class Half Data Journalism: TP=0, FP=2, FN=3, TN=15
  Class Not Data Journalism: TP=13, FP=2, FN=0, TN=5
----------------------------------------
Fold finished F1 Score: 0.7821428571428571 None
Average VRAM usage: 5151.96 MB, Max VRAM usage: 21257.43 MB
Trial 20 completed with avg fold F1 score: 0.7850222222222223
Trial 21: {'num_iterations': 8, 'num_epochs': 3, 'batch_size': 16, 'head_lr': 1.1684709875052561e-05}
Fold 1/5
Loading model from HPC local scratch: /tmp/shapovalov_setfit_model_cache_1387365
{'embedding_loss': 0.3451, 'grad_norm': 2.896070718765259, 'learning_rate': 0.0, 'epoch': 0.01}
{'embedding_loss': 0.1644, 'grad_norm': 0.5815149545669556, 'learning_rate': 1.7685185185185187e-05, 'epoch': 0.62}
{'embedding_loss': 0.0281, 'grad_norm': 0.13028492033481598, 'learning_rate': 1.3055555555555557e-05, 'epoch': 1.25}
{'embedding_loss': 0.0243, 'grad_norm': 0.2615799307823181, 'learning_rate': 8.425925925925926e-06, 'epoch': 1.88}
{'embedding_loss': 0.0111, 'grad_norm': 0.04009565711021423, 'learning_rate': 3.796296296296297e-06, 'epoch': 2.5}
{'train_runtime': 186.4514, 'train_samples_per_second': 20.595, 'train_steps_per_second': 1.287, 'train_loss': 0.04918667133897543, 'epoch': 3.0}

🔍 Evaluation Metrics
----------------------------------------
📊 Label Distribution:
  Label Data Journalism: 4
  Label Half Data Journalism: 2
  Label Not Data Journalism: 14

✅ Overall Metrics:
  Accuracy : 0.8000
  Precision: 0.8458
  Recall   : 0.8000
  F1       : 0.7733

🧩 Confusion Matrix:
  [1, 2, 1]
  [0, 1, 1]
  [0, 0, 14]

📌 Per-Class Metrics:
  Class Data Journalism: TP=1, FP=0, FN=3, TN=16
  Class Half Data Journalism: TP=1, FP=2, FN=1, TN=16
  Class Not Data Journalism: TP=14, FP=2, FN=0, TN=4
----------------------------------------
Fold finished F1 Score: 0.8266666666666668 None
Fold 2/5
Loading model from HPC local scratch: /tmp/shapovalov_setfit_model_cache_1387365
{'embedding_loss': 0.3706, 'grad_norm': 3.2043991088867188, 'learning_rate': 0.0, 'epoch': 0.01}
{'embedding_loss': 0.1545, 'grad_norm': 1.2442175149917603, 'learning_rate': 1.7685185185185187e-05, 'epoch': 0.62}
{'embedding_loss': 0.0344, 'grad_norm': 0.46935099363327026, 'learning_rate': 1.3055555555555557e-05, 'epoch': 1.25}
{'embedding_loss': 0.0249, 'grad_norm': 0.3180326819419861, 'learning_rate': 8.425925925925926e-06, 'epoch': 1.88}
{'embedding_loss': 0.0148, 'grad_norm': 0.37431642413139343, 'learning_rate': 3.796296296296297e-06, 'epoch': 2.5}
{'train_runtime': 187.5337, 'train_samples_per_second': 20.476, 'train_steps_per_second': 1.28, 'train_loss': 0.050162357091903684, 'epoch': 3.0}

🔍 Evaluation Metrics
----------------------------------------
📊 Label Distribution:
  Label Not Data Journalism: 14
  Label Data Journalism: 4
  Label Half Data Journalism: 2

✅ Overall Metrics:
  Accuracy : 0.8500
  Precision: 0.9000
  Recall   : 0.8500
  F1       : 0.8628

🧩 Confusion Matrix:
  [3, 1, 0]
  [0, 2, 0]
  [1, 1, 12]

📌 Per-Class Metrics:
  Class Data Journalism: TP=3, FP=1, FN=1, TN=15
  Class Half Data Journalism: TP=2, FP=2, FN=0, TN=16
  Class Not Data Journalism: TP=12, FP=0, FN=2, TN=6
----------------------------------------
Fold finished F1 Score: 0.8371794871794872 None
Fold 3/5
Loading model from HPC local scratch: /tmp/shapovalov_setfit_model_cache_1387365
{'embedding_loss': 0.3392, 'grad_norm': 2.816593647003174, 'learning_rate': 0.0, 'epoch': 0.01}
{'embedding_loss': 0.1533, 'grad_norm': 1.4565742015838623, 'learning_rate': 1.7685185185185187e-05, 'epoch': 0.62}
{'embedding_loss': 0.0301, 'grad_norm': 0.028422463685274124, 'learning_rate': 1.3055555555555557e-05, 'epoch': 1.25}
{'embedding_loss': 0.0152, 'grad_norm': 0.12420788407325745, 'learning_rate': 8.425925925925926e-06, 'epoch': 1.88}
{'embedding_loss': 0.0075, 'grad_norm': 0.08529823273420334, 'learning_rate': 3.796296296296297e-06, 'epoch': 2.5}
{'train_runtime': 187.8674, 'train_samples_per_second': 20.44, 'train_steps_per_second': 1.277, 'train_loss': 0.04420492397621274, 'epoch': 3.0}

🔍 Evaluation Metrics
----------------------------------------
📊 Label Distribution:
  Label Not Data Journalism: 13
  Label Half Data Journalism: 2
  Label Data Journalism: 5

✅ Overall Metrics:
  Accuracy : 0.8000
  Precision: 0.8708
  Recall   : 0.8000
  F1       : 0.8276

🧩 Confusion Matrix:
  [4, 1, 0]
  [0, 1, 1]
  [0, 2, 11]

📌 Per-Class Metrics:
  Class Data Journalism: TP=4, FP=0, FN=1, TN=15
  Class Half Data Journalism: TP=1, FP=3, FN=1, TN=15
  Class Not Data Journalism: TP=11, FP=1, FN=2, TN=6
----------------------------------------
Fold finished F1 Score: 0.7724444444444444 None
Fold 4/5
Loading model from HPC local scratch: /tmp/shapovalov_setfit_model_cache_1387365
{'embedding_loss': 0.2864, 'grad_norm': 2.9529924392700195, 'learning_rate': 0.0, 'epoch': 0.01}
{'embedding_loss': 0.1543, 'grad_norm': 0.8335371017456055, 'learning_rate': 1.7685185185185187e-05, 'epoch': 0.62}
{'embedding_loss': 0.0251, 'grad_norm': 0.09787995368242264, 'learning_rate': 1.3055555555555557e-05, 'epoch': 1.25}
{'embedding_loss': 0.0106, 'grad_norm': 1.250091791152954, 'learning_rate': 8.425925925925926e-06, 'epoch': 1.88}
{'embedding_loss': 0.002, 'grad_norm': 0.3062531054019928, 'learning_rate': 3.796296296296297e-06, 'epoch': 2.5}
{'train_runtime': 189.828, 'train_samples_per_second': 20.229, 'train_steps_per_second': 1.264, 'train_loss': 0.04092647215972344, 'epoch': 3.0}

🔍 Evaluation Metrics
----------------------------------------
📊 Label Distribution:
  Label Not Data Journalism: 13
  Label Data Journalism: 4
  Label Half Data Journalism: 3

✅ Overall Metrics:
  Accuracy : 0.8000
  Precision: 0.7171
  Recall   : 0.8000
  F1       : 0.7556

🧩 Confusion Matrix:
  [4, 0, 0]
  [1, 0, 2]
  [0, 1, 12]

📌 Per-Class Metrics:
  Class Data Journalism: TP=4, FP=1, FN=0, TN=15
  Class Half Data Journalism: TP=0, FP=1, FN=3, TN=16
  Class Not Data Journalism: TP=12, FP=2, FN=1, TN=5
----------------------------------------
Fold finished F1 Score: 0.8444444444444443 None
Fold 5/5
Loading model from HPC local scratch: /tmp/shapovalov_setfit_model_cache_1387365
{'embedding_loss': 0.392, 'grad_norm': 2.9009206295013428, 'learning_rate': 0.0, 'epoch': 0.01}
{'embedding_loss': 0.1519, 'grad_norm': 0.7957608699798584, 'learning_rate': 1.7685185185185187e-05, 'epoch': 0.62}
{'embedding_loss': 0.0202, 'grad_norm': 0.2933466136455536, 'learning_rate': 1.3055555555555557e-05, 'epoch': 1.25}
{'embedding_loss': 0.0054, 'grad_norm': 0.05235496535897255, 'learning_rate': 8.425925925925926e-06, 'epoch': 1.88}
{'embedding_loss': 0.0011, 'grad_norm': 0.017965003848075867, 'learning_rate': 3.796296296296297e-06, 'epoch': 2.5}
{'train_runtime': 189.725, 'train_samples_per_second': 20.24, 'train_steps_per_second': 1.265, 'train_loss': 0.03831217631231994, 'epoch': 3.0}

🔍 Evaluation Metrics
----------------------------------------
📊 Label Distribution:
  Label Not Data Journalism: 13
  Label Data Journalism: 4
  Label Half Data Journalism: 3

✅ Overall Metrics:
  Accuracy : 0.7000
  Precision: 0.5971
  Recall   : 0.7000
  F1       : 0.6300

🧩 Confusion Matrix:
  [1, 1, 2]
  [1, 0, 2]
  [0, 0, 13]

📌 Per-Class Metrics:
  Class Data Journalism: TP=1, FP=1, FN=3, TN=15
  Class Half Data Journalism: TP=0, FP=1, FN=3, TN=16
  Class Not Data Journalism: TP=13, FP=4, FN=0, TN=3
----------------------------------------
Fold finished F1 Score: 0.77 None
Average VRAM usage: 5184.82 MB, Max VRAM usage: 21308.50 MB
Trial 21 completed with avg fold F1 score: 0.8101470085470087
Trial 22: {'num_iterations': 8, 'num_epochs': 3, 'batch_size': 16, 'head_lr': 1.9450352432511402e-05}
Fold 1/5
Loading model from HPC local scratch: /tmp/shapovalov_setfit_model_cache_1387365
{'embedding_loss': 0.3451, 'grad_norm': 2.896070718765259, 'learning_rate': 0.0, 'epoch': 0.01}
{'embedding_loss': 0.1644, 'grad_norm': 0.5815149545669556, 'learning_rate': 1.7685185185185187e-05, 'epoch': 0.62}
{'embedding_loss': 0.0281, 'grad_norm': 0.13028492033481598, 'learning_rate': 1.3055555555555557e-05, 'epoch': 1.25}
{'embedding_loss': 0.0243, 'grad_norm': 0.2615799307823181, 'learning_rate': 8.425925925925926e-06, 'epoch': 1.88}
{'embedding_loss': 0.0111, 'grad_norm': 0.04009565711021423, 'learning_rate': 3.796296296296297e-06, 'epoch': 2.5}
{'train_runtime': 185.5952, 'train_samples_per_second': 20.69, 'train_steps_per_second': 1.293, 'train_loss': 0.04918667133897543, 'epoch': 3.0}

🔍 Evaluation Metrics
----------------------------------------
📊 Label Distribution:
  Label Data Journalism: 4
  Label Half Data Journalism: 2
  Label Not Data Journalism: 14

✅ Overall Metrics:
  Accuracy : 0.8000
  Precision: 0.8458
  Recall   : 0.8000
  F1       : 0.7733

🧩 Confusion Matrix:
  [1, 2, 1]
  [0, 1, 1]
  [0, 0, 14]

📌 Per-Class Metrics:
  Class Data Journalism: TP=1, FP=0, FN=3, TN=16
  Class Half Data Journalism: TP=1, FP=2, FN=1, TN=16
  Class Not Data Journalism: TP=14, FP=2, FN=0, TN=4
----------------------------------------
Fold finished F1 Score: 0.8266666666666668 None
Fold 2/5
Loading model from HPC local scratch: /tmp/shapovalov_setfit_model_cache_1387365
{'embedding_loss': 0.3706, 'grad_norm': 3.2043991088867188, 'learning_rate': 0.0, 'epoch': 0.01}
{'embedding_loss': 0.1545, 'grad_norm': 1.2442175149917603, 'learning_rate': 1.7685185185185187e-05, 'epoch': 0.62}
{'embedding_loss': 0.0344, 'grad_norm': 0.46935099363327026, 'learning_rate': 1.3055555555555557e-05, 'epoch': 1.25}
{'embedding_loss': 0.0249, 'grad_norm': 0.3180326819419861, 'learning_rate': 8.425925925925926e-06, 'epoch': 1.88}
{'embedding_loss': 0.0148, 'grad_norm': 0.37431642413139343, 'learning_rate': 3.796296296296297e-06, 'epoch': 2.5}
{'train_runtime': 186.0362, 'train_samples_per_second': 20.641, 'train_steps_per_second': 1.29, 'train_loss': 0.050162357091903684, 'epoch': 3.0}

🔍 Evaluation Metrics
----------------------------------------
📊 Label Distribution:
  Label Not Data Journalism: 14
  Label Data Journalism: 4
  Label Half Data Journalism: 2

✅ Overall Metrics:
  Accuracy : 0.8500
  Precision: 0.9000
  Recall   : 0.8500
  F1       : 0.8628

🧩 Confusion Matrix:
  [3, 1, 0]
  [0, 2, 0]
  [1, 1, 12]

📌 Per-Class Metrics:
  Class Data Journalism: TP=3, FP=1, FN=1, TN=15
  Class Half Data Journalism: TP=2, FP=2, FN=0, TN=16
  Class Not Data Journalism: TP=12, FP=0, FN=2, TN=6
----------------------------------------
Fold finished F1 Score: 0.8371794871794872 None
Fold 3/5
Loading model from HPC local scratch: /tmp/shapovalov_setfit_model_cache_1387365
{'embedding_loss': 0.3392, 'grad_norm': 2.816593647003174, 'learning_rate': 0.0, 'epoch': 0.01}
{'embedding_loss': 0.1533, 'grad_norm': 1.4565742015838623, 'learning_rate': 1.7685185185185187e-05, 'epoch': 0.62}
{'embedding_loss': 0.0301, 'grad_norm': 0.028422463685274124, 'learning_rate': 1.3055555555555557e-05, 'epoch': 1.25}
{'embedding_loss': 0.0152, 'grad_norm': 0.12420788407325745, 'learning_rate': 8.425925925925926e-06, 'epoch': 1.88}
{'embedding_loss': 0.0075, 'grad_norm': 0.08529823273420334, 'learning_rate': 3.796296296296297e-06, 'epoch': 2.5}
{'train_runtime': 188.8558, 'train_samples_per_second': 20.333, 'train_steps_per_second': 1.271, 'train_loss': 0.04420492397621274, 'epoch': 3.0}

🔍 Evaluation Metrics
----------------------------------------
📊 Label Distribution:
  Label Not Data Journalism: 13
  Label Half Data Journalism: 2
  Label Data Journalism: 5

✅ Overall Metrics:
  Accuracy : 0.8000
  Precision: 0.8708
  Recall   : 0.8000
  F1       : 0.8276

🧩 Confusion Matrix:
  [4, 1, 0]
  [0, 1, 1]
  [0, 2, 11]

📌 Per-Class Metrics:
  Class Data Journalism: TP=4, FP=0, FN=1, TN=15
  Class Half Data Journalism: TP=1, FP=3, FN=1, TN=15
  Class Not Data Journalism: TP=11, FP=1, FN=2, TN=6
----------------------------------------
Fold finished F1 Score: 0.7724444444444444 None
Fold 4/5
Loading model from HPC local scratch: /tmp/shapovalov_setfit_model_cache_1387365
{'embedding_loss': 0.2864, 'grad_norm': 2.9529924392700195, 'learning_rate': 0.0, 'epoch': 0.01}
{'embedding_loss': 0.1543, 'grad_norm': 0.8335371017456055, 'learning_rate': 1.7685185185185187e-05, 'epoch': 0.62}
{'embedding_loss': 0.0251, 'grad_norm': 0.09787995368242264, 'learning_rate': 1.3055555555555557e-05, 'epoch': 1.25}
{'embedding_loss': 0.0106, 'grad_norm': 1.250091791152954, 'learning_rate': 8.425925925925926e-06, 'epoch': 1.88}
{'embedding_loss': 0.002, 'grad_norm': 0.3062531054019928, 'learning_rate': 3.796296296296297e-06, 'epoch': 2.5}
{'train_runtime': 188.7827, 'train_samples_per_second': 20.341, 'train_steps_per_second': 1.271, 'train_loss': 0.04092647215972344, 'epoch': 3.0}

🔍 Evaluation Metrics
----------------------------------------
📊 Label Distribution:
  Label Not Data Journalism: 13
  Label Data Journalism: 4
  Label Half Data Journalism: 3

✅ Overall Metrics:
  Accuracy : 0.8000
  Precision: 0.7171
  Recall   : 0.8000
  F1       : 0.7556

🧩 Confusion Matrix:
  [4, 0, 0]
  [1, 0, 2]
  [0, 1, 12]

📌 Per-Class Metrics:
  Class Data Journalism: TP=4, FP=1, FN=0, TN=15
  Class Half Data Journalism: TP=0, FP=1, FN=3, TN=16
  Class Not Data Journalism: TP=12, FP=2, FN=1, TN=5
----------------------------------------
Fold finished F1 Score: 0.8444444444444443 None
Fold 5/5
Loading model from HPC local scratch: /tmp/shapovalov_setfit_model_cache_1387365
{'embedding_loss': 0.392, 'grad_norm': 2.9009206295013428, 'learning_rate': 0.0, 'epoch': 0.01}
{'embedding_loss': 0.1519, 'grad_norm': 0.7957608699798584, 'learning_rate': 1.7685185185185187e-05, 'epoch': 0.62}
{'embedding_loss': 0.0202, 'grad_norm': 0.2933466136455536, 'learning_rate': 1.3055555555555557e-05, 'epoch': 1.25}
{'embedding_loss': 0.0054, 'grad_norm': 0.05235496535897255, 'learning_rate': 8.425925925925926e-06, 'epoch': 1.88}
{'embedding_loss': 0.0011, 'grad_norm': 0.017965003848075867, 'learning_rate': 3.796296296296297e-06, 'epoch': 2.5}
{'train_runtime': 188.3525, 'train_samples_per_second': 20.387, 'train_steps_per_second': 1.274, 'train_loss': 0.03831217631231994, 'epoch': 3.0}

🔍 Evaluation Metrics
----------------------------------------
📊 Label Distribution:
  Label Not Data Journalism: 13
  Label Data Journalism: 4
  Label Half Data Journalism: 3

✅ Overall Metrics:
  Accuracy : 0.7000
  Precision: 0.5971
  Recall   : 0.7000
  F1       : 0.6300

🧩 Confusion Matrix:
  [1, 1, 2]
  [1, 0, 2]
  [0, 0, 13]

📌 Per-Class Metrics:
  Class Data Journalism: TP=1, FP=1, FN=3, TN=15
  Class Half Data Journalism: TP=0, FP=1, FN=3, TN=16
  Class Not Data Journalism: TP=13, FP=4, FN=0, TN=3
----------------------------------------
Fold finished F1 Score: 0.77 None
Average VRAM usage: 5093.87 MB, Max VRAM usage: 18135.02 MB
Trial 22 completed with avg fold F1 score: 0.8101470085470087
Trial 23: {'num_iterations': 8, 'num_epochs': 3, 'batch_size': 16, 'head_lr': 1.0932366790257344e-05}
Fold 1/5
Loading model from HPC local scratch: /tmp/shapovalov_setfit_model_cache_1387365
{'embedding_loss': 0.3451, 'grad_norm': 2.896070718765259, 'learning_rate': 0.0, 'epoch': 0.01}
{'embedding_loss': 0.1644, 'grad_norm': 0.5815149545669556, 'learning_rate': 1.7685185185185187e-05, 'epoch': 0.62}
{'embedding_loss': 0.0281, 'grad_norm': 0.13028492033481598, 'learning_rate': 1.3055555555555557e-05, 'epoch': 1.25}
{'embedding_loss': 0.0243, 'grad_norm': 0.2615799307823181, 'learning_rate': 8.425925925925926e-06, 'epoch': 1.88}
{'embedding_loss': 0.0111, 'grad_norm': 0.04009565711021423, 'learning_rate': 3.796296296296297e-06, 'epoch': 2.5}
{'train_runtime': 185.7737, 'train_samples_per_second': 20.67, 'train_steps_per_second': 1.292, 'train_loss': 0.04918667133897543, 'epoch': 3.0}

🔍 Evaluation Metrics
----------------------------------------
📊 Label Distribution:
  Label Data Journalism: 4
  Label Half Data Journalism: 2
  Label Not Data Journalism: 14

✅ Overall Metrics:
  Accuracy : 0.8000
  Precision: 0.8458
  Recall   : 0.8000
  F1       : 0.7733

🧩 Confusion Matrix:
  [1, 2, 1]
  [0, 1, 1]
  [0, 0, 14]

📌 Per-Class Metrics:
  Class Data Journalism: TP=1, FP=0, FN=3, TN=16
  Class Half Data Journalism: TP=1, FP=2, FN=1, TN=16
  Class Not Data Journalism: TP=14, FP=2, FN=0, TN=4
----------------------------------------
Fold finished F1 Score: 0.8266666666666668 None
Fold 2/5
Loading model from HPC local scratch: /tmp/shapovalov_setfit_model_cache_1387365
{'embedding_loss': 0.3706, 'grad_norm': 3.2043991088867188, 'learning_rate': 0.0, 'epoch': 0.01}
{'embedding_loss': 0.1545, 'grad_norm': 1.2442175149917603, 'learning_rate': 1.7685185185185187e-05, 'epoch': 0.62}
{'embedding_loss': 0.0344, 'grad_norm': 0.46935099363327026, 'learning_rate': 1.3055555555555557e-05, 'epoch': 1.25}
{'embedding_loss': 0.0249, 'grad_norm': 0.3180326819419861, 'learning_rate': 8.425925925925926e-06, 'epoch': 1.88}
{'embedding_loss': 0.0148, 'grad_norm': 0.37431642413139343, 'learning_rate': 3.796296296296297e-06, 'epoch': 2.5}
{'train_runtime': 185.9905, 'train_samples_per_second': 20.646, 'train_steps_per_second': 1.29, 'train_loss': 0.050162357091903684, 'epoch': 3.0}

🔍 Evaluation Metrics
----------------------------------------
📊 Label Distribution:
  Label Not Data Journalism: 14
  Label Data Journalism: 4
  Label Half Data Journalism: 2

✅ Overall Metrics:
  Accuracy : 0.8500
  Precision: 0.9000
  Recall   : 0.8500
  F1       : 0.8628

🧩 Confusion Matrix:
  [3, 1, 0]
  [0, 2, 0]
  [1, 1, 12]

📌 Per-Class Metrics:
  Class Data Journalism: TP=3, FP=1, FN=1, TN=15
  Class Half Data Journalism: TP=2, FP=2, FN=0, TN=16
  Class Not Data Journalism: TP=12, FP=0, FN=2, TN=6
----------------------------------------
Fold finished F1 Score: 0.8371794871794872 None
Fold 3/5
Loading model from HPC local scratch: /tmp/shapovalov_setfit_model_cache_1387365
{'embedding_loss': 0.3392, 'grad_norm': 2.816593647003174, 'learning_rate': 0.0, 'epoch': 0.01}
{'embedding_loss': 0.1533, 'grad_norm': 1.4565742015838623, 'learning_rate': 1.7685185185185187e-05, 'epoch': 0.62}
{'embedding_loss': 0.0301, 'grad_norm': 0.028422463685274124, 'learning_rate': 1.3055555555555557e-05, 'epoch': 1.25}
{'embedding_loss': 0.0152, 'grad_norm': 0.12420788407325745, 'learning_rate': 8.425925925925926e-06, 'epoch': 1.88}
{'embedding_loss': 0.0075, 'grad_norm': 0.08529823273420334, 'learning_rate': 3.796296296296297e-06, 'epoch': 2.5}
{'train_runtime': 188.5488, 'train_samples_per_second': 20.366, 'train_steps_per_second': 1.273, 'train_loss': 0.04420492397621274, 'epoch': 3.0}

🔍 Evaluation Metrics
----------------------------------------
📊 Label Distribution:
  Label Not Data Journalism: 13
  Label Half Data Journalism: 2
  Label Data Journalism: 5

✅ Overall Metrics:
  Accuracy : 0.8000
  Precision: 0.8708
  Recall   : 0.8000
  F1       : 0.8276

🧩 Confusion Matrix:
  [4, 1, 0]
  [0, 1, 1]
  [0, 2, 11]

📌 Per-Class Metrics:
  Class Data Journalism: TP=4, FP=0, FN=1, TN=15
  Class Half Data Journalism: TP=1, FP=3, FN=1, TN=15
  Class Not Data Journalism: TP=11, FP=1, FN=2, TN=6
----------------------------------------
Fold finished F1 Score: 0.7724444444444444 None
Fold 4/5
Loading model from HPC local scratch: /tmp/shapovalov_setfit_model_cache_1387365
{'embedding_loss': 0.2864, 'grad_norm': 2.9529924392700195, 'learning_rate': 0.0, 'epoch': 0.01}
{'embedding_loss': 0.1543, 'grad_norm': 0.8335371017456055, 'learning_rate': 1.7685185185185187e-05, 'epoch': 0.62}
{'embedding_loss': 0.0251, 'grad_norm': 0.09787995368242264, 'learning_rate': 1.3055555555555557e-05, 'epoch': 1.25}
{'embedding_loss': 0.0106, 'grad_norm': 1.250091791152954, 'learning_rate': 8.425925925925926e-06, 'epoch': 1.88}
{'embedding_loss': 0.002, 'grad_norm': 0.3062531054019928, 'learning_rate': 3.796296296296297e-06, 'epoch': 2.5}
{'train_runtime': 188.1098, 'train_samples_per_second': 20.414, 'train_steps_per_second': 1.276, 'train_loss': 0.04092647215972344, 'epoch': 3.0}

🔍 Evaluation Metrics
----------------------------------------
📊 Label Distribution:
  Label Not Data Journalism: 13
  Label Data Journalism: 4
  Label Half Data Journalism: 3

✅ Overall Metrics:
  Accuracy : 0.8000
  Precision: 0.7171
  Recall   : 0.8000
  F1       : 0.7556

🧩 Confusion Matrix:
  [4, 0, 0]
  [1, 0, 2]
  [0, 1, 12]

📌 Per-Class Metrics:
  Class Data Journalism: TP=4, FP=1, FN=0, TN=15
  Class Half Data Journalism: TP=0, FP=1, FN=3, TN=16
  Class Not Data Journalism: TP=12, FP=2, FN=1, TN=5
----------------------------------------
Fold finished F1 Score: 0.8444444444444443 None
Fold 5/5
Loading model from HPC local scratch: /tmp/shapovalov_setfit_model_cache_1387365
{'embedding_loss': 0.392, 'grad_norm': 2.9009206295013428, 'learning_rate': 0.0, 'epoch': 0.01}
{'embedding_loss': 0.1519, 'grad_norm': 0.7957608699798584, 'learning_rate': 1.7685185185185187e-05, 'epoch': 0.62}
{'embedding_loss': 0.0202, 'grad_norm': 0.2933466136455536, 'learning_rate': 1.3055555555555557e-05, 'epoch': 1.25}
{'embedding_loss': 0.0054, 'grad_norm': 0.05235496535897255, 'learning_rate': 8.425925925925926e-06, 'epoch': 1.88}
{'embedding_loss': 0.0011, 'grad_norm': 0.017965003848075867, 'learning_rate': 3.796296296296297e-06, 'epoch': 2.5}
{'train_runtime': 188.2124, 'train_samples_per_second': 20.402, 'train_steps_per_second': 1.275, 'train_loss': 0.03831217631231994, 'epoch': 3.0}

🔍 Evaluation Metrics
----------------------------------------
📊 Label Distribution:
  Label Not Data Journalism: 13
  Label Data Journalism: 4
  Label Half Data Journalism: 3

✅ Overall Metrics:
  Accuracy : 0.7000
  Precision: 0.5971
  Recall   : 0.7000
  F1       : 0.6300

🧩 Confusion Matrix:
  [1, 1, 2]
  [1, 0, 2]
  [0, 0, 13]

📌 Per-Class Metrics:
  Class Data Journalism: TP=1, FP=1, FN=3, TN=15
  Class Half Data Journalism: TP=0, FP=1, FN=3, TN=16
  Class Not Data Journalism: TP=13, FP=4, FN=0, TN=3
----------------------------------------
Fold finished F1 Score: 0.77 None
Average VRAM usage: 5136.40 MB, Max VRAM usage: 21260.82 MB
Trial 23 completed with avg fold F1 score: 0.8101470085470087
Trial 24: {'num_iterations': 8, 'num_epochs': 3, 'batch_size': 16, 'head_lr': 3.379091477367885e-05}
Fold 1/5
Loading model from HPC local scratch: /tmp/shapovalov_setfit_model_cache_1387365
{'embedding_loss': 0.3451, 'grad_norm': 2.896070718765259, 'learning_rate': 0.0, 'epoch': 0.01}
{'embedding_loss': 0.1644, 'grad_norm': 0.5815149545669556, 'learning_rate': 1.7685185185185187e-05, 'epoch': 0.62}
{'embedding_loss': 0.0281, 'grad_norm': 0.13028492033481598, 'learning_rate': 1.3055555555555557e-05, 'epoch': 1.25}
{'embedding_loss': 0.0243, 'grad_norm': 0.2615799307823181, 'learning_rate': 8.425925925925926e-06, 'epoch': 1.88}
{'embedding_loss': 0.0111, 'grad_norm': 0.04009565711021423, 'learning_rate': 3.796296296296297e-06, 'epoch': 2.5}
{'train_runtime': 186.4718, 'train_samples_per_second': 20.593, 'train_steps_per_second': 1.287, 'train_loss': 0.04918667133897543, 'epoch': 3.0}

🔍 Evaluation Metrics
----------------------------------------
📊 Label Distribution:
  Label Data Journalism: 4
  Label Half Data Journalism: 2
  Label Not Data Journalism: 14

✅ Overall Metrics:
  Accuracy : 0.8000
  Precision: 0.8458
  Recall   : 0.8000
  F1       : 0.7733

🧩 Confusion Matrix:
  [1, 2, 1]
  [0, 1, 1]
  [0, 0, 14]

📌 Per-Class Metrics:
  Class Data Journalism: TP=1, FP=0, FN=3, TN=16
  Class Half Data Journalism: TP=1, FP=2, FN=1, TN=16
  Class Not Data Journalism: TP=14, FP=2, FN=0, TN=4
----------------------------------------
Fold finished F1 Score: 0.8266666666666668 None
Fold 2/5
Loading model from HPC local scratch: /tmp/shapovalov_setfit_model_cache_1387365
{'embedding_loss': 0.3706, 'grad_norm': 3.2043991088867188, 'learning_rate': 0.0, 'epoch': 0.01}
{'embedding_loss': 0.1545, 'grad_norm': 1.2442175149917603, 'learning_rate': 1.7685185185185187e-05, 'epoch': 0.62}
{'embedding_loss': 0.0344, 'grad_norm': 0.46935099363327026, 'learning_rate': 1.3055555555555557e-05, 'epoch': 1.25}
{'embedding_loss': 0.0249, 'grad_norm': 0.3180326819419861, 'learning_rate': 8.425925925925926e-06, 'epoch': 1.88}
{'embedding_loss': 0.0148, 'grad_norm': 0.37431642413139343, 'learning_rate': 3.796296296296297e-06, 'epoch': 2.5}
{'train_runtime': 187.1208, 'train_samples_per_second': 20.522, 'train_steps_per_second': 1.283, 'train_loss': 0.050162357091903684, 'epoch': 3.0}

🔍 Evaluation Metrics
----------------------------------------
📊 Label Distribution:
  Label Not Data Journalism: 14
  Label Data Journalism: 4
  Label Half Data Journalism: 2

✅ Overall Metrics:
  Accuracy : 0.8500
  Precision: 0.9000
  Recall   : 0.8500
  F1       : 0.8628

🧩 Confusion Matrix:
  [3, 1, 0]
  [0, 2, 0]
  [1, 1, 12]

📌 Per-Class Metrics:
  Class Data Journalism: TP=3, FP=1, FN=1, TN=15
  Class Half Data Journalism: TP=2, FP=2, FN=0, TN=16
  Class Not Data Journalism: TP=12, FP=0, FN=2, TN=6
----------------------------------------
Fold finished F1 Score: 0.8371794871794872 None
Fold 3/5
Loading model from HPC local scratch: /tmp/shapovalov_setfit_model_cache_1387365
{'embedding_loss': 0.3392, 'grad_norm': 2.816593647003174, 'learning_rate': 0.0, 'epoch': 0.01}
{'embedding_loss': 0.1533, 'grad_norm': 1.4565742015838623, 'learning_rate': 1.7685185185185187e-05, 'epoch': 0.62}
{'embedding_loss': 0.0301, 'grad_norm': 0.028422463685274124, 'learning_rate': 1.3055555555555557e-05, 'epoch': 1.25}
{'embedding_loss': 0.0152, 'grad_norm': 0.12420788407325745, 'learning_rate': 8.425925925925926e-06, 'epoch': 1.88}
{'embedding_loss': 0.0075, 'grad_norm': 0.08529823273420334, 'learning_rate': 3.796296296296297e-06, 'epoch': 2.5}
{'train_runtime': 188.185, 'train_samples_per_second': 20.405, 'train_steps_per_second': 1.275, 'train_loss': 0.04420492397621274, 'epoch': 3.0}

🔍 Evaluation Metrics
----------------------------------------
📊 Label Distribution:
  Label Not Data Journalism: 13
  Label Half Data Journalism: 2
  Label Data Journalism: 5

✅ Overall Metrics:
  Accuracy : 0.8000
  Precision: 0.8708
  Recall   : 0.8000
  F1       : 0.8276

🧩 Confusion Matrix:
  [4, 1, 0]
  [0, 1, 1]
  [0, 2, 11]

📌 Per-Class Metrics:
  Class Data Journalism: TP=4, FP=0, FN=1, TN=15
  Class Half Data Journalism: TP=1, FP=3, FN=1, TN=15
  Class Not Data Journalism: TP=11, FP=1, FN=2, TN=6
----------------------------------------
Fold finished F1 Score: 0.7724444444444444 None
Fold 4/5
Loading model from HPC local scratch: /tmp/shapovalov_setfit_model_cache_1387365
{'embedding_loss': 0.2864, 'grad_norm': 2.9529924392700195, 'learning_rate': 0.0, 'epoch': 0.01}
{'embedding_loss': 0.1543, 'grad_norm': 0.8335371017456055, 'learning_rate': 1.7685185185185187e-05, 'epoch': 0.62}
{'embedding_loss': 0.0251, 'grad_norm': 0.09787995368242264, 'learning_rate': 1.3055555555555557e-05, 'epoch': 1.25}
{'embedding_loss': 0.0106, 'grad_norm': 1.250091791152954, 'learning_rate': 8.425925925925926e-06, 'epoch': 1.88}
{'embedding_loss': 0.002, 'grad_norm': 0.3062531054019928, 'learning_rate': 3.796296296296297e-06, 'epoch': 2.5}
{'train_runtime': 188.3213, 'train_samples_per_second': 20.391, 'train_steps_per_second': 1.274, 'train_loss': 0.04092647215972344, 'epoch': 3.0}

🔍 Evaluation Metrics
----------------------------------------
📊 Label Distribution:
  Label Not Data Journalism: 13
  Label Data Journalism: 4
  Label Half Data Journalism: 3

✅ Overall Metrics:
  Accuracy : 0.8000
  Precision: 0.7171
  Recall   : 0.8000
  F1       : 0.7556

🧩 Confusion Matrix:
  [4, 0, 0]
  [1, 0, 2]
  [0, 1, 12]

📌 Per-Class Metrics:
  Class Data Journalism: TP=4, FP=1, FN=0, TN=15
  Class Half Data Journalism: TP=0, FP=1, FN=3, TN=16
  Class Not Data Journalism: TP=12, FP=2, FN=1, TN=5
----------------------------------------
Fold finished F1 Score: 0.8444444444444443 None
Fold 5/5
Loading model from HPC local scratch: /tmp/shapovalov_setfit_model_cache_1387365
{'embedding_loss': 0.392, 'grad_norm': 2.9009206295013428, 'learning_rate': 0.0, 'epoch': 0.01}
{'embedding_loss': 0.1519, 'grad_norm': 0.7957608699798584, 'learning_rate': 1.7685185185185187e-05, 'epoch': 0.62}
{'embedding_loss': 0.0202, 'grad_norm': 0.2933466136455536, 'learning_rate': 1.3055555555555557e-05, 'epoch': 1.25}
{'embedding_loss': 0.0054, 'grad_norm': 0.05235496535897255, 'learning_rate': 8.425925925925926e-06, 'epoch': 1.88}
{'embedding_loss': 0.0011, 'grad_norm': 0.017965003848075867, 'learning_rate': 3.796296296296297e-06, 'epoch': 2.5}
{'train_runtime': 190.21, 'train_samples_per_second': 20.188, 'train_steps_per_second': 1.262, 'train_loss': 0.03831217631231994, 'epoch': 3.0}

🔍 Evaluation Metrics
----------------------------------------
📊 Label Distribution:
  Label Not Data Journalism: 13
  Label Data Journalism: 4
  Label Half Data Journalism: 3

✅ Overall Metrics:
  Accuracy : 0.7000
  Precision: 0.5971
  Recall   : 0.7000
  F1       : 0.6300

🧩 Confusion Matrix:
  [1, 1, 2]
  [1, 0, 2]
  [0, 0, 13]

📌 Per-Class Metrics:
  Class Data Journalism: TP=1, FP=1, FN=3, TN=15
  Class Half Data Journalism: TP=0, FP=1, FN=3, TN=16
  Class Not Data Journalism: TP=13, FP=4, FN=0, TN=3
----------------------------------------
Fold finished F1 Score: 0.77 None
Average VRAM usage: 5481.42 MB, Max VRAM usage: 17301.83 MB
Trial 24 completed with avg fold F1 score: 0.8101470085470087
Trial 25: {'num_iterations': 7, 'num_epochs': 3, 'batch_size': 16, 'head_lr': 0.00012863433147292048}
Fold 1/5
Loading model from HPC local scratch: /tmp/shapovalov_setfit_model_cache_1387365
{'embedding_loss': 0.3753, 'grad_norm': 3.523641347885132, 'learning_rate': 0.0, 'epoch': 0.01}
{'embedding_loss': 0.1579, 'grad_norm': 0.6305482387542725, 'learning_rate': 1.7037037037037038e-05, 'epoch': 0.71}
{'embedding_loss': 0.0345, 'grad_norm': 0.5553069710731506, 'learning_rate': 1.1746031746031748e-05, 'epoch': 1.43}
{'embedding_loss': 0.0216, 'grad_norm': 1.4073874950408936, 'learning_rate': 6.455026455026455e-06, 'epoch': 2.14}
{'embedding_loss': 0.0128, 'grad_norm': 0.54205721616745, 'learning_rate': 1.164021164021164e-06, 'epoch': 2.86}
{'train_runtime': 162.8458, 'train_samples_per_second': 20.633, 'train_steps_per_second': 1.29, 'train_loss': 0.055485513806343076, 'epoch': 3.0}

🔍 Evaluation Metrics
----------------------------------------
📊 Label Distribution:
  Label Data Journalism: 4
  Label Half Data Journalism: 2
  Label Not Data Journalism: 14

✅ Overall Metrics:
  Accuracy : 0.8500
  Precision: 0.8867
  Recall   : 0.8500
  F1       : 0.8492

🧩 Confusion Matrix:
  [2, 2, 0]
  [0, 1, 1]
  [0, 0, 14]

📌 Per-Class Metrics:
  Class Data Journalism: TP=2, FP=0, FN=2, TN=16
  Class Half Data Journalism: TP=1, FP=2, FN=1, TN=16
  Class Not Data Journalism: TP=14, FP=1, FN=0, TN=5
----------------------------------------
Fold finished F1 Score: 0.8508045977011495 None
Fold 2/5
Loading model from HPC local scratch: /tmp/shapovalov_setfit_model_cache_1387365
{'embedding_loss': 0.3604, 'grad_norm': 3.6940126419067383, 'learning_rate': 0.0, 'epoch': 0.01}
{'embedding_loss': 0.1515, 'grad_norm': 0.5727890729904175, 'learning_rate': 1.7037037037037038e-05, 'epoch': 0.71}
{'embedding_loss': 0.0323, 'grad_norm': 0.14159029722213745, 'learning_rate': 1.1746031746031748e-05, 'epoch': 1.43}
{'embedding_loss': 0.0234, 'grad_norm': 0.3818378448486328, 'learning_rate': 6.455026455026455e-06, 'epoch': 2.14}
{'embedding_loss': 0.0148, 'grad_norm': 0.9097439050674438, 'learning_rate': 1.164021164021164e-06, 'epoch': 2.86}
{'train_runtime': 162.3934, 'train_samples_per_second': 20.69, 'train_steps_per_second': 1.293, 'train_loss': 0.05471398929754893, 'epoch': 3.0}

🔍 Evaluation Metrics
----------------------------------------
📊 Label Distribution:
  Label Not Data Journalism: 14
  Label Data Journalism: 4
  Label Half Data Journalism: 2

✅ Overall Metrics:
  Accuracy : 0.7000
  Precision: 0.8286
  Recall   : 0.7000
  F1       : 0.7271

🧩 Confusion Matrix:
  [1, 3, 0]
  [0, 2, 0]
  [1, 2, 11]

📌 Per-Class Metrics:
  Class Data Journalism: TP=1, FP=1, FN=3, TN=15
  Class Half Data Journalism: TP=2, FP=5, FN=0, TN=13
  Class Not Data Journalism: TP=11, FP=0, FN=3, TN=6
----------------------------------------
Fold finished F1 Score: 0.6728888888888889 None
Fold 3/5
Loading model from HPC local scratch: /tmp/shapovalov_setfit_model_cache_1387365
{'embedding_loss': 0.3287, 'grad_norm': 3.3898487091064453, 'learning_rate': 0.0, 'epoch': 0.01}
{'embedding_loss': 0.1464, 'grad_norm': 1.0560283660888672, 'learning_rate': 1.7037037037037038e-05, 'epoch': 0.71}
{'embedding_loss': 0.0306, 'grad_norm': 0.1651388704776764, 'learning_rate': 1.1746031746031748e-05, 'epoch': 1.43}
{'embedding_loss': 0.0127, 'grad_norm': 0.5470564365386963, 'learning_rate': 6.455026455026455e-06, 'epoch': 2.14}
{'embedding_loss': 0.0052, 'grad_norm': 0.11787008494138718, 'learning_rate': 1.164021164021164e-06, 'epoch': 2.86}
{'train_runtime': 165.5312, 'train_samples_per_second': 20.298, 'train_steps_per_second': 1.269, 'train_loss': 0.047756146923417134, 'epoch': 3.0}

🔍 Evaluation Metrics
----------------------------------------
📊 Label Distribution:
  Label Not Data Journalism: 13
  Label Half Data Journalism: 2
  Label Data Journalism: 5

✅ Overall Metrics:
  Accuracy : 0.8000
  Precision: 0.8708
  Recall   : 0.8000
  F1       : 0.8276

🧩 Confusion Matrix:
  [4, 1, 0]
  [0, 1, 1]
  [0, 2, 11]

📌 Per-Class Metrics:
  Class Data Journalism: TP=4, FP=0, FN=1, TN=15
  Class Half Data Journalism: TP=1, FP=3, FN=1, TN=15
  Class Not Data Journalism: TP=11, FP=1, FN=2, TN=6
----------------------------------------
Fold finished F1 Score: 0.7724444444444444 None
Fold 4/5
Loading model from HPC local scratch: /tmp/shapovalov_setfit_model_cache_1387365
{'embedding_loss': 0.4535, 'grad_norm': 3.461676836013794, 'learning_rate': 0.0, 'epoch': 0.01}
{'embedding_loss': 0.1508, 'grad_norm': 1.2352181673049927, 'learning_rate': 1.7037037037037038e-05, 'epoch': 0.71}
{'embedding_loss': 0.0211, 'grad_norm': 0.7159741520881653, 'learning_rate': 1.1746031746031748e-05, 'epoch': 1.43}
{'embedding_loss': 0.0079, 'grad_norm': 0.19666072726249695, 'learning_rate': 6.455026455026455e-06, 'epoch': 2.14}
{'embedding_loss': 0.0026, 'grad_norm': 0.04652692377567291, 'learning_rate': 1.164021164021164e-06, 'epoch': 2.86}
{'train_runtime': 165.7899, 'train_samples_per_second': 20.267, 'train_steps_per_second': 1.267, 'train_loss': 0.044979362855000156, 'epoch': 3.0}

🔍 Evaluation Metrics
----------------------------------------
📊 Label Distribution:
  Label Not Data Journalism: 13
  Label Data Journalism: 4
  Label Half Data Journalism: 3

✅ Overall Metrics:
  Accuracy : 0.8500
  Precision: 0.7233
  Recall   : 0.8500
  F1       : 0.7813

🧩 Confusion Matrix:
  [4, 0, 0]
  [1, 0, 2]
  [0, 0, 13]

📌 Per-Class Metrics:
  Class Data Journalism: TP=4, FP=1, FN=0, TN=15
  Class Half Data Journalism: TP=0, FP=0, FN=3, TN=17
  Class Not Data Journalism: TP=13, FP=2, FN=0, TN=5
----------------------------------------
Fold finished F1 Score: 0.9186507936507937 None
Fold 5/5
Loading model from HPC local scratch: /tmp/shapovalov_setfit_model_cache_1387365
{'embedding_loss': 0.4009, 'grad_norm': 3.7379493713378906, 'learning_rate': 0.0, 'epoch': 0.01}
{'embedding_loss': 0.1542, 'grad_norm': 1.0762884616851807, 'learning_rate': 1.7037037037037038e-05, 'epoch': 0.71}
{'embedding_loss': 0.0266, 'grad_norm': 0.048244230449199677, 'learning_rate': 1.1746031746031748e-05, 'epoch': 1.43}
{'embedding_loss': 0.0049, 'grad_norm': 0.013027084060013294, 'learning_rate': 6.455026455026455e-06, 'epoch': 2.14}
{'embedding_loss': 0.0023, 'grad_norm': 0.09483475983142853, 'learning_rate': 1.164021164021164e-06, 'epoch': 2.86}
{'train_runtime': 165.913, 'train_samples_per_second': 20.252, 'train_steps_per_second': 1.266, 'train_loss': 0.04596453011922893, 'epoch': 3.0}

🔍 Evaluation Metrics
----------------------------------------
📊 Label Distribution:
  Label Not Data Journalism: 13
  Label Data Journalism: 4
  Label Half Data Journalism: 3

✅ Overall Metrics:
  Accuracy : 0.7000
  Precision: 0.5971
  Recall   : 0.7000
  F1       : 0.6300

🧩 Confusion Matrix:
  [1, 1, 2]
  [1, 0, 2]
  [0, 0, 13]

📌 Per-Class Metrics:
  Class Data Journalism: TP=1, FP=1, FN=3, TN=15
  Class Half Data Journalism: TP=0, FP=1, FN=3, TN=16
  Class Not Data Journalism: TP=13, FP=4, FN=0, TN=3
----------------------------------------
Fold finished F1 Score: 0.77 None
Average VRAM usage: 4953.98 MB, Max VRAM usage: 19672.96 MB
Trial 25 completed with avg fold F1 score: 0.7969577449370553
Trial 26: {'num_iterations': 8, 'num_epochs': 4, 'batch_size': 16, 'head_lr': 0.0005213055517899524}
Fold 1/5
Loading model from HPC local scratch: /tmp/shapovalov_setfit_model_cache_1387365
{'embedding_loss': 0.3451, 'grad_norm': 2.896070718765259, 'learning_rate': 0.0, 'epoch': 0.01}
{'embedding_loss': 0.1767, 'grad_norm': 0.795913815498352, 'learning_rate': 1.8819444444444447e-05, 'epoch': 0.62}
{'embedding_loss': 0.0329, 'grad_norm': 0.1197960153222084, 'learning_rate': 1.5347222222222226e-05, 'epoch': 1.25}
{'embedding_loss': 0.0253, 'grad_norm': 0.22096599638462067, 'learning_rate': 1.1875e-05, 'epoch': 1.88}
{'embedding_loss': 0.01, 'grad_norm': 0.04534480720758438, 'learning_rate': 8.402777777777779e-06, 'epoch': 2.5}
{'embedding_loss': 0.0023, 'grad_norm': 0.21515312790870667, 'learning_rate': 4.930555555555556e-06, 'epoch': 3.12}
{'embedding_loss': 0.0012, 'grad_norm': 0.09575245529413223, 'learning_rate': 1.4583333333333335e-06, 'epoch': 3.75}
{'train_runtime': 247.6105, 'train_samples_per_second': 20.678, 'train_steps_per_second': 1.292, 'train_loss': 0.03940531760454178, 'epoch': 4.0}

🔍 Evaluation Metrics
----------------------------------------
📊 Label Distribution:
  Label Data Journalism: 4
  Label Half Data Journalism: 2
  Label Not Data Journalism: 14

✅ Overall Metrics:
  Accuracy : 0.8000
  Precision: 0.8458
  Recall   : 0.8000
  F1       : 0.7733

🧩 Confusion Matrix:
  [1, 2, 1]
  [0, 1, 1]
  [0, 0, 14]

📌 Per-Class Metrics:
  Class Data Journalism: TP=1, FP=0, FN=3, TN=16
  Class Half Data Journalism: TP=1, FP=2, FN=1, TN=16
  Class Not Data Journalism: TP=14, FP=2, FN=0, TN=4
----------------------------------------
Fold finished F1 Score: 0.8266666666666668 None
Fold 2/5
Loading model from HPC local scratch: /tmp/shapovalov_setfit_model_cache_1387365
{'embedding_loss': 0.3706, 'grad_norm': 3.2043991088867188, 'learning_rate': 0.0, 'epoch': 0.01}
{'embedding_loss': 0.1681, 'grad_norm': 1.6526750326156616, 'learning_rate': 1.8819444444444447e-05, 'epoch': 0.62}
{'embedding_loss': 0.0353, 'grad_norm': 0.47160065174102783, 'learning_rate': 1.5347222222222226e-05, 'epoch': 1.25}
{'embedding_loss': 0.0242, 'grad_norm': 0.2127135992050171, 'learning_rate': 1.1875e-05, 'epoch': 1.88}
{'embedding_loss': 0.0132, 'grad_norm': 0.2228126972913742, 'learning_rate': 8.402777777777779e-06, 'epoch': 2.5}
{'embedding_loss': 0.0059, 'grad_norm': 0.03765023499727249, 'learning_rate': 4.930555555555556e-06, 'epoch': 3.12}
{'embedding_loss': 0.0032, 'grad_norm': 0.023587869480252266, 'learning_rate': 1.4583333333333335e-06, 'epoch': 3.75}
{'train_runtime': 248.3636, 'train_samples_per_second': 20.615, 'train_steps_per_second': 1.288, 'train_loss': 0.03979364527622238, 'epoch': 4.0}

🔍 Evaluation Metrics
----------------------------------------
📊 Label Distribution:
  Label Not Data Journalism: 14
  Label Data Journalism: 4
  Label Half Data Journalism: 2

✅ Overall Metrics:
  Accuracy : 0.8000
  Precision: 0.8900
  Recall   : 0.8000
  F1       : 0.8231

🧩 Confusion Matrix:
  [3, 1, 0]
  [0, 2, 0]
  [1, 2, 11]

📌 Per-Class Metrics:
  Class Data Journalism: TP=3, FP=1, FN=1, TN=15
  Class Half Data Journalism: TP=2, FP=3, FN=0, TN=15
  Class Not Data Journalism: TP=11, FP=0, FN=3, TN=6
----------------------------------------
Fold finished F1 Score: 0.7768571428571429 None
Fold 3/5
Loading model from HPC local scratch: /tmp/shapovalov_setfit_model_cache_1387365
{'embedding_loss': 0.3392, 'grad_norm': 2.816593647003174, 'learning_rate': 0.0, 'epoch': 0.01}
{'embedding_loss': 0.1709, 'grad_norm': 1.4199416637420654, 'learning_rate': 1.8819444444444447e-05, 'epoch': 0.62}
{'embedding_loss': 0.0345, 'grad_norm': 0.036588262766599655, 'learning_rate': 1.5347222222222226e-05, 'epoch': 1.25}
{'embedding_loss': 0.0188, 'grad_norm': 0.20500655472278595, 'learning_rate': 1.1875e-05, 'epoch': 1.88}
{'embedding_loss': 0.0079, 'grad_norm': 0.16216959059238434, 'learning_rate': 8.402777777777779e-06, 'epoch': 2.5}
{'embedding_loss': 0.0037, 'grad_norm': 0.0369604267179966, 'learning_rate': 4.930555555555556e-06, 'epoch': 3.12}
{'embedding_loss': 0.0025, 'grad_norm': 0.02822231873869896, 'learning_rate': 1.4583333333333335e-06, 'epoch': 3.75}
{'train_runtime': 250.3668, 'train_samples_per_second': 20.45, 'train_steps_per_second': 1.278, 'train_loss': 0.03785805964143947, 'epoch': 4.0}

🔍 Evaluation Metrics
----------------------------------------
📊 Label Distribution:
  Label Not Data Journalism: 13
  Label Half Data Journalism: 2
  Label Data Journalism: 5

✅ Overall Metrics:
  Accuracy : 0.8000
  Precision: 0.8708
  Recall   : 0.8000
  F1       : 0.8276

🧩 Confusion Matrix:
  [4, 1, 0]
  [0, 1, 1]
  [0, 2, 11]

📌 Per-Class Metrics:
  Class Data Journalism: TP=4, FP=0, FN=1, TN=15
  Class Half Data Journalism: TP=1, FP=3, FN=1, TN=15
  Class Not Data Journalism: TP=11, FP=1, FN=2, TN=6
----------------------------------------
Fold finished F1 Score: 0.7724444444444444 None
Fold 4/5
Loading model from HPC local scratch: /tmp/shapovalov_setfit_model_cache_1387365
{'embedding_loss': 0.2864, 'grad_norm': 2.9529924392700195, 'learning_rate': 0.0, 'epoch': 0.01}
{'embedding_loss': 0.1682, 'grad_norm': 1.2567442655563354, 'learning_rate': 1.8819444444444447e-05, 'epoch': 0.62}
{'embedding_loss': 0.0236, 'grad_norm': 0.12283635139465332, 'learning_rate': 1.5347222222222226e-05, 'epoch': 1.25}
{'embedding_loss': 0.01, 'grad_norm': 1.0693080425262451, 'learning_rate': 1.1875e-05, 'epoch': 1.88}
{'embedding_loss': 0.0023, 'grad_norm': 0.07161548733711243, 'learning_rate': 8.402777777777779e-06, 'epoch': 2.5}
{'embedding_loss': 0.0013, 'grad_norm': 0.03361063078045845, 'learning_rate': 4.930555555555556e-06, 'epoch': 3.12}
{'embedding_loss': 0.0008, 'grad_norm': 0.006524825934320688, 'learning_rate': 1.4583333333333335e-06, 'epoch': 3.75}
{'train_runtime': 251.2585, 'train_samples_per_second': 20.377, 'train_steps_per_second': 1.274, 'train_loss': 0.03262527510814835, 'epoch': 4.0}

🔍 Evaluation Metrics
----------------------------------------
📊 Label Distribution:
  Label Not Data Journalism: 13
  Label Data Journalism: 4
  Label Half Data Journalism: 3

✅ Overall Metrics:
  Accuracy : 0.8000
  Precision: 0.6905
  Recall   : 0.8000
  F1       : 0.7378

🧩 Confusion Matrix:
  [4, 0, 0]
  [1, 0, 2]
  [1, 0, 12]

📌 Per-Class Metrics:
  Class Data Journalism: TP=4, FP=2, FN=0, TN=14
  Class Half Data Journalism: TP=0, FP=0, FN=3, TN=17
  Class Not Data Journalism: TP=12, FP=2, FN=1, TN=5
----------------------------------------
Fold finished F1 Score: 0.8622222222222222 None
Fold 5/5
Loading model from HPC local scratch: /tmp/shapovalov_setfit_model_cache_1387365
{'embedding_loss': 0.392, 'grad_norm': 2.9009206295013428, 'learning_rate': 0.0, 'epoch': 0.01}
{'embedding_loss': 0.1645, 'grad_norm': 0.715167224407196, 'learning_rate': 1.8819444444444447e-05, 'epoch': 0.62}
{'embedding_loss': 0.024, 'grad_norm': 0.4778030514717102, 'learning_rate': 1.5347222222222226e-05, 'epoch': 1.25}
{'embedding_loss': 0.0054, 'grad_norm': 0.04765463247895241, 'learning_rate': 1.1875e-05, 'epoch': 1.88}
{'embedding_loss': 0.0009, 'grad_norm': 0.008932515978813171, 'learning_rate': 8.402777777777779e-06, 'epoch': 2.5}
{'embedding_loss': 0.0005, 'grad_norm': 0.013296130113303661, 'learning_rate': 4.930555555555556e-06, 'epoch': 3.12}
{'embedding_loss': 0.0004, 'grad_norm': 0.10622411966323853, 'learning_rate': 1.4583333333333335e-06, 'epoch': 3.75}
{'train_runtime': 251.366, 'train_samples_per_second': 20.369, 'train_steps_per_second': 1.273, 'train_loss': 0.03130240680329734, 'epoch': 4.0}

🔍 Evaluation Metrics
----------------------------------------
📊 Label Distribution:
  Label Not Data Journalism: 13
  Label Data Journalism: 4
  Label Half Data Journalism: 3

✅ Overall Metrics:
  Accuracy : 0.7000
  Precision: 0.5971
  Recall   : 0.7000
  F1       : 0.6300

🧩 Confusion Matrix:
  [1, 1, 2]
  [1, 0, 2]
  [0, 0, 13]

📌 Per-Class Metrics:
  Class Data Journalism: TP=1, FP=1, FN=3, TN=15
  Class Half Data Journalism: TP=0, FP=1, FN=3, TN=16
  Class Not Data Journalism: TP=13, FP=4, FN=0, TN=3
----------------------------------------
Fold finished F1 Score: 0.77 None
Average VRAM usage: 5319.09 MB, Max VRAM usage: 13547.49 MB
Trial 26 completed with avg fold F1 score: 0.8016380952380953
Trial 27: {'num_iterations': 9, 'num_epochs': 3, 'batch_size': 16, 'head_lr': 1.911180632472859e-05}
Fold 1/5
Loading model from HPC local scratch: /tmp/shapovalov_setfit_model_cache_1387365
{'embedding_loss': 0.3055, 'grad_norm': 2.91137433052063, 'learning_rate': 0.0, 'epoch': 0.01}
{'embedding_loss': 0.1635, 'grad_norm': 1.1010459661483765, 'learning_rate': 1.8189300411522635e-05, 'epoch': 0.56}
{'embedding_loss': 0.0382, 'grad_norm': 1.1430509090423584, 'learning_rate': 1.4074074074074075e-05, 'epoch': 1.11}
{'embedding_loss': 0.0262, 'grad_norm': 0.38822174072265625, 'learning_rate': 9.958847736625515e-06, 'epoch': 1.67}
{'embedding_loss': 0.0097, 'grad_norm': 0.43022647500038147, 'learning_rate': 5.843621399176955e-06, 'epoch': 2.22}
{'embedding_loss': 0.0072, 'grad_norm': 0.01846178248524666, 'learning_rate': 1.7283950617283952e-06, 'epoch': 2.78}
{'train_runtime': 208.7034, 'train_samples_per_second': 20.699, 'train_steps_per_second': 1.294, 'train_loss': 0.04612644690054434, 'epoch': 3.0}

🔍 Evaluation Metrics
----------------------------------------
📊 Label Distribution:
  Label Data Journalism: 4
  Label Half Data Journalism: 2
  Label Not Data Journalism: 14

✅ Overall Metrics:
  Accuracy : 0.8000
  Precision: 0.8783
  Recall   : 0.8000
  F1       : 0.7892

🧩 Confusion Matrix:
  [1, 3, 0]
  [0, 1, 1]
  [0, 0, 14]

📌 Per-Class Metrics:
  Class Data Journalism: TP=1, FP=0, FN=3, TN=16
  Class Half Data Journalism: TP=1, FP=3, FN=1, TN=15
  Class Not Data Journalism: TP=14, FP=1, FN=0, TN=5
----------------------------------------
Fold finished F1 Score: 0.8108045977011494 None
Fold 2/5
Loading model from HPC local scratch: /tmp/shapovalov_setfit_model_cache_1387365
{'embedding_loss': 0.3031, 'grad_norm': 2.697917938232422, 'learning_rate': 0.0, 'epoch': 0.01}
{'embedding_loss': 0.1629, 'grad_norm': 1.2864246368408203, 'learning_rate': 1.8189300411522635e-05, 'epoch': 0.56}
{'embedding_loss': 0.0387, 'grad_norm': 0.5445811152458191, 'learning_rate': 1.4074074074074075e-05, 'epoch': 1.11}
{'embedding_loss': 0.0173, 'grad_norm': 0.4253438711166382, 'learning_rate': 9.958847736625515e-06, 'epoch': 1.67}
{'embedding_loss': 0.009, 'grad_norm': 0.023056894540786743, 'learning_rate': 5.843621399176955e-06, 'epoch': 2.22}
{'embedding_loss': 0.0036, 'grad_norm': 0.05188620835542679, 'learning_rate': 1.7283950617283952e-06, 'epoch': 2.78}
{'train_runtime': 209.4919, 'train_samples_per_second': 20.621, 'train_steps_per_second': 1.289, 'train_loss': 0.04360533784385081, 'epoch': 3.0}

🔍 Evaluation Metrics
----------------------------------------
📊 Label Distribution:
  Label Not Data Journalism: 14
  Label Data Journalism: 4
  Label Half Data Journalism: 2

✅ Overall Metrics:
  Accuracy : 0.8000
  Precision: 0.8900
  Recall   : 0.8000
  F1       : 0.8231

🧩 Confusion Matrix:
  [3, 1, 0]
  [0, 2, 0]
  [1, 2, 11]

📌 Per-Class Metrics:
  Class Data Journalism: TP=3, FP=1, FN=1, TN=15
  Class Half Data Journalism: TP=2, FP=3, FN=0, TN=15
  Class Not Data Journalism: TP=11, FP=0, FN=3, TN=6
----------------------------------------
Fold finished F1 Score: 0.7768571428571429 None
Fold 3/5
Loading model from HPC local scratch: /tmp/shapovalov_setfit_model_cache_1387365
{'embedding_loss': 0.3434, 'grad_norm': 3.14304518699646, 'learning_rate': 0.0, 'epoch': 0.01}
{'embedding_loss': 0.1601, 'grad_norm': 1.7531856298446655, 'learning_rate': 1.8189300411522635e-05, 'epoch': 0.56}
{'embedding_loss': 0.0294, 'grad_norm': 0.15435951948165894, 'learning_rate': 1.4074074074074075e-05, 'epoch': 1.11}
{'embedding_loss': 0.0182, 'grad_norm': 0.7828260660171509, 'learning_rate': 9.958847736625515e-06, 'epoch': 1.67}
{'embedding_loss': 0.0099, 'grad_norm': 0.11260239779949188, 'learning_rate': 5.843621399176955e-06, 'epoch': 2.22}
{'embedding_loss': 0.0021, 'grad_norm': 0.27623286843299866, 'learning_rate': 1.7283950617283952e-06, 'epoch': 2.78}
{'train_runtime': 212.1782, 'train_samples_per_second': 20.36, 'train_steps_per_second': 1.273, 'train_loss': 0.0417670167154736, 'epoch': 3.0}

🔍 Evaluation Metrics
----------------------------------------
📊 Label Distribution:
  Label Not Data Journalism: 13
  Label Half Data Journalism: 2
  Label Data Journalism: 5

✅ Overall Metrics:
  Accuracy : 0.6500
  Precision: 0.7292
  Recall   : 0.6500
  F1       : 0.6867

🧩 Confusion Matrix:
  [3, 1, 1]
  [1, 0, 1]
  [0, 3, 10]

📌 Per-Class Metrics:
  Class Data Journalism: TP=3, FP=1, FN=2, TN=14
  Class Half Data Journalism: TP=0, FP=4, FN=2, TN=14
  Class Not Data Journalism: TP=10, FP=2, FN=3, TN=5
----------------------------------------
Fold finished F1 Score: 0.6133333333333334 None
Fold 4/5
Loading model from HPC local scratch: /tmp/shapovalov_setfit_model_cache_1387365
{'embedding_loss': 0.3821, 'grad_norm': 3.3300387859344482, 'learning_rate': 0.0, 'epoch': 0.01}
{'embedding_loss': 0.1472, 'grad_norm': 0.38713881373405457, 'learning_rate': 1.8189300411522635e-05, 'epoch': 0.56}
{'embedding_loss': 0.0282, 'grad_norm': 0.9441004395484924, 'learning_rate': 1.4074074074074075e-05, 'epoch': 1.11}
{'embedding_loss': 0.0085, 'grad_norm': 0.11811885237693787, 'learning_rate': 9.958847736625515e-06, 'epoch': 1.67}
{'embedding_loss': 0.0042, 'grad_norm': 0.10699252784252167, 'learning_rate': 5.843621399176955e-06, 'epoch': 2.22}
{'embedding_loss': 0.0019, 'grad_norm': 0.08044295758008957, 'learning_rate': 1.7283950617283952e-06, 'epoch': 2.78}
{'train_runtime': 211.5971, 'train_samples_per_second': 20.416, 'train_steps_per_second': 1.276, 'train_loss': 0.03612085656711349, 'epoch': 3.0}

🔍 Evaluation Metrics
----------------------------------------
📊 Label Distribution:
  Label Not Data Journalism: 13
  Label Data Journalism: 4
  Label Half Data Journalism: 3

✅ Overall Metrics:
  Accuracy : 0.8000
  Precision: 0.7171
  Recall   : 0.8000
  F1       : 0.7556

🧩 Confusion Matrix:
  [4, 0, 0]
  [1, 0, 2]
  [0, 1, 12]

📌 Per-Class Metrics:
  Class Data Journalism: TP=4, FP=1, FN=0, TN=15
  Class Half Data Journalism: TP=0, FP=1, FN=3, TN=16
  Class Not Data Journalism: TP=12, FP=2, FN=1, TN=5
----------------------------------------
Fold finished F1 Score: 0.8444444444444443 None
Fold 5/5
Loading model from HPC local scratch: /tmp/shapovalov_setfit_model_cache_1387365
{'embedding_loss': 0.3429, 'grad_norm': 2.7064952850341797, 'learning_rate': 0.0, 'epoch': 0.01}
{'embedding_loss': 0.1563, 'grad_norm': 8.548178672790527, 'learning_rate': 1.8189300411522635e-05, 'epoch': 0.56}
{'embedding_loss': 0.027, 'grad_norm': 0.4518713653087616, 'learning_rate': 1.4074074074074075e-05, 'epoch': 1.11}
{'embedding_loss': 0.0056, 'grad_norm': 0.05060301348567009, 'learning_rate': 9.958847736625515e-06, 'epoch': 1.67}
{'embedding_loss': 0.0007, 'grad_norm': 0.007332084234803915, 'learning_rate': 5.843621399176955e-06, 'epoch': 2.22}
{'embedding_loss': 0.0011, 'grad_norm': 0.08425702899694443, 'learning_rate': 1.7283950617283952e-06, 'epoch': 2.78}
{'train_runtime': 212.1978, 'train_samples_per_second': 20.358, 'train_steps_per_second': 1.272, 'train_loss': 0.03603820821477307, 'epoch': 3.0}

🔍 Evaluation Metrics
----------------------------------------
📊 Label Distribution:
  Label Not Data Journalism: 13
  Label Data Journalism: 4
  Label Half Data Journalism: 3

✅ Overall Metrics:
  Accuracy : 0.7000
  Precision: 0.6281
  Recall   : 0.7000
  F1       : 0.6494

🧩 Confusion Matrix:
  [1, 2, 1]
  [1, 0, 2]
  [0, 0, 13]

📌 Per-Class Metrics:
  Class Data Journalism: TP=1, FP=1, FN=3, TN=15
  Class Half Data Journalism: TP=0, FP=2, FN=3, TN=15
  Class Not Data Journalism: TP=13, FP=3, FN=0, TN=4
----------------------------------------
Fold finished F1 Score: 0.7505747126436781 None
Average VRAM usage: 5154.28 MB, Max VRAM usage: 18846.51 MB
Trial 27 completed with avg fold F1 score: 0.7592028461959497
Trial 28: {'num_iterations': 8, 'num_epochs': 3, 'batch_size': 16, 'head_lr': 3.684808054005678e-05}
Fold 1/5
Loading model from HPC local scratch: /tmp/shapovalov_setfit_model_cache_1387365
{'embedding_loss': 0.3451, 'grad_norm': 2.896070718765259, 'learning_rate': 0.0, 'epoch': 0.01}
{'embedding_loss': 0.1644, 'grad_norm': 0.5815149545669556, 'learning_rate': 1.7685185185185187e-05, 'epoch': 0.62}
{'embedding_loss': 0.0281, 'grad_norm': 0.13028492033481598, 'learning_rate': 1.3055555555555557e-05, 'epoch': 1.25}
{'embedding_loss': 0.0243, 'grad_norm': 0.2615799307823181, 'learning_rate': 8.425925925925926e-06, 'epoch': 1.88}
{'embedding_loss': 0.0111, 'grad_norm': 0.04009565711021423, 'learning_rate': 3.796296296296297e-06, 'epoch': 2.5}
{'train_runtime': 186.5532, 'train_samples_per_second': 20.584, 'train_steps_per_second': 1.286, 'train_loss': 0.04918667133897543, 'epoch': 3.0}

🔍 Evaluation Metrics
----------------------------------------
📊 Label Distribution:
  Label Data Journalism: 4
  Label Half Data Journalism: 2
  Label Not Data Journalism: 14

✅ Overall Metrics:
  Accuracy : 0.8000
  Precision: 0.8458
  Recall   : 0.8000
  F1       : 0.7733

🧩 Confusion Matrix:
  [1, 2, 1]
  [0, 1, 1]
  [0, 0, 14]

📌 Per-Class Metrics:
  Class Data Journalism: TP=1, FP=0, FN=3, TN=16
  Class Half Data Journalism: TP=1, FP=2, FN=1, TN=16
  Class Not Data Journalism: TP=14, FP=2, FN=0, TN=4
----------------------------------------
Fold finished F1 Score: 0.8266666666666668 None
Fold 2/5
Loading model from HPC local scratch: /tmp/shapovalov_setfit_model_cache_1387365
{'embedding_loss': 0.3706, 'grad_norm': 3.2043991088867188, 'learning_rate': 0.0, 'epoch': 0.01}
{'embedding_loss': 0.1545, 'grad_norm': 1.2442175149917603, 'learning_rate': 1.7685185185185187e-05, 'epoch': 0.62}
{'embedding_loss': 0.0344, 'grad_norm': 0.46935099363327026, 'learning_rate': 1.3055555555555557e-05, 'epoch': 1.25}
{'embedding_loss': 0.0249, 'grad_norm': 0.3180326819419861, 'learning_rate': 8.425925925925926e-06, 'epoch': 1.88}
{'embedding_loss': 0.0148, 'grad_norm': 0.37431642413139343, 'learning_rate': 3.796296296296297e-06, 'epoch': 2.5}
{'train_runtime': 187.7258, 'train_samples_per_second': 20.455, 'train_steps_per_second': 1.278, 'train_loss': 0.050162357091903684, 'epoch': 3.0}

🔍 Evaluation Metrics
----------------------------------------
📊 Label Distribution:
  Label Not Data Journalism: 14
  Label Data Journalism: 4
  Label Half Data Journalism: 2

✅ Overall Metrics:
  Accuracy : 0.8500
  Precision: 0.9000
  Recall   : 0.8500
  F1       : 0.8628

🧩 Confusion Matrix:
  [3, 1, 0]
  [0, 2, 0]
  [1, 1, 12]

📌 Per-Class Metrics:
  Class Data Journalism: TP=3, FP=1, FN=1, TN=15
  Class Half Data Journalism: TP=2, FP=2, FN=0, TN=16
  Class Not Data Journalism: TP=12, FP=0, FN=2, TN=6
----------------------------------------
Fold finished F1 Score: 0.8371794871794872 None
Fold 3/5
Loading model from HPC local scratch: /tmp/shapovalov_setfit_model_cache_1387365
{'embedding_loss': 0.3392, 'grad_norm': 2.816593647003174, 'learning_rate': 0.0, 'epoch': 0.01}
{'embedding_loss': 0.1533, 'grad_norm': 1.4565742015838623, 'learning_rate': 1.7685185185185187e-05, 'epoch': 0.62}
{'embedding_loss': 0.0301, 'grad_norm': 0.028422463685274124, 'learning_rate': 1.3055555555555557e-05, 'epoch': 1.25}
{'embedding_loss': 0.0152, 'grad_norm': 0.12420788407325745, 'learning_rate': 8.425925925925926e-06, 'epoch': 1.88}
{'embedding_loss': 0.0075, 'grad_norm': 0.08529823273420334, 'learning_rate': 3.796296296296297e-06, 'epoch': 2.5}
{'train_runtime': 188.4225, 'train_samples_per_second': 20.38, 'train_steps_per_second': 1.274, 'train_loss': 0.04420492397621274, 'epoch': 3.0}

🔍 Evaluation Metrics
----------------------------------------
📊 Label Distribution:
  Label Not Data Journalism: 13
  Label Half Data Journalism: 2
  Label Data Journalism: 5

✅ Overall Metrics:
  Accuracy : 0.8000
  Precision: 0.8708
  Recall   : 0.8000
  F1       : 0.8276

🧩 Confusion Matrix:
  [4, 1, 0]
  [0, 1, 1]
  [0, 2, 11]

📌 Per-Class Metrics:
  Class Data Journalism: TP=4, FP=0, FN=1, TN=15
  Class Half Data Journalism: TP=1, FP=3, FN=1, TN=15
  Class Not Data Journalism: TP=11, FP=1, FN=2, TN=6
----------------------------------------
Fold finished F1 Score: 0.7724444444444444 None
Fold 4/5
Loading model from HPC local scratch: /tmp/shapovalov_setfit_model_cache_1387365
{'embedding_loss': 0.2864, 'grad_norm': 2.9529924392700195, 'learning_rate': 0.0, 'epoch': 0.01}
{'embedding_loss': 0.1543, 'grad_norm': 0.8335371017456055, 'learning_rate': 1.7685185185185187e-05, 'epoch': 0.62}
{'embedding_loss': 0.0251, 'grad_norm': 0.09787995368242264, 'learning_rate': 1.3055555555555557e-05, 'epoch': 1.25}
{'embedding_loss': 0.0106, 'grad_norm': 1.250091791152954, 'learning_rate': 8.425925925925926e-06, 'epoch': 1.88}
{'embedding_loss': 0.002, 'grad_norm': 0.3062531054019928, 'learning_rate': 3.796296296296297e-06, 'epoch': 2.5}
{'train_runtime': 188.5724, 'train_samples_per_second': 20.364, 'train_steps_per_second': 1.273, 'train_loss': 0.04092647215972344, 'epoch': 3.0}

🔍 Evaluation Metrics
----------------------------------------
📊 Label Distribution:
  Label Not Data Journalism: 13
  Label Data Journalism: 4
  Label Half Data Journalism: 3

✅ Overall Metrics:
  Accuracy : 0.8000
  Precision: 0.7171
  Recall   : 0.8000
  F1       : 0.7556

🧩 Confusion Matrix:
  [4, 0, 0]
  [1, 0, 2]
  [0, 1, 12]

📌 Per-Class Metrics:
  Class Data Journalism: TP=4, FP=1, FN=0, TN=15
  Class Half Data Journalism: TP=0, FP=1, FN=3, TN=16
  Class Not Data Journalism: TP=12, FP=2, FN=1, TN=5
----------------------------------------
Fold finished F1 Score: 0.8444444444444443 None
Fold 5/5
Loading model from HPC local scratch: /tmp/shapovalov_setfit_model_cache_1387365
{'embedding_loss': 0.392, 'grad_norm': 2.9009206295013428, 'learning_rate': 0.0, 'epoch': 0.01}
{'embedding_loss': 0.1519, 'grad_norm': 0.7957608699798584, 'learning_rate': 1.7685185185185187e-05, 'epoch': 0.62}
{'embedding_loss': 0.0202, 'grad_norm': 0.2933466136455536, 'learning_rate': 1.3055555555555557e-05, 'epoch': 1.25}
{'embedding_loss': 0.0054, 'grad_norm': 0.05235496535897255, 'learning_rate': 8.425925925925926e-06, 'epoch': 1.88}
{'embedding_loss': 0.0011, 'grad_norm': 0.017965003848075867, 'learning_rate': 3.796296296296297e-06, 'epoch': 2.5}
{'train_runtime': 189.5157, 'train_samples_per_second': 20.262, 'train_steps_per_second': 1.266, 'train_loss': 0.03831217631231994, 'epoch': 3.0}

🔍 Evaluation Metrics
----------------------------------------
📊 Label Distribution:
  Label Not Data Journalism: 13
  Label Data Journalism: 4
  Label Half Data Journalism: 3

✅ Overall Metrics:
  Accuracy : 0.7000
  Precision: 0.5971
  Recall   : 0.7000
  F1       : 0.6300

🧩 Confusion Matrix:
  [1, 1, 2]
  [1, 0, 2]
  [0, 0, 13]

📌 Per-Class Metrics:
  Class Data Journalism: TP=1, FP=1, FN=3, TN=15
  Class Half Data Journalism: TP=0, FP=1, FN=3, TN=16
  Class Not Data Journalism: TP=13, FP=4, FN=0, TN=3
----------------------------------------
Fold finished F1 Score: 0.77 None
Average VRAM usage: 5197.15 MB, Max VRAM usage: 19900.69 MB
Trial 28 completed with avg fold F1 score: 0.8101470085470087
Trial 29: {'num_iterations': 7, 'num_epochs': 4, 'batch_size': 16, 'head_lr': 0.01009227193585119}
Fold 1/5
Loading model from HPC local scratch: /tmp/shapovalov_setfit_model_cache_1387365
{'embedding_loss': 0.3753, 'grad_norm': 3.523641347885132, 'learning_rate': 0.0, 'epoch': 0.01}
{'embedding_loss': 0.1711, 'grad_norm': 1.0992686748504639, 'learning_rate': 1.8333333333333333e-05, 'epoch': 0.71}
{'embedding_loss': 0.0365, 'grad_norm': 0.583549439907074, 'learning_rate': 1.4365079365079366e-05, 'epoch': 1.43}
{'embedding_loss': 0.0211, 'grad_norm': 0.43384453654289246, 'learning_rate': 1.0396825396825398e-05, 'epoch': 2.14}
{'embedding_loss': 0.0075, 'grad_norm': 0.06952089816331863, 'learning_rate': 6.4285714285714295e-06, 'epoch': 2.86}
{'embedding_loss': 0.0024, 'grad_norm': 0.08683845400810242, 'learning_rate': 2.4603174603174605e-06, 'epoch': 3.57}
{'train_runtime': 217.0587, 'train_samples_per_second': 20.64, 'train_steps_per_second': 1.29, 'train_loss': 0.04345290763303637, 'epoch': 4.0}

🔍 Evaluation Metrics
----------------------------------------
📊 Label Distribution:
  Label Data Journalism: 4
  Label Half Data Journalism: 2
  Label Not Data Journalism: 14

✅ Overall Metrics:
  Accuracy : 0.8500
  Precision: 0.8625
  Recall   : 0.8500
  F1       : 0.8367

🧩 Confusion Matrix:
  [2, 1, 1]
  [0, 1, 1]
  [0, 0, 14]

📌 Per-Class Metrics:
  Class Data Journalism: TP=2, FP=0, FN=2, TN=16
  Class Half Data Journalism: TP=1, FP=1, FN=1, TN=17
  Class Not Data Journalism: TP=14, FP=2, FN=0, TN=4
----------------------------------------
Fold finished F1 Score: 0.8633333333333333 None
Fold 2/5
Loading model from HPC local scratch: /tmp/shapovalov_setfit_model_cache_1387365
{'embedding_loss': 0.3604, 'grad_norm': 3.6940126419067383, 'learning_rate': 0.0, 'epoch': 0.01}
{'embedding_loss': 0.1652, 'grad_norm': 1.7277313470840454, 'learning_rate': 1.8333333333333333e-05, 'epoch': 0.71}
{'embedding_loss': 0.0307, 'grad_norm': 0.15537594258785248, 'learning_rate': 1.4365079365079366e-05, 'epoch': 1.43}
{'embedding_loss': 0.0247, 'grad_norm': 0.22162839770317078, 'learning_rate': 1.0396825396825398e-05, 'epoch': 2.14}
{'embedding_loss': 0.0121, 'grad_norm': 0.8466066718101501, 'learning_rate': 6.4285714285714295e-06, 'epoch': 2.86}
{'embedding_loss': 0.0059, 'grad_norm': 0.13523165881633759, 'learning_rate': 2.4603174603174605e-06, 'epoch': 3.57}
{'train_runtime': 218.1258, 'train_samples_per_second': 20.539, 'train_steps_per_second': 1.284, 'train_loss': 0.04394170535462243, 'epoch': 4.0}

🔍 Evaluation Metrics
----------------------------------------
📊 Label Distribution:
  Label Not Data Journalism: 14
  Label Data Journalism: 4
  Label Half Data Journalism: 2

✅ Overall Metrics:
  Accuracy : 0.7000
  Precision: 0.8286
  Recall   : 0.7000
  F1       : 0.7271

🧩 Confusion Matrix:
  [1, 3, 0]
  [0, 2, 0]
  [1, 2, 11]

📌 Per-Class Metrics:
  Class Data Journalism: TP=1, FP=1, FN=3, TN=15
  Class Half Data Journalism: TP=2, FP=5, FN=0, TN=13
  Class Not Data Journalism: TP=11, FP=0, FN=3, TN=6
----------------------------------------
Fold finished F1 Score: 0.6728888888888889 None
Fold 3/5
Loading model from HPC local scratch: /tmp/shapovalov_setfit_model_cache_1387365
{'embedding_loss': 0.3287, 'grad_norm': 3.3898487091064453, 'learning_rate': 0.0, 'epoch': 0.01}
{'embedding_loss': 0.1599, 'grad_norm': 1.1501715183258057, 'learning_rate': 1.8333333333333333e-05, 'epoch': 0.71}
{'embedding_loss': 0.0298, 'grad_norm': 0.13703902065753937, 'learning_rate': 1.4365079365079366e-05, 'epoch': 1.43}
{'embedding_loss': 0.0107, 'grad_norm': 0.49390918016433716, 'learning_rate': 1.0396825396825398e-05, 'epoch': 2.14}
{'embedding_loss': 0.0042, 'grad_norm': 0.04524746909737587, 'learning_rate': 6.4285714285714295e-06, 'epoch': 2.86}
{'embedding_loss': 0.0047, 'grad_norm': 0.05790926516056061, 'learning_rate': 2.4603174603174605e-06, 'epoch': 3.57}
{'train_runtime': 221.0033, 'train_samples_per_second': 20.271, 'train_steps_per_second': 1.267, 'train_loss': 0.038322210099015916, 'epoch': 4.0}

🔍 Evaluation Metrics
----------------------------------------
📊 Label Distribution:
  Label Not Data Journalism: 13
  Label Half Data Journalism: 2
  Label Data Journalism: 5

✅ Overall Metrics:
  Accuracy : 0.7500
  Precision: 0.7958
  Recall   : 0.7500
  F1       : 0.7720

🧩 Confusion Matrix:
  [4, 1, 0]
  [1, 0, 1]
  [0, 2, 11]

📌 Per-Class Metrics:
  Class Data Journalism: TP=4, FP=1, FN=1, TN=14
  Class Half Data Journalism: TP=0, FP=3, FN=2, TN=15
  Class Not Data Journalism: TP=11, FP=1, FN=2, TN=6
----------------------------------------
Fold finished F1 Score: 0.728 None
Fold 4/5
Loading model from HPC local scratch: /tmp/shapovalov_setfit_model_cache_1387365
{'embedding_loss': 0.4535, 'grad_norm': 3.461676836013794, 'learning_rate': 0.0, 'epoch': 0.01}
{'embedding_loss': 0.1645, 'grad_norm': 1.1943645477294922, 'learning_rate': 1.8333333333333333e-05, 'epoch': 0.71}
{'embedding_loss': 0.0233, 'grad_norm': 0.6556445360183716, 'learning_rate': 1.4365079365079366e-05, 'epoch': 1.43}
{'embedding_loss': 0.0089, 'grad_norm': 0.18165211379528046, 'learning_rate': 1.0396825396825398e-05, 'epoch': 2.14}
{'embedding_loss': 0.0029, 'grad_norm': 0.04053696244955063, 'learning_rate': 6.4285714285714295e-06, 'epoch': 2.86}
{'embedding_loss': 0.0008, 'grad_norm': 0.03239411488175392, 'learning_rate': 2.4603174603174605e-06, 'epoch': 3.57}
{'train_runtime': 220.6708, 'train_samples_per_second': 20.302, 'train_steps_per_second': 1.269, 'train_loss': 0.036905004210504036, 'epoch': 4.0}

🔍 Evaluation Metrics
----------------------------------------
📊 Label Distribution:
  Label Not Data Journalism: 13
  Label Data Journalism: 4
  Label Half Data Journalism: 3

✅ Overall Metrics:
  Accuracy : 0.8500
  Precision: 0.7233
  Recall   : 0.8500
  F1       : 0.7813

🧩 Confusion Matrix:
  [4, 0, 0]
  [1, 0, 2]
  [0, 0, 13]

📌 Per-Class Metrics:
  Class Data Journalism: TP=4, FP=1, FN=0, TN=15
  Class Half Data Journalism: TP=0, FP=0, FN=3, TN=17
  Class Not Data Journalism: TP=13, FP=2, FN=0, TN=5
----------------------------------------
Fold finished F1 Score: 0.9186507936507937 None
Fold 5/5
Loading model from HPC local scratch: /tmp/shapovalov_setfit_model_cache_1387365
{'embedding_loss': 0.4009, 'grad_norm': 3.7379493713378906, 'learning_rate': 0.0, 'epoch': 0.01}
{'embedding_loss': 0.1646, 'grad_norm': 1.0493298768997192, 'learning_rate': 1.8333333333333333e-05, 'epoch': 0.71}
{'embedding_loss': 0.0285, 'grad_norm': 0.03901967778801918, 'learning_rate': 1.4365079365079366e-05, 'epoch': 1.43}
{'embedding_loss': 0.0079, 'grad_norm': 0.022954534739255905, 'learning_rate': 1.0396825396825398e-05, 'epoch': 2.14}
{'embedding_loss': 0.0034, 'grad_norm': 0.4719381034374237, 'learning_rate': 6.4285714285714295e-06, 'epoch': 2.86}
{'embedding_loss': 0.0015, 'grad_norm': 0.03033328987658024, 'learning_rate': 2.4603174603174605e-06, 'epoch': 3.57}
{'train_runtime': 220.9103, 'train_samples_per_second': 20.28, 'train_steps_per_second': 1.267, 'train_loss': 0.037791136346225225, 'epoch': 4.0}

🔍 Evaluation Metrics
----------------------------------------
📊 Label Distribution:
  Label Not Data Journalism: 13
  Label Data Journalism: 4
  Label Half Data Journalism: 3

✅ Overall Metrics:
  Accuracy : 0.7000
  Precision: 0.5971
  Recall   : 0.7000
  F1       : 0.6300

🧩 Confusion Matrix:
  [1, 1, 2]
  [1, 0, 2]
  [0, 0, 13]

📌 Per-Class Metrics:
  Class Data Journalism: TP=1, FP=1, FN=3, TN=15
  Class Half Data Journalism: TP=0, FP=1, FN=3, TN=16
  Class Not Data Journalism: TP=13, FP=4, FN=0, TN=3
----------------------------------------
Fold finished F1 Score: 0.77 None
Average VRAM usage: 4992.65 MB, Max VRAM usage: 17650.09 MB
Trial 29 completed with avg fold F1 score: 0.7905746031746032
Trial 30: {'num_iterations': 9, 'num_epochs': 3, 'batch_size': 16, 'head_lr': 7.635843612490612e-05}
Fold 1/5
Loading model from HPC local scratch: /tmp/shapovalov_setfit_model_cache_1387365
{'embedding_loss': 0.3055, 'grad_norm': 2.91137433052063, 'learning_rate': 0.0, 'epoch': 0.01}
{'embedding_loss': 0.1635, 'grad_norm': 1.1010459661483765, 'learning_rate': 1.8189300411522635e-05, 'epoch': 0.56}
{'embedding_loss': 0.0382, 'grad_norm': 1.1430509090423584, 'learning_rate': 1.4074074074074075e-05, 'epoch': 1.11}
{'embedding_loss': 0.0262, 'grad_norm': 0.38822174072265625, 'learning_rate': 9.958847736625515e-06, 'epoch': 1.67}
{'embedding_loss': 0.0097, 'grad_norm': 0.43022647500038147, 'learning_rate': 5.843621399176955e-06, 'epoch': 2.22}
{'embedding_loss': 0.0072, 'grad_norm': 0.01846178248524666, 'learning_rate': 1.7283950617283952e-06, 'epoch': 2.78}
{'train_runtime': 209.7208, 'train_samples_per_second': 20.599, 'train_steps_per_second': 1.287, 'train_loss': 0.04612644690054434, 'epoch': 3.0}

🔍 Evaluation Metrics
----------------------------------------
📊 Label Distribution:
  Label Data Journalism: 4
  Label Half Data Journalism: 2
  Label Not Data Journalism: 14

✅ Overall Metrics:
  Accuracy : 0.8000
  Precision: 0.8783
  Recall   : 0.8000
  F1       : 0.7892

🧩 Confusion Matrix:
  [1, 3, 0]
  [0, 1, 1]
  [0, 0, 14]

📌 Per-Class Metrics:
  Class Data Journalism: TP=1, FP=0, FN=3, TN=16
  Class Half Data Journalism: TP=1, FP=3, FN=1, TN=15
  Class Not Data Journalism: TP=14, FP=1, FN=0, TN=5
----------------------------------------
Fold finished F1 Score: 0.8108045977011494 None
Fold 2/5
Loading model from HPC local scratch: /tmp/shapovalov_setfit_model_cache_1387365
{'embedding_loss': 0.3031, 'grad_norm': 2.697917938232422, 'learning_rate': 0.0, 'epoch': 0.01}
{'embedding_loss': 0.1629, 'grad_norm': 1.2864246368408203, 'learning_rate': 1.8189300411522635e-05, 'epoch': 0.56}
{'embedding_loss': 0.0387, 'grad_norm': 0.5445811152458191, 'learning_rate': 1.4074074074074075e-05, 'epoch': 1.11}
{'embedding_loss': 0.0173, 'grad_norm': 0.4253438711166382, 'learning_rate': 9.958847736625515e-06, 'epoch': 1.67}
{'embedding_loss': 0.009, 'grad_norm': 0.023056894540786743, 'learning_rate': 5.843621399176955e-06, 'epoch': 2.22}
{'embedding_loss': 0.0036, 'grad_norm': 0.05188620835542679, 'learning_rate': 1.7283950617283952e-06, 'epoch': 2.78}
{'train_runtime': 210.9385, 'train_samples_per_second': 20.48, 'train_steps_per_second': 1.28, 'train_loss': 0.04360533784385081, 'epoch': 3.0}

🔍 Evaluation Metrics
----------------------------------------
📊 Label Distribution:
  Label Not Data Journalism: 14
  Label Data Journalism: 4
  Label Half Data Journalism: 2

✅ Overall Metrics:
  Accuracy : 0.8000
  Precision: 0.8900
  Recall   : 0.8000
  F1       : 0.8231

🧩 Confusion Matrix:
  [3, 1, 0]
  [0, 2, 0]
  [1, 2, 11]

📌 Per-Class Metrics:
  Class Data Journalism: TP=3, FP=1, FN=1, TN=15
  Class Half Data Journalism: TP=2, FP=3, FN=0, TN=15
  Class Not Data Journalism: TP=11, FP=0, FN=3, TN=6
----------------------------------------
Fold finished F1 Score: 0.7768571428571429 None
Fold 3/5
Loading model from HPC local scratch: /tmp/shapovalov_setfit_model_cache_1387365
{'embedding_loss': 0.3434, 'grad_norm': 3.14304518699646, 'learning_rate': 0.0, 'epoch': 0.01}
{'embedding_loss': 0.1601, 'grad_norm': 1.7531856298446655, 'learning_rate': 1.8189300411522635e-05, 'epoch': 0.56}
{'embedding_loss': 0.0294, 'grad_norm': 0.15435951948165894, 'learning_rate': 1.4074074074074075e-05, 'epoch': 1.11}
{'embedding_loss': 0.0182, 'grad_norm': 0.7828260660171509, 'learning_rate': 9.958847736625515e-06, 'epoch': 1.67}
{'embedding_loss': 0.0099, 'grad_norm': 0.11260239779949188, 'learning_rate': 5.843621399176955e-06, 'epoch': 2.22}
{'embedding_loss': 0.0021, 'grad_norm': 0.27623286843299866, 'learning_rate': 1.7283950617283952e-06, 'epoch': 2.78}
{'train_runtime': 212.398, 'train_samples_per_second': 20.339, 'train_steps_per_second': 1.271, 'train_loss': 0.0417670167154736, 'epoch': 3.0}

🔍 Evaluation Metrics
----------------------------------------
📊 Label Distribution:
  Label Not Data Journalism: 13
  Label Half Data Journalism: 2
  Label Data Journalism: 5

✅ Overall Metrics:
  Accuracy : 0.6500
  Precision: 0.7292
  Recall   : 0.6500
  F1       : 0.6867

🧩 Confusion Matrix:
  [3, 1, 1]
  [1, 0, 1]
  [0, 3, 10]

📌 Per-Class Metrics:
  Class Data Journalism: TP=3, FP=1, FN=2, TN=14
  Class Half Data Journalism: TP=0, FP=4, FN=2, TN=14
  Class Not Data Journalism: TP=10, FP=2, FN=3, TN=5
----------------------------------------
Fold finished F1 Score: 0.6133333333333334 None
Fold 4/5
Loading model from HPC local scratch: /tmp/shapovalov_setfit_model_cache_1387365
{'embedding_loss': 0.3821, 'grad_norm': 3.3300387859344482, 'learning_rate': 0.0, 'epoch': 0.01}
{'embedding_loss': 0.1472, 'grad_norm': 0.38713881373405457, 'learning_rate': 1.8189300411522635e-05, 'epoch': 0.56}
{'embedding_loss': 0.0282, 'grad_norm': 0.9441004395484924, 'learning_rate': 1.4074074074074075e-05, 'epoch': 1.11}
{'embedding_loss': 0.0085, 'grad_norm': 0.11811885237693787, 'learning_rate': 9.958847736625515e-06, 'epoch': 1.67}
{'embedding_loss': 0.0042, 'grad_norm': 0.10699252784252167, 'learning_rate': 5.843621399176955e-06, 'epoch': 2.22}
{'embedding_loss': 0.0019, 'grad_norm': 0.08044295758008957, 'learning_rate': 1.7283950617283952e-06, 'epoch': 2.78}
{'train_runtime': 212.3945, 'train_samples_per_second': 20.34, 'train_steps_per_second': 1.271, 'train_loss': 0.03612085656711349, 'epoch': 3.0}

🔍 Evaluation Metrics
----------------------------------------
📊 Label Distribution:
  Label Not Data Journalism: 13
  Label Data Journalism: 4
  Label Half Data Journalism: 3

✅ Overall Metrics:
  Accuracy : 0.8000
  Precision: 0.7171
  Recall   : 0.8000
  F1       : 0.7556

🧩 Confusion Matrix:
  [4, 0, 0]
  [1, 0, 2]
  [0, 1, 12]

📌 Per-Class Metrics:
  Class Data Journalism: TP=4, FP=1, FN=0, TN=15
  Class Half Data Journalism: TP=0, FP=1, FN=3, TN=16
  Class Not Data Journalism: TP=12, FP=2, FN=1, TN=5
----------------------------------------
Fold finished F1 Score: 0.8444444444444443 None
Fold 5/5
Loading model from HPC local scratch: /tmp/shapovalov_setfit_model_cache_1387365
{'embedding_loss': 0.3429, 'grad_norm': 2.7064952850341797, 'learning_rate': 0.0, 'epoch': 0.01}
{'embedding_loss': 0.1563, 'grad_norm': 8.548178672790527, 'learning_rate': 1.8189300411522635e-05, 'epoch': 0.56}
{'embedding_loss': 0.027, 'grad_norm': 0.4518713653087616, 'learning_rate': 1.4074074074074075e-05, 'epoch': 1.11}
{'embedding_loss': 0.0056, 'grad_norm': 0.05060301348567009, 'learning_rate': 9.958847736625515e-06, 'epoch': 1.67}
{'embedding_loss': 0.0007, 'grad_norm': 0.007332084234803915, 'learning_rate': 5.843621399176955e-06, 'epoch': 2.22}
{'embedding_loss': 0.0011, 'grad_norm': 0.08425702899694443, 'learning_rate': 1.7283950617283952e-06, 'epoch': 2.78}
{'train_runtime': 212.9622, 'train_samples_per_second': 20.285, 'train_steps_per_second': 1.268, 'train_loss': 0.03603820821477307, 'epoch': 3.0}

🔍 Evaluation Metrics
----------------------------------------
📊 Label Distribution:
  Label Not Data Journalism: 13
  Label Data Journalism: 4
  Label Half Data Journalism: 3

✅ Overall Metrics:
  Accuracy : 0.7000
  Precision: 0.6281
  Recall   : 0.7000
  F1       : 0.6494

🧩 Confusion Matrix:
  [1, 2, 1]
  [1, 0, 2]
  [0, 0, 13]

📌 Per-Class Metrics:
  Class Data Journalism: TP=1, FP=1, FN=3, TN=15
  Class Half Data Journalism: TP=0, FP=2, FN=3, TN=15
  Class Not Data Journalism: TP=13, FP=3, FN=0, TN=4
----------------------------------------
Fold finished F1 Score: 0.7505747126436781 None
Average VRAM usage: 5099.91 MB, Max VRAM usage: 20428.77 MB
Trial 30 completed with avg fold F1 score: 0.7592028461959497
Trial 31: {'num_iterations': 8, 'num_epochs': 3, 'batch_size': 16, 'head_lr': 0.0002604566580615104}
Fold 1/5
Loading model from HPC local scratch: /tmp/shapovalov_setfit_model_cache_1387365
{'embedding_loss': 0.3451, 'grad_norm': 2.896070718765259, 'learning_rate': 0.0, 'epoch': 0.01}
{'embedding_loss': 0.1644, 'grad_norm': 0.5815149545669556, 'learning_rate': 1.7685185185185187e-05, 'epoch': 0.62}
{'embedding_loss': 0.0281, 'grad_norm': 0.13028492033481598, 'learning_rate': 1.3055555555555557e-05, 'epoch': 1.25}
{'embedding_loss': 0.0243, 'grad_norm': 0.2615799307823181, 'learning_rate': 8.425925925925926e-06, 'epoch': 1.88}
{'embedding_loss': 0.0111, 'grad_norm': 0.04009565711021423, 'learning_rate': 3.796296296296297e-06, 'epoch': 2.5}
{'train_runtime': 186.1762, 'train_samples_per_second': 20.626, 'train_steps_per_second': 1.289, 'train_loss': 0.04918667133897543, 'epoch': 3.0}

🔍 Evaluation Metrics
----------------------------------------
📊 Label Distribution:
  Label Data Journalism: 4
  Label Half Data Journalism: 2
  Label Not Data Journalism: 14

✅ Overall Metrics:
  Accuracy : 0.8000
  Precision: 0.8458
  Recall   : 0.8000
  F1       : 0.7733

🧩 Confusion Matrix:
  [1, 2, 1]
  [0, 1, 1]
  [0, 0, 14]

📌 Per-Class Metrics:
  Class Data Journalism: TP=1, FP=0, FN=3, TN=16
  Class Half Data Journalism: TP=1, FP=2, FN=1, TN=16
  Class Not Data Journalism: TP=14, FP=2, FN=0, TN=4
----------------------------------------
Fold finished F1 Score: 0.8266666666666668 None
Fold 2/5
Loading model from HPC local scratch: /tmp/shapovalov_setfit_model_cache_1387365
{'embedding_loss': 0.3706, 'grad_norm': 3.2043991088867188, 'learning_rate': 0.0, 'epoch': 0.01}
{'embedding_loss': 0.1545, 'grad_norm': 1.2442175149917603, 'learning_rate': 1.7685185185185187e-05, 'epoch': 0.62}
{'embedding_loss': 0.0344, 'grad_norm': 0.46935099363327026, 'learning_rate': 1.3055555555555557e-05, 'epoch': 1.25}
{'embedding_loss': 0.0249, 'grad_norm': 0.3180326819419861, 'learning_rate': 8.425925925925926e-06, 'epoch': 1.88}
{'embedding_loss': 0.0148, 'grad_norm': 0.37431642413139343, 'learning_rate': 3.796296296296297e-06, 'epoch': 2.5}
{'train_runtime': 187.145, 'train_samples_per_second': 20.519, 'train_steps_per_second': 1.282, 'train_loss': 0.050162357091903684, 'epoch': 3.0}

🔍 Evaluation Metrics
----------------------------------------
📊 Label Distribution:
  Label Not Data Journalism: 14
  Label Data Journalism: 4
  Label Half Data Journalism: 2

✅ Overall Metrics:
  Accuracy : 0.8500
  Precision: 0.9000
  Recall   : 0.8500
  F1       : 0.8628

🧩 Confusion Matrix:
  [3, 1, 0]
  [0, 2, 0]
  [1, 1, 12]

📌 Per-Class Metrics:
  Class Data Journalism: TP=3, FP=1, FN=1, TN=15
  Class Half Data Journalism: TP=2, FP=2, FN=0, TN=16
  Class Not Data Journalism: TP=12, FP=0, FN=2, TN=6
----------------------------------------
Fold finished F1 Score: 0.8371794871794872 None
Fold 3/5
Loading model from HPC local scratch: /tmp/shapovalov_setfit_model_cache_1387365
{'embedding_loss': 0.3392, 'grad_norm': 2.816593647003174, 'learning_rate': 0.0, 'epoch': 0.01}
{'embedding_loss': 0.1533, 'grad_norm': 1.4565742015838623, 'learning_rate': 1.7685185185185187e-05, 'epoch': 0.62}
{'embedding_loss': 0.0301, 'grad_norm': 0.028422463685274124, 'learning_rate': 1.3055555555555557e-05, 'epoch': 1.25}
{'embedding_loss': 0.0152, 'grad_norm': 0.12420788407325745, 'learning_rate': 8.425925925925926e-06, 'epoch': 1.88}
{'embedding_loss': 0.0075, 'grad_norm': 0.08529823273420334, 'learning_rate': 3.796296296296297e-06, 'epoch': 2.5}
{'train_runtime': 188.3405, 'train_samples_per_second': 20.389, 'train_steps_per_second': 1.274, 'train_loss': 0.04420492397621274, 'epoch': 3.0}

🔍 Evaluation Metrics
----------------------------------------
📊 Label Distribution:
  Label Not Data Journalism: 13
  Label Half Data Journalism: 2
  Label Data Journalism: 5

✅ Overall Metrics:
  Accuracy : 0.8000
  Precision: 0.8708
  Recall   : 0.8000
  F1       : 0.8276

🧩 Confusion Matrix:
  [4, 1, 0]
  [0, 1, 1]
  [0, 2, 11]

📌 Per-Class Metrics:
  Class Data Journalism: TP=4, FP=0, FN=1, TN=15
  Class Half Data Journalism: TP=1, FP=3, FN=1, TN=15
  Class Not Data Journalism: TP=11, FP=1, FN=2, TN=6
----------------------------------------
Fold finished F1 Score: 0.7724444444444444 None
Fold 4/5
Loading model from HPC local scratch: /tmp/shapovalov_setfit_model_cache_1387365
{'embedding_loss': 0.2864, 'grad_norm': 2.9529924392700195, 'learning_rate': 0.0, 'epoch': 0.01}
{'embedding_loss': 0.1543, 'grad_norm': 0.8335371017456055, 'learning_rate': 1.7685185185185187e-05, 'epoch': 0.62}
{'embedding_loss': 0.0251, 'grad_norm': 0.09787995368242264, 'learning_rate': 1.3055555555555557e-05, 'epoch': 1.25}
{'embedding_loss': 0.0106, 'grad_norm': 1.250091791152954, 'learning_rate': 8.425925925925926e-06, 'epoch': 1.88}
{'embedding_loss': 0.002, 'grad_norm': 0.3062531054019928, 'learning_rate': 3.796296296296297e-06, 'epoch': 2.5}
{'train_runtime': 188.9237, 'train_samples_per_second': 20.326, 'train_steps_per_second': 1.27, 'train_loss': 0.04092647215972344, 'epoch': 3.0}

🔍 Evaluation Metrics
----------------------------------------
📊 Label Distribution:
  Label Not Data Journalism: 13
  Label Data Journalism: 4
  Label Half Data Journalism: 3

✅ Overall Metrics:
  Accuracy : 0.8000
  Precision: 0.7171
  Recall   : 0.8000
  F1       : 0.7556

🧩 Confusion Matrix:
  [4, 0, 0]
  [1, 0, 2]
  [0, 1, 12]

📌 Per-Class Metrics:
  Class Data Journalism: TP=4, FP=1, FN=0, TN=15
  Class Half Data Journalism: TP=0, FP=1, FN=3, TN=16
  Class Not Data Journalism: TP=12, FP=2, FN=1, TN=5
----------------------------------------
Fold finished F1 Score: 0.8444444444444443 None
Fold 5/5
Loading model from HPC local scratch: /tmp/shapovalov_setfit_model_cache_1387365
{'embedding_loss': 0.392, 'grad_norm': 2.9009206295013428, 'learning_rate': 0.0, 'epoch': 0.01}
{'embedding_loss': 0.1519, 'grad_norm': 0.7957608699798584, 'learning_rate': 1.7685185185185187e-05, 'epoch': 0.62}
{'embedding_loss': 0.0202, 'grad_norm': 0.2933466136455536, 'learning_rate': 1.3055555555555557e-05, 'epoch': 1.25}
{'embedding_loss': 0.0054, 'grad_norm': 0.05235496535897255, 'learning_rate': 8.425925925925926e-06, 'epoch': 1.88}
{'embedding_loss': 0.0011, 'grad_norm': 0.017965003848075867, 'learning_rate': 3.796296296296297e-06, 'epoch': 2.5}
{'train_runtime': 188.3306, 'train_samples_per_second': 20.39, 'train_steps_per_second': 1.274, 'train_loss': 0.03831217631231994, 'epoch': 3.0}

🔍 Evaluation Metrics
----------------------------------------
📊 Label Distribution:
  Label Not Data Journalism: 13
  Label Data Journalism: 4
  Label Half Data Journalism: 3

✅ Overall Metrics:
  Accuracy : 0.7000
  Precision: 0.5971
  Recall   : 0.7000
  F1       : 0.6300

🧩 Confusion Matrix:
  [1, 1, 2]
  [1, 0, 2]
  [0, 0, 13]

📌 Per-Class Metrics:
  Class Data Journalism: TP=1, FP=1, FN=3, TN=15
  Class Half Data Journalism: TP=0, FP=1, FN=3, TN=16
  Class Not Data Journalism: TP=13, FP=4, FN=0, TN=3
----------------------------------------
Fold finished F1 Score: 0.77 None
Average VRAM usage: 5213.44 MB, Max VRAM usage: 21264.56 MB
Trial 31 completed with avg fold F1 score: 0.8101470085470087
Trial 32: {'num_iterations': 8, 'num_epochs': 3, 'batch_size': 16, 'head_lr': 1.6407543401238558e-05}
Fold 1/5
Loading model from HPC local scratch: /tmp/shapovalov_setfit_model_cache_1387365
{'embedding_loss': 0.3451, 'grad_norm': 2.896070718765259, 'learning_rate': 0.0, 'epoch': 0.01}
{'embedding_loss': 0.1644, 'grad_norm': 0.5815149545669556, 'learning_rate': 1.7685185185185187e-05, 'epoch': 0.62}
{'embedding_loss': 0.0281, 'grad_norm': 0.13028492033481598, 'learning_rate': 1.3055555555555557e-05, 'epoch': 1.25}
{'embedding_loss': 0.0243, 'grad_norm': 0.2615799307823181, 'learning_rate': 8.425925925925926e-06, 'epoch': 1.88}
{'embedding_loss': 0.0111, 'grad_norm': 0.04009565711021423, 'learning_rate': 3.796296296296297e-06, 'epoch': 2.5}
{'train_runtime': 183.3351, 'train_samples_per_second': 20.945, 'train_steps_per_second': 1.309, 'train_loss': 0.04918667133897543, 'epoch': 3.0}

🔍 Evaluation Metrics
----------------------------------------
📊 Label Distribution:
  Label Data Journalism: 4
  Label Half Data Journalism: 2
  Label Not Data Journalism: 14

✅ Overall Metrics:
  Accuracy : 0.8000
  Precision: 0.8458
  Recall   : 0.8000
  F1       : 0.7733

🧩 Confusion Matrix:
  [1, 2, 1]
  [0, 1, 1]
  [0, 0, 14]

📌 Per-Class Metrics:
  Class Data Journalism: TP=1, FP=0, FN=3, TN=16
  Class Half Data Journalism: TP=1, FP=2, FN=1, TN=16
  Class Not Data Journalism: TP=14, FP=2, FN=0, TN=4
----------------------------------------
Fold finished F1 Score: 0.8266666666666668 None
Fold 2/5
Loading model from HPC local scratch: /tmp/shapovalov_setfit_model_cache_1387365
{'embedding_loss': 0.3706, 'grad_norm': 3.2043991088867188, 'learning_rate': 0.0, 'epoch': 0.01}
{'embedding_loss': 0.1545, 'grad_norm': 1.2442175149917603, 'learning_rate': 1.7685185185185187e-05, 'epoch': 0.62}
{'embedding_loss': 0.0344, 'grad_norm': 0.46935099363327026, 'learning_rate': 1.3055555555555557e-05, 'epoch': 1.25}
{'embedding_loss': 0.0249, 'grad_norm': 0.3180326819419861, 'learning_rate': 8.425925925925926e-06, 'epoch': 1.88}
{'embedding_loss': 0.0148, 'grad_norm': 0.37431642413139343, 'learning_rate': 3.796296296296297e-06, 'epoch': 2.5}
{'train_runtime': 184.4506, 'train_samples_per_second': 20.819, 'train_steps_per_second': 1.301, 'train_loss': 0.050162357091903684, 'epoch': 3.0}

🔍 Evaluation Metrics
----------------------------------------
📊 Label Distribution:
  Label Not Data Journalism: 14
  Label Data Journalism: 4
  Label Half Data Journalism: 2

✅ Overall Metrics:
  Accuracy : 0.8500
  Precision: 0.9000
  Recall   : 0.8500
  F1       : 0.8628

🧩 Confusion Matrix:
  [3, 1, 0]
  [0, 2, 0]
  [1, 1, 12]

📌 Per-Class Metrics:
  Class Data Journalism: TP=3, FP=1, FN=1, TN=15
  Class Half Data Journalism: TP=2, FP=2, FN=0, TN=16
  Class Not Data Journalism: TP=12, FP=0, FN=2, TN=6
----------------------------------------
Fold finished F1 Score: 0.8371794871794872 None
Fold 3/5
Loading model from HPC local scratch: /tmp/shapovalov_setfit_model_cache_1387365
{'embedding_loss': 0.3392, 'grad_norm': 2.816593647003174, 'learning_rate': 0.0, 'epoch': 0.01}
{'embedding_loss': 0.1533, 'grad_norm': 1.4565742015838623, 'learning_rate': 1.7685185185185187e-05, 'epoch': 0.62}
{'embedding_loss': 0.0301, 'grad_norm': 0.028422463685274124, 'learning_rate': 1.3055555555555557e-05, 'epoch': 1.25}
{'embedding_loss': 0.0152, 'grad_norm': 0.12420788407325745, 'learning_rate': 8.425925925925926e-06, 'epoch': 1.88}
{'embedding_loss': 0.0075, 'grad_norm': 0.08529823273420334, 'learning_rate': 3.796296296296297e-06, 'epoch': 2.5}
{'train_runtime': 185.7602, 'train_samples_per_second': 20.672, 'train_steps_per_second': 1.292, 'train_loss': 0.04420492397621274, 'epoch': 3.0}

🔍 Evaluation Metrics
----------------------------------------
📊 Label Distribution:
  Label Not Data Journalism: 13
  Label Half Data Journalism: 2
  Label Data Journalism: 5

✅ Overall Metrics:
  Accuracy : 0.8000
  Precision: 0.8708
  Recall   : 0.8000
  F1       : 0.8276

🧩 Confusion Matrix:
  [4, 1, 0]
  [0, 1, 1]
  [0, 2, 11]

📌 Per-Class Metrics:
  Class Data Journalism: TP=4, FP=0, FN=1, TN=15
  Class Half Data Journalism: TP=1, FP=3, FN=1, TN=15
  Class Not Data Journalism: TP=11, FP=1, FN=2, TN=6
----------------------------------------
Fold finished F1 Score: 0.7724444444444444 None
Fold 4/5
Loading model from HPC local scratch: /tmp/shapovalov_setfit_model_cache_1387365
{'embedding_loss': 0.2864, 'grad_norm': 2.9529924392700195, 'learning_rate': 0.0, 'epoch': 0.01}
{'embedding_loss': 0.1543, 'grad_norm': 0.8335371017456055, 'learning_rate': 1.7685185185185187e-05, 'epoch': 0.62}
{'embedding_loss': 0.0251, 'grad_norm': 0.09787995368242264, 'learning_rate': 1.3055555555555557e-05, 'epoch': 1.25}
{'embedding_loss': 0.0106, 'grad_norm': 1.250091791152954, 'learning_rate': 8.425925925925926e-06, 'epoch': 1.88}
{'embedding_loss': 0.002, 'grad_norm': 0.3062531054019928, 'learning_rate': 3.796296296296297e-06, 'epoch': 2.5}
{'train_runtime': 185.8609, 'train_samples_per_second': 20.661, 'train_steps_per_second': 1.291, 'train_loss': 0.04092647215972344, 'epoch': 3.0}

🔍 Evaluation Metrics
----------------------------------------
📊 Label Distribution:
  Label Not Data Journalism: 13
  Label Data Journalism: 4
  Label Half Data Journalism: 3

✅ Overall Metrics:
  Accuracy : 0.8000
  Precision: 0.7171
  Recall   : 0.8000
  F1       : 0.7556

🧩 Confusion Matrix:
  [4, 0, 0]
  [1, 0, 2]
  [0, 1, 12]

📌 Per-Class Metrics:
  Class Data Journalism: TP=4, FP=1, FN=0, TN=15
  Class Half Data Journalism: TP=0, FP=1, FN=3, TN=16
  Class Not Data Journalism: TP=12, FP=2, FN=1, TN=5
----------------------------------------
Fold finished F1 Score: 0.8444444444444443 None
Fold 5/5
Loading model from HPC local scratch: /tmp/shapovalov_setfit_model_cache_1387365
{'embedding_loss': 0.392, 'grad_norm': 2.9009206295013428, 'learning_rate': 0.0, 'epoch': 0.01}
{'embedding_loss': 0.1519, 'grad_norm': 0.7957608699798584, 'learning_rate': 1.7685185185185187e-05, 'epoch': 0.62}
{'embedding_loss': 0.0202, 'grad_norm': 0.2933466136455536, 'learning_rate': 1.3055555555555557e-05, 'epoch': 1.25}
{'embedding_loss': 0.0054, 'grad_norm': 0.05235496535897255, 'learning_rate': 8.425925925925926e-06, 'epoch': 1.88}
{'embedding_loss': 0.0011, 'grad_norm': 0.017965003848075867, 'learning_rate': 3.796296296296297e-06, 'epoch': 2.5}
{'train_runtime': 185.0212, 'train_samples_per_second': 20.754, 'train_steps_per_second': 1.297, 'train_loss': 0.03831217631231994, 'epoch': 3.0}

🔍 Evaluation Metrics
----------------------------------------
📊 Label Distribution:
  Label Not Data Journalism: 13
  Label Data Journalism: 4
  Label Half Data Journalism: 3

✅ Overall Metrics:
  Accuracy : 0.7000
  Precision: 0.5971
  Recall   : 0.7000
  F1       : 0.6300

🧩 Confusion Matrix:
  [1, 1, 2]
  [1, 0, 2]
  [0, 0, 13]

📌 Per-Class Metrics:
  Class Data Journalism: TP=1, FP=1, FN=3, TN=15
  Class Half Data Journalism: TP=0, FP=1, FN=3, TN=16
  Class Not Data Journalism: TP=13, FP=4, FN=0, TN=3
----------------------------------------
Fold finished F1 Score: 0.77 None
Average VRAM usage: 5462.45 MB, Max VRAM usage: 21260.81 MB
Trial 32 completed with avg fold F1 score: 0.8101470085470087
Trial 33: {'num_iterations': 8, 'num_epochs': 3, 'batch_size': 16, 'head_lr': 4.2535767249074405e-05}
Fold 1/5
Loading model from HPC local scratch: /tmp/shapovalov_setfit_model_cache_1387365
{'embedding_loss': 0.3451, 'grad_norm': 2.896070718765259, 'learning_rate': 0.0, 'epoch': 0.01}
{'embedding_loss': 0.1644, 'grad_norm': 0.5815149545669556, 'learning_rate': 1.7685185185185187e-05, 'epoch': 0.62}
{'embedding_loss': 0.0281, 'grad_norm': 0.13028492033481598, 'learning_rate': 1.3055555555555557e-05, 'epoch': 1.25}
{'embedding_loss': 0.0243, 'grad_norm': 0.2615799307823181, 'learning_rate': 8.425925925925926e-06, 'epoch': 1.88}
{'embedding_loss': 0.0111, 'grad_norm': 0.04009565711021423, 'learning_rate': 3.796296296296297e-06, 'epoch': 2.5}
{'train_runtime': 183.2403, 'train_samples_per_second': 20.956, 'train_steps_per_second': 1.31, 'train_loss': 0.04918667133897543, 'epoch': 3.0}

🔍 Evaluation Metrics
----------------------------------------
📊 Label Distribution:
  Label Data Journalism: 4
  Label Half Data Journalism: 2
  Label Not Data Journalism: 14

✅ Overall Metrics:
  Accuracy : 0.8000
  Precision: 0.8458
  Recall   : 0.8000
  F1       : 0.7733

🧩 Confusion Matrix:
  [1, 2, 1]
  [0, 1, 1]
  [0, 0, 14]

📌 Per-Class Metrics:
  Class Data Journalism: TP=1, FP=0, FN=3, TN=16
  Class Half Data Journalism: TP=1, FP=2, FN=1, TN=16
  Class Not Data Journalism: TP=14, FP=2, FN=0, TN=4
----------------------------------------
Fold finished F1 Score: 0.8266666666666668 None
Fold 2/5
Loading model from HPC local scratch: /tmp/shapovalov_setfit_model_cache_1387365
{'embedding_loss': 0.3706, 'grad_norm': 3.2043991088867188, 'learning_rate': 0.0, 'epoch': 0.01}
{'embedding_loss': 0.1545, 'grad_norm': 1.2442175149917603, 'learning_rate': 1.7685185185185187e-05, 'epoch': 0.62}
{'embedding_loss': 0.0344, 'grad_norm': 0.46935099363327026, 'learning_rate': 1.3055555555555557e-05, 'epoch': 1.25}
{'embedding_loss': 0.0249, 'grad_norm': 0.3180326819419861, 'learning_rate': 8.425925925925926e-06, 'epoch': 1.88}
{'embedding_loss': 0.0148, 'grad_norm': 0.37431642413139343, 'learning_rate': 3.796296296296297e-06, 'epoch': 2.5}
{'train_runtime': 184.6265, 'train_samples_per_second': 20.799, 'train_steps_per_second': 1.3, 'train_loss': 0.050162357091903684, 'epoch': 3.0}

🔍 Evaluation Metrics
----------------------------------------
📊 Label Distribution:
  Label Not Data Journalism: 14
  Label Data Journalism: 4
  Label Half Data Journalism: 2

✅ Overall Metrics:
  Accuracy : 0.8500
  Precision: 0.9000
  Recall   : 0.8500
  F1       : 0.8628

🧩 Confusion Matrix:
  [3, 1, 0]
  [0, 2, 0]
  [1, 1, 12]

📌 Per-Class Metrics:
  Class Data Journalism: TP=3, FP=1, FN=1, TN=15
  Class Half Data Journalism: TP=2, FP=2, FN=0, TN=16
  Class Not Data Journalism: TP=12, FP=0, FN=2, TN=6
----------------------------------------
Fold finished F1 Score: 0.8371794871794872 None
Fold 3/5
Loading model from HPC local scratch: /tmp/shapovalov_setfit_model_cache_1387365
{'embedding_loss': 0.3392, 'grad_norm': 2.816593647003174, 'learning_rate': 0.0, 'epoch': 0.01}
{'embedding_loss': 0.1533, 'grad_norm': 1.4565742015838623, 'learning_rate': 1.7685185185185187e-05, 'epoch': 0.62}
{'embedding_loss': 0.0301, 'grad_norm': 0.028422463685274124, 'learning_rate': 1.3055555555555557e-05, 'epoch': 1.25}
{'embedding_loss': 0.0152, 'grad_norm': 0.12420788407325745, 'learning_rate': 8.425925925925926e-06, 'epoch': 1.88}
{'embedding_loss': 0.0075, 'grad_norm': 0.08529823273420334, 'learning_rate': 3.796296296296297e-06, 'epoch': 2.5}
{'train_runtime': 185.4209, 'train_samples_per_second': 20.71, 'train_steps_per_second': 1.294, 'train_loss': 0.04420492397621274, 'epoch': 3.0}

🔍 Evaluation Metrics
----------------------------------------
📊 Label Distribution:
  Label Not Data Journalism: 13
  Label Half Data Journalism: 2
  Label Data Journalism: 5

✅ Overall Metrics:
  Accuracy : 0.8000
  Precision: 0.8708
  Recall   : 0.8000
  F1       : 0.8276

🧩 Confusion Matrix:
  [4, 1, 0]
  [0, 1, 1]
  [0, 2, 11]

📌 Per-Class Metrics:
  Class Data Journalism: TP=4, FP=0, FN=1, TN=15
  Class Half Data Journalism: TP=1, FP=3, FN=1, TN=15
  Class Not Data Journalism: TP=11, FP=1, FN=2, TN=6
----------------------------------------
Fold finished F1 Score: 0.7724444444444444 None
Fold 4/5
Loading model from HPC local scratch: /tmp/shapovalov_setfit_model_cache_1387365
{'embedding_loss': 0.2864, 'grad_norm': 2.9529924392700195, 'learning_rate': 0.0, 'epoch': 0.01}
{'embedding_loss': 0.1543, 'grad_norm': 0.8335371017456055, 'learning_rate': 1.7685185185185187e-05, 'epoch': 0.62}
{'embedding_loss': 0.0251, 'grad_norm': 0.09787995368242264, 'learning_rate': 1.3055555555555557e-05, 'epoch': 1.25}
{'embedding_loss': 0.0106, 'grad_norm': 1.250091791152954, 'learning_rate': 8.425925925925926e-06, 'epoch': 1.88}
{'embedding_loss': 0.002, 'grad_norm': 0.3062531054019928, 'learning_rate': 3.796296296296297e-06, 'epoch': 2.5}
{'train_runtime': 185.4602, 'train_samples_per_second': 20.705, 'train_steps_per_second': 1.294, 'train_loss': 0.04092647215972344, 'epoch': 3.0}

🔍 Evaluation Metrics
----------------------------------------
📊 Label Distribution:
  Label Not Data Journalism: 13
  Label Data Journalism: 4
  Label Half Data Journalism: 3

✅ Overall Metrics:
  Accuracy : 0.8000
  Precision: 0.7171
  Recall   : 0.8000
  F1       : 0.7556

🧩 Confusion Matrix:
  [4, 0, 0]
  [1, 0, 2]
  [0, 1, 12]

📌 Per-Class Metrics:
  Class Data Journalism: TP=4, FP=1, FN=0, TN=15
  Class Half Data Journalism: TP=0, FP=1, FN=3, TN=16
  Class Not Data Journalism: TP=12, FP=2, FN=1, TN=5
----------------------------------------
Fold finished F1 Score: 0.8444444444444443 None
Fold 5/5
Loading model from HPC local scratch: /tmp/shapovalov_setfit_model_cache_1387365
{'embedding_loss': 0.392, 'grad_norm': 2.9009206295013428, 'learning_rate': 0.0, 'epoch': 0.01}
{'embedding_loss': 0.1519, 'grad_norm': 0.7957608699798584, 'learning_rate': 1.7685185185185187e-05, 'epoch': 0.62}
{'embedding_loss': 0.0202, 'grad_norm': 0.2933466136455536, 'learning_rate': 1.3055555555555557e-05, 'epoch': 1.25}
{'embedding_loss': 0.0054, 'grad_norm': 0.05235496535897255, 'learning_rate': 8.425925925925926e-06, 'epoch': 1.88}
{'embedding_loss': 0.0011, 'grad_norm': 0.017965003848075867, 'learning_rate': 3.796296296296297e-06, 'epoch': 2.5}
{'train_runtime': 185.4983, 'train_samples_per_second': 20.701, 'train_steps_per_second': 1.294, 'train_loss': 0.03831217631231994, 'epoch': 3.0}

🔍 Evaluation Metrics
----------------------------------------
📊 Label Distribution:
  Label Not Data Journalism: 13
  Label Data Journalism: 4
  Label Half Data Journalism: 3

✅ Overall Metrics:
  Accuracy : 0.7000
  Precision: 0.5971
  Recall   : 0.7000
  F1       : 0.6300

🧩 Confusion Matrix:
  [1, 1, 2]
  [1, 0, 2]
  [0, 0, 13]

📌 Per-Class Metrics:
  Class Data Journalism: TP=1, FP=1, FN=3, TN=15
  Class Half Data Journalism: TP=0, FP=1, FN=3, TN=16
  Class Not Data Journalism: TP=13, FP=4, FN=0, TN=3
----------------------------------------
Fold finished F1 Score: 0.77 None
Average VRAM usage: 5351.78 MB, Max VRAM usage: 21261.00 MB
Trial 33 completed with avg fold F1 score: 0.8101470085470087
Trial 34: {'num_iterations': 8, 'num_epochs': 3, 'batch_size': 16, 'head_lr': 0.0020175060964083987}
Fold 1/5
Loading model from HPC local scratch: /tmp/shapovalov_setfit_model_cache_1387365
{'embedding_loss': 0.3451, 'grad_norm': 2.896070718765259, 'learning_rate': 0.0, 'epoch': 0.01}
{'embedding_loss': 0.1644, 'grad_norm': 0.5815149545669556, 'learning_rate': 1.7685185185185187e-05, 'epoch': 0.62}
{'embedding_loss': 0.0281, 'grad_norm': 0.13028492033481598, 'learning_rate': 1.3055555555555557e-05, 'epoch': 1.25}
{'embedding_loss': 0.0243, 'grad_norm': 0.2615799307823181, 'learning_rate': 8.425925925925926e-06, 'epoch': 1.88}
{'embedding_loss': 0.0111, 'grad_norm': 0.04009565711021423, 'learning_rate': 3.796296296296297e-06, 'epoch': 2.5}
{'train_runtime': 184.0976, 'train_samples_per_second': 20.858, 'train_steps_per_second': 1.304, 'train_loss': 0.04918667133897543, 'epoch': 3.0}

🔍 Evaluation Metrics
----------------------------------------
📊 Label Distribution:
  Label Data Journalism: 4
  Label Half Data Journalism: 2
  Label Not Data Journalism: 14

✅ Overall Metrics:
  Accuracy : 0.8000
  Precision: 0.8458
  Recall   : 0.8000
  F1       : 0.7733

🧩 Confusion Matrix:
  [1, 2, 1]
  [0, 1, 1]
  [0, 0, 14]

📌 Per-Class Metrics:
  Class Data Journalism: TP=1, FP=0, FN=3, TN=16
  Class Half Data Journalism: TP=1, FP=2, FN=1, TN=16
  Class Not Data Journalism: TP=14, FP=2, FN=0, TN=4
----------------------------------------
Fold finished F1 Score: 0.8266666666666668 None
Fold 2/5
Loading model from HPC local scratch: /tmp/shapovalov_setfit_model_cache_1387365
{'embedding_loss': 0.3706, 'grad_norm': 3.2043991088867188, 'learning_rate': 0.0, 'epoch': 0.01}
{'embedding_loss': 0.1545, 'grad_norm': 1.2442175149917603, 'learning_rate': 1.7685185185185187e-05, 'epoch': 0.62}
{'embedding_loss': 0.0344, 'grad_norm': 0.46935099363327026, 'learning_rate': 1.3055555555555557e-05, 'epoch': 1.25}
{'embedding_loss': 0.0249, 'grad_norm': 0.3180326819419861, 'learning_rate': 8.425925925925926e-06, 'epoch': 1.88}
{'embedding_loss': 0.0148, 'grad_norm': 0.37431642413139343, 'learning_rate': 3.796296296296297e-06, 'epoch': 2.5}
{'train_runtime': 184.2097, 'train_samples_per_second': 20.846, 'train_steps_per_second': 1.303, 'train_loss': 0.050162357091903684, 'epoch': 3.0}

🔍 Evaluation Metrics
----------------------------------------
📊 Label Distribution:
  Label Not Data Journalism: 14
  Label Data Journalism: 4
  Label Half Data Journalism: 2

✅ Overall Metrics:
  Accuracy : 0.8500
  Precision: 0.9000
  Recall   : 0.8500
  F1       : 0.8628

🧩 Confusion Matrix:
  [3, 1, 0]
  [0, 2, 0]
  [1, 1, 12]

📌 Per-Class Metrics:
  Class Data Journalism: TP=3, FP=1, FN=1, TN=15
  Class Half Data Journalism: TP=2, FP=2, FN=0, TN=16
  Class Not Data Journalism: TP=12, FP=0, FN=2, TN=6
----------------------------------------
Fold finished F1 Score: 0.8371794871794872 None
Fold 3/5
Loading model from HPC local scratch: /tmp/shapovalov_setfit_model_cache_1387365
{'embedding_loss': 0.3392, 'grad_norm': 2.816593647003174, 'learning_rate': 0.0, 'epoch': 0.01}
{'embedding_loss': 0.1533, 'grad_norm': 1.4565742015838623, 'learning_rate': 1.7685185185185187e-05, 'epoch': 0.62}
{'embedding_loss': 0.0301, 'grad_norm': 0.028422463685274124, 'learning_rate': 1.3055555555555557e-05, 'epoch': 1.25}
{'embedding_loss': 0.0152, 'grad_norm': 0.12420788407325745, 'learning_rate': 8.425925925925926e-06, 'epoch': 1.88}
{'embedding_loss': 0.0075, 'grad_norm': 0.08529823273420334, 'learning_rate': 3.796296296296297e-06, 'epoch': 2.5}
{'train_runtime': 184.8733, 'train_samples_per_second': 20.771, 'train_steps_per_second': 1.298, 'train_loss': 0.04420492397621274, 'epoch': 3.0}

🔍 Evaluation Metrics
----------------------------------------
📊 Label Distribution:
  Label Not Data Journalism: 13
  Label Half Data Journalism: 2
  Label Data Journalism: 5

✅ Overall Metrics:
  Accuracy : 0.8000
  Precision: 0.8708
  Recall   : 0.8000
  F1       : 0.8276

🧩 Confusion Matrix:
  [4, 1, 0]
  [0, 1, 1]
  [0, 2, 11]

📌 Per-Class Metrics:
  Class Data Journalism: TP=4, FP=0, FN=1, TN=15
  Class Half Data Journalism: TP=1, FP=3, FN=1, TN=15
  Class Not Data Journalism: TP=11, FP=1, FN=2, TN=6
----------------------------------------
Fold finished F1 Score: 0.7724444444444444 None
Fold 4/5
Loading model from HPC local scratch: /tmp/shapovalov_setfit_model_cache_1387365
{'embedding_loss': 0.2864, 'grad_norm': 2.9529924392700195, 'learning_rate': 0.0, 'epoch': 0.01}
{'embedding_loss': 0.1543, 'grad_norm': 0.8335371017456055, 'learning_rate': 1.7685185185185187e-05, 'epoch': 0.62}
{'embedding_loss': 0.0251, 'grad_norm': 0.09787995368242264, 'learning_rate': 1.3055555555555557e-05, 'epoch': 1.25}
{'embedding_loss': 0.0106, 'grad_norm': 1.250091791152954, 'learning_rate': 8.425925925925926e-06, 'epoch': 1.88}
{'embedding_loss': 0.002, 'grad_norm': 0.3062531054019928, 'learning_rate': 3.796296296296297e-06, 'epoch': 2.5}
{'train_runtime': 185.6186, 'train_samples_per_second': 20.688, 'train_steps_per_second': 1.293, 'train_loss': 0.04092647215972344, 'epoch': 3.0}

🔍 Evaluation Metrics
----------------------------------------
📊 Label Distribution:
  Label Not Data Journalism: 13
  Label Data Journalism: 4
  Label Half Data Journalism: 3

✅ Overall Metrics:
  Accuracy : 0.8000
  Precision: 0.7171
  Recall   : 0.8000
  F1       : 0.7556

🧩 Confusion Matrix:
  [4, 0, 0]
  [1, 0, 2]
  [0, 1, 12]

📌 Per-Class Metrics:
  Class Data Journalism: TP=4, FP=1, FN=0, TN=15
  Class Half Data Journalism: TP=0, FP=1, FN=3, TN=16
  Class Not Data Journalism: TP=12, FP=2, FN=1, TN=5
----------------------------------------
Fold finished F1 Score: 0.8444444444444443 None
Fold 5/5
Loading model from HPC local scratch: /tmp/shapovalov_setfit_model_cache_1387365
{'embedding_loss': 0.392, 'grad_norm': 2.9009206295013428, 'learning_rate': 0.0, 'epoch': 0.01}
{'embedding_loss': 0.1519, 'grad_norm': 0.7957608699798584, 'learning_rate': 1.7685185185185187e-05, 'epoch': 0.62}
{'embedding_loss': 0.0202, 'grad_norm': 0.2933466136455536, 'learning_rate': 1.3055555555555557e-05, 'epoch': 1.25}
{'embedding_loss': 0.0054, 'grad_norm': 0.05235496535897255, 'learning_rate': 8.425925925925926e-06, 'epoch': 1.88}
{'embedding_loss': 0.0011, 'grad_norm': 0.017965003848075867, 'learning_rate': 3.796296296296297e-06, 'epoch': 2.5}
{'train_runtime': 185.2174, 'train_samples_per_second': 20.732, 'train_steps_per_second': 1.296, 'train_loss': 0.03831217631231994, 'epoch': 3.0}

🔍 Evaluation Metrics
----------------------------------------
📊 Label Distribution:
  Label Not Data Journalism: 13
  Label Data Journalism: 4
  Label Half Data Journalism: 3

✅ Overall Metrics:
  Accuracy : 0.7000
  Precision: 0.5971
  Recall   : 0.7000
  F1       : 0.6300

🧩 Confusion Matrix:
  [1, 1, 2]
  [1, 0, 2]
  [0, 0, 13]

📌 Per-Class Metrics:
  Class Data Journalism: TP=1, FP=1, FN=3, TN=15
  Class Half Data Journalism: TP=0, FP=1, FN=3, TN=16
  Class Not Data Journalism: TP=13, FP=4, FN=0, TN=3
----------------------------------------
Fold finished F1 Score: 0.77 None
Average VRAM usage: 5349.16 MB, Max VRAM usage: 19878.34 MB
Trial 34 completed with avg fold F1 score: 0.8101470085470087
Trial 35: {'num_iterations': 8, 'num_epochs': 2, 'batch_size': 16, 'head_lr': 0.009650576088880912}
Fold 1/5
Loading model from HPC local scratch: /tmp/shapovalov_setfit_model_cache_1387365
{'embedding_loss': 0.3451, 'grad_norm': 2.896070718765259, 'learning_rate': 0.0, 'epoch': 0.01}
{'embedding_loss': 0.1516, 'grad_norm': 0.5752060413360596, 'learning_rate': 1.5416666666666668e-05, 'epoch': 0.62}
{'embedding_loss': 0.0274, 'grad_norm': 0.05379689484834671, 'learning_rate': 8.472222222222223e-06, 'epoch': 1.25}
{'embedding_loss': 0.025, 'grad_norm': 0.3829774260520935, 'learning_rate': 1.527777777777778e-06, 'epoch': 1.88}
{'train_runtime': 122.3124, 'train_samples_per_second': 20.93, 'train_steps_per_second': 1.308, 'train_loss': 0.06648770878091455, 'epoch': 2.0}

🔍 Evaluation Metrics
----------------------------------------
📊 Label Distribution:
  Label Data Journalism: 4
  Label Half Data Journalism: 2
  Label Not Data Journalism: 14

✅ Overall Metrics:
  Accuracy : 0.8000
  Precision: 0.8458
  Recall   : 0.8000
  F1       : 0.7733

🧩 Confusion Matrix:
  [1, 2, 1]
  [0, 1, 1]
  [0, 0, 14]

📌 Per-Class Metrics:
  Class Data Journalism: TP=1, FP=0, FN=3, TN=16
  Class Half Data Journalism: TP=1, FP=2, FN=1, TN=16
  Class Not Data Journalism: TP=14, FP=2, FN=0, TN=4
----------------------------------------
Fold finished F1 Score: 0.8266666666666668 None
Fold 2/5
Loading model from HPC local scratch: /tmp/shapovalov_setfit_model_cache_1387365
{'embedding_loss': 0.3706, 'grad_norm': 3.2043991088867188, 'learning_rate': 0.0, 'epoch': 0.01}
{'embedding_loss': 0.1411, 'grad_norm': 1.0733898878097534, 'learning_rate': 1.5416666666666668e-05, 'epoch': 0.62}
{'embedding_loss': 0.0323, 'grad_norm': 0.49563542008399963, 'learning_rate': 8.472222222222223e-06, 'epoch': 1.25}
{'embedding_loss': 0.0255, 'grad_norm': 0.22552630305290222, 'learning_rate': 1.527777777777778e-06, 'epoch': 1.88}
{'train_runtime': 123.0583, 'train_samples_per_second': 20.803, 'train_steps_per_second': 1.3, 'train_loss': 0.06471095541492104, 'epoch': 2.0}

🔍 Evaluation Metrics
----------------------------------------
📊 Label Distribution:
  Label Not Data Journalism: 14
  Label Data Journalism: 4
  Label Half Data Journalism: 2

✅ Overall Metrics:
  Accuracy : 0.7500
  Precision: 0.8617
  Recall   : 0.7500
  F1       : 0.7923

🧩 Confusion Matrix:
  [3, 1, 0]
  [0, 1, 1]
  [0, 3, 11]

📌 Per-Class Metrics:
  Class Data Journalism: TP=3, FP=0, FN=1, TN=16
  Class Half Data Journalism: TP=1, FP=4, FN=1, TN=14
  Class Not Data Journalism: TP=11, FP=1, FN=3, TN=5
----------------------------------------
Fold finished F1 Score: 0.7076923076923076 None
Fold 3/5
Loading model from HPC local scratch: /tmp/shapovalov_setfit_model_cache_1387365
{'embedding_loss': 0.3392, 'grad_norm': 2.816593647003174, 'learning_rate': 0.0, 'epoch': 0.01}
{'embedding_loss': 0.1344, 'grad_norm': 1.0912376642227173, 'learning_rate': 1.5416666666666668e-05, 'epoch': 0.62}
{'embedding_loss': 0.0278, 'grad_norm': 0.03770431503653526, 'learning_rate': 8.472222222222223e-06, 'epoch': 1.25}
{'embedding_loss': 0.0151, 'grad_norm': 0.0682036280632019, 'learning_rate': 1.527777777777778e-06, 'epoch': 1.88}
{'train_runtime': 122.8672, 'train_samples_per_second': 20.836, 'train_steps_per_second': 1.302, 'train_loss': 0.057753275614231825, 'epoch': 2.0}

🔍 Evaluation Metrics
----------------------------------------
📊 Label Distribution:
  Label Not Data Journalism: 13
  Label Half Data Journalism: 2
  Label Data Journalism: 5

✅ Overall Metrics:
  Accuracy : 0.8500
  Precision: 0.8571
  Recall   : 0.8500
  F1       : 0.8500

🧩 Confusion Matrix:
  [4, 0, 1]
  [0, 1, 1]
  [0, 1, 12]

📌 Per-Class Metrics:
  Class Data Journalism: TP=4, FP=0, FN=1, TN=15
  Class Half Data Journalism: TP=1, FP=1, FN=1, TN=17
  Class Not Data Journalism: TP=12, FP=2, FN=1, TN=5
----------------------------------------
Fold finished F1 Score: 0.85 None
Fold 4/5
Loading model from HPC local scratch: /tmp/shapovalov_setfit_model_cache_1387365
{'embedding_loss': 0.2864, 'grad_norm': 2.9529924392700195, 'learning_rate': 0.0, 'epoch': 0.01}
{'embedding_loss': 0.1386, 'grad_norm': 0.7836949229240417, 'learning_rate': 1.5416666666666668e-05, 'epoch': 0.62}
{'embedding_loss': 0.0246, 'grad_norm': 0.15294700860977173, 'learning_rate': 8.472222222222223e-06, 'epoch': 1.25}
{'embedding_loss': 0.0121, 'grad_norm': 1.1332333087921143, 'learning_rate': 1.527777777777778e-06, 'epoch': 1.88}
{'train_runtime': 123.7766, 'train_samples_per_second': 20.682, 'train_steps_per_second': 1.293, 'train_loss': 0.056040085223503414, 'epoch': 2.0}

🔍 Evaluation Metrics
----------------------------------------
📊 Label Distribution:
  Label Not Data Journalism: 13
  Label Data Journalism: 4
  Label Half Data Journalism: 3

✅ Overall Metrics:
  Accuracy : 0.8000
  Precision: 0.7171
  Recall   : 0.8000
  F1       : 0.7556

🧩 Confusion Matrix:
  [4, 0, 0]
  [1, 0, 2]
  [0, 1, 12]

📌 Per-Class Metrics:
  Class Data Journalism: TP=4, FP=1, FN=0, TN=15
  Class Half Data Journalism: TP=0, FP=1, FN=3, TN=16
  Class Not Data Journalism: TP=12, FP=2, FN=1, TN=5
----------------------------------------
Fold finished F1 Score: 0.8444444444444443 None
Fold 5/5
Loading model from HPC local scratch: /tmp/shapovalov_setfit_model_cache_1387365
{'embedding_loss': 0.392, 'grad_norm': 2.9009206295013428, 'learning_rate': 0.0, 'epoch': 0.01}
{'embedding_loss': 0.1401, 'grad_norm': 0.591770589351654, 'learning_rate': 1.5416666666666668e-05, 'epoch': 0.62}
{'embedding_loss': 0.018, 'grad_norm': 0.32990825176239014, 'learning_rate': 8.472222222222223e-06, 'epoch': 1.25}
{'embedding_loss': 0.0082, 'grad_norm': 0.12503911554813385, 'learning_rate': 1.527777777777778e-06, 'epoch': 1.88}
{'train_runtime': 123.6202, 'train_samples_per_second': 20.709, 'train_steps_per_second': 1.294, 'train_loss': 0.0537567205959931, 'epoch': 2.0}

🔍 Evaluation Metrics
----------------------------------------
📊 Label Distribution:
  Label Not Data Journalism: 13
  Label Data Journalism: 4
  Label Half Data Journalism: 3

✅ Overall Metrics:
  Accuracy : 0.7000
  Precision: 0.5971
  Recall   : 0.7000
  F1       : 0.6300

🧩 Confusion Matrix:
  [1, 1, 2]
  [1, 0, 2]
  [0, 0, 13]

📌 Per-Class Metrics:
  Class Data Journalism: TP=1, FP=1, FN=3, TN=15
  Class Half Data Journalism: TP=0, FP=1, FN=3, TN=16
  Class Not Data Journalism: TP=13, FP=4, FN=0, TN=3
----------------------------------------
Fold finished F1 Score: 0.77 None
Average VRAM usage: 5286.37 MB, Max VRAM usage: 21258.00 MB
Trial 35 completed with avg fold F1 score: 0.7997606837606838
Trial 36: {'num_iterations': 8, 'num_epochs': 2, 'batch_size': 16, 'head_lr': 0.00017347072921628794}
Fold 1/5
Loading model from HPC local scratch: /tmp/shapovalov_setfit_model_cache_1387365
{'embedding_loss': 0.3451, 'grad_norm': 2.896070718765259, 'learning_rate': 0.0, 'epoch': 0.01}
{'embedding_loss': 0.1516, 'grad_norm': 0.5752060413360596, 'learning_rate': 1.5416666666666668e-05, 'epoch': 0.62}
{'embedding_loss': 0.0274, 'grad_norm': 0.05379689484834671, 'learning_rate': 8.472222222222223e-06, 'epoch': 1.25}
{'embedding_loss': 0.025, 'grad_norm': 0.3829774260520935, 'learning_rate': 1.527777777777778e-06, 'epoch': 1.88}
{'train_runtime': 122.0359, 'train_samples_per_second': 20.977, 'train_steps_per_second': 1.311, 'train_loss': 0.06648770878091455, 'epoch': 2.0}

🔍 Evaluation Metrics
----------------------------------------
📊 Label Distribution:
  Label Data Journalism: 4
  Label Half Data Journalism: 2
  Label Not Data Journalism: 14

✅ Overall Metrics:
  Accuracy : 0.8000
  Precision: 0.8458
  Recall   : 0.8000
  F1       : 0.7733

🧩 Confusion Matrix:
  [1, 2, 1]
  [0, 1, 1]
  [0, 0, 14]

📌 Per-Class Metrics:
  Class Data Journalism: TP=1, FP=0, FN=3, TN=16
  Class Half Data Journalism: TP=1, FP=2, FN=1, TN=16
  Class Not Data Journalism: TP=14, FP=2, FN=0, TN=4
----------------------------------------
Fold finished F1 Score: 0.8266666666666668 None
Fold 2/5
Loading model from HPC local scratch: /tmp/shapovalov_setfit_model_cache_1387365
{'embedding_loss': 0.3706, 'grad_norm': 3.2043991088867188, 'learning_rate': 0.0, 'epoch': 0.01}
{'embedding_loss': 0.1411, 'grad_norm': 1.0733898878097534, 'learning_rate': 1.5416666666666668e-05, 'epoch': 0.62}
{'embedding_loss': 0.0323, 'grad_norm': 0.49563542008399963, 'learning_rate': 8.472222222222223e-06, 'epoch': 1.25}
{'embedding_loss': 0.0255, 'grad_norm': 0.22552630305290222, 'learning_rate': 1.527777777777778e-06, 'epoch': 1.88}
{'train_runtime': 122.6139, 'train_samples_per_second': 20.879, 'train_steps_per_second': 1.305, 'train_loss': 0.06471095541492104, 'epoch': 2.0}

🔍 Evaluation Metrics
----------------------------------------
📊 Label Distribution:
  Label Not Data Journalism: 14
  Label Data Journalism: 4
  Label Half Data Journalism: 2

✅ Overall Metrics:
  Accuracy : 0.7500
  Precision: 0.8617
  Recall   : 0.7500
  F1       : 0.7923

🧩 Confusion Matrix:
  [3, 1, 0]
  [0, 1, 1]
  [0, 3, 11]

📌 Per-Class Metrics:
  Class Data Journalism: TP=3, FP=0, FN=1, TN=16
  Class Half Data Journalism: TP=1, FP=4, FN=1, TN=14
  Class Not Data Journalism: TP=11, FP=1, FN=3, TN=5
----------------------------------------
Fold finished F1 Score: 0.7076923076923076 None
Fold 3/5
Loading model from HPC local scratch: /tmp/shapovalov_setfit_model_cache_1387365
{'embedding_loss': 0.3392, 'grad_norm': 2.816593647003174, 'learning_rate': 0.0, 'epoch': 0.01}
{'embedding_loss': 0.1344, 'grad_norm': 1.0912376642227173, 'learning_rate': 1.5416666666666668e-05, 'epoch': 0.62}
{'embedding_loss': 0.0278, 'grad_norm': 0.03770431503653526, 'learning_rate': 8.472222222222223e-06, 'epoch': 1.25}
{'embedding_loss': 0.0151, 'grad_norm': 0.0682036280632019, 'learning_rate': 1.527777777777778e-06, 'epoch': 1.88}
{'train_runtime': 123.5081, 'train_samples_per_second': 20.727, 'train_steps_per_second': 1.295, 'train_loss': 0.057753275614231825, 'epoch': 2.0}

🔍 Evaluation Metrics
----------------------------------------
📊 Label Distribution:
  Label Not Data Journalism: 13
  Label Half Data Journalism: 2
  Label Data Journalism: 5

✅ Overall Metrics:
  Accuracy : 0.8500
  Precision: 0.8571
  Recall   : 0.8500
  F1       : 0.8500

🧩 Confusion Matrix:
  [4, 0, 1]
  [0, 1, 1]
  [0, 1, 12]

📌 Per-Class Metrics:
  Class Data Journalism: TP=4, FP=0, FN=1, TN=15
  Class Half Data Journalism: TP=1, FP=1, FN=1, TN=17
  Class Not Data Journalism: TP=12, FP=2, FN=1, TN=5
----------------------------------------
Fold finished F1 Score: 0.85 None
Fold 4/5
Loading model from HPC local scratch: /tmp/shapovalov_setfit_model_cache_1387365
{'embedding_loss': 0.2864, 'grad_norm': 2.9529924392700195, 'learning_rate': 0.0, 'epoch': 0.01}
{'embedding_loss': 0.1386, 'grad_norm': 0.7836949229240417, 'learning_rate': 1.5416666666666668e-05, 'epoch': 0.62}
{'embedding_loss': 0.0246, 'grad_norm': 0.15294700860977173, 'learning_rate': 8.472222222222223e-06, 'epoch': 1.25}
{'embedding_loss': 0.0121, 'grad_norm': 1.1332333087921143, 'learning_rate': 1.527777777777778e-06, 'epoch': 1.88}
{'train_runtime': 123.5709, 'train_samples_per_second': 20.717, 'train_steps_per_second': 1.295, 'train_loss': 0.056040085223503414, 'epoch': 2.0}

🔍 Evaluation Metrics
----------------------------------------
📊 Label Distribution:
  Label Not Data Journalism: 13
  Label Data Journalism: 4
  Label Half Data Journalism: 3

✅ Overall Metrics:
  Accuracy : 0.8000
  Precision: 0.7171
  Recall   : 0.8000
  F1       : 0.7556

🧩 Confusion Matrix:
  [4, 0, 0]
  [1, 0, 2]
  [0, 1, 12]

📌 Per-Class Metrics:
  Class Data Journalism: TP=4, FP=1, FN=0, TN=15
  Class Half Data Journalism: TP=0, FP=1, FN=3, TN=16
  Class Not Data Journalism: TP=12, FP=2, FN=1, TN=5
----------------------------------------
Fold finished F1 Score: 0.8444444444444443 None
Fold 5/5
Loading model from HPC local scratch: /tmp/shapovalov_setfit_model_cache_1387365
{'embedding_loss': 0.392, 'grad_norm': 2.9009206295013428, 'learning_rate': 0.0, 'epoch': 0.01}
{'embedding_loss': 0.1401, 'grad_norm': 0.591770589351654, 'learning_rate': 1.5416666666666668e-05, 'epoch': 0.62}
{'embedding_loss': 0.018, 'grad_norm': 0.32990825176239014, 'learning_rate': 8.472222222222223e-06, 'epoch': 1.25}
{'embedding_loss': 0.0082, 'grad_norm': 0.12503911554813385, 'learning_rate': 1.527777777777778e-06, 'epoch': 1.88}
{'train_runtime': 124.9661, 'train_samples_per_second': 20.486, 'train_steps_per_second': 1.28, 'train_loss': 0.0537567205959931, 'epoch': 2.0}

🔍 Evaluation Metrics
----------------------------------------
📊 Label Distribution:
  Label Not Data Journalism: 13
  Label Data Journalism: 4
  Label Half Data Journalism: 3

✅ Overall Metrics:
  Accuracy : 0.7000
  Precision: 0.5971
  Recall   : 0.7000
  F1       : 0.6300

🧩 Confusion Matrix:
  [1, 1, 2]
  [1, 0, 2]
  [0, 0, 13]

📌 Per-Class Metrics:
  Class Data Journalism: TP=1, FP=1, FN=3, TN=15
  Class Half Data Journalism: TP=0, FP=1, FN=3, TN=16
  Class Not Data Journalism: TP=13, FP=4, FN=0, TN=3
----------------------------------------
Fold finished F1 Score: 0.77 None
Average VRAM usage: 5459.38 MB, Max VRAM usage: 21256.70 MB
Trial 36 completed with avg fold F1 score: 0.7997606837606838
Trial 37: {'num_iterations': 8, 'num_epochs': 4, 'batch_size': 16, 'head_lr': 0.004936132610504769}
Fold 1/5
Loading model from HPC local scratch: /tmp/shapovalov_setfit_model_cache_1387365
{'embedding_loss': 0.3451, 'grad_norm': 2.896070718765259, 'learning_rate': 0.0, 'epoch': 0.01}
{'embedding_loss': 0.1767, 'grad_norm': 0.795913815498352, 'learning_rate': 1.8819444444444447e-05, 'epoch': 0.62}
{'embedding_loss': 0.0329, 'grad_norm': 0.1197960153222084, 'learning_rate': 1.5347222222222226e-05, 'epoch': 1.25}
{'embedding_loss': 0.0253, 'grad_norm': 0.22096599638462067, 'learning_rate': 1.1875e-05, 'epoch': 1.88}
{'embedding_loss': 0.01, 'grad_norm': 0.04534480720758438, 'learning_rate': 8.402777777777779e-06, 'epoch': 2.5}
{'embedding_loss': 0.0023, 'grad_norm': 0.21515312790870667, 'learning_rate': 4.930555555555556e-06, 'epoch': 3.12}
{'embedding_loss': 0.0012, 'grad_norm': 0.09575245529413223, 'learning_rate': 1.4583333333333335e-06, 'epoch': 3.75}
{'train_runtime': 244.3476, 'train_samples_per_second': 20.954, 'train_steps_per_second': 1.31, 'train_loss': 0.03940531760454178, 'epoch': 4.0}

🔍 Evaluation Metrics
----------------------------------------
📊 Label Distribution:
  Label Data Journalism: 4
  Label Half Data Journalism: 2
  Label Not Data Journalism: 14

✅ Overall Metrics:
  Accuracy : 0.8000
  Precision: 0.8458
  Recall   : 0.8000
  F1       : 0.7733

🧩 Confusion Matrix:
  [1, 2, 1]
  [0, 1, 1]
  [0, 0, 14]

📌 Per-Class Metrics:
  Class Data Journalism: TP=1, FP=0, FN=3, TN=16
  Class Half Data Journalism: TP=1, FP=2, FN=1, TN=16
  Class Not Data Journalism: TP=14, FP=2, FN=0, TN=4
----------------------------------------
Fold finished F1 Score: 0.8266666666666668 None
Fold 2/5
Loading model from HPC local scratch: /tmp/shapovalov_setfit_model_cache_1387365
{'embedding_loss': 0.3706, 'grad_norm': 3.2043991088867188, 'learning_rate': 0.0, 'epoch': 0.01}
{'embedding_loss': 0.1681, 'grad_norm': 1.6526750326156616, 'learning_rate': 1.8819444444444447e-05, 'epoch': 0.62}
{'embedding_loss': 0.0353, 'grad_norm': 0.47160065174102783, 'learning_rate': 1.5347222222222226e-05, 'epoch': 1.25}
{'embedding_loss': 0.0242, 'grad_norm': 0.2127135992050171, 'learning_rate': 1.1875e-05, 'epoch': 1.88}
{'embedding_loss': 0.0132, 'grad_norm': 0.2228126972913742, 'learning_rate': 8.402777777777779e-06, 'epoch': 2.5}
{'embedding_loss': 0.0059, 'grad_norm': 0.03765023499727249, 'learning_rate': 4.930555555555556e-06, 'epoch': 3.12}
{'embedding_loss': 0.0032, 'grad_norm': 0.023587869480252266, 'learning_rate': 1.4583333333333335e-06, 'epoch': 3.75}
{'train_runtime': 245.765, 'train_samples_per_second': 20.833, 'train_steps_per_second': 1.302, 'train_loss': 0.03979364527622238, 'epoch': 4.0}

🔍 Evaluation Metrics
----------------------------------------
📊 Label Distribution:
  Label Not Data Journalism: 14
  Label Data Journalism: 4
  Label Half Data Journalism: 2

✅ Overall Metrics:
  Accuracy : 0.8000
  Precision: 0.8900
  Recall   : 0.8000
  F1       : 0.8231

🧩 Confusion Matrix:
  [3, 1, 0]
  [0, 2, 0]
  [1, 2, 11]

📌 Per-Class Metrics:
  Class Data Journalism: TP=3, FP=1, FN=1, TN=15
  Class Half Data Journalism: TP=2, FP=3, FN=0, TN=15
  Class Not Data Journalism: TP=11, FP=0, FN=3, TN=6
----------------------------------------
Fold finished F1 Score: 0.7768571428571429 None
Fold 3/5
Loading model from HPC local scratch: /tmp/shapovalov_setfit_model_cache_1387365
{'embedding_loss': 0.3392, 'grad_norm': 2.816593647003174, 'learning_rate': 0.0, 'epoch': 0.01}
{'embedding_loss': 0.1709, 'grad_norm': 1.4199416637420654, 'learning_rate': 1.8819444444444447e-05, 'epoch': 0.62}
{'embedding_loss': 0.0345, 'grad_norm': 0.036588262766599655, 'learning_rate': 1.5347222222222226e-05, 'epoch': 1.25}
{'embedding_loss': 0.0188, 'grad_norm': 0.20500655472278595, 'learning_rate': 1.1875e-05, 'epoch': 1.88}
{'embedding_loss': 0.0079, 'grad_norm': 0.16216959059238434, 'learning_rate': 8.402777777777779e-06, 'epoch': 2.5}
{'embedding_loss': 0.0037, 'grad_norm': 0.0369604267179966, 'learning_rate': 4.930555555555556e-06, 'epoch': 3.12}
{'embedding_loss': 0.0025, 'grad_norm': 0.02822231873869896, 'learning_rate': 1.4583333333333335e-06, 'epoch': 3.75}
{'train_runtime': 246.406, 'train_samples_per_second': 20.779, 'train_steps_per_second': 1.299, 'train_loss': 0.03785805964143947, 'epoch': 4.0}

🔍 Evaluation Metrics
----------------------------------------
📊 Label Distribution:
  Label Not Data Journalism: 13
  Label Half Data Journalism: 2
  Label Data Journalism: 5

✅ Overall Metrics:
  Accuracy : 0.8000
  Precision: 0.8708
  Recall   : 0.8000
  F1       : 0.8276

🧩 Confusion Matrix:
  [4, 1, 0]
  [0, 1, 1]
  [0, 2, 11]

📌 Per-Class Metrics:
  Class Data Journalism: TP=4, FP=0, FN=1, TN=15
  Class Half Data Journalism: TP=1, FP=3, FN=1, TN=15
  Class Not Data Journalism: TP=11, FP=1, FN=2, TN=6
----------------------------------------
Fold finished F1 Score: 0.7724444444444444 None
Fold 4/5
Loading model from HPC local scratch: /tmp/shapovalov_setfit_model_cache_1387365
{'embedding_loss': 0.2864, 'grad_norm': 2.9529924392700195, 'learning_rate': 0.0, 'epoch': 0.01}
{'embedding_loss': 0.1682, 'grad_norm': 1.2567442655563354, 'learning_rate': 1.8819444444444447e-05, 'epoch': 0.62}
{'embedding_loss': 0.0236, 'grad_norm': 0.12283635139465332, 'learning_rate': 1.5347222222222226e-05, 'epoch': 1.25}
{'embedding_loss': 0.01, 'grad_norm': 1.0693080425262451, 'learning_rate': 1.1875e-05, 'epoch': 1.88}
{'embedding_loss': 0.0023, 'grad_norm': 0.07161548733711243, 'learning_rate': 8.402777777777779e-06, 'epoch': 2.5}
{'embedding_loss': 0.0013, 'grad_norm': 0.03361063078045845, 'learning_rate': 4.930555555555556e-06, 'epoch': 3.12}
{'embedding_loss': 0.0008, 'grad_norm': 0.006524825934320688, 'learning_rate': 1.4583333333333335e-06, 'epoch': 3.75}
{'train_runtime': 246.9648, 'train_samples_per_second': 20.732, 'train_steps_per_second': 1.296, 'train_loss': 0.03262527510814835, 'epoch': 4.0}

🔍 Evaluation Metrics
----------------------------------------
📊 Label Distribution:
  Label Not Data Journalism: 13
  Label Data Journalism: 4
  Label Half Data Journalism: 3

✅ Overall Metrics:
  Accuracy : 0.8000
  Precision: 0.6905
  Recall   : 0.8000
  F1       : 0.7378

🧩 Confusion Matrix:
  [4, 0, 0]
  [1, 0, 2]
  [1, 0, 12]

📌 Per-Class Metrics:
  Class Data Journalism: TP=4, FP=2, FN=0, TN=14
  Class Half Data Journalism: TP=0, FP=0, FN=3, TN=17
  Class Not Data Journalism: TP=12, FP=2, FN=1, TN=5
----------------------------------------
Fold finished F1 Score: 0.8622222222222222 None
Fold 5/5
Loading model from HPC local scratch: /tmp/shapovalov_setfit_model_cache_1387365
{'embedding_loss': 0.392, 'grad_norm': 2.9009206295013428, 'learning_rate': 0.0, 'epoch': 0.01}
{'embedding_loss': 0.1645, 'grad_norm': 0.715167224407196, 'learning_rate': 1.8819444444444447e-05, 'epoch': 0.62}
{'embedding_loss': 0.024, 'grad_norm': 0.4778030514717102, 'learning_rate': 1.5347222222222226e-05, 'epoch': 1.25}
{'embedding_loss': 0.0054, 'grad_norm': 0.04765463247895241, 'learning_rate': 1.1875e-05, 'epoch': 1.88}
{'embedding_loss': 0.0009, 'grad_norm': 0.008932515978813171, 'learning_rate': 8.402777777777779e-06, 'epoch': 2.5}
{'embedding_loss': 0.0005, 'grad_norm': 0.013296130113303661, 'learning_rate': 4.930555555555556e-06, 'epoch': 3.12}
{'embedding_loss': 0.0004, 'grad_norm': 0.10622411966323853, 'learning_rate': 1.4583333333333335e-06, 'epoch': 3.75}
{'train_runtime': 249.3271, 'train_samples_per_second': 20.535, 'train_steps_per_second': 1.283, 'train_loss': 0.03130240680329734, 'epoch': 4.0}

🔍 Evaluation Metrics
----------------------------------------
📊 Label Distribution:
  Label Not Data Journalism: 13
  Label Data Journalism: 4
  Label Half Data Journalism: 3

✅ Overall Metrics:
  Accuracy : 0.7000
  Precision: 0.5971
  Recall   : 0.7000
  F1       : 0.6300

🧩 Confusion Matrix:
  [1, 1, 2]
  [1, 0, 2]
  [0, 0, 13]

📌 Per-Class Metrics:
  Class Data Journalism: TP=1, FP=1, FN=3, TN=15
  Class Half Data Journalism: TP=0, FP=1, FN=3, TN=16
  Class Not Data Journalism: TP=13, FP=4, FN=0, TN=3
----------------------------------------
Fold finished F1 Score: 0.77 None
Average VRAM usage: 5387.73 MB, Max VRAM usage: 21262.89 MB
Trial 37 completed with avg fold F1 score: 0.8016380952380953
Trial 38: {'num_iterations': 7, 'num_epochs': 2, 'batch_size': 16, 'head_lr': 0.00044375317138136024}
Fold 1/5
Loading model from HPC local scratch: /tmp/shapovalov_setfit_model_cache_1387365
{'embedding_loss': 0.3753, 'grad_norm': 3.523641347885132, 'learning_rate': 0.0, 'epoch': 0.01}
{'embedding_loss': 0.1447, 'grad_norm': 0.8411393761634827, 'learning_rate': 1.4444444444444446e-05, 'epoch': 0.71}
{'embedding_loss': 0.0335, 'grad_norm': 0.5475443601608276, 'learning_rate': 6.507936507936509e-06, 'epoch': 1.43}
{'train_runtime': 107.0809, 'train_samples_per_second': 20.919, 'train_steps_per_second': 1.307, 'train_loss': 0.07175212119306837, 'epoch': 2.0}

🔍 Evaluation Metrics
----------------------------------------
📊 Label Distribution:
  Label Data Journalism: 4
  Label Half Data Journalism: 2
  Label Not Data Journalism: 14

✅ Overall Metrics:
  Accuracy : 0.8000
  Precision: 0.8458
  Recall   : 0.8000
  F1       : 0.7733

🧩 Confusion Matrix:
  [1, 2, 1]
  [0, 1, 1]
  [0, 0, 14]

📌 Per-Class Metrics:
  Class Data Journalism: TP=1, FP=0, FN=3, TN=16
  Class Half Data Journalism: TP=1, FP=2, FN=1, TN=16
  Class Not Data Journalism: TP=14, FP=2, FN=0, TN=4
----------------------------------------
Fold finished F1 Score: 0.8266666666666668 None
Fold 2/5
Loading model from HPC local scratch: /tmp/shapovalov_setfit_model_cache_1387365
{'embedding_loss': 0.3604, 'grad_norm': 3.6940126419067383, 'learning_rate': 0.0, 'epoch': 0.01}
{'embedding_loss': 0.1409, 'grad_norm': 0.5587460398674011, 'learning_rate': 1.4444444444444446e-05, 'epoch': 0.71}
{'embedding_loss': 0.033, 'grad_norm': 0.13807933032512665, 'learning_rate': 6.507936507936509e-06, 'epoch': 1.43}
{'train_runtime': 108.4149, 'train_samples_per_second': 20.661, 'train_steps_per_second': 1.291, 'train_loss': 0.07159562430211476, 'epoch': 2.0}

🔍 Evaluation Metrics
----------------------------------------
📊 Label Distribution:
  Label Not Data Journalism: 14
  Label Data Journalism: 4
  Label Half Data Journalism: 2

✅ Overall Metrics:
  Accuracy : 0.6500
  Precision: 0.8560
  Recall   : 0.6500
  F1       : 0.6945

🧩 Confusion Matrix:
  [1, 3, 0]
  [0, 1, 1]
  [0, 3, 11]

📌 Per-Class Metrics:
  Class Data Journalism: TP=1, FP=0, FN=3, TN=16
  Class Half Data Journalism: TP=1, FP=6, FN=1, TN=12
  Class Not Data Journalism: TP=11, FP=1, FN=3, TN=5
----------------------------------------
Fold finished F1 Score: 0.6054700854700854 None
Fold 3/5
Loading model from HPC local scratch: /tmp/shapovalov_setfit_model_cache_1387365
{'embedding_loss': 0.3287, 'grad_norm': 3.3898487091064453, 'learning_rate': 0.0, 'epoch': 0.01}
{'embedding_loss': 0.1335, 'grad_norm': 1.115831971168518, 'learning_rate': 1.4444444444444446e-05, 'epoch': 0.71}
{'embedding_loss': 0.0279, 'grad_norm': 0.34064921736717224, 'learning_rate': 6.507936507936509e-06, 'epoch': 1.43}
{'train_runtime': 110.0068, 'train_samples_per_second': 20.362, 'train_steps_per_second': 1.273, 'train_loss': 0.06305104302508491, 'epoch': 2.0}

🔍 Evaluation Metrics
----------------------------------------
📊 Label Distribution:
  Label Not Data Journalism: 13
  Label Half Data Journalism: 2
  Label Data Journalism: 5

✅ Overall Metrics:
  Accuracy : 0.7500
  Precision: 0.8658
  Recall   : 0.7500
  F1       : 0.7881

🧩 Confusion Matrix:
  [3, 2, 0]
  [0, 1, 1]
  [0, 2, 11]

📌 Per-Class Metrics:
  Class Data Journalism: TP=3, FP=0, FN=2, TN=15
  Class Half Data Journalism: TP=1, FP=4, FN=1, TN=14
  Class Not Data Journalism: TP=11, FP=1, FN=2, TN=6
----------------------------------------
Fold finished F1 Score: 0.7119285714285715 None
Fold 4/5
Loading model from HPC local scratch: /tmp/shapovalov_setfit_model_cache_1387365
{'embedding_loss': 0.4535, 'grad_norm': 3.461676836013794, 'learning_rate': 0.0, 'epoch': 0.01}
{'embedding_loss': 0.1384, 'grad_norm': 1.0447149276733398, 'learning_rate': 1.4444444444444446e-05, 'epoch': 0.71}
{'embedding_loss': 0.0215, 'grad_norm': 0.769131600856781, 'learning_rate': 6.507936507936509e-06, 'epoch': 1.43}
{'train_runtime': 110.2805, 'train_samples_per_second': 20.312, 'train_steps_per_second': 1.269, 'train_loss': 0.06294959400381361, 'epoch': 2.0}

🔍 Evaluation Metrics
----------------------------------------
📊 Label Distribution:
  Label Not Data Journalism: 13
  Label Data Journalism: 4
  Label Half Data Journalism: 3

✅ Overall Metrics:
  Accuracy : 0.8500
  Precision: 0.7233
  Recall   : 0.8500
  F1       : 0.7813

🧩 Confusion Matrix:
  [4, 0, 0]
  [1, 0, 2]
  [0, 0, 13]

📌 Per-Class Metrics:
  Class Data Journalism: TP=4, FP=1, FN=0, TN=15
  Class Half Data Journalism: TP=0, FP=0, FN=3, TN=17
  Class Not Data Journalism: TP=13, FP=2, FN=0, TN=5
----------------------------------------
Fold finished F1 Score: 0.9186507936507937 None
Fold 5/5
Loading model from HPC local scratch: /tmp/shapovalov_setfit_model_cache_1387365
{'embedding_loss': 0.4009, 'grad_norm': 3.7379493713378906, 'learning_rate': 0.0, 'epoch': 0.01}
{'embedding_loss': 0.1419, 'grad_norm': 0.9794996380805969, 'learning_rate': 1.4444444444444446e-05, 'epoch': 0.71}
{'embedding_loss': 0.0243, 'grad_norm': 0.035512689501047134, 'learning_rate': 6.507936507936509e-06, 'epoch': 1.43}
{'train_runtime': 110.4151, 'train_samples_per_second': 20.287, 'train_steps_per_second': 1.268, 'train_loss': 0.06315116243703024, 'epoch': 2.0}

🔍 Evaluation Metrics
----------------------------------------
📊 Label Distribution:
  Label Not Data Journalism: 13
  Label Data Journalism: 4
  Label Half Data Journalism: 3

✅ Overall Metrics:
  Accuracy : 0.7000
  Precision: 0.5971
  Recall   : 0.7000
  F1       : 0.6300

🧩 Confusion Matrix:
  [1, 1, 2]
  [1, 0, 2]
  [0, 0, 13]

📌 Per-Class Metrics:
  Class Data Journalism: TP=1, FP=1, FN=3, TN=15
  Class Half Data Journalism: TP=0, FP=1, FN=3, TN=16
  Class Not Data Journalism: TP=13, FP=4, FN=0, TN=3
----------------------------------------
Fold finished F1 Score: 0.77 None
Average VRAM usage: 5022.94 MB, Max VRAM usage: 18030.79 MB
Trial 38 completed with avg fold F1 score: 0.7665432234432236
Trial 39: {'num_iterations': 6, 'num_epochs': 3, 'batch_size': 16, 'head_lr': 6.248032231512358e-05}
Fold 1/5
Loading model from HPC local scratch: /tmp/shapovalov_setfit_model_cache_1387365
{'embedding_loss': 0.3249, 'grad_norm': 2.6149380207061768, 'learning_rate': 0.0, 'epoch': 0.02}
{'embedding_loss': 0.1477, 'grad_norm': 0.7716582417488098, 'learning_rate': 1.617283950617284e-05, 'epoch': 0.83}
{'embedding_loss': 0.032, 'grad_norm': 0.4950900375843048, 'learning_rate': 1e-05, 'epoch': 1.67}
{'embedding_loss': 0.0191, 'grad_norm': 0.19002872705459595, 'learning_rate': 3.827160493827161e-06, 'epoch': 2.5}
{'train_runtime': 140.1989, 'train_samples_per_second': 20.542, 'train_steps_per_second': 1.284, 'train_loss': 0.05912363231182098, 'epoch': 3.0}

🔍 Evaluation Metrics
----------------------------------------
📊 Label Distribution:
  Label Data Journalism: 4
  Label Half Data Journalism: 2
  Label Not Data Journalism: 14

✅ Overall Metrics:
  Accuracy : 0.8000
  Precision: 0.8458
  Recall   : 0.8000
  F1       : 0.7733

🧩 Confusion Matrix:
  [1, 2, 1]
  [0, 1, 1]
  [0, 0, 14]

📌 Per-Class Metrics:
  Class Data Journalism: TP=1, FP=0, FN=3, TN=16
  Class Half Data Journalism: TP=1, FP=2, FN=1, TN=16
  Class Not Data Journalism: TP=14, FP=2, FN=0, TN=4
----------------------------------------
Fold finished F1 Score: 0.8266666666666668 None
Fold 2/5
Loading model from HPC local scratch: /tmp/shapovalov_setfit_model_cache_1387365
{'embedding_loss': 0.4045, 'grad_norm': 3.366190195083618, 'learning_rate': 0.0, 'epoch': 0.02}
{'embedding_loss': 0.1513, 'grad_norm': 1.026811957359314, 'learning_rate': 1.617283950617284e-05, 'epoch': 0.83}
{'embedding_loss': 0.036, 'grad_norm': 0.4813402593135834, 'learning_rate': 1e-05, 'epoch': 1.67}
{'embedding_loss': 0.0188, 'grad_norm': 0.7739594578742981, 'learning_rate': 3.827160493827161e-06, 'epoch': 2.5}
{'train_runtime': 140.3292, 'train_samples_per_second': 20.523, 'train_steps_per_second': 1.283, 'train_loss': 0.061576266090075174, 'epoch': 3.0}

🔍 Evaluation Metrics
----------------------------------------
📊 Label Distribution:
  Label Not Data Journalism: 14
  Label Data Journalism: 4
  Label Half Data Journalism: 2

✅ Overall Metrics:
  Accuracy : 0.8000
  Precision: 0.8295
  Recall   : 0.8000
  F1       : 0.8122

🧩 Confusion Matrix:
  [3, 1, 0]
  [0, 1, 1]
  [1, 1, 12]

📌 Per-Class Metrics:
  Class Data Journalism: TP=3, FP=1, FN=1, TN=15
  Class Half Data Journalism: TP=1, FP=2, FN=1, TN=16
  Class Not Data Journalism: TP=12, FP=1, FN=2, TN=5
----------------------------------------
Fold finished F1 Score: 0.7877777777777778 None
Fold 3/5
Loading model from HPC local scratch: /tmp/shapovalov_setfit_model_cache_1387365
{'embedding_loss': 0.3841, 'grad_norm': 3.0262792110443115, 'learning_rate': 0.0, 'epoch': 0.02}
{'embedding_loss': 0.1363, 'grad_norm': 0.7158152461051941, 'learning_rate': 1.617283950617284e-05, 'epoch': 0.83}
{'embedding_loss': 0.0262, 'grad_norm': 0.3026493191719055, 'learning_rate': 1e-05, 'epoch': 1.67}
{'embedding_loss': 0.0148, 'grad_norm': 0.09256857633590698, 'learning_rate': 3.827160493827161e-06, 'epoch': 2.5}
{'train_runtime': 141.4665, 'train_samples_per_second': 20.358, 'train_steps_per_second': 1.272, 'train_loss': 0.051556174374288985, 'epoch': 3.0}

🔍 Evaluation Metrics
----------------------------------------
📊 Label Distribution:
  Label Not Data Journalism: 13
  Label Half Data Journalism: 2
  Label Data Journalism: 5

✅ Overall Metrics:
  Accuracy : 0.7000
  Precision: 0.7833
  Recall   : 0.7000
  F1       : 0.7387

🧩 Confusion Matrix:
  [3, 2, 0]
  [1, 0, 1]
  [0, 2, 11]

📌 Per-Class Metrics:
  Class Data Journalism: TP=3, FP=1, FN=2, TN=14
  Class Half Data Journalism: TP=0, FP=4, FN=2, TN=14
  Class Not Data Journalism: TP=11, FP=1, FN=2, TN=6
----------------------------------------
Fold finished F1 Score: 0.6613333333333333 None
Fold 4/5
Loading model from HPC local scratch: /tmp/shapovalov_setfit_model_cache_1387365
{'embedding_loss': 0.3682, 'grad_norm': 3.33510684967041, 'learning_rate': 0.0, 'epoch': 0.02}
{'embedding_loss': 0.1422, 'grad_norm': 0.9471743106842041, 'learning_rate': 1.617283950617284e-05, 'epoch': 0.83}
{'embedding_loss': 0.0217, 'grad_norm': 0.04926985502243042, 'learning_rate': 1e-05, 'epoch': 1.67}
{'embedding_loss': 0.0121, 'grad_norm': 0.06690944731235504, 'learning_rate': 3.827160493827161e-06, 'epoch': 2.5}
{'train_runtime': 141.435, 'train_samples_per_second': 20.363, 'train_steps_per_second': 1.273, 'train_loss': 0.05122257752550973, 'epoch': 3.0}

🔍 Evaluation Metrics
----------------------------------------
📊 Label Distribution:
  Label Not Data Journalism: 13
  Label Data Journalism: 4
  Label Half Data Journalism: 3

✅ Overall Metrics:
  Accuracy : 0.8000
  Precision: 0.7171
  Recall   : 0.8000
  F1       : 0.7556

🧩 Confusion Matrix:
  [4, 0, 0]
  [1, 0, 2]
  [0, 1, 12]

📌 Per-Class Metrics:
  Class Data Journalism: TP=4, FP=1, FN=0, TN=15
  Class Half Data Journalism: TP=0, FP=1, FN=3, TN=16
  Class Not Data Journalism: TP=12, FP=2, FN=1, TN=5
----------------------------------------
Fold finished F1 Score: 0.8444444444444443 None
Fold 5/5
Loading model from HPC local scratch: /tmp/shapovalov_setfit_model_cache_1387365
{'embedding_loss': 0.3582, 'grad_norm': 2.8250327110290527, 'learning_rate': 0.0, 'epoch': 0.02}
{'embedding_loss': 0.1431, 'grad_norm': 0.31716910004615784, 'learning_rate': 1.617283950617284e-05, 'epoch': 0.83}
{'embedding_loss': 0.0212, 'grad_norm': 0.5200666189193726, 'learning_rate': 1e-05, 'epoch': 1.67}
{'embedding_loss': 0.0059, 'grad_norm': 0.4861917197704315, 'learning_rate': 3.827160493827161e-06, 'epoch': 2.5}
{'train_runtime': 141.9286, 'train_samples_per_second': 20.292, 'train_steps_per_second': 1.268, 'train_loss': 0.04867648805181186, 'epoch': 3.0}

🔍 Evaluation Metrics
----------------------------------------
📊 Label Distribution:
  Label Not Data Journalism: 13
  Label Data Journalism: 4
  Label Half Data Journalism: 3

✅ Overall Metrics:
  Accuracy : 0.7500
  Precision: 0.6615
  Recall   : 0.7500
  F1       : 0.6970

🧩 Confusion Matrix:
  [2, 1, 1]
  [1, 0, 2]
  [0, 0, 13]

📌 Per-Class Metrics:
  Class Data Journalism: TP=2, FP=1, FN=2, TN=15
  Class Half Data Journalism: TP=0, FP=1, FN=3, TN=16
  Class Not Data Journalism: TP=13, FP=3, FN=0, TN=4
----------------------------------------
Fold finished F1 Score: 0.8029556650246306 None
Average VRAM usage: 5625.38 MB, Max VRAM usage: 18234.71 MB
Trial 39 completed with avg fold F1 score: 0.7846355774493705
Trial 40: {'num_iterations': 9, 'num_epochs': 2, 'batch_size': 16, 'head_lr': 0.09658318826868315}
Fold 1/5
Loading model from HPC local scratch: /tmp/shapovalov_setfit_model_cache_1387365
{'embedding_loss': 0.3055, 'grad_norm': 2.91137433052063, 'learning_rate': 0.0, 'epoch': 0.01}
{'embedding_loss': 0.1525, 'grad_norm': 1.1672433614730835, 'learning_rate': 1.617283950617284e-05, 'epoch': 0.56}
{'embedding_loss': 0.0336, 'grad_norm': 1.1562250852584839, 'learning_rate': 1e-05, 'epoch': 1.11}
{'embedding_loss': 0.0261, 'grad_norm': 0.3873855471611023, 'learning_rate': 3.827160493827161e-06, 'epoch': 1.67}
{'train_runtime': 139.1483, 'train_samples_per_second': 20.697, 'train_steps_per_second': 1.294, 'train_loss': 0.062266685234175785, 'epoch': 2.0}

🔍 Evaluation Metrics
----------------------------------------
📊 Label Distribution:
  Label Data Journalism: 4
  Label Half Data Journalism: 2
  Label Not Data Journalism: 14

✅ Overall Metrics:
  Accuracy : 0.8000
  Precision: 0.8783
  Recall   : 0.8000
  F1       : 0.7892

🧩 Confusion Matrix:
  [1, 3, 0]
  [0, 1, 1]
  [0, 0, 14]

📌 Per-Class Metrics:
  Class Data Journalism: TP=1, FP=0, FN=3, TN=16
  Class Half Data Journalism: TP=1, FP=3, FN=1, TN=15
  Class Not Data Journalism: TP=14, FP=1, FN=0, TN=5
----------------------------------------
Fold finished F1 Score: 0.8108045977011494 None
Fold 2/5
Loading model from HPC local scratch: /tmp/shapovalov_setfit_model_cache_1387365
{'embedding_loss': 0.3031, 'grad_norm': 2.697917938232422, 'learning_rate': 0.0, 'epoch': 0.01}
{'embedding_loss': 0.148, 'grad_norm': 1.423376441001892, 'learning_rate': 1.617283950617284e-05, 'epoch': 0.56}
{'embedding_loss': 0.037, 'grad_norm': 0.6375268697738647, 'learning_rate': 1e-05, 'epoch': 1.11}
{'embedding_loss': 0.0182, 'grad_norm': 0.6356250047683716, 'learning_rate': 3.827160493827161e-06, 'epoch': 1.67}
{'train_runtime': 140.3805, 'train_samples_per_second': 20.516, 'train_steps_per_second': 1.282, 'train_loss': 0.05920573522647222, 'epoch': 2.0}

🔍 Evaluation Metrics
----------------------------------------
📊 Label Distribution:
  Label Not Data Journalism: 14
  Label Data Journalism: 4
  Label Half Data Journalism: 2

✅ Overall Metrics:
  Accuracy : 0.7500
  Precision: 0.8167
  Recall   : 0.7500
  F1       : 0.7756

🧩 Confusion Matrix:
  [3, 1, 0]
  [0, 1, 1]
  [1, 2, 11]

📌 Per-Class Metrics:
  Class Data Journalism: TP=3, FP=1, FN=1, TN=15
  Class Half Data Journalism: TP=1, FP=3, FN=1, TN=15
  Class Not Data Journalism: TP=11, FP=1, FN=3, TN=5
----------------------------------------
Fold finished F1 Score: 0.7243589743589742 None
Fold 3/5
Loading model from HPC local scratch: /tmp/shapovalov_setfit_model_cache_1387365
{'embedding_loss': 0.3434, 'grad_norm': 3.14304518699646, 'learning_rate': 0.0, 'epoch': 0.01}
{'embedding_loss': 0.1439, 'grad_norm': 1.8053278923034668, 'learning_rate': 1.617283950617284e-05, 'epoch': 0.56}
{'embedding_loss': 0.0302, 'grad_norm': 0.20020297169685364, 'learning_rate': 1e-05, 'epoch': 1.11}
{'embedding_loss': 0.0231, 'grad_norm': 0.8219862580299377, 'learning_rate': 3.827160493827161e-06, 'epoch': 1.67}
{'train_runtime': 140.9302, 'train_samples_per_second': 20.436, 'train_steps_per_second': 1.277, 'train_loss': 0.05888469268878301, 'epoch': 2.0}

🔍 Evaluation Metrics
----------------------------------------
📊 Label Distribution:
  Label Not Data Journalism: 13
  Label Half Data Journalism: 2
  Label Data Journalism: 5

✅ Overall Metrics:
  Accuracy : 0.7500
  Precision: 0.7446
  Recall   : 0.7500
  F1       : 0.7444

🧩 Confusion Matrix:
  [3, 1, 1]
  [1, 0, 1]
  [0, 1, 12]

📌 Per-Class Metrics:
  Class Data Journalism: TP=3, FP=1, FN=2, TN=14
  Class Half Data Journalism: TP=0, FP=2, FN=2, TN=16
  Class Not Data Journalism: TP=12, FP=2, FN=1, TN=5
----------------------------------------
Fold finished F1 Score: 0.7555555555555554 None
Fold 4/5
Loading model from HPC local scratch: /tmp/shapovalov_setfit_model_cache_1387365
{'embedding_loss': 0.3821, 'grad_norm': 3.3300387859344482, 'learning_rate': 0.0, 'epoch': 0.01}
{'embedding_loss': 0.1342, 'grad_norm': 0.26525670289993286, 'learning_rate': 1.617283950617284e-05, 'epoch': 0.56}
{'embedding_loss': 0.0248, 'grad_norm': 0.9878453016281128, 'learning_rate': 1e-05, 'epoch': 1.11}
{'embedding_loss': 0.0097, 'grad_norm': 0.0503140427172184, 'learning_rate': 3.827160493827161e-06, 'epoch': 1.67}
{'train_runtime': 142.2188, 'train_samples_per_second': 20.25, 'train_steps_per_second': 1.266, 'train_loss': 0.04939259274138345, 'epoch': 2.0}

🔍 Evaluation Metrics
----------------------------------------
📊 Label Distribution:
  Label Not Data Journalism: 13
  Label Data Journalism: 4
  Label Half Data Journalism: 3

✅ Overall Metrics:
  Accuracy : 0.8000
  Precision: 0.7171
  Recall   : 0.8000
  F1       : 0.7556

🧩 Confusion Matrix:
  [4, 0, 0]
  [1, 0, 2]
  [0, 1, 12]

📌 Per-Class Metrics:
  Class Data Journalism: TP=4, FP=1, FN=0, TN=15
  Class Half Data Journalism: TP=0, FP=1, FN=3, TN=16
  Class Not Data Journalism: TP=12, FP=2, FN=1, TN=5
----------------------------------------
Fold finished F1 Score: 0.8444444444444443 None
Fold 5/5
Loading model from HPC local scratch: /tmp/shapovalov_setfit_model_cache_1387365
{'embedding_loss': 0.3429, 'grad_norm': 2.7064952850341797, 'learning_rate': 0.0, 'epoch': 0.01}
{'embedding_loss': 0.1425, 'grad_norm': 1.5639947652816772, 'learning_rate': 1.617283950617284e-05, 'epoch': 0.56}
{'embedding_loss': 0.0244, 'grad_norm': 0.37854865193367004, 'learning_rate': 1e-05, 'epoch': 1.11}
{'embedding_loss': 0.0069, 'grad_norm': 0.059994589537382126, 'learning_rate': 3.827160493827161e-06, 'epoch': 1.67}
{'train_runtime': 142.0469, 'train_samples_per_second': 20.275, 'train_steps_per_second': 1.267, 'train_loss': 0.049740581131643716, 'epoch': 2.0}

🔍 Evaluation Metrics
----------------------------------------
📊 Label Distribution:
  Label Not Data Journalism: 13
  Label Data Journalism: 4
  Label Half Data Journalism: 3

✅ Overall Metrics:
  Accuracy : 0.7000
  Precision: 0.6281
  Recall   : 0.7000
  F1       : 0.6494

🧩 Confusion Matrix:
  [1, 2, 1]
  [1, 0, 2]
  [0, 0, 13]

📌 Per-Class Metrics:
  Class Data Journalism: TP=1, FP=1, FN=3, TN=15
  Class Half Data Journalism: TP=0, FP=2, FN=3, TN=15
  Class Not Data Journalism: TP=13, FP=3, FN=0, TN=4
----------------------------------------
Fold finished F1 Score: 0.7505747126436781 None
Average VRAM usage: 4880.93 MB, Max VRAM usage: 21307.12 MB
Trial 40 completed with avg fold F1 score: 0.7771476569407603
Trial 41: {'num_iterations': 8, 'num_epochs': 3, 'batch_size': 16, 'head_lr': 2.9351269195098186e-05}
Fold 1/5
Loading model from HPC local scratch: /tmp/shapovalov_setfit_model_cache_1387365
{'embedding_loss': 0.3451, 'grad_norm': 2.896070718765259, 'learning_rate': 0.0, 'epoch': 0.01}
{'embedding_loss': 0.1644, 'grad_norm': 0.5815149545669556, 'learning_rate': 1.7685185185185187e-05, 'epoch': 0.62}
{'embedding_loss': 0.0281, 'grad_norm': 0.13028492033481598, 'learning_rate': 1.3055555555555557e-05, 'epoch': 1.25}
{'embedding_loss': 0.0243, 'grad_norm': 0.2615799307823181, 'learning_rate': 8.425925925925926e-06, 'epoch': 1.88}
{'embedding_loss': 0.0111, 'grad_norm': 0.04009565711021423, 'learning_rate': 3.796296296296297e-06, 'epoch': 2.5}
{'train_runtime': 185.7799, 'train_samples_per_second': 20.67, 'train_steps_per_second': 1.292, 'train_loss': 0.04918667133897543, 'epoch': 3.0}

🔍 Evaluation Metrics
----------------------------------------
📊 Label Distribution:
  Label Data Journalism: 4
  Label Half Data Journalism: 2
  Label Not Data Journalism: 14

✅ Overall Metrics:
  Accuracy : 0.8000
  Precision: 0.8458
  Recall   : 0.8000
  F1       : 0.7733

🧩 Confusion Matrix:
  [1, 2, 1]
  [0, 1, 1]
  [0, 0, 14]

📌 Per-Class Metrics:
  Class Data Journalism: TP=1, FP=0, FN=3, TN=16
  Class Half Data Journalism: TP=1, FP=2, FN=1, TN=16
  Class Not Data Journalism: TP=14, FP=2, FN=0, TN=4
----------------------------------------
Fold finished F1 Score: 0.8266666666666668 None
Fold 2/5
Loading model from HPC local scratch: /tmp/shapovalov_setfit_model_cache_1387365
{'embedding_loss': 0.3706, 'grad_norm': 3.2043991088867188, 'learning_rate': 0.0, 'epoch': 0.01}
{'embedding_loss': 0.1545, 'grad_norm': 1.2442175149917603, 'learning_rate': 1.7685185185185187e-05, 'epoch': 0.62}
{'embedding_loss': 0.0344, 'grad_norm': 0.46935099363327026, 'learning_rate': 1.3055555555555557e-05, 'epoch': 1.25}
{'embedding_loss': 0.0249, 'grad_norm': 0.3180326819419861, 'learning_rate': 8.425925925925926e-06, 'epoch': 1.88}
{'embedding_loss': 0.0148, 'grad_norm': 0.37431642413139343, 'learning_rate': 3.796296296296297e-06, 'epoch': 2.5}
{'train_runtime': 188.2612, 'train_samples_per_second': 20.397, 'train_steps_per_second': 1.275, 'train_loss': 0.050162357091903684, 'epoch': 3.0}

🔍 Evaluation Metrics
----------------------------------------
📊 Label Distribution:
  Label Not Data Journalism: 14
  Label Data Journalism: 4
  Label Half Data Journalism: 2

✅ Overall Metrics:
  Accuracy : 0.8500
  Precision: 0.9000
  Recall   : 0.8500
  F1       : 0.8628

🧩 Confusion Matrix:
  [3, 1, 0]
  [0, 2, 0]
  [1, 1, 12]

📌 Per-Class Metrics:
  Class Data Journalism: TP=3, FP=1, FN=1, TN=15
  Class Half Data Journalism: TP=2, FP=2, FN=0, TN=16
  Class Not Data Journalism: TP=12, FP=0, FN=2, TN=6
----------------------------------------
Fold finished F1 Score: 0.8371794871794872 None
Fold 3/5
Loading model from HPC local scratch: /tmp/shapovalov_setfit_model_cache_1387365
{'embedding_loss': 0.3392, 'grad_norm': 2.816593647003174, 'learning_rate': 0.0, 'epoch': 0.01}
{'embedding_loss': 0.1533, 'grad_norm': 1.4565742015838623, 'learning_rate': 1.7685185185185187e-05, 'epoch': 0.62}
{'embedding_loss': 0.0301, 'grad_norm': 0.028422463685274124, 'learning_rate': 1.3055555555555557e-05, 'epoch': 1.25}
{'embedding_loss': 0.0152, 'grad_norm': 0.12420788407325745, 'learning_rate': 8.425925925925926e-06, 'epoch': 1.88}
{'embedding_loss': 0.0075, 'grad_norm': 0.08529823273420334, 'learning_rate': 3.796296296296297e-06, 'epoch': 2.5}
{'train_runtime': 189.493, 'train_samples_per_second': 20.265, 'train_steps_per_second': 1.267, 'train_loss': 0.04420492397621274, 'epoch': 3.0}

🔍 Evaluation Metrics
----------------------------------------
📊 Label Distribution:
  Label Not Data Journalism: 13
  Label Half Data Journalism: 2
  Label Data Journalism: 5

✅ Overall Metrics:
  Accuracy : 0.8000
  Precision: 0.8708
  Recall   : 0.8000
  F1       : 0.8276

🧩 Confusion Matrix:
  [4, 1, 0]
  [0, 1, 1]
  [0, 2, 11]

📌 Per-Class Metrics:
  Class Data Journalism: TP=4, FP=0, FN=1, TN=15
  Class Half Data Journalism: TP=1, FP=3, FN=1, TN=15
  Class Not Data Journalism: TP=11, FP=1, FN=2, TN=6
----------------------------------------
Fold finished F1 Score: 0.7724444444444444 None
Fold 4/5
Loading model from HPC local scratch: /tmp/shapovalov_setfit_model_cache_1387365
{'embedding_loss': 0.2864, 'grad_norm': 2.9529924392700195, 'learning_rate': 0.0, 'epoch': 0.01}
{'embedding_loss': 0.1543, 'grad_norm': 0.8335371017456055, 'learning_rate': 1.7685185185185187e-05, 'epoch': 0.62}
{'embedding_loss': 0.0251, 'grad_norm': 0.09787995368242264, 'learning_rate': 1.3055555555555557e-05, 'epoch': 1.25}
{'embedding_loss': 0.0106, 'grad_norm': 1.250091791152954, 'learning_rate': 8.425925925925926e-06, 'epoch': 1.88}
{'embedding_loss': 0.002, 'grad_norm': 0.3062531054019928, 'learning_rate': 3.796296296296297e-06, 'epoch': 2.5}
{'train_runtime': 189.9655, 'train_samples_per_second': 20.214, 'train_steps_per_second': 1.263, 'train_loss': 0.04092647215972344, 'epoch': 3.0}

🔍 Evaluation Metrics
----------------------------------------
📊 Label Distribution:
  Label Not Data Journalism: 13
  Label Data Journalism: 4
  Label Half Data Journalism: 3

✅ Overall Metrics:
  Accuracy : 0.8000
  Precision: 0.7171
  Recall   : 0.8000
  F1       : 0.7556

🧩 Confusion Matrix:
  [4, 0, 0]
  [1, 0, 2]
  [0, 1, 12]

📌 Per-Class Metrics:
  Class Data Journalism: TP=4, FP=1, FN=0, TN=15
  Class Half Data Journalism: TP=0, FP=1, FN=3, TN=16
  Class Not Data Journalism: TP=12, FP=2, FN=1, TN=5
----------------------------------------
Fold finished F1 Score: 0.8444444444444443 None
Fold 5/5
Loading model from HPC local scratch: /tmp/shapovalov_setfit_model_cache_1387365
{'embedding_loss': 0.392, 'grad_norm': 2.9009206295013428, 'learning_rate': 0.0, 'epoch': 0.01}
{'embedding_loss': 0.1519, 'grad_norm': 0.7957608699798584, 'learning_rate': 1.7685185185185187e-05, 'epoch': 0.62}
{'embedding_loss': 0.0202, 'grad_norm': 0.2933466136455536, 'learning_rate': 1.3055555555555557e-05, 'epoch': 1.25}
{'embedding_loss': 0.0054, 'grad_norm': 0.05235496535897255, 'learning_rate': 8.425925925925926e-06, 'epoch': 1.88}
{'embedding_loss': 0.0011, 'grad_norm': 0.017965003848075867, 'learning_rate': 3.796296296296297e-06, 'epoch': 2.5}
{'train_runtime': 190.5728, 'train_samples_per_second': 20.15, 'train_steps_per_second': 1.259, 'train_loss': 0.03831217631231994, 'epoch': 3.0}

🔍 Evaluation Metrics
----------------------------------------
📊 Label Distribution:
  Label Not Data Journalism: 13
  Label Data Journalism: 4
  Label Half Data Journalism: 3

✅ Overall Metrics:
  Accuracy : 0.7000
  Precision: 0.5971
  Recall   : 0.7000
  F1       : 0.6300

🧩 Confusion Matrix:
  [1, 1, 2]
  [1, 0, 2]
  [0, 0, 13]

📌 Per-Class Metrics:
  Class Data Journalism: TP=1, FP=1, FN=3, TN=15
  Class Half Data Journalism: TP=0, FP=1, FN=3, TN=16
  Class Not Data Journalism: TP=13, FP=4, FN=0, TN=3
----------------------------------------
Fold finished F1 Score: 0.77 None
Average VRAM usage: 5332.38 MB, Max VRAM usage: 21464.14 MB
Trial 41 completed with avg fold F1 score: 0.8101470085470087
Trial 42: {'num_iterations': 8, 'num_epochs': 3, 'batch_size': 16, 'head_lr': 2.3704887236325193e-05}
Fold 1/5
Loading model from HPC local scratch: /tmp/shapovalov_setfit_model_cache_1387365
{'embedding_loss': 0.3451, 'grad_norm': 2.896070718765259, 'learning_rate': 0.0, 'epoch': 0.01}
{'embedding_loss': 0.1644, 'grad_norm': 0.5815149545669556, 'learning_rate': 1.7685185185185187e-05, 'epoch': 0.62}
{'embedding_loss': 0.0281, 'grad_norm': 0.13028492033481598, 'learning_rate': 1.3055555555555557e-05, 'epoch': 1.25}
{'embedding_loss': 0.0243, 'grad_norm': 0.2615799307823181, 'learning_rate': 8.425925925925926e-06, 'epoch': 1.88}
{'embedding_loss': 0.0111, 'grad_norm': 0.04009565711021423, 'learning_rate': 3.796296296296297e-06, 'epoch': 2.5}
{'train_runtime': 186.4149, 'train_samples_per_second': 20.599, 'train_steps_per_second': 1.287, 'train_loss': 0.04918667133897543, 'epoch': 3.0}

🔍 Evaluation Metrics
----------------------------------------
📊 Label Distribution:
  Label Data Journalism: 4
  Label Half Data Journalism: 2
  Label Not Data Journalism: 14

✅ Overall Metrics:
  Accuracy : 0.8000
  Precision: 0.8458
  Recall   : 0.8000
  F1       : 0.7733

🧩 Confusion Matrix:
  [1, 2, 1]
  [0, 1, 1]
  [0, 0, 14]

📌 Per-Class Metrics:
  Class Data Journalism: TP=1, FP=0, FN=3, TN=16
  Class Half Data Journalism: TP=1, FP=2, FN=1, TN=16
  Class Not Data Journalism: TP=14, FP=2, FN=0, TN=4
----------------------------------------
Fold finished F1 Score: 0.8266666666666668 None
Fold 2/5
Loading model from HPC local scratch: /tmp/shapovalov_setfit_model_cache_1387365
{'embedding_loss': 0.3706, 'grad_norm': 3.2043991088867188, 'learning_rate': 0.0, 'epoch': 0.01}
{'embedding_loss': 0.1545, 'grad_norm': 1.2442175149917603, 'learning_rate': 1.7685185185185187e-05, 'epoch': 0.62}
{'embedding_loss': 0.0344, 'grad_norm': 0.46935099363327026, 'learning_rate': 1.3055555555555557e-05, 'epoch': 1.25}
{'embedding_loss': 0.0249, 'grad_norm': 0.3180326819419861, 'learning_rate': 8.425925925925926e-06, 'epoch': 1.88}
{'embedding_loss': 0.0148, 'grad_norm': 0.37431642413139343, 'learning_rate': 3.796296296296297e-06, 'epoch': 2.5}
{'train_runtime': 187.2077, 'train_samples_per_second': 20.512, 'train_steps_per_second': 1.282, 'train_loss': 0.050162357091903684, 'epoch': 3.0}

🔍 Evaluation Metrics
----------------------------------------
📊 Label Distribution:
  Label Not Data Journalism: 14
  Label Data Journalism: 4
  Label Half Data Journalism: 2

✅ Overall Metrics:
  Accuracy : 0.8500
  Precision: 0.9000
  Recall   : 0.8500
  F1       : 0.8628

🧩 Confusion Matrix:
  [3, 1, 0]
  [0, 2, 0]
  [1, 1, 12]

📌 Per-Class Metrics:
  Class Data Journalism: TP=3, FP=1, FN=1, TN=15
  Class Half Data Journalism: TP=2, FP=2, FN=0, TN=16
  Class Not Data Journalism: TP=12, FP=0, FN=2, TN=6
----------------------------------------
Fold finished F1 Score: 0.8371794871794872 None
Fold 3/5
Loading model from HPC local scratch: /tmp/shapovalov_setfit_model_cache_1387365
{'embedding_loss': 0.3392, 'grad_norm': 2.816593647003174, 'learning_rate': 0.0, 'epoch': 0.01}
{'embedding_loss': 0.1533, 'grad_norm': 1.4565742015838623, 'learning_rate': 1.7685185185185187e-05, 'epoch': 0.62}
{'embedding_loss': 0.0301, 'grad_norm': 0.028422463685274124, 'learning_rate': 1.3055555555555557e-05, 'epoch': 1.25}
{'embedding_loss': 0.0152, 'grad_norm': 0.12420788407325745, 'learning_rate': 8.425925925925926e-06, 'epoch': 1.88}
{'embedding_loss': 0.0075, 'grad_norm': 0.08529823273420334, 'learning_rate': 3.796296296296297e-06, 'epoch': 2.5}
{'train_runtime': 188.3017, 'train_samples_per_second': 20.393, 'train_steps_per_second': 1.275, 'train_loss': 0.04420492397621274, 'epoch': 3.0}

🔍 Evaluation Metrics
----------------------------------------
📊 Label Distribution:
  Label Not Data Journalism: 13
  Label Half Data Journalism: 2
  Label Data Journalism: 5

✅ Overall Metrics:
  Accuracy : 0.8000
  Precision: 0.8708
  Recall   : 0.8000
  F1       : 0.8276

🧩 Confusion Matrix:
  [4, 1, 0]
  [0, 1, 1]
  [0, 2, 11]

📌 Per-Class Metrics:
  Class Data Journalism: TP=4, FP=0, FN=1, TN=15
  Class Half Data Journalism: TP=1, FP=3, FN=1, TN=15
  Class Not Data Journalism: TP=11, FP=1, FN=2, TN=6
----------------------------------------
Fold finished F1 Score: 0.7724444444444444 None
Fold 4/5
Loading model from HPC local scratch: /tmp/shapovalov_setfit_model_cache_1387365
{'embedding_loss': 0.2864, 'grad_norm': 2.9529924392700195, 'learning_rate': 0.0, 'epoch': 0.01}
{'embedding_loss': 0.1543, 'grad_norm': 0.8335371017456055, 'learning_rate': 1.7685185185185187e-05, 'epoch': 0.62}
{'embedding_loss': 0.0251, 'grad_norm': 0.09787995368242264, 'learning_rate': 1.3055555555555557e-05, 'epoch': 1.25}
{'embedding_loss': 0.0106, 'grad_norm': 1.250091791152954, 'learning_rate': 8.425925925925926e-06, 'epoch': 1.88}
{'embedding_loss': 0.002, 'grad_norm': 0.3062531054019928, 'learning_rate': 3.796296296296297e-06, 'epoch': 2.5}
{'train_runtime': 188.3217, 'train_samples_per_second': 20.391, 'train_steps_per_second': 1.274, 'train_loss': 0.04092647215972344, 'epoch': 3.0}

🔍 Evaluation Metrics
----------------------------------------
📊 Label Distribution:
  Label Not Data Journalism: 13
  Label Data Journalism: 4
  Label Half Data Journalism: 3

✅ Overall Metrics:
  Accuracy : 0.8000
  Precision: 0.7171
  Recall   : 0.8000
  F1       : 0.7556

🧩 Confusion Matrix:
  [4, 0, 0]
  [1, 0, 2]
  [0, 1, 12]

📌 Per-Class Metrics:
  Class Data Journalism: TP=4, FP=1, FN=0, TN=15
  Class Half Data Journalism: TP=0, FP=1, FN=3, TN=16
  Class Not Data Journalism: TP=12, FP=2, FN=1, TN=5
----------------------------------------
Fold finished F1 Score: 0.8444444444444443 None
Fold 5/5
Loading model from HPC local scratch: /tmp/shapovalov_setfit_model_cache_1387365
{'embedding_loss': 0.392, 'grad_norm': 2.9009206295013428, 'learning_rate': 0.0, 'epoch': 0.01}
{'embedding_loss': 0.1519, 'grad_norm': 0.7957608699798584, 'learning_rate': 1.7685185185185187e-05, 'epoch': 0.62}
{'embedding_loss': 0.0202, 'grad_norm': 0.2933466136455536, 'learning_rate': 1.3055555555555557e-05, 'epoch': 1.25}
{'embedding_loss': 0.0054, 'grad_norm': 0.05235496535897255, 'learning_rate': 8.425925925925926e-06, 'epoch': 1.88}
{'embedding_loss': 0.0011, 'grad_norm': 0.017965003848075867, 'learning_rate': 3.796296296296297e-06, 'epoch': 2.5}
{'train_runtime': 188.6067, 'train_samples_per_second': 20.36, 'train_steps_per_second': 1.272, 'train_loss': 0.03831217631231994, 'epoch': 3.0}

🔍 Evaluation Metrics
----------------------------------------
📊 Label Distribution:
  Label Not Data Journalism: 13
  Label Data Journalism: 4
  Label Half Data Journalism: 3

✅ Overall Metrics:
  Accuracy : 0.7000
  Precision: 0.5971
  Recall   : 0.7000
  F1       : 0.6300

🧩 Confusion Matrix:
  [1, 1, 2]
  [1, 0, 2]
  [0, 0, 13]

📌 Per-Class Metrics:
  Class Data Journalism: TP=1, FP=1, FN=3, TN=15
  Class Half Data Journalism: TP=0, FP=1, FN=3, TN=16
  Class Not Data Journalism: TP=13, FP=4, FN=0, TN=3
----------------------------------------
Fold finished F1 Score: 0.77 None
Average VRAM usage: 5340.12 MB, Max VRAM usage: 20564.77 MB
Trial 42 completed with avg fold F1 score: 0.8101470085470087
Trial 43: {'num_iterations': 8, 'num_epochs': 3, 'batch_size': 16, 'head_lr': 1.53690917070822e-05}
Fold 1/5
Loading model from HPC local scratch: /tmp/shapovalov_setfit_model_cache_1387365
{'embedding_loss': 0.3451, 'grad_norm': 2.896070718765259, 'learning_rate': 0.0, 'epoch': 0.01}
{'embedding_loss': 0.1644, 'grad_norm': 0.5815149545669556, 'learning_rate': 1.7685185185185187e-05, 'epoch': 0.62}
{'embedding_loss': 0.0281, 'grad_norm': 0.13028492033481598, 'learning_rate': 1.3055555555555557e-05, 'epoch': 1.25}
{'embedding_loss': 0.0243, 'grad_norm': 0.2615799307823181, 'learning_rate': 8.425925925925926e-06, 'epoch': 1.88}
{'embedding_loss': 0.0111, 'grad_norm': 0.04009565711021423, 'learning_rate': 3.796296296296297e-06, 'epoch': 2.5}
{'train_runtime': 186.0761, 'train_samples_per_second': 20.637, 'train_steps_per_second': 1.29, 'train_loss': 0.04918667133897543, 'epoch': 3.0}

🔍 Evaluation Metrics
----------------------------------------
📊 Label Distribution:
  Label Data Journalism: 4
  Label Half Data Journalism: 2
  Label Not Data Journalism: 14

✅ Overall Metrics:
  Accuracy : 0.8000
  Precision: 0.8458
  Recall   : 0.8000
  F1       : 0.7733

🧩 Confusion Matrix:
  [1, 2, 1]
  [0, 1, 1]
  [0, 0, 14]

📌 Per-Class Metrics:
  Class Data Journalism: TP=1, FP=0, FN=3, TN=16
  Class Half Data Journalism: TP=1, FP=2, FN=1, TN=16
  Class Not Data Journalism: TP=14, FP=2, FN=0, TN=4
----------------------------------------
Fold finished F1 Score: 0.8266666666666668 None
Fold 2/5
Loading model from HPC local scratch: /tmp/shapovalov_setfit_model_cache_1387365
{'embedding_loss': 0.3706, 'grad_norm': 3.2043991088867188, 'learning_rate': 0.0, 'epoch': 0.01}
{'embedding_loss': 0.1545, 'grad_norm': 1.2442175149917603, 'learning_rate': 1.7685185185185187e-05, 'epoch': 0.62}
{'embedding_loss': 0.0344, 'grad_norm': 0.46935099363327026, 'learning_rate': 1.3055555555555557e-05, 'epoch': 1.25}
{'embedding_loss': 0.0249, 'grad_norm': 0.3180326819419861, 'learning_rate': 8.425925925925926e-06, 'epoch': 1.88}
{'embedding_loss': 0.0148, 'grad_norm': 0.37431642413139343, 'learning_rate': 3.796296296296297e-06, 'epoch': 2.5}
{'train_runtime': 186.532, 'train_samples_per_second': 20.586, 'train_steps_per_second': 1.287, 'train_loss': 0.050162357091903684, 'epoch': 3.0}

🔍 Evaluation Metrics
----------------------------------------
📊 Label Distribution:
  Label Not Data Journalism: 14
  Label Data Journalism: 4
  Label Half Data Journalism: 2

✅ Overall Metrics:
  Accuracy : 0.8500
  Precision: 0.9000
  Recall   : 0.8500
  F1       : 0.8628

🧩 Confusion Matrix:
  [3, 1, 0]
  [0, 2, 0]
  [1, 1, 12]

📌 Per-Class Metrics:
  Class Data Journalism: TP=3, FP=1, FN=1, TN=15
  Class Half Data Journalism: TP=2, FP=2, FN=0, TN=16
  Class Not Data Journalism: TP=12, FP=0, FN=2, TN=6
----------------------------------------
Fold finished F1 Score: 0.8371794871794872 None
Fold 3/5
Loading model from HPC local scratch: /tmp/shapovalov_setfit_model_cache_1387365
{'embedding_loss': 0.3392, 'grad_norm': 2.816593647003174, 'learning_rate': 0.0, 'epoch': 0.01}
{'embedding_loss': 0.1533, 'grad_norm': 1.4565742015838623, 'learning_rate': 1.7685185185185187e-05, 'epoch': 0.62}
{'embedding_loss': 0.0301, 'grad_norm': 0.028422463685274124, 'learning_rate': 1.3055555555555557e-05, 'epoch': 1.25}
{'embedding_loss': 0.0152, 'grad_norm': 0.12420788407325745, 'learning_rate': 8.425925925925926e-06, 'epoch': 1.88}
{'embedding_loss': 0.0075, 'grad_norm': 0.08529823273420334, 'learning_rate': 3.796296296296297e-06, 'epoch': 2.5}
{'train_runtime': 187.8635, 'train_samples_per_second': 20.44, 'train_steps_per_second': 1.278, 'train_loss': 0.04420492397621274, 'epoch': 3.0}

🔍 Evaluation Metrics
----------------------------------------
📊 Label Distribution:
  Label Not Data Journalism: 13
  Label Half Data Journalism: 2
  Label Data Journalism: 5

✅ Overall Metrics:
  Accuracy : 0.8000
  Precision: 0.8708
  Recall   : 0.8000
  F1       : 0.8276

🧩 Confusion Matrix:
  [4, 1, 0]
  [0, 1, 1]
  [0, 2, 11]

📌 Per-Class Metrics:
  Class Data Journalism: TP=4, FP=0, FN=1, TN=15
  Class Half Data Journalism: TP=1, FP=3, FN=1, TN=15
  Class Not Data Journalism: TP=11, FP=1, FN=2, TN=6
----------------------------------------
Fold finished F1 Score: 0.7724444444444444 None
Fold 4/5
Loading model from HPC local scratch: /tmp/shapovalov_setfit_model_cache_1387365
{'embedding_loss': 0.2864, 'grad_norm': 2.9529924392700195, 'learning_rate': 0.0, 'epoch': 0.01}
{'embedding_loss': 0.1543, 'grad_norm': 0.8335371017456055, 'learning_rate': 1.7685185185185187e-05, 'epoch': 0.62}
{'embedding_loss': 0.0251, 'grad_norm': 0.09787995368242264, 'learning_rate': 1.3055555555555557e-05, 'epoch': 1.25}
{'embedding_loss': 0.0106, 'grad_norm': 1.250091791152954, 'learning_rate': 8.425925925925926e-06, 'epoch': 1.88}
{'embedding_loss': 0.002, 'grad_norm': 0.3062531054019928, 'learning_rate': 3.796296296296297e-06, 'epoch': 2.5}
{'train_runtime': 189.4949, 'train_samples_per_second': 20.264, 'train_steps_per_second': 1.267, 'train_loss': 0.04092647215972344, 'epoch': 3.0}

🔍 Evaluation Metrics
----------------------------------------
📊 Label Distribution:
  Label Not Data Journalism: 13
  Label Data Journalism: 4
  Label Half Data Journalism: 3

✅ Overall Metrics:
  Accuracy : 0.8000
  Precision: 0.7171
  Recall   : 0.8000
  F1       : 0.7556

🧩 Confusion Matrix:
  [4, 0, 0]
  [1, 0, 2]
  [0, 1, 12]

📌 Per-Class Metrics:
  Class Data Journalism: TP=4, FP=1, FN=0, TN=15
  Class Half Data Journalism: TP=0, FP=1, FN=3, TN=16
  Class Not Data Journalism: TP=12, FP=2, FN=1, TN=5
----------------------------------------
Fold finished F1 Score: 0.8444444444444443 None
Fold 5/5
Loading model from HPC local scratch: /tmp/shapovalov_setfit_model_cache_1387365
{'embedding_loss': 0.392, 'grad_norm': 2.9009206295013428, 'learning_rate': 0.0, 'epoch': 0.01}
{'embedding_loss': 0.1519, 'grad_norm': 0.7957608699798584, 'learning_rate': 1.7685185185185187e-05, 'epoch': 0.62}
{'embedding_loss': 0.0202, 'grad_norm': 0.2933466136455536, 'learning_rate': 1.3055555555555557e-05, 'epoch': 1.25}
{'embedding_loss': 0.0054, 'grad_norm': 0.05235496535897255, 'learning_rate': 8.425925925925926e-06, 'epoch': 1.88}
{'embedding_loss': 0.0011, 'grad_norm': 0.017965003848075867, 'learning_rate': 3.796296296296297e-06, 'epoch': 2.5}
{'train_runtime': 188.1621, 'train_samples_per_second': 20.408, 'train_steps_per_second': 1.275, 'train_loss': 0.03831217631231994, 'epoch': 3.0}

🔍 Evaluation Metrics
----------------------------------------
📊 Label Distribution:
  Label Not Data Journalism: 13
  Label Data Journalism: 4
  Label Half Data Journalism: 3

✅ Overall Metrics:
  Accuracy : 0.7000
  Precision: 0.5971
  Recall   : 0.7000
  F1       : 0.6300

🧩 Confusion Matrix:
  [1, 1, 2]
  [1, 0, 2]
  [0, 0, 13]

📌 Per-Class Metrics:
  Class Data Journalism: TP=1, FP=1, FN=3, TN=15
  Class Half Data Journalism: TP=0, FP=1, FN=3, TN=16
  Class Not Data Journalism: TP=13, FP=4, FN=0, TN=3
----------------------------------------
Fold finished F1 Score: 0.77 None
Average VRAM usage: 5527.93 MB, Max VRAM usage: 21408.87 MB
Trial 43 completed with avg fold F1 score: 0.8101470085470087
Trial 44: {'num_iterations': 8, 'num_epochs': 3, 'batch_size': 16, 'head_lr': 5.139099278695125e-05}
Fold 1/5
Loading model from HPC local scratch: /tmp/shapovalov_setfit_model_cache_1387365
{'embedding_loss': 0.3451, 'grad_norm': 2.896070718765259, 'learning_rate': 0.0, 'epoch': 0.01}
{'embedding_loss': 0.1644, 'grad_norm': 0.5815149545669556, 'learning_rate': 1.7685185185185187e-05, 'epoch': 0.62}
{'embedding_loss': 0.0281, 'grad_norm': 0.13028492033481598, 'learning_rate': 1.3055555555555557e-05, 'epoch': 1.25}
{'embedding_loss': 0.0243, 'grad_norm': 0.2615799307823181, 'learning_rate': 8.425925925925926e-06, 'epoch': 1.88}
{'embedding_loss': 0.0111, 'grad_norm': 0.04009565711021423, 'learning_rate': 3.796296296296297e-06, 'epoch': 2.5}
{'train_runtime': 185.366, 'train_samples_per_second': 20.716, 'train_steps_per_second': 1.295, 'train_loss': 0.04918667133897543, 'epoch': 3.0}

🔍 Evaluation Metrics
----------------------------------------
📊 Label Distribution:
  Label Data Journalism: 4
  Label Half Data Journalism: 2
  Label Not Data Journalism: 14

✅ Overall Metrics:
  Accuracy : 0.8000
  Precision: 0.8458
  Recall   : 0.8000
  F1       : 0.7733

🧩 Confusion Matrix:
  [1, 2, 1]
  [0, 1, 1]
  [0, 0, 14]

📌 Per-Class Metrics:
  Class Data Journalism: TP=1, FP=0, FN=3, TN=16
  Class Half Data Journalism: TP=1, FP=2, FN=1, TN=16
  Class Not Data Journalism: TP=14, FP=2, FN=0, TN=4
----------------------------------------
Fold finished F1 Score: 0.8266666666666668 None
Fold 2/5
Loading model from HPC local scratch: /tmp/shapovalov_setfit_model_cache_1387365
{'embedding_loss': 0.3706, 'grad_norm': 3.2043991088867188, 'learning_rate': 0.0, 'epoch': 0.01}
{'embedding_loss': 0.1545, 'grad_norm': 1.2442175149917603, 'learning_rate': 1.7685185185185187e-05, 'epoch': 0.62}
{'embedding_loss': 0.0344, 'grad_norm': 0.46935099363327026, 'learning_rate': 1.3055555555555557e-05, 'epoch': 1.25}
{'embedding_loss': 0.0249, 'grad_norm': 0.3180326819419861, 'learning_rate': 8.425925925925926e-06, 'epoch': 1.88}
{'embedding_loss': 0.0148, 'grad_norm': 0.37431642413139343, 'learning_rate': 3.796296296296297e-06, 'epoch': 2.5}
{'train_runtime': 187.1158, 'train_samples_per_second': 20.522, 'train_steps_per_second': 1.283, 'train_loss': 0.050162357091903684, 'epoch': 3.0}

🔍 Evaluation Metrics
----------------------------------------
📊 Label Distribution:
  Label Not Data Journalism: 14
  Label Data Journalism: 4
  Label Half Data Journalism: 2

✅ Overall Metrics:
  Accuracy : 0.8500
  Precision: 0.9000
  Recall   : 0.8500
  F1       : 0.8628

🧩 Confusion Matrix:
  [3, 1, 0]
  [0, 2, 0]
  [1, 1, 12]

📌 Per-Class Metrics:
  Class Data Journalism: TP=3, FP=1, FN=1, TN=15
  Class Half Data Journalism: TP=2, FP=2, FN=0, TN=16
  Class Not Data Journalism: TP=12, FP=0, FN=2, TN=6
----------------------------------------
Fold finished F1 Score: 0.8371794871794872 None
Fold 3/5
Loading model from HPC local scratch: /tmp/shapovalov_setfit_model_cache_1387365
{'embedding_loss': 0.3392, 'grad_norm': 2.816593647003174, 'learning_rate': 0.0, 'epoch': 0.01}
{'embedding_loss': 0.1533, 'grad_norm': 1.4565742015838623, 'learning_rate': 1.7685185185185187e-05, 'epoch': 0.62}
{'embedding_loss': 0.0301, 'grad_norm': 0.028422463685274124, 'learning_rate': 1.3055555555555557e-05, 'epoch': 1.25}
{'embedding_loss': 0.0152, 'grad_norm': 0.12420788407325745, 'learning_rate': 8.425925925925926e-06, 'epoch': 1.88}
{'embedding_loss': 0.0075, 'grad_norm': 0.08529823273420334, 'learning_rate': 3.796296296296297e-06, 'epoch': 2.5}
{'train_runtime': 188.924, 'train_samples_per_second': 20.326, 'train_steps_per_second': 1.27, 'train_loss': 0.04420492397621274, 'epoch': 3.0}

🔍 Evaluation Metrics
----------------------------------------
📊 Label Distribution:
  Label Not Data Journalism: 13
  Label Half Data Journalism: 2
  Label Data Journalism: 5

✅ Overall Metrics:
  Accuracy : 0.8000
  Precision: 0.8708
  Recall   : 0.8000
  F1       : 0.8276

🧩 Confusion Matrix:
  [4, 1, 0]
  [0, 1, 1]
  [0, 2, 11]

📌 Per-Class Metrics:
  Class Data Journalism: TP=4, FP=0, FN=1, TN=15
  Class Half Data Journalism: TP=1, FP=3, FN=1, TN=15
  Class Not Data Journalism: TP=11, FP=1, FN=2, TN=6
----------------------------------------
Fold finished F1 Score: 0.7724444444444444 None
Fold 4/5
Loading model from HPC local scratch: /tmp/shapovalov_setfit_model_cache_1387365
{'embedding_loss': 0.2864, 'grad_norm': 2.9529924392700195, 'learning_rate': 0.0, 'epoch': 0.01}
{'embedding_loss': 0.1543, 'grad_norm': 0.8335371017456055, 'learning_rate': 1.7685185185185187e-05, 'epoch': 0.62}
{'embedding_loss': 0.0251, 'grad_norm': 0.09787995368242264, 'learning_rate': 1.3055555555555557e-05, 'epoch': 1.25}
{'embedding_loss': 0.0106, 'grad_norm': 1.250091791152954, 'learning_rate': 8.425925925925926e-06, 'epoch': 1.88}
{'embedding_loss': 0.002, 'grad_norm': 0.3062531054019928, 'learning_rate': 3.796296296296297e-06, 'epoch': 2.5}
{'train_runtime': 187.4619, 'train_samples_per_second': 20.484, 'train_steps_per_second': 1.28, 'train_loss': 0.04092647215972344, 'epoch': 3.0}

🔍 Evaluation Metrics
----------------------------------------
📊 Label Distribution:
  Label Not Data Journalism: 13
  Label Data Journalism: 4
  Label Half Data Journalism: 3

✅ Overall Metrics:
  Accuracy : 0.8000
  Precision: 0.7171
  Recall   : 0.8000
  F1       : 0.7556

🧩 Confusion Matrix:
  [4, 0, 0]
  [1, 0, 2]
  [0, 1, 12]

📌 Per-Class Metrics:
  Class Data Journalism: TP=4, FP=1, FN=0, TN=15
  Class Half Data Journalism: TP=0, FP=1, FN=3, TN=16
  Class Not Data Journalism: TP=12, FP=2, FN=1, TN=5
----------------------------------------
Fold finished F1 Score: 0.8444444444444443 None
Fold 5/5
Loading model from HPC local scratch: /tmp/shapovalov_setfit_model_cache_1387365
{'embedding_loss': 0.392, 'grad_norm': 2.9009206295013428, 'learning_rate': 0.0, 'epoch': 0.01}
{'embedding_loss': 0.1519, 'grad_norm': 0.7957608699798584, 'learning_rate': 1.7685185185185187e-05, 'epoch': 0.62}
{'embedding_loss': 0.0202, 'grad_norm': 0.2933466136455536, 'learning_rate': 1.3055555555555557e-05, 'epoch': 1.25}
{'embedding_loss': 0.0054, 'grad_norm': 0.05235496535897255, 'learning_rate': 8.425925925925926e-06, 'epoch': 1.88}
{'embedding_loss': 0.0011, 'grad_norm': 0.017965003848075867, 'learning_rate': 3.796296296296297e-06, 'epoch': 2.5}
{'train_runtime': 189.5493, 'train_samples_per_second': 20.259, 'train_steps_per_second': 1.266, 'train_loss': 0.03831217631231994, 'epoch': 3.0}

🔍 Evaluation Metrics
----------------------------------------
📊 Label Distribution:
  Label Not Data Journalism: 13
  Label Data Journalism: 4
  Label Half Data Journalism: 3

✅ Overall Metrics:
  Accuracy : 0.7000
  Precision: 0.5971
  Recall   : 0.7000
  F1       : 0.6300

🧩 Confusion Matrix:
  [1, 1, 2]
  [1, 0, 2]
  [0, 0, 13]

📌 Per-Class Metrics:
  Class Data Journalism: TP=1, FP=1, FN=3, TN=15
  Class Half Data Journalism: TP=0, FP=1, FN=3, TN=16
  Class Not Data Journalism: TP=13, FP=4, FN=0, TN=3
----------------------------------------
Fold finished F1 Score: 0.77 None
Average VRAM usage: 5351.71 MB, Max VRAM usage: 15456.34 MB
Trial 44 completed with avg fold F1 score: 0.8101470085470087
Trial 45: {'num_iterations': 8, 'num_epochs': 3, 'batch_size': 16, 'head_lr': 1.077316540653075e-05}
Fold 1/5
Loading model from HPC local scratch: /tmp/shapovalov_setfit_model_cache_1387365
{'embedding_loss': 0.3451, 'grad_norm': 2.896070718765259, 'learning_rate': 0.0, 'epoch': 0.01}
{'embedding_loss': 0.1644, 'grad_norm': 0.5815149545669556, 'learning_rate': 1.7685185185185187e-05, 'epoch': 0.62}
{'embedding_loss': 0.0281, 'grad_norm': 0.13028492033481598, 'learning_rate': 1.3055555555555557e-05, 'epoch': 1.25}
{'embedding_loss': 0.0243, 'grad_norm': 0.2615799307823181, 'learning_rate': 8.425925925925926e-06, 'epoch': 1.88}
{'embedding_loss': 0.0111, 'grad_norm': 0.04009565711021423, 'learning_rate': 3.796296296296297e-06, 'epoch': 2.5}
{'train_runtime': 185.2386, 'train_samples_per_second': 20.73, 'train_steps_per_second': 1.296, 'train_loss': 0.04918667133897543, 'epoch': 3.0}

🔍 Evaluation Metrics
----------------------------------------
📊 Label Distribution:
  Label Data Journalism: 4
  Label Half Data Journalism: 2
  Label Not Data Journalism: 14

✅ Overall Metrics:
  Accuracy : 0.8000
  Precision: 0.8458
  Recall   : 0.8000
  F1       : 0.7733

🧩 Confusion Matrix:
  [1, 2, 1]
  [0, 1, 1]
  [0, 0, 14]

📌 Per-Class Metrics:
  Class Data Journalism: TP=1, FP=0, FN=3, TN=16
  Class Half Data Journalism: TP=1, FP=2, FN=1, TN=16
  Class Not Data Journalism: TP=14, FP=2, FN=0, TN=4
----------------------------------------
Fold finished F1 Score: 0.8266666666666668 None
Fold 2/5
Loading model from HPC local scratch: /tmp/shapovalov_setfit_model_cache_1387365
{'embedding_loss': 0.3706, 'grad_norm': 3.2043991088867188, 'learning_rate': 0.0, 'epoch': 0.01}
{'embedding_loss': 0.1545, 'grad_norm': 1.2442175149917603, 'learning_rate': 1.7685185185185187e-05, 'epoch': 0.62}
{'embedding_loss': 0.0344, 'grad_norm': 0.46935099363327026, 'learning_rate': 1.3055555555555557e-05, 'epoch': 1.25}
{'embedding_loss': 0.0249, 'grad_norm': 0.3180326819419861, 'learning_rate': 8.425925925925926e-06, 'epoch': 1.88}
{'embedding_loss': 0.0148, 'grad_norm': 0.37431642413139343, 'learning_rate': 3.796296296296297e-06, 'epoch': 2.5}
{'train_runtime': 186.4448, 'train_samples_per_second': 20.596, 'train_steps_per_second': 1.287, 'train_loss': 0.050162357091903684, 'epoch': 3.0}

🔍 Evaluation Metrics
----------------------------------------
📊 Label Distribution:
  Label Not Data Journalism: 14
  Label Data Journalism: 4
  Label Half Data Journalism: 2

✅ Overall Metrics:
  Accuracy : 0.8500
  Precision: 0.9000
  Recall   : 0.8500
  F1       : 0.8628

🧩 Confusion Matrix:
  [3, 1, 0]
  [0, 2, 0]
  [1, 1, 12]

📌 Per-Class Metrics:
  Class Data Journalism: TP=3, FP=1, FN=1, TN=15
  Class Half Data Journalism: TP=2, FP=2, FN=0, TN=16
  Class Not Data Journalism: TP=12, FP=0, FN=2, TN=6
----------------------------------------
Fold finished F1 Score: 0.8371794871794872 None
Fold 3/5
Loading model from HPC local scratch: /tmp/shapovalov_setfit_model_cache_1387365
{'embedding_loss': 0.3392, 'grad_norm': 2.816593647003174, 'learning_rate': 0.0, 'epoch': 0.01}
{'embedding_loss': 0.1533, 'grad_norm': 1.4565742015838623, 'learning_rate': 1.7685185185185187e-05, 'epoch': 0.62}
{'embedding_loss': 0.0301, 'grad_norm': 0.028422463685274124, 'learning_rate': 1.3055555555555557e-05, 'epoch': 1.25}
{'embedding_loss': 0.0152, 'grad_norm': 0.12420788407325745, 'learning_rate': 8.425925925925926e-06, 'epoch': 1.88}
{'embedding_loss': 0.0075, 'grad_norm': 0.08529823273420334, 'learning_rate': 3.796296296296297e-06, 'epoch': 2.5}
{'train_runtime': 187.5277, 'train_samples_per_second': 20.477, 'train_steps_per_second': 1.28, 'train_loss': 0.04420492397621274, 'epoch': 3.0}

🔍 Evaluation Metrics
----------------------------------------
📊 Label Distribution:
  Label Not Data Journalism: 13
  Label Half Data Journalism: 2
  Label Data Journalism: 5

✅ Overall Metrics:
  Accuracy : 0.8000
  Precision: 0.8708
  Recall   : 0.8000
  F1       : 0.8276

🧩 Confusion Matrix:
  [4, 1, 0]
  [0, 1, 1]
  [0, 2, 11]

📌 Per-Class Metrics:
  Class Data Journalism: TP=4, FP=0, FN=1, TN=15
  Class Half Data Journalism: TP=1, FP=3, FN=1, TN=15
  Class Not Data Journalism: TP=11, FP=1, FN=2, TN=6
----------------------------------------
Fold finished F1 Score: 0.7724444444444444 None
Fold 4/5
Loading model from HPC local scratch: /tmp/shapovalov_setfit_model_cache_1387365
{'embedding_loss': 0.2864, 'grad_norm': 2.9529924392700195, 'learning_rate': 0.0, 'epoch': 0.01}
{'embedding_loss': 0.1543, 'grad_norm': 0.8335371017456055, 'learning_rate': 1.7685185185185187e-05, 'epoch': 0.62}
{'embedding_loss': 0.0251, 'grad_norm': 0.09787995368242264, 'learning_rate': 1.3055555555555557e-05, 'epoch': 1.25}
{'embedding_loss': 0.0106, 'grad_norm': 1.250091791152954, 'learning_rate': 8.425925925925926e-06, 'epoch': 1.88}
{'embedding_loss': 0.002, 'grad_norm': 0.3062531054019928, 'learning_rate': 3.796296296296297e-06, 'epoch': 2.5}
{'train_runtime': 188.4263, 'train_samples_per_second': 20.379, 'train_steps_per_second': 1.274, 'train_loss': 0.04092647215972344, 'epoch': 3.0}

🔍 Evaluation Metrics
----------------------------------------
📊 Label Distribution:
  Label Not Data Journalism: 13
  Label Data Journalism: 4
  Label Half Data Journalism: 3

✅ Overall Metrics:
  Accuracy : 0.8000
  Precision: 0.7171
  Recall   : 0.8000
  F1       : 0.7556

🧩 Confusion Matrix:
  [4, 0, 0]
  [1, 0, 2]
  [0, 1, 12]

📌 Per-Class Metrics:
  Class Data Journalism: TP=4, FP=1, FN=0, TN=15
  Class Half Data Journalism: TP=0, FP=1, FN=3, TN=16
  Class Not Data Journalism: TP=12, FP=2, FN=1, TN=5
----------------------------------------
Fold finished F1 Score: 0.8444444444444443 None
Fold 5/5
Loading model from HPC local scratch: /tmp/shapovalov_setfit_model_cache_1387365
{'embedding_loss': 0.392, 'grad_norm': 2.9009206295013428, 'learning_rate': 0.0, 'epoch': 0.01}
{'embedding_loss': 0.1519, 'grad_norm': 0.7957608699798584, 'learning_rate': 1.7685185185185187e-05, 'epoch': 0.62}
{'embedding_loss': 0.0202, 'grad_norm': 0.2933466136455536, 'learning_rate': 1.3055555555555557e-05, 'epoch': 1.25}
{'embedding_loss': 0.0054, 'grad_norm': 0.05235496535897255, 'learning_rate': 8.425925925925926e-06, 'epoch': 1.88}
{'embedding_loss': 0.0011, 'grad_norm': 0.017965003848075867, 'learning_rate': 3.796296296296297e-06, 'epoch': 2.5}
{'train_runtime': 188.9173, 'train_samples_per_second': 20.326, 'train_steps_per_second': 1.27, 'train_loss': 0.03831217631231994, 'epoch': 3.0}

🔍 Evaluation Metrics
----------------------------------------
📊 Label Distribution:
  Label Not Data Journalism: 13
  Label Data Journalism: 4
  Label Half Data Journalism: 3

✅ Overall Metrics:
  Accuracy : 0.7000
  Precision: 0.5971
  Recall   : 0.7000
  F1       : 0.6300

🧩 Confusion Matrix:
  [1, 1, 2]
  [1, 0, 2]
  [0, 0, 13]

📌 Per-Class Metrics:
  Class Data Journalism: TP=1, FP=1, FN=3, TN=15
  Class Half Data Journalism: TP=0, FP=1, FN=3, TN=16
  Class Not Data Journalism: TP=13, FP=4, FN=0, TN=3
----------------------------------------
Fold finished F1 Score: 0.77 None
Average VRAM usage: 5121.05 MB, Max VRAM usage: 19618.34 MB
Trial 45 completed with avg fold F1 score: 0.8101470085470087
Trial 46: {'num_iterations': 7, 'num_epochs': 3, 'batch_size': 16, 'head_lr': 2.8700053158383856e-05}
Fold 1/5
Loading model from HPC local scratch: /tmp/shapovalov_setfit_model_cache_1387365
{'embedding_loss': 0.3753, 'grad_norm': 3.523641347885132, 'learning_rate': 0.0, 'epoch': 0.01}
{'embedding_loss': 0.1579, 'grad_norm': 0.6305482387542725, 'learning_rate': 1.7037037037037038e-05, 'epoch': 0.71}
{'embedding_loss': 0.0345, 'grad_norm': 0.5553069710731506, 'learning_rate': 1.1746031746031748e-05, 'epoch': 1.43}
{'embedding_loss': 0.0216, 'grad_norm': 1.4073874950408936, 'learning_rate': 6.455026455026455e-06, 'epoch': 2.14}
{'embedding_loss': 0.0128, 'grad_norm': 0.54205721616745, 'learning_rate': 1.164021164021164e-06, 'epoch': 2.86}
{'train_runtime': 161.6741, 'train_samples_per_second': 20.783, 'train_steps_per_second': 1.299, 'train_loss': 0.055485513806343076, 'epoch': 3.0}

🔍 Evaluation Metrics
----------------------------------------
📊 Label Distribution:
  Label Data Journalism: 4
  Label Half Data Journalism: 2
  Label Not Data Journalism: 14

✅ Overall Metrics:
  Accuracy : 0.8500
  Precision: 0.8867
  Recall   : 0.8500
  F1       : 0.8492

🧩 Confusion Matrix:
  [2, 2, 0]
  [0, 1, 1]
  [0, 0, 14]

📌 Per-Class Metrics:
  Class Data Journalism: TP=2, FP=0, FN=2, TN=16
  Class Half Data Journalism: TP=1, FP=2, FN=1, TN=16
  Class Not Data Journalism: TP=14, FP=1, FN=0, TN=5
----------------------------------------
Fold finished F1 Score: 0.8508045977011495 None
Fold 2/5
Loading model from HPC local scratch: /tmp/shapovalov_setfit_model_cache_1387365
{'embedding_loss': 0.3604, 'grad_norm': 3.6940126419067383, 'learning_rate': 0.0, 'epoch': 0.01}
{'embedding_loss': 0.1515, 'grad_norm': 0.5727890729904175, 'learning_rate': 1.7037037037037038e-05, 'epoch': 0.71}
{'embedding_loss': 0.0323, 'grad_norm': 0.14159029722213745, 'learning_rate': 1.1746031746031748e-05, 'epoch': 1.43}
{'embedding_loss': 0.0234, 'grad_norm': 0.3818378448486328, 'learning_rate': 6.455026455026455e-06, 'epoch': 2.14}
{'embedding_loss': 0.0148, 'grad_norm': 0.9097439050674438, 'learning_rate': 1.164021164021164e-06, 'epoch': 2.86}
{'train_runtime': 162.4735, 'train_samples_per_second': 20.68, 'train_steps_per_second': 1.293, 'train_loss': 0.05471398929754893, 'epoch': 3.0}

🔍 Evaluation Metrics
----------------------------------------
📊 Label Distribution:
  Label Not Data Journalism: 14
  Label Data Journalism: 4
  Label Half Data Journalism: 2

✅ Overall Metrics:
  Accuracy : 0.7000
  Precision: 0.8286
  Recall   : 0.7000
  F1       : 0.7271

🧩 Confusion Matrix:
  [1, 3, 0]
  [0, 2, 0]
  [1, 2, 11]

📌 Per-Class Metrics:
  Class Data Journalism: TP=1, FP=1, FN=3, TN=15
  Class Half Data Journalism: TP=2, FP=5, FN=0, TN=13
  Class Not Data Journalism: TP=11, FP=0, FN=3, TN=6
----------------------------------------
Fold finished F1 Score: 0.6728888888888889 None
Fold 3/5
Loading model from HPC local scratch: /tmp/shapovalov_setfit_model_cache_1387365
{'embedding_loss': 0.3287, 'grad_norm': 3.3898487091064453, 'learning_rate': 0.0, 'epoch': 0.01}
{'embedding_loss': 0.1464, 'grad_norm': 1.0560283660888672, 'learning_rate': 1.7037037037037038e-05, 'epoch': 0.71}
{'embedding_loss': 0.0306, 'grad_norm': 0.1651388704776764, 'learning_rate': 1.1746031746031748e-05, 'epoch': 1.43}
{'embedding_loss': 0.0127, 'grad_norm': 0.5470564365386963, 'learning_rate': 6.455026455026455e-06, 'epoch': 2.14}
{'embedding_loss': 0.0052, 'grad_norm': 0.11787008494138718, 'learning_rate': 1.164021164021164e-06, 'epoch': 2.86}
{'train_runtime': 164.9899, 'train_samples_per_second': 20.365, 'train_steps_per_second': 1.273, 'train_loss': 0.047756146923417134, 'epoch': 3.0}

🔍 Evaluation Metrics
----------------------------------------
📊 Label Distribution:
  Label Not Data Journalism: 13
  Label Half Data Journalism: 2
  Label Data Journalism: 5

✅ Overall Metrics:
  Accuracy : 0.8000
  Precision: 0.8708
  Recall   : 0.8000
  F1       : 0.8276

🧩 Confusion Matrix:
  [4, 1, 0]
  [0, 1, 1]
  [0, 2, 11]

📌 Per-Class Metrics:
  Class Data Journalism: TP=4, FP=0, FN=1, TN=15
  Class Half Data Journalism: TP=1, FP=3, FN=1, TN=15
  Class Not Data Journalism: TP=11, FP=1, FN=2, TN=6
----------------------------------------
Fold finished F1 Score: 0.7724444444444444 None
Fold 4/5
Loading model from HPC local scratch: /tmp/shapovalov_setfit_model_cache_1387365
{'embedding_loss': 0.4535, 'grad_norm': 3.461676836013794, 'learning_rate': 0.0, 'epoch': 0.01}
{'embedding_loss': 0.1508, 'grad_norm': 1.2352181673049927, 'learning_rate': 1.7037037037037038e-05, 'epoch': 0.71}
{'embedding_loss': 0.0211, 'grad_norm': 0.7159741520881653, 'learning_rate': 1.1746031746031748e-05, 'epoch': 1.43}
{'embedding_loss': 0.0079, 'grad_norm': 0.19666072726249695, 'learning_rate': 6.455026455026455e-06, 'epoch': 2.14}
{'embedding_loss': 0.0026, 'grad_norm': 0.04652692377567291, 'learning_rate': 1.164021164021164e-06, 'epoch': 2.86}
{'train_runtime': 165.0075, 'train_samples_per_second': 20.363, 'train_steps_per_second': 1.273, 'train_loss': 0.044979362855000156, 'epoch': 3.0}

🔍 Evaluation Metrics
----------------------------------------
📊 Label Distribution:
  Label Not Data Journalism: 13
  Label Data Journalism: 4
  Label Half Data Journalism: 3

✅ Overall Metrics:
  Accuracy : 0.8500
  Precision: 0.7233
  Recall   : 0.8500
  F1       : 0.7813

🧩 Confusion Matrix:
  [4, 0, 0]
  [1, 0, 2]
  [0, 0, 13]

📌 Per-Class Metrics:
  Class Data Journalism: TP=4, FP=1, FN=0, TN=15
  Class Half Data Journalism: TP=0, FP=0, FN=3, TN=17
  Class Not Data Journalism: TP=13, FP=2, FN=0, TN=5
----------------------------------------
Fold finished F1 Score: 0.9186507936507937 None
Fold 5/5
Loading model from HPC local scratch: /tmp/shapovalov_setfit_model_cache_1387365
{'embedding_loss': 0.4009, 'grad_norm': 3.7379493713378906, 'learning_rate': 0.0, 'epoch': 0.01}
{'embedding_loss': 0.1542, 'grad_norm': 1.0762884616851807, 'learning_rate': 1.7037037037037038e-05, 'epoch': 0.71}
{'embedding_loss': 0.0266, 'grad_norm': 0.048244230449199677, 'learning_rate': 1.1746031746031748e-05, 'epoch': 1.43}
{'embedding_loss': 0.0049, 'grad_norm': 0.013027084060013294, 'learning_rate': 6.455026455026455e-06, 'epoch': 2.14}
{'embedding_loss': 0.0023, 'grad_norm': 0.09483475983142853, 'learning_rate': 1.164021164021164e-06, 'epoch': 2.86}
{'train_runtime': 165.099, 'train_samples_per_second': 20.351, 'train_steps_per_second': 1.272, 'train_loss': 0.04596453011922893, 'epoch': 3.0}

🔍 Evaluation Metrics
----------------------------------------
📊 Label Distribution:
  Label Not Data Journalism: 13
  Label Data Journalism: 4
  Label Half Data Journalism: 3

✅ Overall Metrics:
  Accuracy : 0.7000
  Precision: 0.5971
  Recall   : 0.7000
  F1       : 0.6300

🧩 Confusion Matrix:
  [1, 1, 2]
  [1, 0, 2]
  [0, 0, 13]

📌 Per-Class Metrics:
  Class Data Journalism: TP=1, FP=1, FN=3, TN=15
  Class Half Data Journalism: TP=0, FP=1, FN=3, TN=16
  Class Not Data Journalism: TP=13, FP=4, FN=0, TN=3
----------------------------------------
Fold finished F1 Score: 0.77 None
Average VRAM usage: 5170.41 MB, Max VRAM usage: 21462.83 MB
Trial 46 completed with avg fold F1 score: 0.7969577449370553
Trial 47: {'num_iterations': 9, 'num_epochs': 3, 'batch_size': 16, 'head_lr': 9.947987723420943e-05}
Fold 1/5
Loading model from HPC local scratch: /tmp/shapovalov_setfit_model_cache_1387365
{'embedding_loss': 0.3055, 'grad_norm': 2.91137433052063, 'learning_rate': 0.0, 'epoch': 0.01}
{'embedding_loss': 0.1635, 'grad_norm': 1.1010459661483765, 'learning_rate': 1.8189300411522635e-05, 'epoch': 0.56}
{'embedding_loss': 0.0382, 'grad_norm': 1.1430509090423584, 'learning_rate': 1.4074074074074075e-05, 'epoch': 1.11}
{'embedding_loss': 0.0262, 'grad_norm': 0.38822174072265625, 'learning_rate': 9.958847736625515e-06, 'epoch': 1.67}
{'embedding_loss': 0.0097, 'grad_norm': 0.43022647500038147, 'learning_rate': 5.843621399176955e-06, 'epoch': 2.22}
{'embedding_loss': 0.0072, 'grad_norm': 0.01846178248524666, 'learning_rate': 1.7283950617283952e-06, 'epoch': 2.78}
{'train_runtime': 209.426, 'train_samples_per_second': 20.628, 'train_steps_per_second': 1.289, 'train_loss': 0.04612644690054434, 'epoch': 3.0}

🔍 Evaluation Metrics
----------------------------------------
📊 Label Distribution:
  Label Data Journalism: 4
  Label Half Data Journalism: 2
  Label Not Data Journalism: 14

✅ Overall Metrics:
  Accuracy : 0.8000
  Precision: 0.8783
  Recall   : 0.8000
  F1       : 0.7892

🧩 Confusion Matrix:
  [1, 3, 0]
  [0, 1, 1]
  [0, 0, 14]

📌 Per-Class Metrics:
  Class Data Journalism: TP=1, FP=0, FN=3, TN=16
  Class Half Data Journalism: TP=1, FP=3, FN=1, TN=15
  Class Not Data Journalism: TP=14, FP=1, FN=0, TN=5
----------------------------------------
Fold finished F1 Score: 0.8108045977011494 None
Fold 2/5
Loading model from HPC local scratch: /tmp/shapovalov_setfit_model_cache_1387365
{'embedding_loss': 0.3031, 'grad_norm': 2.697917938232422, 'learning_rate': 0.0, 'epoch': 0.01}
{'embedding_loss': 0.1629, 'grad_norm': 1.2864246368408203, 'learning_rate': 1.8189300411522635e-05, 'epoch': 0.56}
{'embedding_loss': 0.0387, 'grad_norm': 0.5445811152458191, 'learning_rate': 1.4074074074074075e-05, 'epoch': 1.11}
{'embedding_loss': 0.0173, 'grad_norm': 0.4253438711166382, 'learning_rate': 9.958847736625515e-06, 'epoch': 1.67}
{'embedding_loss': 0.009, 'grad_norm': 0.023056894540786743, 'learning_rate': 5.843621399176955e-06, 'epoch': 2.22}
{'embedding_loss': 0.0036, 'grad_norm': 0.05188620835542679, 'learning_rate': 1.7283950617283952e-06, 'epoch': 2.78}
{'train_runtime': 209.1472, 'train_samples_per_second': 20.655, 'train_steps_per_second': 1.291, 'train_loss': 0.04360533784385081, 'epoch': 3.0}

🔍 Evaluation Metrics
----------------------------------------
📊 Label Distribution:
  Label Not Data Journalism: 14
  Label Data Journalism: 4
  Label Half Data Journalism: 2

✅ Overall Metrics:
  Accuracy : 0.8000
  Precision: 0.8900
  Recall   : 0.8000
  F1       : 0.8231

🧩 Confusion Matrix:
  [3, 1, 0]
  [0, 2, 0]
  [1, 2, 11]

📌 Per-Class Metrics:
  Class Data Journalism: TP=3, FP=1, FN=1, TN=15
  Class Half Data Journalism: TP=2, FP=3, FN=0, TN=15
  Class Not Data Journalism: TP=11, FP=0, FN=3, TN=6
----------------------------------------
Fold finished F1 Score: 0.7768571428571429 None
Fold 3/5
Loading model from HPC local scratch: /tmp/shapovalov_setfit_model_cache_1387365
{'embedding_loss': 0.3434, 'grad_norm': 3.14304518699646, 'learning_rate': 0.0, 'epoch': 0.01}
{'embedding_loss': 0.1601, 'grad_norm': 1.7531856298446655, 'learning_rate': 1.8189300411522635e-05, 'epoch': 0.56}
{'embedding_loss': 0.0294, 'grad_norm': 0.15435951948165894, 'learning_rate': 1.4074074074074075e-05, 'epoch': 1.11}
{'embedding_loss': 0.0182, 'grad_norm': 0.7828260660171509, 'learning_rate': 9.958847736625515e-06, 'epoch': 1.67}
{'embedding_loss': 0.0099, 'grad_norm': 0.11260239779949188, 'learning_rate': 5.843621399176955e-06, 'epoch': 2.22}
{'embedding_loss': 0.0021, 'grad_norm': 0.27623286843299866, 'learning_rate': 1.7283950617283952e-06, 'epoch': 2.78}
{'train_runtime': 211.7593, 'train_samples_per_second': 20.401, 'train_steps_per_second': 1.275, 'train_loss': 0.0417670167154736, 'epoch': 3.0}

🔍 Evaluation Metrics
----------------------------------------
📊 Label Distribution:
  Label Not Data Journalism: 13
  Label Half Data Journalism: 2
  Label Data Journalism: 5

✅ Overall Metrics:
  Accuracy : 0.6500
  Precision: 0.7292
  Recall   : 0.6500
  F1       : 0.6867

🧩 Confusion Matrix:
  [3, 1, 1]
  [1, 0, 1]
  [0, 3, 10]

📌 Per-Class Metrics:
  Class Data Journalism: TP=3, FP=1, FN=2, TN=14
  Class Half Data Journalism: TP=0, FP=4, FN=2, TN=14
  Class Not Data Journalism: TP=10, FP=2, FN=3, TN=5
----------------------------------------
Fold finished F1 Score: 0.6133333333333334 None
Fold 4/5
Loading model from HPC local scratch: /tmp/shapovalov_setfit_model_cache_1387365
{'embedding_loss': 0.3821, 'grad_norm': 3.3300387859344482, 'learning_rate': 0.0, 'epoch': 0.01}
{'embedding_loss': 0.1472, 'grad_norm': 0.38713881373405457, 'learning_rate': 1.8189300411522635e-05, 'epoch': 0.56}
{'embedding_loss': 0.0282, 'grad_norm': 0.9441004395484924, 'learning_rate': 1.4074074074074075e-05, 'epoch': 1.11}
{'embedding_loss': 0.0085, 'grad_norm': 0.11811885237693787, 'learning_rate': 9.958847736625515e-06, 'epoch': 1.67}
{'embedding_loss': 0.0042, 'grad_norm': 0.10699252784252167, 'learning_rate': 5.843621399176955e-06, 'epoch': 2.22}
{'embedding_loss': 0.0019, 'grad_norm': 0.08044295758008957, 'learning_rate': 1.7283950617283952e-06, 'epoch': 2.78}
{'train_runtime': 212.9008, 'train_samples_per_second': 20.291, 'train_steps_per_second': 1.268, 'train_loss': 0.03612085656711349, 'epoch': 3.0}

🔍 Evaluation Metrics
----------------------------------------
📊 Label Distribution:
  Label Not Data Journalism: 13
  Label Data Journalism: 4
  Label Half Data Journalism: 3

✅ Overall Metrics:
  Accuracy : 0.8000
  Precision: 0.7171
  Recall   : 0.8000
  F1       : 0.7556

🧩 Confusion Matrix:
  [4, 0, 0]
  [1, 0, 2]
  [0, 1, 12]

📌 Per-Class Metrics:
  Class Data Journalism: TP=4, FP=1, FN=0, TN=15
  Class Half Data Journalism: TP=0, FP=1, FN=3, TN=16
  Class Not Data Journalism: TP=12, FP=2, FN=1, TN=5
----------------------------------------
Fold finished F1 Score: 0.8444444444444443 None
Fold 5/5
Loading model from HPC local scratch: /tmp/shapovalov_setfit_model_cache_1387365
{'embedding_loss': 0.3429, 'grad_norm': 2.7064952850341797, 'learning_rate': 0.0, 'epoch': 0.01}
{'embedding_loss': 0.1563, 'grad_norm': 8.548178672790527, 'learning_rate': 1.8189300411522635e-05, 'epoch': 0.56}
{'embedding_loss': 0.027, 'grad_norm': 0.4518713653087616, 'learning_rate': 1.4074074074074075e-05, 'epoch': 1.11}
{'embedding_loss': 0.0056, 'grad_norm': 0.05060301348567009, 'learning_rate': 9.958847736625515e-06, 'epoch': 1.67}
{'embedding_loss': 0.0007, 'grad_norm': 0.007332084234803915, 'learning_rate': 5.843621399176955e-06, 'epoch': 2.22}
{'embedding_loss': 0.0011, 'grad_norm': 0.08425702899694443, 'learning_rate': 1.7283950617283952e-06, 'epoch': 2.78}
{'train_runtime': 214.2476, 'train_samples_per_second': 20.164, 'train_steps_per_second': 1.26, 'train_loss': 0.03603820821477307, 'epoch': 3.0}

🔍 Evaluation Metrics
----------------------------------------
📊 Label Distribution:
  Label Not Data Journalism: 13
  Label Data Journalism: 4
  Label Half Data Journalism: 3

✅ Overall Metrics:
  Accuracy : 0.7000
  Precision: 0.6281
  Recall   : 0.7000
  F1       : 0.6494

🧩 Confusion Matrix:
  [1, 2, 1]
  [1, 0, 2]
  [0, 0, 13]

📌 Per-Class Metrics:
  Class Data Journalism: TP=1, FP=1, FN=3, TN=15
  Class Half Data Journalism: TP=0, FP=2, FN=3, TN=15
  Class Not Data Journalism: TP=13, FP=3, FN=0, TN=4
----------------------------------------
Fold finished F1 Score: 0.7505747126436781 None
Average VRAM usage: 5220.45 MB, Max VRAM usage: 21306.25 MB
Trial 47 completed with avg fold F1 score: 0.7592028461959497
Trial 48: {'num_iterations': 7, 'num_epochs': 3, 'batch_size': 16, 'head_lr': 4.233067409289948e-05}
Fold 1/5
Loading model from HPC local scratch: /tmp/shapovalov_setfit_model_cache_1387365
{'embedding_loss': 0.3753, 'grad_norm': 3.523641347885132, 'learning_rate': 0.0, 'epoch': 0.01}
{'embedding_loss': 0.1579, 'grad_norm': 0.6305482387542725, 'learning_rate': 1.7037037037037038e-05, 'epoch': 0.71}
{'embedding_loss': 0.0345, 'grad_norm': 0.5553069710731506, 'learning_rate': 1.1746031746031748e-05, 'epoch': 1.43}
{'embedding_loss': 0.0216, 'grad_norm': 1.4073874950408936, 'learning_rate': 6.455026455026455e-06, 'epoch': 2.14}
{'embedding_loss': 0.0128, 'grad_norm': 0.54205721616745, 'learning_rate': 1.164021164021164e-06, 'epoch': 2.86}
{'train_runtime': 162.879, 'train_samples_per_second': 20.629, 'train_steps_per_second': 1.289, 'train_loss': 0.055485513806343076, 'epoch': 3.0}

🔍 Evaluation Metrics
----------------------------------------
📊 Label Distribution:
  Label Data Journalism: 4
  Label Half Data Journalism: 2
  Label Not Data Journalism: 14

✅ Overall Metrics:
  Accuracy : 0.8500
  Precision: 0.8867
  Recall   : 0.8500
  F1       : 0.8492

🧩 Confusion Matrix:
  [2, 2, 0]
  [0, 1, 1]
  [0, 0, 14]

📌 Per-Class Metrics:
  Class Data Journalism: TP=2, FP=0, FN=2, TN=16
  Class Half Data Journalism: TP=1, FP=2, FN=1, TN=16
  Class Not Data Journalism: TP=14, FP=1, FN=0, TN=5
----------------------------------------
Fold finished F1 Score: 0.8508045977011495 None
Fold 2/5
Loading model from HPC local scratch: /tmp/shapovalov_setfit_model_cache_1387365
{'embedding_loss': 0.3604, 'grad_norm': 3.6940126419067383, 'learning_rate': 0.0, 'epoch': 0.01}
{'embedding_loss': 0.1515, 'grad_norm': 0.5727890729904175, 'learning_rate': 1.7037037037037038e-05, 'epoch': 0.71}
{'embedding_loss': 0.0323, 'grad_norm': 0.14159029722213745, 'learning_rate': 1.1746031746031748e-05, 'epoch': 1.43}
{'embedding_loss': 0.0234, 'grad_norm': 0.3818378448486328, 'learning_rate': 6.455026455026455e-06, 'epoch': 2.14}
{'embedding_loss': 0.0148, 'grad_norm': 0.9097439050674438, 'learning_rate': 1.164021164021164e-06, 'epoch': 2.86}
{'train_runtime': 163.1063, 'train_samples_per_second': 20.6, 'train_steps_per_second': 1.288, 'train_loss': 0.05471398929754893, 'epoch': 3.0}

🔍 Evaluation Metrics
----------------------------------------
📊 Label Distribution:
  Label Not Data Journalism: 14
  Label Data Journalism: 4
  Label Half Data Journalism: 2

✅ Overall Metrics:
  Accuracy : 0.7000
  Precision: 0.8286
  Recall   : 0.7000
  F1       : 0.7271

🧩 Confusion Matrix:
  [1, 3, 0]
  [0, 2, 0]
  [1, 2, 11]

📌 Per-Class Metrics:
  Class Data Journalism: TP=1, FP=1, FN=3, TN=15
  Class Half Data Journalism: TP=2, FP=5, FN=0, TN=13
  Class Not Data Journalism: TP=11, FP=0, FN=3, TN=6
----------------------------------------
Fold finished F1 Score: 0.6728888888888889 None
Fold 3/5
Loading model from HPC local scratch: /tmp/shapovalov_setfit_model_cache_1387365
{'embedding_loss': 0.3287, 'grad_norm': 3.3898487091064453, 'learning_rate': 0.0, 'epoch': 0.01}
{'embedding_loss': 0.1464, 'grad_norm': 1.0560283660888672, 'learning_rate': 1.7037037037037038e-05, 'epoch': 0.71}
{'embedding_loss': 0.0306, 'grad_norm': 0.1651388704776764, 'learning_rate': 1.1746031746031748e-05, 'epoch': 1.43}
{'embedding_loss': 0.0127, 'grad_norm': 0.5470564365386963, 'learning_rate': 6.455026455026455e-06, 'epoch': 2.14}
{'embedding_loss': 0.0052, 'grad_norm': 0.11787008494138718, 'learning_rate': 1.164021164021164e-06, 'epoch': 2.86}
{'train_runtime': 164.9731, 'train_samples_per_second': 20.367, 'train_steps_per_second': 1.273, 'train_loss': 0.047756146923417134, 'epoch': 3.0}

🔍 Evaluation Metrics
----------------------------------------
📊 Label Distribution:
  Label Not Data Journalism: 13
  Label Half Data Journalism: 2
  Label Data Journalism: 5

✅ Overall Metrics:
  Accuracy : 0.8000
  Precision: 0.8708
  Recall   : 0.8000
  F1       : 0.8276

🧩 Confusion Matrix:
  [4, 1, 0]
  [0, 1, 1]
  [0, 2, 11]

📌 Per-Class Metrics:
  Class Data Journalism: TP=4, FP=0, FN=1, TN=15
  Class Half Data Journalism: TP=1, FP=3, FN=1, TN=15
  Class Not Data Journalism: TP=11, FP=1, FN=2, TN=6
----------------------------------------
Fold finished F1 Score: 0.7724444444444444 None
Fold 4/5
Loading model from HPC local scratch: /tmp/shapovalov_setfit_model_cache_1387365
{'embedding_loss': 0.4535, 'grad_norm': 3.461676836013794, 'learning_rate': 0.0, 'epoch': 0.01}
{'embedding_loss': 0.1508, 'grad_norm': 1.2352181673049927, 'learning_rate': 1.7037037037037038e-05, 'epoch': 0.71}
{'embedding_loss': 0.0211, 'grad_norm': 0.7159741520881653, 'learning_rate': 1.1746031746031748e-05, 'epoch': 1.43}
{'embedding_loss': 0.0079, 'grad_norm': 0.19666072726249695, 'learning_rate': 6.455026455026455e-06, 'epoch': 2.14}
{'embedding_loss': 0.0026, 'grad_norm': 0.04652692377567291, 'learning_rate': 1.164021164021164e-06, 'epoch': 2.86}
{'train_runtime': 166.0349, 'train_samples_per_second': 20.237, 'train_steps_per_second': 1.265, 'train_loss': 0.044979362855000156, 'epoch': 3.0}

🔍 Evaluation Metrics
----------------------------------------
📊 Label Distribution:
  Label Not Data Journalism: 13
  Label Data Journalism: 4
  Label Half Data Journalism: 3

✅ Overall Metrics:
  Accuracy : 0.8500
  Precision: 0.7233
  Recall   : 0.8500
  F1       : 0.7813

🧩 Confusion Matrix:
  [4, 0, 0]
  [1, 0, 2]
  [0, 0, 13]

📌 Per-Class Metrics:
  Class Data Journalism: TP=4, FP=1, FN=0, TN=15
  Class Half Data Journalism: TP=0, FP=0, FN=3, TN=17
  Class Not Data Journalism: TP=13, FP=2, FN=0, TN=5
----------------------------------------
Fold finished F1 Score: 0.9186507936507937 None
Fold 5/5
Loading model from HPC local scratch: /tmp/shapovalov_setfit_model_cache_1387365
{'embedding_loss': 0.4009, 'grad_norm': 3.7379493713378906, 'learning_rate': 0.0, 'epoch': 0.01}
{'embedding_loss': 0.1542, 'grad_norm': 1.0762884616851807, 'learning_rate': 1.7037037037037038e-05, 'epoch': 0.71}
{'embedding_loss': 0.0266, 'grad_norm': 0.048244230449199677, 'learning_rate': 1.1746031746031748e-05, 'epoch': 1.43}
{'embedding_loss': 0.0049, 'grad_norm': 0.013027084060013294, 'learning_rate': 6.455026455026455e-06, 'epoch': 2.14}
{'embedding_loss': 0.0023, 'grad_norm': 0.09483475983142853, 'learning_rate': 1.164021164021164e-06, 'epoch': 2.86}
{'train_runtime': 165.6286, 'train_samples_per_second': 20.286, 'train_steps_per_second': 1.268, 'train_loss': 0.04596453011922893, 'epoch': 3.0}

🔍 Evaluation Metrics
----------------------------------------
📊 Label Distribution:
  Label Not Data Journalism: 13
  Label Data Journalism: 4
  Label Half Data Journalism: 3

✅ Overall Metrics:
  Accuracy : 0.7000
  Precision: 0.5971
  Recall   : 0.7000
  F1       : 0.6300

🧩 Confusion Matrix:
  [1, 1, 2]
  [1, 0, 2]
  [0, 0, 13]

📌 Per-Class Metrics:
  Class Data Journalism: TP=1, FP=1, FN=3, TN=15
  Class Half Data Journalism: TP=0, FP=1, FN=3, TN=16
  Class Not Data Journalism: TP=13, FP=4, FN=0, TN=3
----------------------------------------
Fold finished F1 Score: 0.77 None
Average VRAM usage: 5317.84 MB, Max VRAM usage: 20762.97 MB
Trial 48 completed with avg fold F1 score: 0.7969577449370553
Trial 49: {'num_iterations': 8, 'num_epochs': 3, 'batch_size': 16, 'head_lr': 1.4133548622076708e-05}
Fold 1/5
Loading model from HPC local scratch: /tmp/shapovalov_setfit_model_cache_1387365
{'embedding_loss': 0.3451, 'grad_norm': 2.896070718765259, 'learning_rate': 0.0, 'epoch': 0.01}
{'embedding_loss': 0.1644, 'grad_norm': 0.5815149545669556, 'learning_rate': 1.7685185185185187e-05, 'epoch': 0.62}
{'embedding_loss': 0.0281, 'grad_norm': 0.13028492033481598, 'learning_rate': 1.3055555555555557e-05, 'epoch': 1.25}
{'embedding_loss': 0.0243, 'grad_norm': 0.2615799307823181, 'learning_rate': 8.425925925925926e-06, 'epoch': 1.88}
{'embedding_loss': 0.0111, 'grad_norm': 0.04009565711021423, 'learning_rate': 3.796296296296297e-06, 'epoch': 2.5}
{'train_runtime': 185.6352, 'train_samples_per_second': 20.686, 'train_steps_per_second': 1.293, 'train_loss': 0.04918667133897543, 'epoch': 3.0}

🔍 Evaluation Metrics
----------------------------------------
📊 Label Distribution:
  Label Data Journalism: 4
  Label Half Data Journalism: 2
  Label Not Data Journalism: 14

✅ Overall Metrics:
  Accuracy : 0.8000
  Precision: 0.8458
  Recall   : 0.8000
  F1       : 0.7733

🧩 Confusion Matrix:
  [1, 2, 1]
  [0, 1, 1]
  [0, 0, 14]

📌 Per-Class Metrics:
  Class Data Journalism: TP=1, FP=0, FN=3, TN=16
  Class Half Data Journalism: TP=1, FP=2, FN=1, TN=16
  Class Not Data Journalism: TP=14, FP=2, FN=0, TN=4
----------------------------------------
Fold finished F1 Score: 0.8266666666666668 None
Fold 2/5
Loading model from HPC local scratch: /tmp/shapovalov_setfit_model_cache_1387365
{'embedding_loss': 0.3706, 'grad_norm': 3.2043991088867188, 'learning_rate': 0.0, 'epoch': 0.01}
{'embedding_loss': 0.1545, 'grad_norm': 1.2442175149917603, 'learning_rate': 1.7685185185185187e-05, 'epoch': 0.62}
{'embedding_loss': 0.0344, 'grad_norm': 0.46935099363327026, 'learning_rate': 1.3055555555555557e-05, 'epoch': 1.25}
{'embedding_loss': 0.0249, 'grad_norm': 0.3180326819419861, 'learning_rate': 8.425925925925926e-06, 'epoch': 1.88}
{'embedding_loss': 0.0148, 'grad_norm': 0.37431642413139343, 'learning_rate': 3.796296296296297e-06, 'epoch': 2.5}
{'train_runtime': 185.8224, 'train_samples_per_second': 20.665, 'train_steps_per_second': 1.292, 'train_loss': 0.050162357091903684, 'epoch': 3.0}

🔍 Evaluation Metrics
----------------------------------------
📊 Label Distribution:
  Label Not Data Journalism: 14
  Label Data Journalism: 4
  Label Half Data Journalism: 2

✅ Overall Metrics:
  Accuracy : 0.8500
  Precision: 0.9000
  Recall   : 0.8500
  F1       : 0.8628

🧩 Confusion Matrix:
  [3, 1, 0]
  [0, 2, 0]
  [1, 1, 12]

📌 Per-Class Metrics:
  Class Data Journalism: TP=3, FP=1, FN=1, TN=15
  Class Half Data Journalism: TP=2, FP=2, FN=0, TN=16
  Class Not Data Journalism: TP=12, FP=0, FN=2, TN=6
----------------------------------------
Fold finished F1 Score: 0.8371794871794872 None
Fold 3/5
Loading model from HPC local scratch: /tmp/shapovalov_setfit_model_cache_1387365
{'embedding_loss': 0.3392, 'grad_norm': 2.816593647003174, 'learning_rate': 0.0, 'epoch': 0.01}
{'embedding_loss': 0.1533, 'grad_norm': 1.4565742015838623, 'learning_rate': 1.7685185185185187e-05, 'epoch': 0.62}
{'embedding_loss': 0.0301, 'grad_norm': 0.028422463685274124, 'learning_rate': 1.3055555555555557e-05, 'epoch': 1.25}
{'embedding_loss': 0.0152, 'grad_norm': 0.12420788407325745, 'learning_rate': 8.425925925925926e-06, 'epoch': 1.88}
{'embedding_loss': 0.0075, 'grad_norm': 0.08529823273420334, 'learning_rate': 3.796296296296297e-06, 'epoch': 2.5}
{'train_runtime': 187.7012, 'train_samples_per_second': 20.458, 'train_steps_per_second': 1.279, 'train_loss': 0.04420492397621274, 'epoch': 3.0}

🔍 Evaluation Metrics
----------------------------------------
📊 Label Distribution:
  Label Not Data Journalism: 13
  Label Half Data Journalism: 2
  Label Data Journalism: 5

✅ Overall Metrics:
  Accuracy : 0.8000
  Precision: 0.8708
  Recall   : 0.8000
  F1       : 0.8276

🧩 Confusion Matrix:
  [4, 1, 0]
  [0, 1, 1]
  [0, 2, 11]

📌 Per-Class Metrics:
  Class Data Journalism: TP=4, FP=0, FN=1, TN=15
  Class Half Data Journalism: TP=1, FP=3, FN=1, TN=15
  Class Not Data Journalism: TP=11, FP=1, FN=2, TN=6
----------------------------------------
Fold finished F1 Score: 0.7724444444444444 None
Fold 4/5
Loading model from HPC local scratch: /tmp/shapovalov_setfit_model_cache_1387365
{'embedding_loss': 0.2864, 'grad_norm': 2.9529924392700195, 'learning_rate': 0.0, 'epoch': 0.01}
{'embedding_loss': 0.1543, 'grad_norm': 0.8335371017456055, 'learning_rate': 1.7685185185185187e-05, 'epoch': 0.62}
{'embedding_loss': 0.0251, 'grad_norm': 0.09787995368242264, 'learning_rate': 1.3055555555555557e-05, 'epoch': 1.25}
{'embedding_loss': 0.0106, 'grad_norm': 1.250091791152954, 'learning_rate': 8.425925925925926e-06, 'epoch': 1.88}
{'embedding_loss': 0.002, 'grad_norm': 0.3062531054019928, 'learning_rate': 3.796296296296297e-06, 'epoch': 2.5}
{'train_runtime': 187.3022, 'train_samples_per_second': 20.502, 'train_steps_per_second': 1.281, 'train_loss': 0.04092647215972344, 'epoch': 3.0}

🔍 Evaluation Metrics
----------------------------------------
📊 Label Distribution:
  Label Not Data Journalism: 13
  Label Data Journalism: 4
  Label Half Data Journalism: 3

✅ Overall Metrics:
  Accuracy : 0.8000
  Precision: 0.7171
  Recall   : 0.8000
  F1       : 0.7556

🧩 Confusion Matrix:
  [4, 0, 0]
  [1, 0, 2]
  [0, 1, 12]

📌 Per-Class Metrics:
  Class Data Journalism: TP=4, FP=1, FN=0, TN=15
  Class Half Data Journalism: TP=0, FP=1, FN=3, TN=16
  Class Not Data Journalism: TP=12, FP=2, FN=1, TN=5
----------------------------------------
Fold finished F1 Score: 0.8444444444444443 None
Fold 5/5
Loading model from HPC local scratch: /tmp/shapovalov_setfit_model_cache_1387365
{'embedding_loss': 0.392, 'grad_norm': 2.9009206295013428, 'learning_rate': 0.0, 'epoch': 0.01}
{'embedding_loss': 0.1519, 'grad_norm': 0.7957608699798584, 'learning_rate': 1.7685185185185187e-05, 'epoch': 0.62}
{'embedding_loss': 0.0202, 'grad_norm': 0.2933466136455536, 'learning_rate': 1.3055555555555557e-05, 'epoch': 1.25}
{'embedding_loss': 0.0054, 'grad_norm': 0.05235496535897255, 'learning_rate': 8.425925925925926e-06, 'epoch': 1.88}
{'embedding_loss': 0.0011, 'grad_norm': 0.017965003848075867, 'learning_rate': 3.796296296296297e-06, 'epoch': 2.5}
{'train_runtime': 188.737, 'train_samples_per_second': 20.346, 'train_steps_per_second': 1.272, 'train_loss': 0.03831217631231994, 'epoch': 3.0}

🔍 Evaluation Metrics
----------------------------------------
📊 Label Distribution:
  Label Not Data Journalism: 13
  Label Data Journalism: 4
  Label Half Data Journalism: 3

✅ Overall Metrics:
  Accuracy : 0.7000
  Precision: 0.5971
  Recall   : 0.7000
  F1       : 0.6300

🧩 Confusion Matrix:
  [1, 1, 2]
  [1, 0, 2]
  [0, 0, 13]

📌 Per-Class Metrics:
  Class Data Journalism: TP=1, FP=1, FN=3, TN=15
  Class Half Data Journalism: TP=0, FP=1, FN=3, TN=16
  Class Not Data Journalism: TP=13, FP=4, FN=0, TN=3
----------------------------------------
Fold finished F1 Score: 0.77 None
Average VRAM usage: 5247.77 MB, Max VRAM usage: 20763.08 MB
Trial 49 completed with avg fold F1 score: 0.8101470085470087
Trial 50: {'num_iterations': 8, 'num_epochs': 4, 'batch_size': 16, 'head_lr': 2.478043363695563e-05}
Fold 1/5
Loading model from HPC local scratch: /tmp/shapovalov_setfit_model_cache_1387365
{'embedding_loss': 0.3451, 'grad_norm': 2.896070718765259, 'learning_rate': 0.0, 'epoch': 0.01}
{'embedding_loss': 0.1767, 'grad_norm': 0.795913815498352, 'learning_rate': 1.8819444444444447e-05, 'epoch': 0.62}
{'embedding_loss': 0.0329, 'grad_norm': 0.1197960153222084, 'learning_rate': 1.5347222222222226e-05, 'epoch': 1.25}
{'embedding_loss': 0.0253, 'grad_norm': 0.22096599638462067, 'learning_rate': 1.1875e-05, 'epoch': 1.88}
{'embedding_loss': 0.01, 'grad_norm': 0.04534480720758438, 'learning_rate': 8.402777777777779e-06, 'epoch': 2.5}
{'embedding_loss': 0.0023, 'grad_norm': 0.21515312790870667, 'learning_rate': 4.930555555555556e-06, 'epoch': 3.12}
{'embedding_loss': 0.0012, 'grad_norm': 0.09575245529413223, 'learning_rate': 1.4583333333333335e-06, 'epoch': 3.75}
{'train_runtime': 248.2072, 'train_samples_per_second': 20.628, 'train_steps_per_second': 1.289, 'train_loss': 0.03940531760454178, 'epoch': 4.0}

🔍 Evaluation Metrics
----------------------------------------
📊 Label Distribution:
  Label Data Journalism: 4
  Label Half Data Journalism: 2
  Label Not Data Journalism: 14

✅ Overall Metrics:
  Accuracy : 0.8000
  Precision: 0.8458
  Recall   : 0.8000
  F1       : 0.7733

🧩 Confusion Matrix:
  [1, 2, 1]
  [0, 1, 1]
  [0, 0, 14]

📌 Per-Class Metrics:
  Class Data Journalism: TP=1, FP=0, FN=3, TN=16
  Class Half Data Journalism: TP=1, FP=2, FN=1, TN=16
  Class Not Data Journalism: TP=14, FP=2, FN=0, TN=4
----------------------------------------
Fold finished F1 Score: 0.8266666666666668 None
Fold 2/5
Loading model from HPC local scratch: /tmp/shapovalov_setfit_model_cache_1387365
{'embedding_loss': 0.3706, 'grad_norm': 3.2043991088867188, 'learning_rate': 0.0, 'epoch': 0.01}
{'embedding_loss': 0.1681, 'grad_norm': 1.6526750326156616, 'learning_rate': 1.8819444444444447e-05, 'epoch': 0.62}
{'embedding_loss': 0.0353, 'grad_norm': 0.47160065174102783, 'learning_rate': 1.5347222222222226e-05, 'epoch': 1.25}
{'embedding_loss': 0.0242, 'grad_norm': 0.2127135992050171, 'learning_rate': 1.1875e-05, 'epoch': 1.88}
{'embedding_loss': 0.0132, 'grad_norm': 0.2228126972913742, 'learning_rate': 8.402777777777779e-06, 'epoch': 2.5}
{'embedding_loss': 0.0059, 'grad_norm': 0.03765023499727249, 'learning_rate': 4.930555555555556e-06, 'epoch': 3.12}
{'embedding_loss': 0.0032, 'grad_norm': 0.023587869480252266, 'learning_rate': 1.4583333333333335e-06, 'epoch': 3.75}
{'train_runtime': 250.2292, 'train_samples_per_second': 20.461, 'train_steps_per_second': 1.279, 'train_loss': 0.03979364527622238, 'epoch': 4.0}

🔍 Evaluation Metrics
----------------------------------------
📊 Label Distribution:
  Label Not Data Journalism: 14
  Label Data Journalism: 4
  Label Half Data Journalism: 2

✅ Overall Metrics:
  Accuracy : 0.8000
  Precision: 0.8900
  Recall   : 0.8000
  F1       : 0.8231

🧩 Confusion Matrix:
  [3, 1, 0]
  [0, 2, 0]
  [1, 2, 11]

📌 Per-Class Metrics:
  Class Data Journalism: TP=3, FP=1, FN=1, TN=15
  Class Half Data Journalism: TP=2, FP=3, FN=0, TN=15
  Class Not Data Journalism: TP=11, FP=0, FN=3, TN=6
----------------------------------------
Fold finished F1 Score: 0.7768571428571429 None
Fold 3/5
Loading model from HPC local scratch: /tmp/shapovalov_setfit_model_cache_1387365
{'embedding_loss': 0.3392, 'grad_norm': 2.816593647003174, 'learning_rate': 0.0, 'epoch': 0.01}
{'embedding_loss': 0.1709, 'grad_norm': 1.4199416637420654, 'learning_rate': 1.8819444444444447e-05, 'epoch': 0.62}
{'embedding_loss': 0.0345, 'grad_norm': 0.036588262766599655, 'learning_rate': 1.5347222222222226e-05, 'epoch': 1.25}
{'embedding_loss': 0.0188, 'grad_norm': 0.20500655472278595, 'learning_rate': 1.1875e-05, 'epoch': 1.88}
{'embedding_loss': 0.0079, 'grad_norm': 0.16216959059238434, 'learning_rate': 8.402777777777779e-06, 'epoch': 2.5}
{'embedding_loss': 0.0037, 'grad_norm': 0.0369604267179966, 'learning_rate': 4.930555555555556e-06, 'epoch': 3.12}
{'embedding_loss': 0.0025, 'grad_norm': 0.02822231873869896, 'learning_rate': 1.4583333333333335e-06, 'epoch': 3.75}
{'train_runtime': 251.6133, 'train_samples_per_second': 20.349, 'train_steps_per_second': 1.272, 'train_loss': 0.03785805964143947, 'epoch': 4.0}

🔍 Evaluation Metrics
----------------------------------------
📊 Label Distribution:
  Label Not Data Journalism: 13
  Label Half Data Journalism: 2
  Label Data Journalism: 5

✅ Overall Metrics:
  Accuracy : 0.8000
  Precision: 0.8708
  Recall   : 0.8000
  F1       : 0.8276

🧩 Confusion Matrix:
  [4, 1, 0]
  [0, 1, 1]
  [0, 2, 11]

📌 Per-Class Metrics:
  Class Data Journalism: TP=4, FP=0, FN=1, TN=15
  Class Half Data Journalism: TP=1, FP=3, FN=1, TN=15
  Class Not Data Journalism: TP=11, FP=1, FN=2, TN=6
----------------------------------------
Fold finished F1 Score: 0.7724444444444444 None
Fold 4/5
Loading model from HPC local scratch: /tmp/shapovalov_setfit_model_cache_1387365
{'embedding_loss': 0.2864, 'grad_norm': 2.9529924392700195, 'learning_rate': 0.0, 'epoch': 0.01}
{'embedding_loss': 0.1682, 'grad_norm': 1.2567442655563354, 'learning_rate': 1.8819444444444447e-05, 'epoch': 0.62}
{'embedding_loss': 0.0236, 'grad_norm': 0.12283635139465332, 'learning_rate': 1.5347222222222226e-05, 'epoch': 1.25}
{'embedding_loss': 0.01, 'grad_norm': 1.0693080425262451, 'learning_rate': 1.1875e-05, 'epoch': 1.88}
{'embedding_loss': 0.0023, 'grad_norm': 0.07161548733711243, 'learning_rate': 8.402777777777779e-06, 'epoch': 2.5}
{'embedding_loss': 0.0013, 'grad_norm': 0.03361063078045845, 'learning_rate': 4.930555555555556e-06, 'epoch': 3.12}
{'embedding_loss': 0.0008, 'grad_norm': 0.006524825934320688, 'learning_rate': 1.4583333333333335e-06, 'epoch': 3.75}
{'train_runtime': 250.0732, 'train_samples_per_second': 20.474, 'train_steps_per_second': 1.28, 'train_loss': 0.03262527510814835, 'epoch': 4.0}

🔍 Evaluation Metrics
----------------------------------------
📊 Label Distribution:
  Label Not Data Journalism: 13
  Label Data Journalism: 4
  Label Half Data Journalism: 3

✅ Overall Metrics:
  Accuracy : 0.8000
  Precision: 0.6905
  Recall   : 0.8000
  F1       : 0.7378

🧩 Confusion Matrix:
  [4, 0, 0]
  [1, 0, 2]
  [1, 0, 12]

📌 Per-Class Metrics:
  Class Data Journalism: TP=4, FP=2, FN=0, TN=14
  Class Half Data Journalism: TP=0, FP=0, FN=3, TN=17
  Class Not Data Journalism: TP=12, FP=2, FN=1, TN=5
----------------------------------------
Fold finished F1 Score: 0.8622222222222222 None
Fold 5/5
Loading model from HPC local scratch: /tmp/shapovalov_setfit_model_cache_1387365
{'embedding_loss': 0.392, 'grad_norm': 2.9009206295013428, 'learning_rate': 0.0, 'epoch': 0.01}
{'embedding_loss': 0.1645, 'grad_norm': 0.715167224407196, 'learning_rate': 1.8819444444444447e-05, 'epoch': 0.62}
{'embedding_loss': 0.024, 'grad_norm': 0.4778030514717102, 'learning_rate': 1.5347222222222226e-05, 'epoch': 1.25}
{'embedding_loss': 0.0054, 'grad_norm': 0.04765463247895241, 'learning_rate': 1.1875e-05, 'epoch': 1.88}
{'embedding_loss': 0.0009, 'grad_norm': 0.008932515978813171, 'learning_rate': 8.402777777777779e-06, 'epoch': 2.5}
{'embedding_loss': 0.0005, 'grad_norm': 0.013296130113303661, 'learning_rate': 4.930555555555556e-06, 'epoch': 3.12}
{'embedding_loss': 0.0004, 'grad_norm': 0.10622411966323853, 'learning_rate': 1.4583333333333335e-06, 'epoch': 3.75}
{'train_runtime': 252.043, 'train_samples_per_second': 20.314, 'train_steps_per_second': 1.27, 'train_loss': 0.03130240680329734, 'epoch': 4.0}

🔍 Evaluation Metrics
----------------------------------------
📊 Label Distribution:
  Label Not Data Journalism: 13
  Label Data Journalism: 4
  Label Half Data Journalism: 3

✅ Overall Metrics:
  Accuracy : 0.7000
  Precision: 0.5971
  Recall   : 0.7000
  F1       : 0.6300

🧩 Confusion Matrix:
  [1, 1, 2]
  [1, 0, 2]
  [0, 0, 13]

📌 Per-Class Metrics:
  Class Data Journalism: TP=1, FP=1, FN=3, TN=15
  Class Half Data Journalism: TP=0, FP=1, FN=3, TN=16
  Class Not Data Journalism: TP=13, FP=4, FN=0, TN=3
----------------------------------------
Fold finished F1 Score: 0.77 None
Average VRAM usage: 5041.33 MB, Max VRAM usage: 18028.29 MB
Trial 50 completed with avg fold F1 score: 0.8016380952380953
Trial 51: {'num_iterations': 8, 'num_epochs': 3, 'batch_size': 16, 'head_lr': 0.0010554611799773843}
Fold 1/5
Loading model from HPC local scratch: /tmp/shapovalov_setfit_model_cache_1387365
{'embedding_loss': 0.3451, 'grad_norm': 2.896070718765259, 'learning_rate': 0.0, 'epoch': 0.01}
{'embedding_loss': 0.1644, 'grad_norm': 0.5815149545669556, 'learning_rate': 1.7685185185185187e-05, 'epoch': 0.62}
{'embedding_loss': 0.0281, 'grad_norm': 0.13028492033481598, 'learning_rate': 1.3055555555555557e-05, 'epoch': 1.25}
{'embedding_loss': 0.0243, 'grad_norm': 0.2615799307823181, 'learning_rate': 8.425925925925926e-06, 'epoch': 1.88}
{'embedding_loss': 0.0111, 'grad_norm': 0.04009565711021423, 'learning_rate': 3.796296296296297e-06, 'epoch': 2.5}
{'train_runtime': 185.8821, 'train_samples_per_second': 20.658, 'train_steps_per_second': 1.291, 'train_loss': 0.04918667133897543, 'epoch': 3.0}

🔍 Evaluation Metrics
----------------------------------------
📊 Label Distribution:
  Label Data Journalism: 4
  Label Half Data Journalism: 2
  Label Not Data Journalism: 14

✅ Overall Metrics:
  Accuracy : 0.8000
  Precision: 0.8458
  Recall   : 0.8000
  F1       : 0.7733

🧩 Confusion Matrix:
  [1, 2, 1]
  [0, 1, 1]
  [0, 0, 14]

📌 Per-Class Metrics:
  Class Data Journalism: TP=1, FP=0, FN=3, TN=16
  Class Half Data Journalism: TP=1, FP=2, FN=1, TN=16
  Class Not Data Journalism: TP=14, FP=2, FN=0, TN=4
----------------------------------------
Fold finished F1 Score: 0.8266666666666668 None
Fold 2/5
Loading model from HPC local scratch: /tmp/shapovalov_setfit_model_cache_1387365
{'embedding_loss': 0.3706, 'grad_norm': 3.2043991088867188, 'learning_rate': 0.0, 'epoch': 0.01}
{'embedding_loss': 0.1545, 'grad_norm': 1.2442175149917603, 'learning_rate': 1.7685185185185187e-05, 'epoch': 0.62}
{'embedding_loss': 0.0344, 'grad_norm': 0.46935099363327026, 'learning_rate': 1.3055555555555557e-05, 'epoch': 1.25}
{'embedding_loss': 0.0249, 'grad_norm': 0.3180326819419861, 'learning_rate': 8.425925925925926e-06, 'epoch': 1.88}
{'embedding_loss': 0.0148, 'grad_norm': 0.37431642413139343, 'learning_rate': 3.796296296296297e-06, 'epoch': 2.5}
{'train_runtime': 186.6005, 'train_samples_per_second': 20.579, 'train_steps_per_second': 1.286, 'train_loss': 0.050162357091903684, 'epoch': 3.0}

🔍 Evaluation Metrics
----------------------------------------
📊 Label Distribution:
  Label Not Data Journalism: 14
  Label Data Journalism: 4
  Label Half Data Journalism: 2

✅ Overall Metrics:
  Accuracy : 0.8500
  Precision: 0.9000
  Recall   : 0.8500
  F1       : 0.8628

🧩 Confusion Matrix:
  [3, 1, 0]
  [0, 2, 0]
  [1, 1, 12]

📌 Per-Class Metrics:
  Class Data Journalism: TP=3, FP=1, FN=1, TN=15
  Class Half Data Journalism: TP=2, FP=2, FN=0, TN=16
  Class Not Data Journalism: TP=12, FP=0, FN=2, TN=6
----------------------------------------
Fold finished F1 Score: 0.8371794871794872 None
Fold 3/5
Loading model from HPC local scratch: /tmp/shapovalov_setfit_model_cache_1387365
{'embedding_loss': 0.3392, 'grad_norm': 2.816593647003174, 'learning_rate': 0.0, 'epoch': 0.01}
{'embedding_loss': 0.1533, 'grad_norm': 1.4565742015838623, 'learning_rate': 1.7685185185185187e-05, 'epoch': 0.62}
{'embedding_loss': 0.0301, 'grad_norm': 0.028422463685274124, 'learning_rate': 1.3055555555555557e-05, 'epoch': 1.25}
{'embedding_loss': 0.0152, 'grad_norm': 0.12420788407325745, 'learning_rate': 8.425925925925926e-06, 'epoch': 1.88}
{'embedding_loss': 0.0075, 'grad_norm': 0.08529823273420334, 'learning_rate': 3.796296296296297e-06, 'epoch': 2.5}
{'train_runtime': 187.0874, 'train_samples_per_second': 20.525, 'train_steps_per_second': 1.283, 'train_loss': 0.04420492397621274, 'epoch': 3.0}

🔍 Evaluation Metrics
----------------------------------------
📊 Label Distribution:
  Label Not Data Journalism: 13
  Label Half Data Journalism: 2
  Label Data Journalism: 5

✅ Overall Metrics:
  Accuracy : 0.8000
  Precision: 0.8708
  Recall   : 0.8000
  F1       : 0.8276

🧩 Confusion Matrix:
  [4, 1, 0]
  [0, 1, 1]
  [0, 2, 11]

📌 Per-Class Metrics:
  Class Data Journalism: TP=4, FP=0, FN=1, TN=15
  Class Half Data Journalism: TP=1, FP=3, FN=1, TN=15
  Class Not Data Journalism: TP=11, FP=1, FN=2, TN=6
----------------------------------------
Fold finished F1 Score: 0.7724444444444444 None
Fold 4/5
Loading model from HPC local scratch: /tmp/shapovalov_setfit_model_cache_1387365
{'embedding_loss': 0.2864, 'grad_norm': 2.9529924392700195, 'learning_rate': 0.0, 'epoch': 0.01}
{'embedding_loss': 0.1543, 'grad_norm': 0.8335371017456055, 'learning_rate': 1.7685185185185187e-05, 'epoch': 0.62}
{'embedding_loss': 0.0251, 'grad_norm': 0.09787995368242264, 'learning_rate': 1.3055555555555557e-05, 'epoch': 1.25}
{'embedding_loss': 0.0106, 'grad_norm': 1.250091791152954, 'learning_rate': 8.425925925925926e-06, 'epoch': 1.88}
{'embedding_loss': 0.002, 'grad_norm': 0.3062531054019928, 'learning_rate': 3.796296296296297e-06, 'epoch': 2.5}
{'train_runtime': 187.6893, 'train_samples_per_second': 20.459, 'train_steps_per_second': 1.279, 'train_loss': 0.04092647215972344, 'epoch': 3.0}

🔍 Evaluation Metrics
----------------------------------------
📊 Label Distribution:
  Label Not Data Journalism: 13
  Label Data Journalism: 4
  Label Half Data Journalism: 3

✅ Overall Metrics:
  Accuracy : 0.8000
  Precision: 0.7171
  Recall   : 0.8000
  F1       : 0.7556

🧩 Confusion Matrix:
  [4, 0, 0]
  [1, 0, 2]
  [0, 1, 12]

📌 Per-Class Metrics:
  Class Data Journalism: TP=4, FP=1, FN=0, TN=15
  Class Half Data Journalism: TP=0, FP=1, FN=3, TN=16
  Class Not Data Journalism: TP=12, FP=2, FN=1, TN=5
----------------------------------------
Fold finished F1 Score: 0.8444444444444443 None
Fold 5/5
Loading model from HPC local scratch: /tmp/shapovalov_setfit_model_cache_1387365
{'embedding_loss': 0.392, 'grad_norm': 2.9009206295013428, 'learning_rate': 0.0, 'epoch': 0.01}
{'embedding_loss': 0.1519, 'grad_norm': 0.7957608699798584, 'learning_rate': 1.7685185185185187e-05, 'epoch': 0.62}
{'embedding_loss': 0.0202, 'grad_norm': 0.2933466136455536, 'learning_rate': 1.3055555555555557e-05, 'epoch': 1.25}
{'embedding_loss': 0.0054, 'grad_norm': 0.05235496535897255, 'learning_rate': 8.425925925925926e-06, 'epoch': 1.88}
{'embedding_loss': 0.0011, 'grad_norm': 0.017965003848075867, 'learning_rate': 3.796296296296297e-06, 'epoch': 2.5}
{'train_runtime': 188.9873, 'train_samples_per_second': 20.319, 'train_steps_per_second': 1.27, 'train_loss': 0.03831217631231994, 'epoch': 3.0}

🔍 Evaluation Metrics
----------------------------------------
📊 Label Distribution:
  Label Not Data Journalism: 13
  Label Data Journalism: 4
  Label Half Data Journalism: 3

✅ Overall Metrics:
  Accuracy : 0.7000
  Precision: 0.5971
  Recall   : 0.7000
  F1       : 0.6300

🧩 Confusion Matrix:
  [1, 1, 2]
  [1, 0, 2]
  [0, 0, 13]

📌 Per-Class Metrics:
  Class Data Journalism: TP=1, FP=1, FN=3, TN=15
  Class Half Data Journalism: TP=0, FP=1, FN=3, TN=16
  Class Not Data Journalism: TP=13, FP=4, FN=0, TN=3
----------------------------------------
Fold finished F1 Score: 0.77 None
Average VRAM usage: 5535.03 MB, Max VRAM usage: 21261.75 MB
Trial 51 completed with avg fold F1 score: 0.8101470085470087
Trial 52: {'num_iterations': 8, 'num_epochs': 3, 'batch_size': 16, 'head_lr': 0.000598146885421485}
Fold 1/5
Loading model from HPC local scratch: /tmp/shapovalov_setfit_model_cache_1387365
{'embedding_loss': 0.3451, 'grad_norm': 2.896070718765259, 'learning_rate': 0.0, 'epoch': 0.01}
{'embedding_loss': 0.1644, 'grad_norm': 0.5815149545669556, 'learning_rate': 1.7685185185185187e-05, 'epoch': 0.62}
{'embedding_loss': 0.0281, 'grad_norm': 0.13028492033481598, 'learning_rate': 1.3055555555555557e-05, 'epoch': 1.25}
{'embedding_loss': 0.0243, 'grad_norm': 0.2615799307823181, 'learning_rate': 8.425925925925926e-06, 'epoch': 1.88}
{'embedding_loss': 0.0111, 'grad_norm': 0.04009565711021423, 'learning_rate': 3.796296296296297e-06, 'epoch': 2.5}
{'train_runtime': 186.154, 'train_samples_per_second': 20.628, 'train_steps_per_second': 1.289, 'train_loss': 0.04918667133897543, 'epoch': 3.0}

🔍 Evaluation Metrics
----------------------------------------
📊 Label Distribution:
  Label Data Journalism: 4
  Label Half Data Journalism: 2
  Label Not Data Journalism: 14

✅ Overall Metrics:
  Accuracy : 0.8000
  Precision: 0.8458
  Recall   : 0.8000
  F1       : 0.7733

🧩 Confusion Matrix:
  [1, 2, 1]
  [0, 1, 1]
  [0, 0, 14]

📌 Per-Class Metrics:
  Class Data Journalism: TP=1, FP=0, FN=3, TN=16
  Class Half Data Journalism: TP=1, FP=2, FN=1, TN=16
  Class Not Data Journalism: TP=14, FP=2, FN=0, TN=4
----------------------------------------
Fold finished F1 Score: 0.8266666666666668 None
Fold 2/5
Loading model from HPC local scratch: /tmp/shapovalov_setfit_model_cache_1387365
{'embedding_loss': 0.3706, 'grad_norm': 3.2043991088867188, 'learning_rate': 0.0, 'epoch': 0.01}
{'embedding_loss': 0.1545, 'grad_norm': 1.2442175149917603, 'learning_rate': 1.7685185185185187e-05, 'epoch': 0.62}
{'embedding_loss': 0.0344, 'grad_norm': 0.46935099363327026, 'learning_rate': 1.3055555555555557e-05, 'epoch': 1.25}
{'embedding_loss': 0.0249, 'grad_norm': 0.3180326819419861, 'learning_rate': 8.425925925925926e-06, 'epoch': 1.88}
{'embedding_loss': 0.0148, 'grad_norm': 0.37431642413139343, 'learning_rate': 3.796296296296297e-06, 'epoch': 2.5}
{'train_runtime': 187.3585, 'train_samples_per_second': 20.495, 'train_steps_per_second': 1.281, 'train_loss': 0.050162357091903684, 'epoch': 3.0}

🔍 Evaluation Metrics
----------------------------------------
📊 Label Distribution:
  Label Not Data Journalism: 14
  Label Data Journalism: 4
  Label Half Data Journalism: 2

✅ Overall Metrics:
  Accuracy : 0.8500
  Precision: 0.9000
  Recall   : 0.8500
  F1       : 0.8628

🧩 Confusion Matrix:
  [3, 1, 0]
  [0, 2, 0]
  [1, 1, 12]

📌 Per-Class Metrics:
  Class Data Journalism: TP=3, FP=1, FN=1, TN=15
  Class Half Data Journalism: TP=2, FP=2, FN=0, TN=16
  Class Not Data Journalism: TP=12, FP=0, FN=2, TN=6
----------------------------------------
Fold finished F1 Score: 0.8371794871794872 None
Fold 3/5
Loading model from HPC local scratch: /tmp/shapovalov_setfit_model_cache_1387365
{'embedding_loss': 0.3392, 'grad_norm': 2.816593647003174, 'learning_rate': 0.0, 'epoch': 0.01}
{'embedding_loss': 0.1533, 'grad_norm': 1.4565742015838623, 'learning_rate': 1.7685185185185187e-05, 'epoch': 0.62}
{'embedding_loss': 0.0301, 'grad_norm': 0.028422463685274124, 'learning_rate': 1.3055555555555557e-05, 'epoch': 1.25}
{'embedding_loss': 0.0152, 'grad_norm': 0.12420788407325745, 'learning_rate': 8.425925925925926e-06, 'epoch': 1.88}
{'embedding_loss': 0.0075, 'grad_norm': 0.08529823273420334, 'learning_rate': 3.796296296296297e-06, 'epoch': 2.5}
{'train_runtime': 189.37, 'train_samples_per_second': 20.278, 'train_steps_per_second': 1.267, 'train_loss': 0.04420492397621274, 'epoch': 3.0}

🔍 Evaluation Metrics
----------------------------------------
📊 Label Distribution:
  Label Not Data Journalism: 13
  Label Half Data Journalism: 2
  Label Data Journalism: 5

✅ Overall Metrics:
  Accuracy : 0.8000
  Precision: 0.8708
  Recall   : 0.8000
  F1       : 0.8276

🧩 Confusion Matrix:
  [4, 1, 0]
  [0, 1, 1]
  [0, 2, 11]

📌 Per-Class Metrics:
  Class Data Journalism: TP=4, FP=0, FN=1, TN=15
  Class Half Data Journalism: TP=1, FP=3, FN=1, TN=15
  Class Not Data Journalism: TP=11, FP=1, FN=2, TN=6
----------------------------------------
Fold finished F1 Score: 0.7724444444444444 None
Fold 4/5
Loading model from HPC local scratch: /tmp/shapovalov_setfit_model_cache_1387365
{'embedding_loss': 0.2864, 'grad_norm': 2.9529924392700195, 'learning_rate': 0.0, 'epoch': 0.01}
{'embedding_loss': 0.1543, 'grad_norm': 0.8335371017456055, 'learning_rate': 1.7685185185185187e-05, 'epoch': 0.62}
{'embedding_loss': 0.0251, 'grad_norm': 0.09787995368242264, 'learning_rate': 1.3055555555555557e-05, 'epoch': 1.25}
{'embedding_loss': 0.0106, 'grad_norm': 1.250091791152954, 'learning_rate': 8.425925925925926e-06, 'epoch': 1.88}
{'embedding_loss': 0.002, 'grad_norm': 0.3062531054019928, 'learning_rate': 3.796296296296297e-06, 'epoch': 2.5}
{'train_runtime': 189.4224, 'train_samples_per_second': 20.272, 'train_steps_per_second': 1.267, 'train_loss': 0.04092647215972344, 'epoch': 3.0}

🔍 Evaluation Metrics
----------------------------------------
📊 Label Distribution:
  Label Not Data Journalism: 13
  Label Data Journalism: 4
  Label Half Data Journalism: 3

✅ Overall Metrics:
  Accuracy : 0.8000
  Precision: 0.7171
  Recall   : 0.8000
  F1       : 0.7556

🧩 Confusion Matrix:
  [4, 0, 0]
  [1, 0, 2]
  [0, 1, 12]

📌 Per-Class Metrics:
  Class Data Journalism: TP=4, FP=1, FN=0, TN=15
  Class Half Data Journalism: TP=0, FP=1, FN=3, TN=16
  Class Not Data Journalism: TP=12, FP=2, FN=1, TN=5
----------------------------------------
Fold finished F1 Score: 0.8444444444444443 None
Fold 5/5
Loading model from HPC local scratch: /tmp/shapovalov_setfit_model_cache_1387365
{'embedding_loss': 0.392, 'grad_norm': 2.9009206295013428, 'learning_rate': 0.0, 'epoch': 0.01}
{'embedding_loss': 0.1519, 'grad_norm': 0.7957608699798584, 'learning_rate': 1.7685185185185187e-05, 'epoch': 0.62}
{'embedding_loss': 0.0202, 'grad_norm': 0.2933466136455536, 'learning_rate': 1.3055555555555557e-05, 'epoch': 1.25}
{'embedding_loss': 0.0054, 'grad_norm': 0.05235496535897255, 'learning_rate': 8.425925925925926e-06, 'epoch': 1.88}
{'embedding_loss': 0.0011, 'grad_norm': 0.017965003848075867, 'learning_rate': 3.796296296296297e-06, 'epoch': 2.5}
{'train_runtime': 189.2234, 'train_samples_per_second': 20.293, 'train_steps_per_second': 1.268, 'train_loss': 0.03831217631231994, 'epoch': 3.0}

🔍 Evaluation Metrics
----------------------------------------
📊 Label Distribution:
  Label Not Data Journalism: 13
  Label Data Journalism: 4
  Label Half Data Journalism: 3

✅ Overall Metrics:
  Accuracy : 0.7000
  Precision: 0.5971
  Recall   : 0.7000
  F1       : 0.6300

🧩 Confusion Matrix:
  [1, 1, 2]
  [1, 0, 2]
  [0, 0, 13]

📌 Per-Class Metrics:
  Class Data Journalism: TP=1, FP=1, FN=3, TN=15
  Class Half Data Journalism: TP=0, FP=1, FN=3, TN=16
  Class Not Data Journalism: TP=13, FP=4, FN=0, TN=3
----------------------------------------
Fold finished F1 Score: 0.77 None
Average VRAM usage: 5108.65 MB, Max VRAM usage: 20566.68 MB
Trial 52 completed with avg fold F1 score: 0.8101470085470087
Trial 53: {'num_iterations': 8, 'num_epochs': 3, 'batch_size': 16, 'head_lr': 0.0007181384293465628}
Fold 1/5
Loading model from HPC local scratch: /tmp/shapovalov_setfit_model_cache_1387365
{'embedding_loss': 0.3451, 'grad_norm': 2.896070718765259, 'learning_rate': 0.0, 'epoch': 0.01}
{'embedding_loss': 0.1644, 'grad_norm': 0.5815149545669556, 'learning_rate': 1.7685185185185187e-05, 'epoch': 0.62}
{'embedding_loss': 0.0281, 'grad_norm': 0.13028492033481598, 'learning_rate': 1.3055555555555557e-05, 'epoch': 1.25}
{'embedding_loss': 0.0243, 'grad_norm': 0.2615799307823181, 'learning_rate': 8.425925925925926e-06, 'epoch': 1.88}
{'embedding_loss': 0.0111, 'grad_norm': 0.04009565711021423, 'learning_rate': 3.796296296296297e-06, 'epoch': 2.5}
{'train_runtime': 185.9204, 'train_samples_per_second': 20.654, 'train_steps_per_second': 1.291, 'train_loss': 0.04918667133897543, 'epoch': 3.0}

🔍 Evaluation Metrics
----------------------------------------
📊 Label Distribution:
  Label Data Journalism: 4
  Label Half Data Journalism: 2
  Label Not Data Journalism: 14

✅ Overall Metrics:
  Accuracy : 0.8000
  Precision: 0.8458
  Recall   : 0.8000
  F1       : 0.7733

🧩 Confusion Matrix:
  [1, 2, 1]
  [0, 1, 1]
  [0, 0, 14]

📌 Per-Class Metrics:
  Class Data Journalism: TP=1, FP=0, FN=3, TN=16
  Class Half Data Journalism: TP=1, FP=2, FN=1, TN=16
  Class Not Data Journalism: TP=14, FP=2, FN=0, TN=4
----------------------------------------
Fold finished F1 Score: 0.8266666666666668 None
Fold 2/5
Loading model from HPC local scratch: /tmp/shapovalov_setfit_model_cache_1387365
{'embedding_loss': 0.3706, 'grad_norm': 3.2043991088867188, 'learning_rate': 0.0, 'epoch': 0.01}
{'embedding_loss': 0.1545, 'grad_norm': 1.2442175149917603, 'learning_rate': 1.7685185185185187e-05, 'epoch': 0.62}
{'embedding_loss': 0.0344, 'grad_norm': 0.46935099363327026, 'learning_rate': 1.3055555555555557e-05, 'epoch': 1.25}
{'embedding_loss': 0.0249, 'grad_norm': 0.3180326819419861, 'learning_rate': 8.425925925925926e-06, 'epoch': 1.88}
{'embedding_loss': 0.0148, 'grad_norm': 0.37431642413139343, 'learning_rate': 3.796296296296297e-06, 'epoch': 2.5}
{'train_runtime': 187.5106, 'train_samples_per_second': 20.479, 'train_steps_per_second': 1.28, 'train_loss': 0.050162357091903684, 'epoch': 3.0}

🔍 Evaluation Metrics
----------------------------------------
📊 Label Distribution:
  Label Not Data Journalism: 14
  Label Data Journalism: 4
  Label Half Data Journalism: 2

✅ Overall Metrics:
  Accuracy : 0.8500
  Precision: 0.9000
  Recall   : 0.8500
  F1       : 0.8628

🧩 Confusion Matrix:
  [3, 1, 0]
  [0, 2, 0]
  [1, 1, 12]

📌 Per-Class Metrics:
  Class Data Journalism: TP=3, FP=1, FN=1, TN=15
  Class Half Data Journalism: TP=2, FP=2, FN=0, TN=16
  Class Not Data Journalism: TP=12, FP=0, FN=2, TN=6
----------------------------------------
Fold finished F1 Score: 0.8371794871794872 None
Fold 3/5
Loading model from HPC local scratch: /tmp/shapovalov_setfit_model_cache_1387365
{'embedding_loss': 0.3392, 'grad_norm': 2.816593647003174, 'learning_rate': 0.0, 'epoch': 0.01}
{'embedding_loss': 0.1533, 'grad_norm': 1.4565742015838623, 'learning_rate': 1.7685185185185187e-05, 'epoch': 0.62}
{'embedding_loss': 0.0301, 'grad_norm': 0.028422463685274124, 'learning_rate': 1.3055555555555557e-05, 'epoch': 1.25}
{'embedding_loss': 0.0152, 'grad_norm': 0.12420788407325745, 'learning_rate': 8.425925925925926e-06, 'epoch': 1.88}
{'embedding_loss': 0.0075, 'grad_norm': 0.08529823273420334, 'learning_rate': 3.796296296296297e-06, 'epoch': 2.5}
{'train_runtime': 188.714, 'train_samples_per_second': 20.348, 'train_steps_per_second': 1.272, 'train_loss': 0.04420492397621274, 'epoch': 3.0}

🔍 Evaluation Metrics
----------------------------------------
📊 Label Distribution:
  Label Not Data Journalism: 13
  Label Half Data Journalism: 2
  Label Data Journalism: 5

✅ Overall Metrics:
  Accuracy : 0.8000
  Precision: 0.8708
  Recall   : 0.8000
  F1       : 0.8276

🧩 Confusion Matrix:
  [4, 1, 0]
  [0, 1, 1]
  [0, 2, 11]

📌 Per-Class Metrics:
  Class Data Journalism: TP=4, FP=0, FN=1, TN=15
  Class Half Data Journalism: TP=1, FP=3, FN=1, TN=15
  Class Not Data Journalism: TP=11, FP=1, FN=2, TN=6
----------------------------------------
Fold finished F1 Score: 0.7724444444444444 None
Fold 4/5
Loading model from HPC local scratch: /tmp/shapovalov_setfit_model_cache_1387365
{'embedding_loss': 0.2864, 'grad_norm': 2.9529924392700195, 'learning_rate': 0.0, 'epoch': 0.01}
{'embedding_loss': 0.1543, 'grad_norm': 0.8335371017456055, 'learning_rate': 1.7685185185185187e-05, 'epoch': 0.62}
{'embedding_loss': 0.0251, 'grad_norm': 0.09787995368242264, 'learning_rate': 1.3055555555555557e-05, 'epoch': 1.25}
{'embedding_loss': 0.0106, 'grad_norm': 1.250091791152954, 'learning_rate': 8.425925925925926e-06, 'epoch': 1.88}
{'embedding_loss': 0.002, 'grad_norm': 0.3062531054019928, 'learning_rate': 3.796296296296297e-06, 'epoch': 2.5}
{'train_runtime': 189.2807, 'train_samples_per_second': 20.287, 'train_steps_per_second': 1.268, 'train_loss': 0.04092647215972344, 'epoch': 3.0}

🔍 Evaluation Metrics
----------------------------------------
📊 Label Distribution:
  Label Not Data Journalism: 13
  Label Data Journalism: 4
  Label Half Data Journalism: 3

✅ Overall Metrics:
  Accuracy : 0.8000
  Precision: 0.7171
  Recall   : 0.8000
  F1       : 0.7556

🧩 Confusion Matrix:
  [4, 0, 0]
  [1, 0, 2]
  [0, 1, 12]

📌 Per-Class Metrics:
  Class Data Journalism: TP=4, FP=1, FN=0, TN=15
  Class Half Data Journalism: TP=0, FP=1, FN=3, TN=16
  Class Not Data Journalism: TP=12, FP=2, FN=1, TN=5
----------------------------------------
Fold finished F1 Score: 0.8444444444444443 None
Fold 5/5
Loading model from HPC local scratch: /tmp/shapovalov_setfit_model_cache_1387365
{'embedding_loss': 0.392, 'grad_norm': 2.9009206295013428, 'learning_rate': 0.0, 'epoch': 0.01}
{'embedding_loss': 0.1519, 'grad_norm': 0.7957608699798584, 'learning_rate': 1.7685185185185187e-05, 'epoch': 0.62}
{'embedding_loss': 0.0202, 'grad_norm': 0.2933466136455536, 'learning_rate': 1.3055555555555557e-05, 'epoch': 1.25}
{'embedding_loss': 0.0054, 'grad_norm': 0.05235496535897255, 'learning_rate': 8.425925925925926e-06, 'epoch': 1.88}
{'embedding_loss': 0.0011, 'grad_norm': 0.017965003848075867, 'learning_rate': 3.796296296296297e-06, 'epoch': 2.5}
{'train_runtime': 188.7206, 'train_samples_per_second': 20.348, 'train_steps_per_second': 1.272, 'train_loss': 0.03831217631231994, 'epoch': 3.0}

🔍 Evaluation Metrics
----------------------------------------
📊 Label Distribution:
  Label Not Data Journalism: 13
  Label Data Journalism: 4
  Label Half Data Journalism: 3

✅ Overall Metrics:
  Accuracy : 0.7000
  Precision: 0.5971
  Recall   : 0.7000
  F1       : 0.6300

🧩 Confusion Matrix:
  [1, 1, 2]
  [1, 0, 2]
  [0, 0, 13]

📌 Per-Class Metrics:
  Class Data Journalism: TP=1, FP=1, FN=3, TN=15
  Class Half Data Journalism: TP=0, FP=1, FN=3, TN=16
  Class Not Data Journalism: TP=13, FP=4, FN=0, TN=3
----------------------------------------
Fold finished F1 Score: 0.77 None
Average VRAM usage: 5154.74 MB, Max VRAM usage: 21439.09 MB
Trial 53 completed with avg fold F1 score: 0.8101470085470087
Trial 54: {'num_iterations': 8, 'num_epochs': 3, 'batch_size': 16, 'head_lr': 0.0014200789074558006}
Fold 1/5
Loading model from HPC local scratch: /tmp/shapovalov_setfit_model_cache_1387365
{'embedding_loss': 0.3451, 'grad_norm': 2.896070718765259, 'learning_rate': 0.0, 'epoch': 0.01}
{'embedding_loss': 0.1644, 'grad_norm': 0.5815149545669556, 'learning_rate': 1.7685185185185187e-05, 'epoch': 0.62}
{'embedding_loss': 0.0281, 'grad_norm': 0.13028492033481598, 'learning_rate': 1.3055555555555557e-05, 'epoch': 1.25}
{'embedding_loss': 0.0243, 'grad_norm': 0.2615799307823181, 'learning_rate': 8.425925925925926e-06, 'epoch': 1.88}
{'embedding_loss': 0.0111, 'grad_norm': 0.04009565711021423, 'learning_rate': 3.796296296296297e-06, 'epoch': 2.5}
{'train_runtime': 186.1887, 'train_samples_per_second': 20.624, 'train_steps_per_second': 1.289, 'train_loss': 0.04918667133897543, 'epoch': 3.0}

🔍 Evaluation Metrics
----------------------------------------
📊 Label Distribution:
  Label Data Journalism: 4
  Label Half Data Journalism: 2
  Label Not Data Journalism: 14

✅ Overall Metrics:
  Accuracy : 0.8000
  Precision: 0.8458
  Recall   : 0.8000
  F1       : 0.7733

🧩 Confusion Matrix:
  [1, 2, 1]
  [0, 1, 1]
  [0, 0, 14]

📌 Per-Class Metrics:
  Class Data Journalism: TP=1, FP=0, FN=3, TN=16
  Class Half Data Journalism: TP=1, FP=2, FN=1, TN=16
  Class Not Data Journalism: TP=14, FP=2, FN=0, TN=4
----------------------------------------
Fold finished F1 Score: 0.8266666666666668 None
Fold 2/5
Loading model from HPC local scratch: /tmp/shapovalov_setfit_model_cache_1387365
{'embedding_loss': 0.3706, 'grad_norm': 3.2043991088867188, 'learning_rate': 0.0, 'epoch': 0.01}
{'embedding_loss': 0.1545, 'grad_norm': 1.2442175149917603, 'learning_rate': 1.7685185185185187e-05, 'epoch': 0.62}
{'embedding_loss': 0.0344, 'grad_norm': 0.46935099363327026, 'learning_rate': 1.3055555555555557e-05, 'epoch': 1.25}
{'embedding_loss': 0.0249, 'grad_norm': 0.3180326819419861, 'learning_rate': 8.425925925925926e-06, 'epoch': 1.88}
{'embedding_loss': 0.0148, 'grad_norm': 0.37431642413139343, 'learning_rate': 3.796296296296297e-06, 'epoch': 2.5}
{'train_runtime': 187.6734, 'train_samples_per_second': 20.461, 'train_steps_per_second': 1.279, 'train_loss': 0.050162357091903684, 'epoch': 3.0}

🔍 Evaluation Metrics
----------------------------------------
📊 Label Distribution:
  Label Not Data Journalism: 14
  Label Data Journalism: 4
  Label Half Data Journalism: 2

✅ Overall Metrics:
  Accuracy : 0.8500
  Precision: 0.9000
  Recall   : 0.8500
  F1       : 0.8628

🧩 Confusion Matrix:
  [3, 1, 0]
  [0, 2, 0]
  [1, 1, 12]

📌 Per-Class Metrics:
  Class Data Journalism: TP=3, FP=1, FN=1, TN=15
  Class Half Data Journalism: TP=2, FP=2, FN=0, TN=16
  Class Not Data Journalism: TP=12, FP=0, FN=2, TN=6
----------------------------------------
Fold finished F1 Score: 0.8371794871794872 None
Fold 3/5
Loading model from HPC local scratch: /tmp/shapovalov_setfit_model_cache_1387365
{'embedding_loss': 0.3392, 'grad_norm': 2.816593647003174, 'learning_rate': 0.0, 'epoch': 0.01}
{'embedding_loss': 0.1533, 'grad_norm': 1.4565742015838623, 'learning_rate': 1.7685185185185187e-05, 'epoch': 0.62}
{'embedding_loss': 0.0301, 'grad_norm': 0.028422463685274124, 'learning_rate': 1.3055555555555557e-05, 'epoch': 1.25}
{'embedding_loss': 0.0152, 'grad_norm': 0.12420788407325745, 'learning_rate': 8.425925925925926e-06, 'epoch': 1.88}
{'embedding_loss': 0.0075, 'grad_norm': 0.08529823273420334, 'learning_rate': 3.796296296296297e-06, 'epoch': 2.5}
{'train_runtime': 188.8643, 'train_samples_per_second': 20.332, 'train_steps_per_second': 1.271, 'train_loss': 0.04420492397621274, 'epoch': 3.0}

🔍 Evaluation Metrics
----------------------------------------
📊 Label Distribution:
  Label Not Data Journalism: 13
  Label Half Data Journalism: 2
  Label Data Journalism: 5

✅ Overall Metrics:
  Accuracy : 0.8000
  Precision: 0.8708
  Recall   : 0.8000
  F1       : 0.8276

🧩 Confusion Matrix:
  [4, 1, 0]
  [0, 1, 1]
  [0, 2, 11]

📌 Per-Class Metrics:
  Class Data Journalism: TP=4, FP=0, FN=1, TN=15
  Class Half Data Journalism: TP=1, FP=3, FN=1, TN=15
  Class Not Data Journalism: TP=11, FP=1, FN=2, TN=6
----------------------------------------
Fold finished F1 Score: 0.7724444444444444 None
Fold 4/5
Loading model from HPC local scratch: /tmp/shapovalov_setfit_model_cache_1387365
{'embedding_loss': 0.2864, 'grad_norm': 2.9529924392700195, 'learning_rate': 0.0, 'epoch': 0.01}
{'embedding_loss': 0.1543, 'grad_norm': 0.8335371017456055, 'learning_rate': 1.7685185185185187e-05, 'epoch': 0.62}
{'embedding_loss': 0.0251, 'grad_norm': 0.09787995368242264, 'learning_rate': 1.3055555555555557e-05, 'epoch': 1.25}
{'embedding_loss': 0.0106, 'grad_norm': 1.250091791152954, 'learning_rate': 8.425925925925926e-06, 'epoch': 1.88}
{'embedding_loss': 0.002, 'grad_norm': 0.3062531054019928, 'learning_rate': 3.796296296296297e-06, 'epoch': 2.5}
{'train_runtime': 188.9488, 'train_samples_per_second': 20.323, 'train_steps_per_second': 1.27, 'train_loss': 0.04092647215972344, 'epoch': 3.0}

🔍 Evaluation Metrics
----------------------------------------
📊 Label Distribution:
  Label Not Data Journalism: 13
  Label Data Journalism: 4
  Label Half Data Journalism: 3

✅ Overall Metrics:
  Accuracy : 0.8000
  Precision: 0.7171
  Recall   : 0.8000
  F1       : 0.7556

🧩 Confusion Matrix:
  [4, 0, 0]
  [1, 0, 2]
  [0, 1, 12]

📌 Per-Class Metrics:
  Class Data Journalism: TP=4, FP=1, FN=0, TN=15
  Class Half Data Journalism: TP=0, FP=1, FN=3, TN=16
  Class Not Data Journalism: TP=12, FP=2, FN=1, TN=5
----------------------------------------
Fold finished F1 Score: 0.8444444444444443 None
Fold 5/5
Loading model from HPC local scratch: /tmp/shapovalov_setfit_model_cache_1387365
{'embedding_loss': 0.392, 'grad_norm': 2.9009206295013428, 'learning_rate': 0.0, 'epoch': 0.01}
{'embedding_loss': 0.1519, 'grad_norm': 0.7957608699798584, 'learning_rate': 1.7685185185185187e-05, 'epoch': 0.62}
{'embedding_loss': 0.0202, 'grad_norm': 0.2933466136455536, 'learning_rate': 1.3055555555555557e-05, 'epoch': 1.25}
{'embedding_loss': 0.0054, 'grad_norm': 0.05235496535897255, 'learning_rate': 8.425925925925926e-06, 'epoch': 1.88}
{'embedding_loss': 0.0011, 'grad_norm': 0.017965003848075867, 'learning_rate': 3.796296296296297e-06, 'epoch': 2.5}
{'train_runtime': 188.2871, 'train_samples_per_second': 20.394, 'train_steps_per_second': 1.275, 'train_loss': 0.03831217631231994, 'epoch': 3.0}

🔍 Evaluation Metrics
----------------------------------------
📊 Label Distribution:
  Label Not Data Journalism: 13
  Label Data Journalism: 4
  Label Half Data Journalism: 3

✅ Overall Metrics:
  Accuracy : 0.7000
  Precision: 0.5971
  Recall   : 0.7000
  F1       : 0.6300

🧩 Confusion Matrix:
  [1, 1, 2]
  [1, 0, 2]
  [0, 0, 13]

📌 Per-Class Metrics:
  Class Data Journalism: TP=1, FP=1, FN=3, TN=15
  Class Half Data Journalism: TP=0, FP=1, FN=3, TN=16
  Class Not Data Journalism: TP=13, FP=4, FN=0, TN=3
----------------------------------------
Fold finished F1 Score: 0.77 None
Average VRAM usage: 5317.32 MB, Max VRAM usage: 19948.01 MB
Trial 54 completed with avg fold F1 score: 0.8101470085470087
Trial 55: {'num_iterations': 9, 'num_epochs': 3, 'batch_size': 16, 'head_lr': 0.0001905682335479871}
Fold 1/5
Loading model from HPC local scratch: /tmp/shapovalov_setfit_model_cache_1387365
{'embedding_loss': 0.3055, 'grad_norm': 2.91137433052063, 'learning_rate': 0.0, 'epoch': 0.01}
{'embedding_loss': 0.1635, 'grad_norm': 1.1010459661483765, 'learning_rate': 1.8189300411522635e-05, 'epoch': 0.56}
{'embedding_loss': 0.0382, 'grad_norm': 1.1430509090423584, 'learning_rate': 1.4074074074074075e-05, 'epoch': 1.11}
{'embedding_loss': 0.0262, 'grad_norm': 0.38822174072265625, 'learning_rate': 9.958847736625515e-06, 'epoch': 1.67}
{'embedding_loss': 0.0097, 'grad_norm': 0.43022647500038147, 'learning_rate': 5.843621399176955e-06, 'epoch': 2.22}
{'embedding_loss': 0.0072, 'grad_norm': 0.01846178248524666, 'learning_rate': 1.7283950617283952e-06, 'epoch': 2.78}
{'train_runtime': 209.4699, 'train_samples_per_second': 20.623, 'train_steps_per_second': 1.289, 'train_loss': 0.04612644690054434, 'epoch': 3.0}

🔍 Evaluation Metrics
----------------------------------------
📊 Label Distribution:
  Label Data Journalism: 4
  Label Half Data Journalism: 2
  Label Not Data Journalism: 14

✅ Overall Metrics:
  Accuracy : 0.8000
  Precision: 0.8783
  Recall   : 0.8000
  F1       : 0.7892

🧩 Confusion Matrix:
  [1, 3, 0]
  [0, 1, 1]
  [0, 0, 14]

📌 Per-Class Metrics:
  Class Data Journalism: TP=1, FP=0, FN=3, TN=16
  Class Half Data Journalism: TP=1, FP=3, FN=1, TN=15
  Class Not Data Journalism: TP=14, FP=1, FN=0, TN=5
----------------------------------------
Fold finished F1 Score: 0.8108045977011494 None
Fold 2/5
Loading model from HPC local scratch: /tmp/shapovalov_setfit_model_cache_1387365
{'embedding_loss': 0.3031, 'grad_norm': 2.697917938232422, 'learning_rate': 0.0, 'epoch': 0.01}
{'embedding_loss': 0.1629, 'grad_norm': 1.2864246368408203, 'learning_rate': 1.8189300411522635e-05, 'epoch': 0.56}
{'embedding_loss': 0.0387, 'grad_norm': 0.5445811152458191, 'learning_rate': 1.4074074074074075e-05, 'epoch': 1.11}
{'embedding_loss': 0.0173, 'grad_norm': 0.4253438711166382, 'learning_rate': 9.958847736625515e-06, 'epoch': 1.67}
{'embedding_loss': 0.009, 'grad_norm': 0.023056894540786743, 'learning_rate': 5.843621399176955e-06, 'epoch': 2.22}
{'embedding_loss': 0.0036, 'grad_norm': 0.05188620835542679, 'learning_rate': 1.7283950617283952e-06, 'epoch': 2.78}
{'train_runtime': 210.5519, 'train_samples_per_second': 20.518, 'train_steps_per_second': 1.282, 'train_loss': 0.04360533784385081, 'epoch': 3.0}

🔍 Evaluation Metrics
----------------------------------------
📊 Label Distribution:
  Label Not Data Journalism: 14
  Label Data Journalism: 4
  Label Half Data Journalism: 2

✅ Overall Metrics:
  Accuracy : 0.8000
  Precision: 0.8900
  Recall   : 0.8000
  F1       : 0.8231

🧩 Confusion Matrix:
  [3, 1, 0]
  [0, 2, 0]
  [1, 2, 11]

📌 Per-Class Metrics:
  Class Data Journalism: TP=3, FP=1, FN=1, TN=15
  Class Half Data Journalism: TP=2, FP=3, FN=0, TN=15
  Class Not Data Journalism: TP=11, FP=0, FN=3, TN=6
----------------------------------------
Fold finished F1 Score: 0.7768571428571429 None
Fold 3/5
Loading model from HPC local scratch: /tmp/shapovalov_setfit_model_cache_1387365
{'embedding_loss': 0.3434, 'grad_norm': 3.14304518699646, 'learning_rate': 0.0, 'epoch': 0.01}
{'embedding_loss': 0.1601, 'grad_norm': 1.7531856298446655, 'learning_rate': 1.8189300411522635e-05, 'epoch': 0.56}
{'embedding_loss': 0.0294, 'grad_norm': 0.15435951948165894, 'learning_rate': 1.4074074074074075e-05, 'epoch': 1.11}
{'embedding_loss': 0.0182, 'grad_norm': 0.7828260660171509, 'learning_rate': 9.958847736625515e-06, 'epoch': 1.67}
{'embedding_loss': 0.0099, 'grad_norm': 0.11260239779949188, 'learning_rate': 5.843621399176955e-06, 'epoch': 2.22}
{'embedding_loss': 0.0021, 'grad_norm': 0.27623286843299866, 'learning_rate': 1.7283950617283952e-06, 'epoch': 2.78}
{'train_runtime': 211.739, 'train_samples_per_second': 20.402, 'train_steps_per_second': 1.275, 'train_loss': 0.0417670167154736, 'epoch': 3.0}

🔍 Evaluation Metrics
----------------------------------------
📊 Label Distribution:
  Label Not Data Journalism: 13
  Label Half Data Journalism: 2
  Label Data Journalism: 5

✅ Overall Metrics:
  Accuracy : 0.6500
  Precision: 0.7292
  Recall   : 0.6500
  F1       : 0.6867

🧩 Confusion Matrix:
  [3, 1, 1]
  [1, 0, 1]
  [0, 3, 10]

📌 Per-Class Metrics:
  Class Data Journalism: TP=3, FP=1, FN=2, TN=14
  Class Half Data Journalism: TP=0, FP=4, FN=2, TN=14
  Class Not Data Journalism: TP=10, FP=2, FN=3, TN=5
----------------------------------------
Fold finished F1 Score: 0.6133333333333334 None
Fold 4/5
Loading model from HPC local scratch: /tmp/shapovalov_setfit_model_cache_1387365
{'embedding_loss': 0.3821, 'grad_norm': 3.3300387859344482, 'learning_rate': 0.0, 'epoch': 0.01}
{'embedding_loss': 0.1472, 'grad_norm': 0.38713881373405457, 'learning_rate': 1.8189300411522635e-05, 'epoch': 0.56}
{'embedding_loss': 0.0282, 'grad_norm': 0.9441004395484924, 'learning_rate': 1.4074074074074075e-05, 'epoch': 1.11}
{'embedding_loss': 0.0085, 'grad_norm': 0.11811885237693787, 'learning_rate': 9.958847736625515e-06, 'epoch': 1.67}
{'embedding_loss': 0.0042, 'grad_norm': 0.10699252784252167, 'learning_rate': 5.843621399176955e-06, 'epoch': 2.22}
{'embedding_loss': 0.0019, 'grad_norm': 0.08044295758008957, 'learning_rate': 1.7283950617283952e-06, 'epoch': 2.78}
{'train_runtime': 212.5285, 'train_samples_per_second': 20.327, 'train_steps_per_second': 1.27, 'train_loss': 0.03612085656711349, 'epoch': 3.0}

🔍 Evaluation Metrics
----------------------------------------
📊 Label Distribution:
  Label Not Data Journalism: 13
  Label Data Journalism: 4
  Label Half Data Journalism: 3

✅ Overall Metrics:
  Accuracy : 0.8000
  Precision: 0.7171
  Recall   : 0.8000
  F1       : 0.7556

🧩 Confusion Matrix:
  [4, 0, 0]
  [1, 0, 2]
  [0, 1, 12]

📌 Per-Class Metrics:
  Class Data Journalism: TP=4, FP=1, FN=0, TN=15
  Class Half Data Journalism: TP=0, FP=1, FN=3, TN=16
  Class Not Data Journalism: TP=12, FP=2, FN=1, TN=5
----------------------------------------
Fold finished F1 Score: 0.8444444444444443 None
Fold 5/5
Loading model from HPC local scratch: /tmp/shapovalov_setfit_model_cache_1387365
{'embedding_loss': 0.3429, 'grad_norm': 2.7064952850341797, 'learning_rate': 0.0, 'epoch': 0.01}
{'embedding_loss': 0.1563, 'grad_norm': 8.548178672790527, 'learning_rate': 1.8189300411522635e-05, 'epoch': 0.56}
{'embedding_loss': 0.027, 'grad_norm': 0.4518713653087616, 'learning_rate': 1.4074074074074075e-05, 'epoch': 1.11}
{'embedding_loss': 0.0056, 'grad_norm': 0.05060301348567009, 'learning_rate': 9.958847736625515e-06, 'epoch': 1.67}
{'embedding_loss': 0.0007, 'grad_norm': 0.007332084234803915, 'learning_rate': 5.843621399176955e-06, 'epoch': 2.22}
{'embedding_loss': 0.0011, 'grad_norm': 0.08425702899694443, 'learning_rate': 1.7283950617283952e-06, 'epoch': 2.78}
{'train_runtime': 211.8598, 'train_samples_per_second': 20.391, 'train_steps_per_second': 1.274, 'train_loss': 0.03603820821477307, 'epoch': 3.0}

🔍 Evaluation Metrics
----------------------------------------
📊 Label Distribution:
  Label Not Data Journalism: 13
  Label Data Journalism: 4
  Label Half Data Journalism: 3

✅ Overall Metrics:
  Accuracy : 0.7000
  Precision: 0.6281
  Recall   : 0.7000
  F1       : 0.6494

🧩 Confusion Matrix:
  [1, 2, 1]
  [1, 0, 2]
  [0, 0, 13]

📌 Per-Class Metrics:
  Class Data Journalism: TP=1, FP=1, FN=3, TN=15
  Class Half Data Journalism: TP=0, FP=2, FN=3, TN=15
  Class Not Data Journalism: TP=13, FP=3, FN=0, TN=4
----------------------------------------
Fold finished F1 Score: 0.7505747126436781 None
Average VRAM usage: 5448.23 MB, Max VRAM usage: 21259.94 MB
Trial 55 completed with avg fold F1 score: 0.7592028461959497
Trial 56: {'num_iterations': 8, 'num_epochs': 3, 'batch_size': 16, 'head_lr': 0.00034194816363066665}
Fold 1/5
Loading model from HPC local scratch: /tmp/shapovalov_setfit_model_cache_1387365
{'embedding_loss': 0.3451, 'grad_norm': 2.896070718765259, 'learning_rate': 0.0, 'epoch': 0.01}
{'embedding_loss': 0.1644, 'grad_norm': 0.5815149545669556, 'learning_rate': 1.7685185185185187e-05, 'epoch': 0.62}
{'embedding_loss': 0.0281, 'grad_norm': 0.13028492033481598, 'learning_rate': 1.3055555555555557e-05, 'epoch': 1.25}
{'embedding_loss': 0.0243, 'grad_norm': 0.2615799307823181, 'learning_rate': 8.425925925925926e-06, 'epoch': 1.88}
{'embedding_loss': 0.0111, 'grad_norm': 0.04009565711021423, 'learning_rate': 3.796296296296297e-06, 'epoch': 2.5}
{'train_runtime': 186.4924, 'train_samples_per_second': 20.591, 'train_steps_per_second': 1.287, 'train_loss': 0.04918667133897543, 'epoch': 3.0}

🔍 Evaluation Metrics
----------------------------------------
📊 Label Distribution:
  Label Data Journalism: 4
  Label Half Data Journalism: 2
  Label Not Data Journalism: 14

✅ Overall Metrics:
  Accuracy : 0.8000
  Precision: 0.8458
  Recall   : 0.8000
  F1       : 0.7733

🧩 Confusion Matrix:
  [1, 2, 1]
  [0, 1, 1]
  [0, 0, 14]

📌 Per-Class Metrics:
  Class Data Journalism: TP=1, FP=0, FN=3, TN=16
  Class Half Data Journalism: TP=1, FP=2, FN=1, TN=16
  Class Not Data Journalism: TP=14, FP=2, FN=0, TN=4
----------------------------------------
Fold finished F1 Score: 0.8266666666666668 None
Fold 2/5
Loading model from HPC local scratch: /tmp/shapovalov_setfit_model_cache_1387365
{'embedding_loss': 0.3706, 'grad_norm': 3.2043991088867188, 'learning_rate': 0.0, 'epoch': 0.01}
{'embedding_loss': 0.1545, 'grad_norm': 1.2442175149917603, 'learning_rate': 1.7685185185185187e-05, 'epoch': 0.62}
{'embedding_loss': 0.0344, 'grad_norm': 0.46935099363327026, 'learning_rate': 1.3055555555555557e-05, 'epoch': 1.25}
{'embedding_loss': 0.0249, 'grad_norm': 0.3180326819419861, 'learning_rate': 8.425925925925926e-06, 'epoch': 1.88}
{'embedding_loss': 0.0148, 'grad_norm': 0.37431642413139343, 'learning_rate': 3.796296296296297e-06, 'epoch': 2.5}
{'train_runtime': 185.8407, 'train_samples_per_second': 20.663, 'train_steps_per_second': 1.291, 'train_loss': 0.050162357091903684, 'epoch': 3.0}

🔍 Evaluation Metrics
----------------------------------------
📊 Label Distribution:
  Label Not Data Journalism: 14
  Label Data Journalism: 4
  Label Half Data Journalism: 2

✅ Overall Metrics:
  Accuracy : 0.8500
  Precision: 0.9000
  Recall   : 0.8500
  F1       : 0.8628

🧩 Confusion Matrix:
  [3, 1, 0]
  [0, 2, 0]
  [1, 1, 12]

📌 Per-Class Metrics:
  Class Data Journalism: TP=3, FP=1, FN=1, TN=15
  Class Half Data Journalism: TP=2, FP=2, FN=0, TN=16
  Class Not Data Journalism: TP=12, FP=0, FN=2, TN=6
----------------------------------------
Fold finished F1 Score: 0.8371794871794872 None
Fold 3/5
Loading model from HPC local scratch: /tmp/shapovalov_setfit_model_cache_1387365
{'embedding_loss': 0.3392, 'grad_norm': 2.816593647003174, 'learning_rate': 0.0, 'epoch': 0.01}
{'embedding_loss': 0.1533, 'grad_norm': 1.4565742015838623, 'learning_rate': 1.7685185185185187e-05, 'epoch': 0.62}
{'embedding_loss': 0.0301, 'grad_norm': 0.028422463685274124, 'learning_rate': 1.3055555555555557e-05, 'epoch': 1.25}
{'embedding_loss': 0.0152, 'grad_norm': 0.12420788407325745, 'learning_rate': 8.425925925925926e-06, 'epoch': 1.88}
{'embedding_loss': 0.0075, 'grad_norm': 0.08529823273420334, 'learning_rate': 3.796296296296297e-06, 'epoch': 2.5}
{'train_runtime': 187.8142, 'train_samples_per_second': 20.446, 'train_steps_per_second': 1.278, 'train_loss': 0.04420492397621274, 'epoch': 3.0}

🔍 Evaluation Metrics
----------------------------------------
📊 Label Distribution:
  Label Not Data Journalism: 13
  Label Half Data Journalism: 2
  Label Data Journalism: 5

✅ Overall Metrics:
  Accuracy : 0.8000
  Precision: 0.8708
  Recall   : 0.8000
  F1       : 0.8276

🧩 Confusion Matrix:
  [4, 1, 0]
  [0, 1, 1]
  [0, 2, 11]

📌 Per-Class Metrics:
  Class Data Journalism: TP=4, FP=0, FN=1, TN=15
  Class Half Data Journalism: TP=1, FP=3, FN=1, TN=15
  Class Not Data Journalism: TP=11, FP=1, FN=2, TN=6
----------------------------------------
Fold finished F1 Score: 0.7724444444444444 None
Fold 4/5
Loading model from HPC local scratch: /tmp/shapovalov_setfit_model_cache_1387365
{'embedding_loss': 0.2864, 'grad_norm': 2.9529924392700195, 'learning_rate': 0.0, 'epoch': 0.01}
{'embedding_loss': 0.1543, 'grad_norm': 0.8335371017456055, 'learning_rate': 1.7685185185185187e-05, 'epoch': 0.62}
{'embedding_loss': 0.0251, 'grad_norm': 0.09787995368242264, 'learning_rate': 1.3055555555555557e-05, 'epoch': 1.25}
{'embedding_loss': 0.0106, 'grad_norm': 1.250091791152954, 'learning_rate': 8.425925925925926e-06, 'epoch': 1.88}
{'embedding_loss': 0.002, 'grad_norm': 0.3062531054019928, 'learning_rate': 3.796296296296297e-06, 'epoch': 2.5}
{'train_runtime': 188.2505, 'train_samples_per_second': 20.398, 'train_steps_per_second': 1.275, 'train_loss': 0.04092647215972344, 'epoch': 3.0}

🔍 Evaluation Metrics
----------------------------------------
📊 Label Distribution:
  Label Not Data Journalism: 13
  Label Data Journalism: 4
  Label Half Data Journalism: 3

✅ Overall Metrics:
  Accuracy : 0.8000
  Precision: 0.7171
  Recall   : 0.8000
  F1       : 0.7556

🧩 Confusion Matrix:
  [4, 0, 0]
  [1, 0, 2]
  [0, 1, 12]

📌 Per-Class Metrics:
  Class Data Journalism: TP=4, FP=1, FN=0, TN=15
  Class Half Data Journalism: TP=0, FP=1, FN=3, TN=16
  Class Not Data Journalism: TP=12, FP=2, FN=1, TN=5
----------------------------------------
Fold finished F1 Score: 0.8444444444444443 None
Fold 5/5
Loading model from HPC local scratch: /tmp/shapovalov_setfit_model_cache_1387365
{'embedding_loss': 0.392, 'grad_norm': 2.9009206295013428, 'learning_rate': 0.0, 'epoch': 0.01}
{'embedding_loss': 0.1519, 'grad_norm': 0.7957608699798584, 'learning_rate': 1.7685185185185187e-05, 'epoch': 0.62}
{'embedding_loss': 0.0202, 'grad_norm': 0.2933466136455536, 'learning_rate': 1.3055555555555557e-05, 'epoch': 1.25}
{'embedding_loss': 0.0054, 'grad_norm': 0.05235496535897255, 'learning_rate': 8.425925925925926e-06, 'epoch': 1.88}
{'embedding_loss': 0.0011, 'grad_norm': 0.017965003848075867, 'learning_rate': 3.796296296296297e-06, 'epoch': 2.5}
{'train_runtime': 189.6307, 'train_samples_per_second': 20.25, 'train_steps_per_second': 1.266, 'train_loss': 0.03831217631231994, 'epoch': 3.0}

🔍 Evaluation Metrics
----------------------------------------
📊 Label Distribution:
  Label Not Data Journalism: 13
  Label Data Journalism: 4
  Label Half Data Journalism: 3

✅ Overall Metrics:
  Accuracy : 0.7000
  Precision: 0.5971
  Recall   : 0.7000
  F1       : 0.6300

🧩 Confusion Matrix:
  [1, 1, 2]
  [1, 0, 2]
  [0, 0, 13]

📌 Per-Class Metrics:
  Class Data Journalism: TP=1, FP=1, FN=3, TN=15
  Class Half Data Journalism: TP=0, FP=1, FN=3, TN=16
  Class Not Data Journalism: TP=13, FP=4, FN=0, TN=3
----------------------------------------
Fold finished F1 Score: 0.77 None
Average VRAM usage: 5018.90 MB, Max VRAM usage: 19845.52 MB
Trial 56 completed with avg fold F1 score: 0.8101470085470087
Trial 57: {'num_iterations': 8, 'num_epochs': 3, 'batch_size': 16, 'head_lr': 1.0066799439830906e-05}
Fold 1/5
Loading model from HPC local scratch: /tmp/shapovalov_setfit_model_cache_1387365
{'embedding_loss': 0.3451, 'grad_norm': 2.896070718765259, 'learning_rate': 0.0, 'epoch': 0.01}
{'embedding_loss': 0.1644, 'grad_norm': 0.5815149545669556, 'learning_rate': 1.7685185185185187e-05, 'epoch': 0.62}
{'embedding_loss': 0.0281, 'grad_norm': 0.13028492033481598, 'learning_rate': 1.3055555555555557e-05, 'epoch': 1.25}
{'embedding_loss': 0.0243, 'grad_norm': 0.2615799307823181, 'learning_rate': 8.425925925925926e-06, 'epoch': 1.88}
{'embedding_loss': 0.0111, 'grad_norm': 0.04009565711021423, 'learning_rate': 3.796296296296297e-06, 'epoch': 2.5}
{'train_runtime': 186.8567, 'train_samples_per_second': 20.551, 'train_steps_per_second': 1.284, 'train_loss': 0.04918667133897543, 'epoch': 3.0}

🔍 Evaluation Metrics
----------------------------------------
📊 Label Distribution:
  Label Data Journalism: 4
  Label Half Data Journalism: 2
  Label Not Data Journalism: 14

✅ Overall Metrics:
  Accuracy : 0.8000
  Precision: 0.8458
  Recall   : 0.8000
  F1       : 0.7733

🧩 Confusion Matrix:
  [1, 2, 1]
  [0, 1, 1]
  [0, 0, 14]

📌 Per-Class Metrics:
  Class Data Journalism: TP=1, FP=0, FN=3, TN=16
  Class Half Data Journalism: TP=1, FP=2, FN=1, TN=16
  Class Not Data Journalism: TP=14, FP=2, FN=0, TN=4
----------------------------------------
Fold finished F1 Score: 0.8266666666666668 None
Fold 2/5
Loading model from HPC local scratch: /tmp/shapovalov_setfit_model_cache_1387365
{'embedding_loss': 0.3706, 'grad_norm': 3.2043991088867188, 'learning_rate': 0.0, 'epoch': 0.01}
{'embedding_loss': 0.1545, 'grad_norm': 1.2442175149917603, 'learning_rate': 1.7685185185185187e-05, 'epoch': 0.62}
{'embedding_loss': 0.0344, 'grad_norm': 0.46935099363327026, 'learning_rate': 1.3055555555555557e-05, 'epoch': 1.25}
{'embedding_loss': 0.0249, 'grad_norm': 0.3180326819419861, 'learning_rate': 8.425925925925926e-06, 'epoch': 1.88}
{'embedding_loss': 0.0148, 'grad_norm': 0.37431642413139343, 'learning_rate': 3.796296296296297e-06, 'epoch': 2.5}
{'train_runtime': 186.9911, 'train_samples_per_second': 20.536, 'train_steps_per_second': 1.283, 'train_loss': 0.050162357091903684, 'epoch': 3.0}

🔍 Evaluation Metrics
----------------------------------------
📊 Label Distribution:
  Label Not Data Journalism: 14
  Label Data Journalism: 4
  Label Half Data Journalism: 2

✅ Overall Metrics:
  Accuracy : 0.8500
  Precision: 0.9000
  Recall   : 0.8500
  F1       : 0.8628

🧩 Confusion Matrix:
  [3, 1, 0]
  [0, 2, 0]
  [1, 1, 12]

📌 Per-Class Metrics:
  Class Data Journalism: TP=3, FP=1, FN=1, TN=15
  Class Half Data Journalism: TP=2, FP=2, FN=0, TN=16
  Class Not Data Journalism: TP=12, FP=0, FN=2, TN=6
----------------------------------------
Fold finished F1 Score: 0.8371794871794872 None
Fold 3/5
Loading model from HPC local scratch: /tmp/shapovalov_setfit_model_cache_1387365
{'embedding_loss': 0.3392, 'grad_norm': 2.816593647003174, 'learning_rate': 0.0, 'epoch': 0.01}
{'embedding_loss': 0.1533, 'grad_norm': 1.4565742015838623, 'learning_rate': 1.7685185185185187e-05, 'epoch': 0.62}
{'embedding_loss': 0.0301, 'grad_norm': 0.028422463685274124, 'learning_rate': 1.3055555555555557e-05, 'epoch': 1.25}
{'embedding_loss': 0.0152, 'grad_norm': 0.12420788407325745, 'learning_rate': 8.425925925925926e-06, 'epoch': 1.88}
{'embedding_loss': 0.0075, 'grad_norm': 0.08529823273420334, 'learning_rate': 3.796296296296297e-06, 'epoch': 2.5}
{'train_runtime': 187.6175, 'train_samples_per_second': 20.467, 'train_steps_per_second': 1.279, 'train_loss': 0.04420492397621274, 'epoch': 3.0}

🔍 Evaluation Metrics
----------------------------------------
📊 Label Distribution:
  Label Not Data Journalism: 13
  Label Half Data Journalism: 2
  Label Data Journalism: 5

✅ Overall Metrics:
  Accuracy : 0.8000
  Precision: 0.8708
  Recall   : 0.8000
  F1       : 0.8276

🧩 Confusion Matrix:
  [4, 1, 0]
  [0, 1, 1]
  [0, 2, 11]

📌 Per-Class Metrics:
  Class Data Journalism: TP=4, FP=0, FN=1, TN=15
  Class Half Data Journalism: TP=1, FP=3, FN=1, TN=15
  Class Not Data Journalism: TP=11, FP=1, FN=2, TN=6
----------------------------------------
Fold finished F1 Score: 0.7724444444444444 None
Fold 4/5
Loading model from HPC local scratch: /tmp/shapovalov_setfit_model_cache_1387365
{'embedding_loss': 0.2864, 'grad_norm': 2.9529924392700195, 'learning_rate': 0.0, 'epoch': 0.01}
{'embedding_loss': 0.1543, 'grad_norm': 0.8335371017456055, 'learning_rate': 1.7685185185185187e-05, 'epoch': 0.62}
{'embedding_loss': 0.0251, 'grad_norm': 0.09787995368242264, 'learning_rate': 1.3055555555555557e-05, 'epoch': 1.25}
{'embedding_loss': 0.0106, 'grad_norm': 1.250091791152954, 'learning_rate': 8.425925925925926e-06, 'epoch': 1.88}
{'embedding_loss': 0.002, 'grad_norm': 0.3062531054019928, 'learning_rate': 3.796296296296297e-06, 'epoch': 2.5}
{'train_runtime': 189.2947, 'train_samples_per_second': 20.286, 'train_steps_per_second': 1.268, 'train_loss': 0.04092647215972344, 'epoch': 3.0}

🔍 Evaluation Metrics
----------------------------------------
📊 Label Distribution:
  Label Not Data Journalism: 13
  Label Data Journalism: 4
  Label Half Data Journalism: 3

✅ Overall Metrics:
  Accuracy : 0.8000
  Precision: 0.7171
  Recall   : 0.8000
  F1       : 0.7556

🧩 Confusion Matrix:
  [4, 0, 0]
  [1, 0, 2]
  [0, 1, 12]

📌 Per-Class Metrics:
  Class Data Journalism: TP=4, FP=1, FN=0, TN=15
  Class Half Data Journalism: TP=0, FP=1, FN=3, TN=16
  Class Not Data Journalism: TP=12, FP=2, FN=1, TN=5
----------------------------------------
Fold finished F1 Score: 0.8444444444444443 None
Fold 5/5
Loading model from HPC local scratch: /tmp/shapovalov_setfit_model_cache_1387365
{'embedding_loss': 0.392, 'grad_norm': 2.9009206295013428, 'learning_rate': 0.0, 'epoch': 0.01}
{'embedding_loss': 0.1519, 'grad_norm': 0.7957608699798584, 'learning_rate': 1.7685185185185187e-05, 'epoch': 0.62}
{'embedding_loss': 0.0202, 'grad_norm': 0.2933466136455536, 'learning_rate': 1.3055555555555557e-05, 'epoch': 1.25}
{'embedding_loss': 0.0054, 'grad_norm': 0.05235496535897255, 'learning_rate': 8.425925925925926e-06, 'epoch': 1.88}
{'embedding_loss': 0.0011, 'grad_norm': 0.017965003848075867, 'learning_rate': 3.796296296296297e-06, 'epoch': 2.5}
{'train_runtime': 188.8813, 'train_samples_per_second': 20.33, 'train_steps_per_second': 1.271, 'train_loss': 0.03831217631231994, 'epoch': 3.0}

🔍 Evaluation Metrics
----------------------------------------
📊 Label Distribution:
  Label Not Data Journalism: 13
  Label Data Journalism: 4
  Label Half Data Journalism: 3

✅ Overall Metrics:
  Accuracy : 0.7000
  Precision: 0.5971
  Recall   : 0.7000
  F1       : 0.6300

🧩 Confusion Matrix:
  [1, 1, 2]
  [1, 0, 2]
  [0, 0, 13]

📌 Per-Class Metrics:
  Class Data Journalism: TP=1, FP=1, FN=3, TN=15
  Class Half Data Journalism: TP=0, FP=1, FN=3, TN=16
  Class Not Data Journalism: TP=13, FP=4, FN=0, TN=3
----------------------------------------
Fold finished F1 Score: 0.77 None
Average VRAM usage: 4958.23 MB, Max VRAM usage: 21448.90 MB
Trial 57 completed with avg fold F1 score: 0.8101470085470087
Trial 58: {'num_iterations': 7, 'num_epochs': 3, 'batch_size': 16, 'head_lr': 0.004273918442127834}
Fold 1/5
Loading model from HPC local scratch: /tmp/shapovalov_setfit_model_cache_1387365
{'embedding_loss': 0.3753, 'grad_norm': 3.523641347885132, 'learning_rate': 0.0, 'epoch': 0.01}
{'embedding_loss': 0.1579, 'grad_norm': 0.6305482387542725, 'learning_rate': 1.7037037037037038e-05, 'epoch': 0.71}
{'embedding_loss': 0.0345, 'grad_norm': 0.5553069710731506, 'learning_rate': 1.1746031746031748e-05, 'epoch': 1.43}
{'embedding_loss': 0.0216, 'grad_norm': 1.4073874950408936, 'learning_rate': 6.455026455026455e-06, 'epoch': 2.14}
{'embedding_loss': 0.0128, 'grad_norm': 0.54205721616745, 'learning_rate': 1.164021164021164e-06, 'epoch': 2.86}
{'train_runtime': 162.9862, 'train_samples_per_second': 20.615, 'train_steps_per_second': 1.288, 'train_loss': 0.055485513806343076, 'epoch': 3.0}

🔍 Evaluation Metrics
----------------------------------------
📊 Label Distribution:
  Label Data Journalism: 4
  Label Half Data Journalism: 2
  Label Not Data Journalism: 14

✅ Overall Metrics:
  Accuracy : 0.8500
  Precision: 0.8867
  Recall   : 0.8500
  F1       : 0.8492

🧩 Confusion Matrix:
  [2, 2, 0]
  [0, 1, 1]
  [0, 0, 14]

📌 Per-Class Metrics:
  Class Data Journalism: TP=2, FP=0, FN=2, TN=16
  Class Half Data Journalism: TP=1, FP=2, FN=1, TN=16
  Class Not Data Journalism: TP=14, FP=1, FN=0, TN=5
----------------------------------------
Fold finished F1 Score: 0.8508045977011495 None
Fold 2/5
Loading model from HPC local scratch: /tmp/shapovalov_setfit_model_cache_1387365
{'embedding_loss': 0.3604, 'grad_norm': 3.6940126419067383, 'learning_rate': 0.0, 'epoch': 0.01}
{'embedding_loss': 0.1515, 'grad_norm': 0.5727890729904175, 'learning_rate': 1.7037037037037038e-05, 'epoch': 0.71}
{'embedding_loss': 0.0323, 'grad_norm': 0.14159029722213745, 'learning_rate': 1.1746031746031748e-05, 'epoch': 1.43}
{'embedding_loss': 0.0234, 'grad_norm': 0.3818378448486328, 'learning_rate': 6.455026455026455e-06, 'epoch': 2.14}
{'embedding_loss': 0.0148, 'grad_norm': 0.9097439050674438, 'learning_rate': 1.164021164021164e-06, 'epoch': 2.86}
{'train_runtime': 162.9005, 'train_samples_per_second': 20.626, 'train_steps_per_second': 1.289, 'train_loss': 0.05471398929754893, 'epoch': 3.0}

🔍 Evaluation Metrics
----------------------------------------
📊 Label Distribution:
  Label Not Data Journalism: 14
  Label Data Journalism: 4
  Label Half Data Journalism: 2

✅ Overall Metrics:
  Accuracy : 0.7000
  Precision: 0.8286
  Recall   : 0.7000
  F1       : 0.7271

🧩 Confusion Matrix:
  [1, 3, 0]
  [0, 2, 0]
  [1, 2, 11]

📌 Per-Class Metrics:
  Class Data Journalism: TP=1, FP=1, FN=3, TN=15
  Class Half Data Journalism: TP=2, FP=5, FN=0, TN=13
  Class Not Data Journalism: TP=11, FP=0, FN=3, TN=6
----------------------------------------
Fold finished F1 Score: 0.6728888888888889 None
Fold 3/5
Loading model from HPC local scratch: /tmp/shapovalov_setfit_model_cache_1387365
{'embedding_loss': 0.3287, 'grad_norm': 3.3898487091064453, 'learning_rate': 0.0, 'epoch': 0.01}
{'embedding_loss': 0.1464, 'grad_norm': 1.0560283660888672, 'learning_rate': 1.7037037037037038e-05, 'epoch': 0.71}
{'embedding_loss': 0.0306, 'grad_norm': 0.1651388704776764, 'learning_rate': 1.1746031746031748e-05, 'epoch': 1.43}
{'embedding_loss': 0.0127, 'grad_norm': 0.5470564365386963, 'learning_rate': 6.455026455026455e-06, 'epoch': 2.14}
{'embedding_loss': 0.0052, 'grad_norm': 0.11787008494138718, 'learning_rate': 1.164021164021164e-06, 'epoch': 2.86}
{'train_runtime': 164.196, 'train_samples_per_second': 20.463, 'train_steps_per_second': 1.279, 'train_loss': 0.047756146923417134, 'epoch': 3.0}

🔍 Evaluation Metrics
----------------------------------------
📊 Label Distribution:
  Label Not Data Journalism: 13
  Label Half Data Journalism: 2
  Label Data Journalism: 5

✅ Overall Metrics:
  Accuracy : 0.8000
  Precision: 0.8708
  Recall   : 0.8000
  F1       : 0.8276

🧩 Confusion Matrix:
  [4, 1, 0]
  [0, 1, 1]
  [0, 2, 11]

📌 Per-Class Metrics:
  Class Data Journalism: TP=4, FP=0, FN=1, TN=15
  Class Half Data Journalism: TP=1, FP=3, FN=1, TN=15
  Class Not Data Journalism: TP=11, FP=1, FN=2, TN=6
----------------------------------------
Fold finished F1 Score: 0.7724444444444444 None
Fold 4/5
Loading model from HPC local scratch: /tmp/shapovalov_setfit_model_cache_1387365
{'embedding_loss': 0.4535, 'grad_norm': 3.461676836013794, 'learning_rate': 0.0, 'epoch': 0.01}
{'embedding_loss': 0.1508, 'grad_norm': 1.2352181673049927, 'learning_rate': 1.7037037037037038e-05, 'epoch': 0.71}
{'embedding_loss': 0.0211, 'grad_norm': 0.7159741520881653, 'learning_rate': 1.1746031746031748e-05, 'epoch': 1.43}
{'embedding_loss': 0.0079, 'grad_norm': 0.19666072726249695, 'learning_rate': 6.455026455026455e-06, 'epoch': 2.14}
{'embedding_loss': 0.0026, 'grad_norm': 0.04652692377567291, 'learning_rate': 1.164021164021164e-06, 'epoch': 2.86}
{'train_runtime': 164.8334, 'train_samples_per_second': 20.384, 'train_steps_per_second': 1.274, 'train_loss': 0.044979362855000156, 'epoch': 3.0}

🔍 Evaluation Metrics
----------------------------------------
📊 Label Distribution:
  Label Not Data Journalism: 13
  Label Data Journalism: 4
  Label Half Data Journalism: 3

✅ Overall Metrics:
  Accuracy : 0.8500
  Precision: 0.7233
  Recall   : 0.8500
  F1       : 0.7813

🧩 Confusion Matrix:
  [4, 0, 0]
  [1, 0, 2]
  [0, 0, 13]

📌 Per-Class Metrics:
  Class Data Journalism: TP=4, FP=1, FN=0, TN=15
  Class Half Data Journalism: TP=0, FP=0, FN=3, TN=17
  Class Not Data Journalism: TP=13, FP=2, FN=0, TN=5
----------------------------------------
Fold finished F1 Score: 0.9186507936507937 None
Fold 5/5
Loading model from HPC local scratch: /tmp/shapovalov_setfit_model_cache_1387365
{'embedding_loss': 0.4009, 'grad_norm': 3.7379493713378906, 'learning_rate': 0.0, 'epoch': 0.01}
{'embedding_loss': 0.1542, 'grad_norm': 1.0762884616851807, 'learning_rate': 1.7037037037037038e-05, 'epoch': 0.71}
{'embedding_loss': 0.0266, 'grad_norm': 0.048244230449199677, 'learning_rate': 1.1746031746031748e-05, 'epoch': 1.43}
{'embedding_loss': 0.0049, 'grad_norm': 0.013027084060013294, 'learning_rate': 6.455026455026455e-06, 'epoch': 2.14}
{'embedding_loss': 0.0023, 'grad_norm': 0.09483475983142853, 'learning_rate': 1.164021164021164e-06, 'epoch': 2.86}
{'train_runtime': 166.3339, 'train_samples_per_second': 20.2, 'train_steps_per_second': 1.263, 'train_loss': 0.04596453011922893, 'epoch': 3.0}

🔍 Evaluation Metrics
----------------------------------------
📊 Label Distribution:
  Label Not Data Journalism: 13
  Label Data Journalism: 4
  Label Half Data Journalism: 3

✅ Overall Metrics:
  Accuracy : 0.7000
  Precision: 0.5971
  Recall   : 0.7000
  F1       : 0.6300

🧩 Confusion Matrix:
  [1, 1, 2]
  [1, 0, 2]
  [0, 0, 13]

📌 Per-Class Metrics:
  Class Data Journalism: TP=1, FP=1, FN=3, TN=15
  Class Half Data Journalism: TP=0, FP=1, FN=3, TN=16
  Class Not Data Journalism: TP=13, FP=4, FN=0, TN=3
----------------------------------------
Fold finished F1 Score: 0.77 None
Average VRAM usage: 5476.08 MB, Max VRAM usage: 21285.20 MB
Trial 58 completed with avg fold F1 score: 0.7969577449370553
Trial 59: {'num_iterations': 8, 'num_epochs': 3, 'batch_size': 16, 'head_lr': 1.4671332295803411e-05}
Fold 1/5
Loading model from HPC local scratch: /tmp/shapovalov_setfit_model_cache_1387365
{'embedding_loss': 0.3451, 'grad_norm': 2.896070718765259, 'learning_rate': 0.0, 'epoch': 0.01}
{'embedding_loss': 0.1644, 'grad_norm': 0.5815149545669556, 'learning_rate': 1.7685185185185187e-05, 'epoch': 0.62}
{'embedding_loss': 0.0281, 'grad_norm': 0.13028492033481598, 'learning_rate': 1.3055555555555557e-05, 'epoch': 1.25}
{'embedding_loss': 0.0243, 'grad_norm': 0.2615799307823181, 'learning_rate': 8.425925925925926e-06, 'epoch': 1.88}
{'embedding_loss': 0.0111, 'grad_norm': 0.04009565711021423, 'learning_rate': 3.796296296296297e-06, 'epoch': 2.5}
{'train_runtime': 187.0427, 'train_samples_per_second': 20.53, 'train_steps_per_second': 1.283, 'train_loss': 0.04918667133897543, 'epoch': 3.0}

🔍 Evaluation Metrics
----------------------------------------
📊 Label Distribution:
  Label Data Journalism: 4
  Label Half Data Journalism: 2
  Label Not Data Journalism: 14

✅ Overall Metrics:
  Accuracy : 0.8000
  Precision: 0.8458
  Recall   : 0.8000
  F1       : 0.7733

🧩 Confusion Matrix:
  [1, 2, 1]
  [0, 1, 1]
  [0, 0, 14]

📌 Per-Class Metrics:
  Class Data Journalism: TP=1, FP=0, FN=3, TN=16
  Class Half Data Journalism: TP=1, FP=2, FN=1, TN=16
  Class Not Data Journalism: TP=14, FP=2, FN=0, TN=4
----------------------------------------
Fold finished F1 Score: 0.8266666666666668 None
Fold 2/5
Loading model from HPC local scratch: /tmp/shapovalov_setfit_model_cache_1387365
{'embedding_loss': 0.3706, 'grad_norm': 3.2043991088867188, 'learning_rate': 0.0, 'epoch': 0.01}
{'embedding_loss': 0.1545, 'grad_norm': 1.2442175149917603, 'learning_rate': 1.7685185185185187e-05, 'epoch': 0.62}
{'embedding_loss': 0.0344, 'grad_norm': 0.46935099363327026, 'learning_rate': 1.3055555555555557e-05, 'epoch': 1.25}
{'embedding_loss': 0.0249, 'grad_norm': 0.3180326819419861, 'learning_rate': 8.425925925925926e-06, 'epoch': 1.88}
{'embedding_loss': 0.0148, 'grad_norm': 0.37431642413139343, 'learning_rate': 3.796296296296297e-06, 'epoch': 2.5}
{'train_runtime': 188.0526, 'train_samples_per_second': 20.42, 'train_steps_per_second': 1.276, 'train_loss': 0.050162357091903684, 'epoch': 3.0}

🔍 Evaluation Metrics
----------------------------------------
📊 Label Distribution:
  Label Not Data Journalism: 14
  Label Data Journalism: 4
  Label Half Data Journalism: 2

✅ Overall Metrics:
  Accuracy : 0.8500
  Precision: 0.9000
  Recall   : 0.8500
  F1       : 0.8628

🧩 Confusion Matrix:
  [3, 1, 0]
  [0, 2, 0]
  [1, 1, 12]

📌 Per-Class Metrics:
  Class Data Journalism: TP=3, FP=1, FN=1, TN=15
  Class Half Data Journalism: TP=2, FP=2, FN=0, TN=16
  Class Not Data Journalism: TP=12, FP=0, FN=2, TN=6
----------------------------------------
Fold finished F1 Score: 0.8371794871794872 None
Fold 3/5
Loading model from HPC local scratch: /tmp/shapovalov_setfit_model_cache_1387365
{'embedding_loss': 0.3392, 'grad_norm': 2.816593647003174, 'learning_rate': 0.0, 'epoch': 0.01}
{'embedding_loss': 0.1533, 'grad_norm': 1.4565742015838623, 'learning_rate': 1.7685185185185187e-05, 'epoch': 0.62}
{'embedding_loss': 0.0301, 'grad_norm': 0.028422463685274124, 'learning_rate': 1.3055555555555557e-05, 'epoch': 1.25}
{'embedding_loss': 0.0152, 'grad_norm': 0.12420788407325745, 'learning_rate': 8.425925925925926e-06, 'epoch': 1.88}
{'embedding_loss': 0.0075, 'grad_norm': 0.08529823273420334, 'learning_rate': 3.796296296296297e-06, 'epoch': 2.5}
{'train_runtime': 189.0497, 'train_samples_per_second': 20.312, 'train_steps_per_second': 1.27, 'train_loss': 0.04420492397621274, 'epoch': 3.0}

🔍 Evaluation Metrics
----------------------------------------
📊 Label Distribution:
  Label Not Data Journalism: 13
  Label Half Data Journalism: 2
  Label Data Journalism: 5

✅ Overall Metrics:
  Accuracy : 0.8000
  Precision: 0.8708
  Recall   : 0.8000
  F1       : 0.8276

🧩 Confusion Matrix:
  [4, 1, 0]
  [0, 1, 1]
  [0, 2, 11]

📌 Per-Class Metrics:
  Class Data Journalism: TP=4, FP=0, FN=1, TN=15
  Class Half Data Journalism: TP=1, FP=3, FN=1, TN=15
  Class Not Data Journalism: TP=11, FP=1, FN=2, TN=6
----------------------------------------
Fold finished F1 Score: 0.7724444444444444 None
Fold 4/5
Loading model from HPC local scratch: /tmp/shapovalov_setfit_model_cache_1387365
{'embedding_loss': 0.2864, 'grad_norm': 2.9529924392700195, 'learning_rate': 0.0, 'epoch': 0.01}
{'embedding_loss': 0.1543, 'grad_norm': 0.8335371017456055, 'learning_rate': 1.7685185185185187e-05, 'epoch': 0.62}
{'embedding_loss': 0.0251, 'grad_norm': 0.09787995368242264, 'learning_rate': 1.3055555555555557e-05, 'epoch': 1.25}
{'embedding_loss': 0.0106, 'grad_norm': 1.250091791152954, 'learning_rate': 8.425925925925926e-06, 'epoch': 1.88}
{'embedding_loss': 0.002, 'grad_norm': 0.3062531054019928, 'learning_rate': 3.796296296296297e-06, 'epoch': 2.5}
{'train_runtime': 189.4558, 'train_samples_per_second': 20.269, 'train_steps_per_second': 1.267, 'train_loss': 0.04092647215972344, 'epoch': 3.0}

🔍 Evaluation Metrics
----------------------------------------
📊 Label Distribution:
  Label Not Data Journalism: 13
  Label Data Journalism: 4
  Label Half Data Journalism: 3

✅ Overall Metrics:
  Accuracy : 0.8000
  Precision: 0.7171
  Recall   : 0.8000
  F1       : 0.7556

🧩 Confusion Matrix:
  [4, 0, 0]
  [1, 0, 2]
  [0, 1, 12]

📌 Per-Class Metrics:
  Class Data Journalism: TP=4, FP=1, FN=0, TN=15
  Class Half Data Journalism: TP=0, FP=1, FN=3, TN=16
  Class Not Data Journalism: TP=12, FP=2, FN=1, TN=5
----------------------------------------
Fold finished F1 Score: 0.8444444444444443 None
Fold 5/5
Loading model from HPC local scratch: /tmp/shapovalov_setfit_model_cache_1387365
{'embedding_loss': 0.392, 'grad_norm': 2.9009206295013428, 'learning_rate': 0.0, 'epoch': 0.01}
{'embedding_loss': 0.1519, 'grad_norm': 0.7957608699798584, 'learning_rate': 1.7685185185185187e-05, 'epoch': 0.62}
{'embedding_loss': 0.0202, 'grad_norm': 0.2933466136455536, 'learning_rate': 1.3055555555555557e-05, 'epoch': 1.25}
{'embedding_loss': 0.0054, 'grad_norm': 0.05235496535897255, 'learning_rate': 8.425925925925926e-06, 'epoch': 1.88}
{'embedding_loss': 0.0011, 'grad_norm': 0.017965003848075867, 'learning_rate': 3.796296296296297e-06, 'epoch': 2.5}
{'train_runtime': 188.5529, 'train_samples_per_second': 20.366, 'train_steps_per_second': 1.273, 'train_loss': 0.03831217631231994, 'epoch': 3.0}

🔍 Evaluation Metrics
----------------------------------------
📊 Label Distribution:
  Label Not Data Journalism: 13
  Label Data Journalism: 4
  Label Half Data Journalism: 3

✅ Overall Metrics:
  Accuracy : 0.7000
  Precision: 0.5971
  Recall   : 0.7000
  F1       : 0.6300

🧩 Confusion Matrix:
  [1, 1, 2]
  [1, 0, 2]
  [0, 0, 13]

📌 Per-Class Metrics:
  Class Data Journalism: TP=1, FP=1, FN=3, TN=15
  Class Half Data Journalism: TP=0, FP=1, FN=3, TN=16
  Class Not Data Journalism: TP=13, FP=4, FN=0, TN=3
----------------------------------------
Fold finished F1 Score: 0.77 None
Average VRAM usage: 4853.68 MB, Max VRAM usage: 19898.81 MB
Trial 59 completed with avg fold F1 score: 0.8101470085470087
Trial 60: {'num_iterations': 8, 'num_epochs': 3, 'batch_size': 16, 'head_lr': 7.273838693766779e-05}
Fold 1/5
Loading model from HPC local scratch: /tmp/shapovalov_setfit_model_cache_1387365
{'embedding_loss': 0.3451, 'grad_norm': 2.896070718765259, 'learning_rate': 0.0, 'epoch': 0.01}
{'embedding_loss': 0.1644, 'grad_norm': 0.5815149545669556, 'learning_rate': 1.7685185185185187e-05, 'epoch': 0.62}
{'embedding_loss': 0.0281, 'grad_norm': 0.13028492033481598, 'learning_rate': 1.3055555555555557e-05, 'epoch': 1.25}
{'embedding_loss': 0.0243, 'grad_norm': 0.2615799307823181, 'learning_rate': 8.425925925925926e-06, 'epoch': 1.88}
{'embedding_loss': 0.0111, 'grad_norm': 0.04009565711021423, 'learning_rate': 3.796296296296297e-06, 'epoch': 2.5}
{'train_runtime': 187.1797, 'train_samples_per_second': 20.515, 'train_steps_per_second': 1.282, 'train_loss': 0.04918667133897543, 'epoch': 3.0}

🔍 Evaluation Metrics
----------------------------------------
📊 Label Distribution:
  Label Data Journalism: 4
  Label Half Data Journalism: 2
  Label Not Data Journalism: 14

✅ Overall Metrics:
  Accuracy : 0.8000
  Precision: 0.8458
  Recall   : 0.8000
  F1       : 0.7733

🧩 Confusion Matrix:
  [1, 2, 1]
  [0, 1, 1]
  [0, 0, 14]

📌 Per-Class Metrics:
  Class Data Journalism: TP=1, FP=0, FN=3, TN=16
  Class Half Data Journalism: TP=1, FP=2, FN=1, TN=16
  Class Not Data Journalism: TP=14, FP=2, FN=0, TN=4
----------------------------------------
Fold finished F1 Score: 0.8266666666666668 None
Fold 2/5
Loading model from HPC local scratch: /tmp/shapovalov_setfit_model_cache_1387365
{'embedding_loss': 0.3706, 'grad_norm': 3.2043991088867188, 'learning_rate': 0.0, 'epoch': 0.01}
{'embedding_loss': 0.1545, 'grad_norm': 1.2442175149917603, 'learning_rate': 1.7685185185185187e-05, 'epoch': 0.62}
{'embedding_loss': 0.0344, 'grad_norm': 0.46935099363327026, 'learning_rate': 1.3055555555555557e-05, 'epoch': 1.25}
{'embedding_loss': 0.0249, 'grad_norm': 0.3180326819419861, 'learning_rate': 8.425925925925926e-06, 'epoch': 1.88}
{'embedding_loss': 0.0148, 'grad_norm': 0.37431642413139343, 'learning_rate': 3.796296296296297e-06, 'epoch': 2.5}
{'train_runtime': 187.5347, 'train_samples_per_second': 20.476, 'train_steps_per_second': 1.28, 'train_loss': 0.050162357091903684, 'epoch': 3.0}

🔍 Evaluation Metrics
----------------------------------------
📊 Label Distribution:
  Label Not Data Journalism: 14
  Label Data Journalism: 4
  Label Half Data Journalism: 2

✅ Overall Metrics:
  Accuracy : 0.8500
  Precision: 0.9000
  Recall   : 0.8500
  F1       : 0.8628

🧩 Confusion Matrix:
  [3, 1, 0]
  [0, 2, 0]
  [1, 1, 12]

📌 Per-Class Metrics:
  Class Data Journalism: TP=3, FP=1, FN=1, TN=15
  Class Half Data Journalism: TP=2, FP=2, FN=0, TN=16
  Class Not Data Journalism: TP=12, FP=0, FN=2, TN=6
----------------------------------------
Fold finished F1 Score: 0.8371794871794872 None
Fold 3/5
Loading model from HPC local scratch: /tmp/shapovalov_setfit_model_cache_1387365
{'embedding_loss': 0.3392, 'grad_norm': 2.816593647003174, 'learning_rate': 0.0, 'epoch': 0.01}
{'embedding_loss': 0.1533, 'grad_norm': 1.4565742015838623, 'learning_rate': 1.7685185185185187e-05, 'epoch': 0.62}
{'embedding_loss': 0.0301, 'grad_norm': 0.028422463685274124, 'learning_rate': 1.3055555555555557e-05, 'epoch': 1.25}
{'embedding_loss': 0.0152, 'grad_norm': 0.12420788407325745, 'learning_rate': 8.425925925925926e-06, 'epoch': 1.88}
{'embedding_loss': 0.0075, 'grad_norm': 0.08529823273420334, 'learning_rate': 3.796296296296297e-06, 'epoch': 2.5}
{'train_runtime': 188.9258, 'train_samples_per_second': 20.325, 'train_steps_per_second': 1.27, 'train_loss': 0.04420492397621274, 'epoch': 3.0}

🔍 Evaluation Metrics
----------------------------------------
📊 Label Distribution:
  Label Not Data Journalism: 13
  Label Half Data Journalism: 2
  Label Data Journalism: 5

✅ Overall Metrics:
  Accuracy : 0.8000
  Precision: 0.8708
  Recall   : 0.8000
  F1       : 0.8276

🧩 Confusion Matrix:
  [4, 1, 0]
  [0, 1, 1]
  [0, 2, 11]

📌 Per-Class Metrics:
  Class Data Journalism: TP=4, FP=0, FN=1, TN=15
  Class Half Data Journalism: TP=1, FP=3, FN=1, TN=15
  Class Not Data Journalism: TP=11, FP=1, FN=2, TN=6
----------------------------------------
Fold finished F1 Score: 0.7724444444444444 None
Fold 4/5
Loading model from HPC local scratch: /tmp/shapovalov_setfit_model_cache_1387365
{'embedding_loss': 0.2864, 'grad_norm': 2.9529924392700195, 'learning_rate': 0.0, 'epoch': 0.01}
{'embedding_loss': 0.1543, 'grad_norm': 0.8335371017456055, 'learning_rate': 1.7685185185185187e-05, 'epoch': 0.62}
{'embedding_loss': 0.0251, 'grad_norm': 0.09787995368242264, 'learning_rate': 1.3055555555555557e-05, 'epoch': 1.25}
{'embedding_loss': 0.0106, 'grad_norm': 1.250091791152954, 'learning_rate': 8.425925925925926e-06, 'epoch': 1.88}
{'embedding_loss': 0.002, 'grad_norm': 0.3062531054019928, 'learning_rate': 3.796296296296297e-06, 'epoch': 2.5}
{'train_runtime': 189.5846, 'train_samples_per_second': 20.255, 'train_steps_per_second': 1.266, 'train_loss': 0.04092647215972344, 'epoch': 3.0}

🔍 Evaluation Metrics
----------------------------------------
📊 Label Distribution:
  Label Not Data Journalism: 13
  Label Data Journalism: 4
  Label Half Data Journalism: 3

✅ Overall Metrics:
  Accuracy : 0.8000
  Precision: 0.7171
  Recall   : 0.8000
  F1       : 0.7556

🧩 Confusion Matrix:
  [4, 0, 0]
  [1, 0, 2]
  [0, 1, 12]

📌 Per-Class Metrics:
  Class Data Journalism: TP=4, FP=1, FN=0, TN=15
  Class Half Data Journalism: TP=0, FP=1, FN=3, TN=16
  Class Not Data Journalism: TP=12, FP=2, FN=1, TN=5
----------------------------------------
Fold finished F1 Score: 0.8444444444444443 None
Fold 5/5
Loading model from HPC local scratch: /tmp/shapovalov_setfit_model_cache_1387365
{'embedding_loss': 0.392, 'grad_norm': 2.9009206295013428, 'learning_rate': 0.0, 'epoch': 0.01}
{'embedding_loss': 0.1519, 'grad_norm': 0.7957608699798584, 'learning_rate': 1.7685185185185187e-05, 'epoch': 0.62}
{'embedding_loss': 0.0202, 'grad_norm': 0.2933466136455536, 'learning_rate': 1.3055555555555557e-05, 'epoch': 1.25}
{'embedding_loss': 0.0054, 'grad_norm': 0.05235496535897255, 'learning_rate': 8.425925925925926e-06, 'epoch': 1.88}
{'embedding_loss': 0.0011, 'grad_norm': 0.017965003848075867, 'learning_rate': 3.796296296296297e-06, 'epoch': 2.5}
{'train_runtime': 188.5324, 'train_samples_per_second': 20.368, 'train_steps_per_second': 1.273, 'train_loss': 0.03831217631231994, 'epoch': 3.0}

🔍 Evaluation Metrics
----------------------------------------
📊 Label Distribution:
  Label Not Data Journalism: 13
  Label Data Journalism: 4
  Label Half Data Journalism: 3

✅ Overall Metrics:
  Accuracy : 0.7000
  Precision: 0.5971
  Recall   : 0.7000
  F1       : 0.6300

🧩 Confusion Matrix:
  [1, 1, 2]
  [1, 0, 2]
  [0, 0, 13]

📌 Per-Class Metrics:
  Class Data Journalism: TP=1, FP=1, FN=3, TN=15
  Class Half Data Journalism: TP=0, FP=1, FN=3, TN=16
  Class Not Data Journalism: TP=13, FP=4, FN=0, TN=3
----------------------------------------
Fold finished F1 Score: 0.77 None
Average VRAM usage: 5178.75 MB, Max VRAM usage: 19891.09 MB
Trial 60 completed with avg fold F1 score: 0.8101470085470087
Trial 61: {'num_iterations': 8, 'num_epochs': 3, 'batch_size': 16, 'head_lr': 1.9456893642092286e-05}
Fold 1/5
Loading model from HPC local scratch: /tmp/shapovalov_setfit_model_cache_1387365
{'embedding_loss': 0.3451, 'grad_norm': 2.896070718765259, 'learning_rate': 0.0, 'epoch': 0.01}
{'embedding_loss': 0.1644, 'grad_norm': 0.5815149545669556, 'learning_rate': 1.7685185185185187e-05, 'epoch': 0.62}
{'embedding_loss': 0.0281, 'grad_norm': 0.13028492033481598, 'learning_rate': 1.3055555555555557e-05, 'epoch': 1.25}
{'embedding_loss': 0.0243, 'grad_norm': 0.2615799307823181, 'learning_rate': 8.425925925925926e-06, 'epoch': 1.88}
{'embedding_loss': 0.0111, 'grad_norm': 0.04009565711021423, 'learning_rate': 3.796296296296297e-06, 'epoch': 2.5}
{'train_runtime': 186.3816, 'train_samples_per_second': 20.603, 'train_steps_per_second': 1.288, 'train_loss': 0.04918667133897543, 'epoch': 3.0}

🔍 Evaluation Metrics
----------------------------------------
📊 Label Distribution:
  Label Data Journalism: 4
  Label Half Data Journalism: 2
  Label Not Data Journalism: 14

✅ Overall Metrics:
  Accuracy : 0.8000
  Precision: 0.8458
  Recall   : 0.8000
  F1       : 0.7733

🧩 Confusion Matrix:
  [1, 2, 1]
  [0, 1, 1]
  [0, 0, 14]

📌 Per-Class Metrics:
  Class Data Journalism: TP=1, FP=0, FN=3, TN=16
  Class Half Data Journalism: TP=1, FP=2, FN=1, TN=16
  Class Not Data Journalism: TP=14, FP=2, FN=0, TN=4
----------------------------------------
Fold finished F1 Score: 0.8266666666666668 None
Fold 2/5
Loading model from HPC local scratch: /tmp/shapovalov_setfit_model_cache_1387365
{'embedding_loss': 0.3706, 'grad_norm': 3.2043991088867188, 'learning_rate': 0.0, 'epoch': 0.01}
{'embedding_loss': 0.1545, 'grad_norm': 1.2442175149917603, 'learning_rate': 1.7685185185185187e-05, 'epoch': 0.62}
{'embedding_loss': 0.0344, 'grad_norm': 0.46935099363327026, 'learning_rate': 1.3055555555555557e-05, 'epoch': 1.25}
{'embedding_loss': 0.0249, 'grad_norm': 0.3180326819419861, 'learning_rate': 8.425925925925926e-06, 'epoch': 1.88}
{'embedding_loss': 0.0148, 'grad_norm': 0.37431642413139343, 'learning_rate': 3.796296296296297e-06, 'epoch': 2.5}
{'train_runtime': 185.9301, 'train_samples_per_second': 20.653, 'train_steps_per_second': 1.291, 'train_loss': 0.050162357091903684, 'epoch': 3.0}

🔍 Evaluation Metrics
----------------------------------------
📊 Label Distribution:
  Label Not Data Journalism: 14
  Label Data Journalism: 4
  Label Half Data Journalism: 2

✅ Overall Metrics:
  Accuracy : 0.8500
  Precision: 0.9000
  Recall   : 0.8500
  F1       : 0.8628

🧩 Confusion Matrix:
  [3, 1, 0]
  [0, 2, 0]
  [1, 1, 12]

📌 Per-Class Metrics:
  Class Data Journalism: TP=3, FP=1, FN=1, TN=15
  Class Half Data Journalism: TP=2, FP=2, FN=0, TN=16
  Class Not Data Journalism: TP=12, FP=0, FN=2, TN=6
----------------------------------------
Fold finished F1 Score: 0.8371794871794872 None
Fold 3/5
Loading model from HPC local scratch: /tmp/shapovalov_setfit_model_cache_1387365
{'embedding_loss': 0.3392, 'grad_norm': 2.816593647003174, 'learning_rate': 0.0, 'epoch': 0.01}
{'embedding_loss': 0.1533, 'grad_norm': 1.4565742015838623, 'learning_rate': 1.7685185185185187e-05, 'epoch': 0.62}
{'embedding_loss': 0.0301, 'grad_norm': 0.028422463685274124, 'learning_rate': 1.3055555555555557e-05, 'epoch': 1.25}
{'embedding_loss': 0.0152, 'grad_norm': 0.12420788407325745, 'learning_rate': 8.425925925925926e-06, 'epoch': 1.88}
{'embedding_loss': 0.0075, 'grad_norm': 0.08529823273420334, 'learning_rate': 3.796296296296297e-06, 'epoch': 2.5}
{'train_runtime': 188.0257, 'train_samples_per_second': 20.423, 'train_steps_per_second': 1.276, 'train_loss': 0.04420492397621274, 'epoch': 3.0}

🔍 Evaluation Metrics
----------------------------------------
📊 Label Distribution:
  Label Not Data Journalism: 13
  Label Half Data Journalism: 2
  Label Data Journalism: 5

✅ Overall Metrics:
  Accuracy : 0.8000
  Precision: 0.8708
  Recall   : 0.8000
  F1       : 0.8276

🧩 Confusion Matrix:
  [4, 1, 0]
  [0, 1, 1]
  [0, 2, 11]

📌 Per-Class Metrics:
  Class Data Journalism: TP=4, FP=0, FN=1, TN=15
  Class Half Data Journalism: TP=1, FP=3, FN=1, TN=15
  Class Not Data Journalism: TP=11, FP=1, FN=2, TN=6
----------------------------------------
Fold finished F1 Score: 0.7724444444444444 None
Fold 4/5
Loading model from HPC local scratch: /tmp/shapovalov_setfit_model_cache_1387365
{'embedding_loss': 0.2864, 'grad_norm': 2.9529924392700195, 'learning_rate': 0.0, 'epoch': 0.01}
{'embedding_loss': 0.1543, 'grad_norm': 0.8335371017456055, 'learning_rate': 1.7685185185185187e-05, 'epoch': 0.62}
{'embedding_loss': 0.0251, 'grad_norm': 0.09787995368242264, 'learning_rate': 1.3055555555555557e-05, 'epoch': 1.25}
{'embedding_loss': 0.0106, 'grad_norm': 1.250091791152954, 'learning_rate': 8.425925925925926e-06, 'epoch': 1.88}
{'embedding_loss': 0.002, 'grad_norm': 0.3062531054019928, 'learning_rate': 3.796296296296297e-06, 'epoch': 2.5}
{'train_runtime': 188.9372, 'train_samples_per_second': 20.324, 'train_steps_per_second': 1.27, 'train_loss': 0.04092647215972344, 'epoch': 3.0}

🔍 Evaluation Metrics
----------------------------------------
📊 Label Distribution:
  Label Not Data Journalism: 13
  Label Data Journalism: 4
  Label Half Data Journalism: 3

✅ Overall Metrics:
  Accuracy : 0.8000
  Precision: 0.7171
  Recall   : 0.8000
  F1       : 0.7556

🧩 Confusion Matrix:
  [4, 0, 0]
  [1, 0, 2]
  [0, 1, 12]

📌 Per-Class Metrics:
  Class Data Journalism: TP=4, FP=1, FN=0, TN=15
  Class Half Data Journalism: TP=0, FP=1, FN=3, TN=16
  Class Not Data Journalism: TP=12, FP=2, FN=1, TN=5
----------------------------------------
Fold finished F1 Score: 0.8444444444444443 None
Fold 5/5
Loading model from HPC local scratch: /tmp/shapovalov_setfit_model_cache_1387365
{'embedding_loss': 0.392, 'grad_norm': 2.9009206295013428, 'learning_rate': 0.0, 'epoch': 0.01}
{'embedding_loss': 0.1519, 'grad_norm': 0.7957608699798584, 'learning_rate': 1.7685185185185187e-05, 'epoch': 0.62}
{'embedding_loss': 0.0202, 'grad_norm': 0.2933466136455536, 'learning_rate': 1.3055555555555557e-05, 'epoch': 1.25}
{'embedding_loss': 0.0054, 'grad_norm': 0.05235496535897255, 'learning_rate': 8.425925925925926e-06, 'epoch': 1.88}
{'embedding_loss': 0.0011, 'grad_norm': 0.017965003848075867, 'learning_rate': 3.796296296296297e-06, 'epoch': 2.5}
{'train_runtime': 190.0108, 'train_samples_per_second': 20.209, 'train_steps_per_second': 1.263, 'train_loss': 0.03831217631231994, 'epoch': 3.0}

🔍 Evaluation Metrics
----------------------------------------
📊 Label Distribution:
  Label Not Data Journalism: 13
  Label Data Journalism: 4
  Label Half Data Journalism: 3

✅ Overall Metrics:
  Accuracy : 0.7000
  Precision: 0.5971
  Recall   : 0.7000
  F1       : 0.6300

🧩 Confusion Matrix:
  [1, 1, 2]
  [1, 0, 2]
  [0, 0, 13]

📌 Per-Class Metrics:
  Class Data Journalism: TP=1, FP=1, FN=3, TN=15
  Class Half Data Journalism: TP=0, FP=1, FN=3, TN=16
  Class Not Data Journalism: TP=13, FP=4, FN=0, TN=3
----------------------------------------
Fold finished F1 Score: 0.77 None
Average VRAM usage: 5011.81 MB, Max VRAM usage: 19902.38 MB
Trial 61 completed with avg fold F1 score: 0.8101470085470087
Trial 62: {'num_iterations': 8, 'num_epochs': 3, 'batch_size': 16, 'head_lr': 1.5029857442885892e-05}
Fold 1/5
Loading model from HPC local scratch: /tmp/shapovalov_setfit_model_cache_1387365
{'embedding_loss': 0.3451, 'grad_norm': 2.896070718765259, 'learning_rate': 0.0, 'epoch': 0.01}
{'embedding_loss': 0.1644, 'grad_norm': 0.5815149545669556, 'learning_rate': 1.7685185185185187e-05, 'epoch': 0.62}
{'embedding_loss': 0.0281, 'grad_norm': 0.13028492033481598, 'learning_rate': 1.3055555555555557e-05, 'epoch': 1.25}
{'embedding_loss': 0.0243, 'grad_norm': 0.2615799307823181, 'learning_rate': 8.425925925925926e-06, 'epoch': 1.88}
{'embedding_loss': 0.0111, 'grad_norm': 0.04009565711021423, 'learning_rate': 3.796296296296297e-06, 'epoch': 2.5}
{'train_runtime': 185.5112, 'train_samples_per_second': 20.7, 'train_steps_per_second': 1.294, 'train_loss': 0.04918667133897543, 'epoch': 3.0}

🔍 Evaluation Metrics
----------------------------------------
📊 Label Distribution:
  Label Data Journalism: 4
  Label Half Data Journalism: 2
  Label Not Data Journalism: 14

✅ Overall Metrics:
  Accuracy : 0.8000
  Precision: 0.8458
  Recall   : 0.8000
  F1       : 0.7733

🧩 Confusion Matrix:
  [1, 2, 1]
  [0, 1, 1]
  [0, 0, 14]

📌 Per-Class Metrics:
  Class Data Journalism: TP=1, FP=0, FN=3, TN=16
  Class Half Data Journalism: TP=1, FP=2, FN=1, TN=16
  Class Not Data Journalism: TP=14, FP=2, FN=0, TN=4
----------------------------------------
Fold finished F1 Score: 0.8266666666666668 None
Fold 2/5
Loading model from HPC local scratch: /tmp/shapovalov_setfit_model_cache_1387365
{'embedding_loss': 0.3706, 'grad_norm': 3.2043991088867188, 'learning_rate': 0.0, 'epoch': 0.01}
{'embedding_loss': 0.1545, 'grad_norm': 1.2442175149917603, 'learning_rate': 1.7685185185185187e-05, 'epoch': 0.62}
{'embedding_loss': 0.0344, 'grad_norm': 0.46935099363327026, 'learning_rate': 1.3055555555555557e-05, 'epoch': 1.25}
{'embedding_loss': 0.0249, 'grad_norm': 0.3180326819419861, 'learning_rate': 8.425925925925926e-06, 'epoch': 1.88}
{'embedding_loss': 0.0148, 'grad_norm': 0.37431642413139343, 'learning_rate': 3.796296296296297e-06, 'epoch': 2.5}
{'train_runtime': 187.1242, 'train_samples_per_second': 20.521, 'train_steps_per_second': 1.283, 'train_loss': 0.050162357091903684, 'epoch': 3.0}

🔍 Evaluation Metrics
----------------------------------------
📊 Label Distribution:
  Label Not Data Journalism: 14
  Label Data Journalism: 4
  Label Half Data Journalism: 2

✅ Overall Metrics:
  Accuracy : 0.8500
  Precision: 0.9000
  Recall   : 0.8500
  F1       : 0.8628

🧩 Confusion Matrix:
  [3, 1, 0]
  [0, 2, 0]
  [1, 1, 12]

📌 Per-Class Metrics:
  Class Data Journalism: TP=3, FP=1, FN=1, TN=15
  Class Half Data Journalism: TP=2, FP=2, FN=0, TN=16
  Class Not Data Journalism: TP=12, FP=0, FN=2, TN=6
----------------------------------------
Fold finished F1 Score: 0.8371794871794872 None
Fold 3/5
Loading model from HPC local scratch: /tmp/shapovalov_setfit_model_cache_1387365
{'embedding_loss': 0.3392, 'grad_norm': 2.816593647003174, 'learning_rate': 0.0, 'epoch': 0.01}
{'embedding_loss': 0.1533, 'grad_norm': 1.4565742015838623, 'learning_rate': 1.7685185185185187e-05, 'epoch': 0.62}
{'embedding_loss': 0.0301, 'grad_norm': 0.028422463685274124, 'learning_rate': 1.3055555555555557e-05, 'epoch': 1.25}
{'embedding_loss': 0.0152, 'grad_norm': 0.12420788407325745, 'learning_rate': 8.425925925925926e-06, 'epoch': 1.88}
{'embedding_loss': 0.0075, 'grad_norm': 0.08529823273420334, 'learning_rate': 3.796296296296297e-06, 'epoch': 2.5}
{'train_runtime': 189.4893, 'train_samples_per_second': 20.265, 'train_steps_per_second': 1.267, 'train_loss': 0.04420492397621274, 'epoch': 3.0}

🔍 Evaluation Metrics
----------------------------------------
📊 Label Distribution:
  Label Not Data Journalism: 13
  Label Half Data Journalism: 2
  Label Data Journalism: 5

✅ Overall Metrics:
  Accuracy : 0.8000
  Precision: 0.8708
  Recall   : 0.8000
  F1       : 0.8276

🧩 Confusion Matrix:
  [4, 1, 0]
  [0, 1, 1]
  [0, 2, 11]

📌 Per-Class Metrics:
  Class Data Journalism: TP=4, FP=0, FN=1, TN=15
  Class Half Data Journalism: TP=1, FP=3, FN=1, TN=15
  Class Not Data Journalism: TP=11, FP=1, FN=2, TN=6
----------------------------------------
Fold finished F1 Score: 0.7724444444444444 None
Fold 4/5
Loading model from HPC local scratch: /tmp/shapovalov_setfit_model_cache_1387365
{'embedding_loss': 0.2864, 'grad_norm': 2.9529924392700195, 'learning_rate': 0.0, 'epoch': 0.01}
{'embedding_loss': 0.1543, 'grad_norm': 0.8335371017456055, 'learning_rate': 1.7685185185185187e-05, 'epoch': 0.62}
{'embedding_loss': 0.0251, 'grad_norm': 0.09787995368242264, 'learning_rate': 1.3055555555555557e-05, 'epoch': 1.25}
{'embedding_loss': 0.0106, 'grad_norm': 1.250091791152954, 'learning_rate': 8.425925925925926e-06, 'epoch': 1.88}
{'embedding_loss': 0.002, 'grad_norm': 0.3062531054019928, 'learning_rate': 3.796296296296297e-06, 'epoch': 2.5}
{'train_runtime': 188.1403, 'train_samples_per_second': 20.41, 'train_steps_per_second': 1.276, 'train_loss': 0.04092647215972344, 'epoch': 3.0}

🔍 Evaluation Metrics
----------------------------------------
📊 Label Distribution:
  Label Not Data Journalism: 13
  Label Data Journalism: 4
  Label Half Data Journalism: 3

✅ Overall Metrics:
  Accuracy : 0.8000
  Precision: 0.7171
  Recall   : 0.8000
  F1       : 0.7556

🧩 Confusion Matrix:
  [4, 0, 0]
  [1, 0, 2]
  [0, 1, 12]

📌 Per-Class Metrics:
  Class Data Journalism: TP=4, FP=1, FN=0, TN=15
  Class Half Data Journalism: TP=0, FP=1, FN=3, TN=16
  Class Not Data Journalism: TP=12, FP=2, FN=1, TN=5
----------------------------------------
Fold finished F1 Score: 0.8444444444444443 None
Fold 5/5
Loading model from HPC local scratch: /tmp/shapovalov_setfit_model_cache_1387365
{'embedding_loss': 0.392, 'grad_norm': 2.9009206295013428, 'learning_rate': 0.0, 'epoch': 0.01}
{'embedding_loss': 0.1519, 'grad_norm': 0.7957608699798584, 'learning_rate': 1.7685185185185187e-05, 'epoch': 0.62}
{'embedding_loss': 0.0202, 'grad_norm': 0.2933466136455536, 'learning_rate': 1.3055555555555557e-05, 'epoch': 1.25}
{'embedding_loss': 0.0054, 'grad_norm': 0.05235496535897255, 'learning_rate': 8.425925925925926e-06, 'epoch': 1.88}
{'embedding_loss': 0.0011, 'grad_norm': 0.017965003848075867, 'learning_rate': 3.796296296296297e-06, 'epoch': 2.5}
{'train_runtime': 188.2881, 'train_samples_per_second': 20.394, 'train_steps_per_second': 1.275, 'train_loss': 0.03831217631231994, 'epoch': 3.0}

🔍 Evaluation Metrics
----------------------------------------
📊 Label Distribution:
  Label Not Data Journalism: 13
  Label Data Journalism: 4
  Label Half Data Journalism: 3

✅ Overall Metrics:
  Accuracy : 0.7000
  Precision: 0.5971
  Recall   : 0.7000
  F1       : 0.6300

🧩 Confusion Matrix:
  [1, 1, 2]
  [1, 0, 2]
  [0, 0, 13]

📌 Per-Class Metrics:
  Class Data Journalism: TP=1, FP=1, FN=3, TN=15
  Class Half Data Journalism: TP=0, FP=1, FN=3, TN=16
  Class Not Data Journalism: TP=13, FP=4, FN=0, TN=3
----------------------------------------
Fold finished F1 Score: 0.77 None
Average VRAM usage: 5434.07 MB, Max VRAM usage: 20742.10 MB
Trial 62 completed with avg fold F1 score: 0.8101470085470087
Trial 63: {'num_iterations': 8, 'num_epochs': 3, 'batch_size': 16, 'head_lr': 3.4732124654332353e-05}
Fold 1/5
Loading model from HPC local scratch: /tmp/shapovalov_setfit_model_cache_1387365
{'embedding_loss': 0.3451, 'grad_norm': 2.896070718765259, 'learning_rate': 0.0, 'epoch': 0.01}
{'embedding_loss': 0.1644, 'grad_norm': 0.5815149545669556, 'learning_rate': 1.7685185185185187e-05, 'epoch': 0.62}
{'embedding_loss': 0.0281, 'grad_norm': 0.13028492033481598, 'learning_rate': 1.3055555555555557e-05, 'epoch': 1.25}
{'embedding_loss': 0.0243, 'grad_norm': 0.2615799307823181, 'learning_rate': 8.425925925925926e-06, 'epoch': 1.88}
{'embedding_loss': 0.0111, 'grad_norm': 0.04009565711021423, 'learning_rate': 3.796296296296297e-06, 'epoch': 2.5}
{'train_runtime': 185.1785, 'train_samples_per_second': 20.737, 'train_steps_per_second': 1.296, 'train_loss': 0.04918667133897543, 'epoch': 3.0}

🔍 Evaluation Metrics
----------------------------------------
📊 Label Distribution:
  Label Data Journalism: 4
  Label Half Data Journalism: 2
  Label Not Data Journalism: 14

✅ Overall Metrics:
  Accuracy : 0.8000
  Precision: 0.8458
  Recall   : 0.8000
  F1       : 0.7733

🧩 Confusion Matrix:
  [1, 2, 1]
  [0, 1, 1]
  [0, 0, 14]

📌 Per-Class Metrics:
  Class Data Journalism: TP=1, FP=0, FN=3, TN=16
  Class Half Data Journalism: TP=1, FP=2, FN=1, TN=16
  Class Not Data Journalism: TP=14, FP=2, FN=0, TN=4
----------------------------------------
Fold finished F1 Score: 0.8266666666666668 None
Fold 2/5
Loading model from HPC local scratch: /tmp/shapovalov_setfit_model_cache_1387365
{'embedding_loss': 0.3706, 'grad_norm': 3.2043991088867188, 'learning_rate': 0.0, 'epoch': 0.01}
{'embedding_loss': 0.1545, 'grad_norm': 1.2442175149917603, 'learning_rate': 1.7685185185185187e-05, 'epoch': 0.62}
{'embedding_loss': 0.0344, 'grad_norm': 0.46935099363327026, 'learning_rate': 1.3055555555555557e-05, 'epoch': 1.25}
{'embedding_loss': 0.0249, 'grad_norm': 0.3180326819419861, 'learning_rate': 8.425925925925926e-06, 'epoch': 1.88}
{'embedding_loss': 0.0148, 'grad_norm': 0.37431642413139343, 'learning_rate': 3.796296296296297e-06, 'epoch': 2.5}
{'train_runtime': 187.7009, 'train_samples_per_second': 20.458, 'train_steps_per_second': 1.279, 'train_loss': 0.050162357091903684, 'epoch': 3.0}

🔍 Evaluation Metrics
----------------------------------------
📊 Label Distribution:
  Label Not Data Journalism: 14
  Label Data Journalism: 4
  Label Half Data Journalism: 2

✅ Overall Metrics:
  Accuracy : 0.8500
  Precision: 0.9000
  Recall   : 0.8500
  F1       : 0.8628

🧩 Confusion Matrix:
  [3, 1, 0]
  [0, 2, 0]
  [1, 1, 12]

📌 Per-Class Metrics:
  Class Data Journalism: TP=3, FP=1, FN=1, TN=15
  Class Half Data Journalism: TP=2, FP=2, FN=0, TN=16
  Class Not Data Journalism: TP=12, FP=0, FN=2, TN=6
----------------------------------------
Fold finished F1 Score: 0.8371794871794872 None
Fold 3/5
Loading model from HPC local scratch: /tmp/shapovalov_setfit_model_cache_1387365
{'embedding_loss': 0.3392, 'grad_norm': 2.816593647003174, 'learning_rate': 0.0, 'epoch': 0.01}
{'embedding_loss': 0.1533, 'grad_norm': 1.4565742015838623, 'learning_rate': 1.7685185185185187e-05, 'epoch': 0.62}
{'embedding_loss': 0.0301, 'grad_norm': 0.028422463685274124, 'learning_rate': 1.3055555555555557e-05, 'epoch': 1.25}
{'embedding_loss': 0.0152, 'grad_norm': 0.12420788407325745, 'learning_rate': 8.425925925925926e-06, 'epoch': 1.88}
{'embedding_loss': 0.0075, 'grad_norm': 0.08529823273420334, 'learning_rate': 3.796296296296297e-06, 'epoch': 2.5}
{'train_runtime': 187.6128, 'train_samples_per_second': 20.468, 'train_steps_per_second': 1.279, 'train_loss': 0.04420492397621274, 'epoch': 3.0}

🔍 Evaluation Metrics
----------------------------------------
📊 Label Distribution:
  Label Not Data Journalism: 13
  Label Half Data Journalism: 2
  Label Data Journalism: 5

✅ Overall Metrics:
  Accuracy : 0.8000
  Precision: 0.8708
  Recall   : 0.8000
  F1       : 0.8276

🧩 Confusion Matrix:
  [4, 1, 0]
  [0, 1, 1]
  [0, 2, 11]

📌 Per-Class Metrics:
  Class Data Journalism: TP=4, FP=0, FN=1, TN=15
  Class Half Data Journalism: TP=1, FP=3, FN=1, TN=15
  Class Not Data Journalism: TP=11, FP=1, FN=2, TN=6
----------------------------------------
Fold finished F1 Score: 0.7724444444444444 None
Fold 4/5
Loading model from HPC local scratch: /tmp/shapovalov_setfit_model_cache_1387365
{'embedding_loss': 0.2864, 'grad_norm': 2.9529924392700195, 'learning_rate': 0.0, 'epoch': 0.01}
{'embedding_loss': 0.1543, 'grad_norm': 0.8335371017456055, 'learning_rate': 1.7685185185185187e-05, 'epoch': 0.62}
{'embedding_loss': 0.0251, 'grad_norm': 0.09787995368242264, 'learning_rate': 1.3055555555555557e-05, 'epoch': 1.25}
{'embedding_loss': 0.0106, 'grad_norm': 1.250091791152954, 'learning_rate': 8.425925925925926e-06, 'epoch': 1.88}
{'embedding_loss': 0.002, 'grad_norm': 0.3062531054019928, 'learning_rate': 3.796296296296297e-06, 'epoch': 2.5}
{'train_runtime': 187.9445, 'train_samples_per_second': 20.432, 'train_steps_per_second': 1.277, 'train_loss': 0.04092647215972344, 'epoch': 3.0}

🔍 Evaluation Metrics
----------------------------------------
📊 Label Distribution:
  Label Not Data Journalism: 13
  Label Data Journalism: 4
  Label Half Data Journalism: 3

✅ Overall Metrics:
  Accuracy : 0.8000
  Precision: 0.7171
  Recall   : 0.8000
  F1       : 0.7556

🧩 Confusion Matrix:
  [4, 0, 0]
  [1, 0, 2]
  [0, 1, 12]

📌 Per-Class Metrics:
  Class Data Journalism: TP=4, FP=1, FN=0, TN=15
  Class Half Data Journalism: TP=0, FP=1, FN=3, TN=16
  Class Not Data Journalism: TP=12, FP=2, FN=1, TN=5
----------------------------------------
Fold finished F1 Score: 0.8444444444444443 None
Fold 5/5
Loading model from HPC local scratch: /tmp/shapovalov_setfit_model_cache_1387365
{'embedding_loss': 0.392, 'grad_norm': 2.9009206295013428, 'learning_rate': 0.0, 'epoch': 0.01}
{'embedding_loss': 0.1519, 'grad_norm': 0.7957608699798584, 'learning_rate': 1.7685185185185187e-05, 'epoch': 0.62}
{'embedding_loss': 0.0202, 'grad_norm': 0.2933466136455536, 'learning_rate': 1.3055555555555557e-05, 'epoch': 1.25}
{'embedding_loss': 0.0054, 'grad_norm': 0.05235496535897255, 'learning_rate': 8.425925925925926e-06, 'epoch': 1.88}
{'embedding_loss': 0.0011, 'grad_norm': 0.017965003848075867, 'learning_rate': 3.796296296296297e-06, 'epoch': 2.5}
{'train_runtime': 189.8873, 'train_samples_per_second': 20.223, 'train_steps_per_second': 1.264, 'train_loss': 0.03831217631231994, 'epoch': 3.0}

🔍 Evaluation Metrics
----------------------------------------
📊 Label Distribution:
  Label Not Data Journalism: 13
  Label Data Journalism: 4
  Label Half Data Journalism: 3

✅ Overall Metrics:
  Accuracy : 0.7000
  Precision: 0.5971
  Recall   : 0.7000
  F1       : 0.6300

🧩 Confusion Matrix:
  [1, 1, 2]
  [1, 0, 2]
  [0, 0, 13]

📌 Per-Class Metrics:
  Class Data Journalism: TP=1, FP=1, FN=3, TN=15
  Class Half Data Journalism: TP=0, FP=1, FN=3, TN=16
  Class Not Data Journalism: TP=13, FP=4, FN=0, TN=3
----------------------------------------
Fold finished F1 Score: 0.77 None
Average VRAM usage: 5279.65 MB, Max VRAM usage: 21308.42 MB
Trial 63 completed with avg fold F1 score: 0.8101470085470087
Trial 64: {'num_iterations': 8, 'num_epochs': 3, 'batch_size': 16, 'head_lr': 0.04217955476854893}
Fold 1/5
Loading model from HPC local scratch: /tmp/shapovalov_setfit_model_cache_1387365
{'embedding_loss': 0.3451, 'grad_norm': 2.896070718765259, 'learning_rate': 0.0, 'epoch': 0.01}
{'embedding_loss': 0.1644, 'grad_norm': 0.5815149545669556, 'learning_rate': 1.7685185185185187e-05, 'epoch': 0.62}
{'embedding_loss': 0.0281, 'grad_norm': 0.13028492033481598, 'learning_rate': 1.3055555555555557e-05, 'epoch': 1.25}
{'embedding_loss': 0.0243, 'grad_norm': 0.2615799307823181, 'learning_rate': 8.425925925925926e-06, 'epoch': 1.88}
{'embedding_loss': 0.0111, 'grad_norm': 0.04009565711021423, 'learning_rate': 3.796296296296297e-06, 'epoch': 2.5}
{'train_runtime': 186.2794, 'train_samples_per_second': 20.614, 'train_steps_per_second': 1.288, 'train_loss': 0.04918667133897543, 'epoch': 3.0}

🔍 Evaluation Metrics
----------------------------------------
📊 Label Distribution:
  Label Data Journalism: 4
  Label Half Data Journalism: 2
  Label Not Data Journalism: 14

✅ Overall Metrics:
  Accuracy : 0.8000
  Precision: 0.8458
  Recall   : 0.8000
  F1       : 0.7733

🧩 Confusion Matrix:
  [1, 2, 1]
  [0, 1, 1]
  [0, 0, 14]

📌 Per-Class Metrics:
  Class Data Journalism: TP=1, FP=0, FN=3, TN=16
  Class Half Data Journalism: TP=1, FP=2, FN=1, TN=16
  Class Not Data Journalism: TP=14, FP=2, FN=0, TN=4
----------------------------------------
Fold finished F1 Score: 0.8266666666666668 None
Fold 2/5
Loading model from HPC local scratch: /tmp/shapovalov_setfit_model_cache_1387365
{'embedding_loss': 0.3706, 'grad_norm': 3.2043991088867188, 'learning_rate': 0.0, 'epoch': 0.01}
{'embedding_loss': 0.1545, 'grad_norm': 1.2442175149917603, 'learning_rate': 1.7685185185185187e-05, 'epoch': 0.62}
{'embedding_loss': 0.0344, 'grad_norm': 0.46935099363327026, 'learning_rate': 1.3055555555555557e-05, 'epoch': 1.25}
{'embedding_loss': 0.0249, 'grad_norm': 0.3180326819419861, 'learning_rate': 8.425925925925926e-06, 'epoch': 1.88}
{'embedding_loss': 0.0148, 'grad_norm': 0.37431642413139343, 'learning_rate': 3.796296296296297e-06, 'epoch': 2.5}
{'train_runtime': 186.3437, 'train_samples_per_second': 20.607, 'train_steps_per_second': 1.288, 'train_loss': 0.050162357091903684, 'epoch': 3.0}

🔍 Evaluation Metrics
----------------------------------------
📊 Label Distribution:
  Label Not Data Journalism: 14
  Label Data Journalism: 4
  Label Half Data Journalism: 2

✅ Overall Metrics:
  Accuracy : 0.8500
  Precision: 0.9000
  Recall   : 0.8500
  F1       : 0.8628

🧩 Confusion Matrix:
  [3, 1, 0]
  [0, 2, 0]
  [1, 1, 12]

📌 Per-Class Metrics:
  Class Data Journalism: TP=3, FP=1, FN=1, TN=15
  Class Half Data Journalism: TP=2, FP=2, FN=0, TN=16
  Class Not Data Journalism: TP=12, FP=0, FN=2, TN=6
----------------------------------------
Fold finished F1 Score: 0.8371794871794872 None
Fold 3/5
Loading model from HPC local scratch: /tmp/shapovalov_setfit_model_cache_1387365
{'embedding_loss': 0.3392, 'grad_norm': 2.816593647003174, 'learning_rate': 0.0, 'epoch': 0.01}
{'embedding_loss': 0.1533, 'grad_norm': 1.4565742015838623, 'learning_rate': 1.7685185185185187e-05, 'epoch': 0.62}
{'embedding_loss': 0.0301, 'grad_norm': 0.028422463685274124, 'learning_rate': 1.3055555555555557e-05, 'epoch': 1.25}
{'embedding_loss': 0.0152, 'grad_norm': 0.12420788407325745, 'learning_rate': 8.425925925925926e-06, 'epoch': 1.88}
{'embedding_loss': 0.0075, 'grad_norm': 0.08529823273420334, 'learning_rate': 3.796296296296297e-06, 'epoch': 2.5}
{'train_runtime': 188.304, 'train_samples_per_second': 20.393, 'train_steps_per_second': 1.275, 'train_loss': 0.04420492397621274, 'epoch': 3.0}

🔍 Evaluation Metrics
----------------------------------------
📊 Label Distribution:
  Label Not Data Journalism: 13
  Label Half Data Journalism: 2
  Label Data Journalism: 5

✅ Overall Metrics:
  Accuracy : 0.8000
  Precision: 0.8708
  Recall   : 0.8000
  F1       : 0.8276

🧩 Confusion Matrix:
  [4, 1, 0]
  [0, 1, 1]
  [0, 2, 11]

📌 Per-Class Metrics:
  Class Data Journalism: TP=4, FP=0, FN=1, TN=15
  Class Half Data Journalism: TP=1, FP=3, FN=1, TN=15
  Class Not Data Journalism: TP=11, FP=1, FN=2, TN=6
----------------------------------------
Fold finished F1 Score: 0.7724444444444444 None
Fold 4/5
Loading model from HPC local scratch: /tmp/shapovalov_setfit_model_cache_1387365
{'embedding_loss': 0.2864, 'grad_norm': 2.9529924392700195, 'learning_rate': 0.0, 'epoch': 0.01}
{'embedding_loss': 0.1543, 'grad_norm': 0.8335371017456055, 'learning_rate': 1.7685185185185187e-05, 'epoch': 0.62}
{'embedding_loss': 0.0251, 'grad_norm': 0.09787995368242264, 'learning_rate': 1.3055555555555557e-05, 'epoch': 1.25}
{'embedding_loss': 0.0106, 'grad_norm': 1.250091791152954, 'learning_rate': 8.425925925925926e-06, 'epoch': 1.88}
{'embedding_loss': 0.002, 'grad_norm': 0.3062531054019928, 'learning_rate': 3.796296296296297e-06, 'epoch': 2.5}
{'train_runtime': 188.5995, 'train_samples_per_second': 20.361, 'train_steps_per_second': 1.273, 'train_loss': 0.04092647215972344, 'epoch': 3.0}

🔍 Evaluation Metrics
----------------------------------------
📊 Label Distribution:
  Label Not Data Journalism: 13
  Label Data Journalism: 4
  Label Half Data Journalism: 3

✅ Overall Metrics:
  Accuracy : 0.8000
  Precision: 0.7171
  Recall   : 0.8000
  F1       : 0.7556

🧩 Confusion Matrix:
  [4, 0, 0]
  [1, 0, 2]
  [0, 1, 12]

📌 Per-Class Metrics:
  Class Data Journalism: TP=4, FP=1, FN=0, TN=15
  Class Half Data Journalism: TP=0, FP=1, FN=3, TN=16
  Class Not Data Journalism: TP=12, FP=2, FN=1, TN=5
----------------------------------------
Fold finished F1 Score: 0.8444444444444443 None
Fold 5/5
Loading model from HPC local scratch: /tmp/shapovalov_setfit_model_cache_1387365
{'embedding_loss': 0.392, 'grad_norm': 2.9009206295013428, 'learning_rate': 0.0, 'epoch': 0.01}
{'embedding_loss': 0.1519, 'grad_norm': 0.7957608699798584, 'learning_rate': 1.7685185185185187e-05, 'epoch': 0.62}
{'embedding_loss': 0.0202, 'grad_norm': 0.2933466136455536, 'learning_rate': 1.3055555555555557e-05, 'epoch': 1.25}
{'embedding_loss': 0.0054, 'grad_norm': 0.05235496535897255, 'learning_rate': 8.425925925925926e-06, 'epoch': 1.88}
{'embedding_loss': 0.0011, 'grad_norm': 0.017965003848075867, 'learning_rate': 3.796296296296297e-06, 'epoch': 2.5}
{'train_runtime': 189.2051, 'train_samples_per_second': 20.295, 'train_steps_per_second': 1.268, 'train_loss': 0.03831217631231994, 'epoch': 3.0}

🔍 Evaluation Metrics
----------------------------------------
📊 Label Distribution:
  Label Not Data Journalism: 13
  Label Data Journalism: 4
  Label Half Data Journalism: 3

✅ Overall Metrics:
  Accuracy : 0.7000
  Precision: 0.5971
  Recall   : 0.7000
  F1       : 0.6300

🧩 Confusion Matrix:
  [1, 1, 2]
  [1, 0, 2]
  [0, 0, 13]

📌 Per-Class Metrics:
  Class Data Journalism: TP=1, FP=1, FN=3, TN=15
  Class Half Data Journalism: TP=0, FP=1, FN=3, TN=16
  Class Not Data Journalism: TP=13, FP=4, FN=0, TN=3
----------------------------------------
Fold finished F1 Score: 0.77 None
Average VRAM usage: 5477.71 MB, Max VRAM usage: 19940.12 MB
Trial 64 completed with avg fold F1 score: 0.8101470085470087
Trial 65: {'num_iterations': 8, 'num_epochs': 3, 'batch_size': 16, 'head_lr': 1.2015816197604179e-05}
Fold 1/5
Loading model from HPC local scratch: /tmp/shapovalov_setfit_model_cache_1387365
{'embedding_loss': 0.3451, 'grad_norm': 2.896070718765259, 'learning_rate': 0.0, 'epoch': 0.01}
{'embedding_loss': 0.1644, 'grad_norm': 0.5815149545669556, 'learning_rate': 1.7685185185185187e-05, 'epoch': 0.62}
{'embedding_loss': 0.0281, 'grad_norm': 0.13028492033481598, 'learning_rate': 1.3055555555555557e-05, 'epoch': 1.25}
{'embedding_loss': 0.0243, 'grad_norm': 0.2615799307823181, 'learning_rate': 8.425925925925926e-06, 'epoch': 1.88}
{'embedding_loss': 0.0111, 'grad_norm': 0.04009565711021423, 'learning_rate': 3.796296296296297e-06, 'epoch': 2.5}
{'train_runtime': 185.9249, 'train_samples_per_second': 20.654, 'train_steps_per_second': 1.291, 'train_loss': 0.04918667133897543, 'epoch': 3.0}

🔍 Evaluation Metrics
----------------------------------------
📊 Label Distribution:
  Label Data Journalism: 4
  Label Half Data Journalism: 2
  Label Not Data Journalism: 14

✅ Overall Metrics:
  Accuracy : 0.8000
  Precision: 0.8458
  Recall   : 0.8000
  F1       : 0.7733

🧩 Confusion Matrix:
  [1, 2, 1]
  [0, 1, 1]
  [0, 0, 14]

📌 Per-Class Metrics:
  Class Data Journalism: TP=1, FP=0, FN=3, TN=16
  Class Half Data Journalism: TP=1, FP=2, FN=1, TN=16
  Class Not Data Journalism: TP=14, FP=2, FN=0, TN=4
----------------------------------------
Fold finished F1 Score: 0.8266666666666668 None
Fold 2/5
Loading model from HPC local scratch: /tmp/shapovalov_setfit_model_cache_1387365
{'embedding_loss': 0.3706, 'grad_norm': 3.2043991088867188, 'learning_rate': 0.0, 'epoch': 0.01}
{'embedding_loss': 0.1545, 'grad_norm': 1.2442175149917603, 'learning_rate': 1.7685185185185187e-05, 'epoch': 0.62}
{'embedding_loss': 0.0344, 'grad_norm': 0.46935099363327026, 'learning_rate': 1.3055555555555557e-05, 'epoch': 1.25}
{'embedding_loss': 0.0249, 'grad_norm': 0.3180326819419861, 'learning_rate': 8.425925925925926e-06, 'epoch': 1.88}
{'embedding_loss': 0.0148, 'grad_norm': 0.37431642413139343, 'learning_rate': 3.796296296296297e-06, 'epoch': 2.5}
{'train_runtime': 186.9113, 'train_samples_per_second': 20.545, 'train_steps_per_second': 1.284, 'train_loss': 0.050162357091903684, 'epoch': 3.0}

🔍 Evaluation Metrics
----------------------------------------
📊 Label Distribution:
  Label Not Data Journalism: 14
  Label Data Journalism: 4
  Label Half Data Journalism: 2

✅ Overall Metrics:
  Accuracy : 0.8500
  Precision: 0.9000
  Recall   : 0.8500
  F1       : 0.8628

🧩 Confusion Matrix:
  [3, 1, 0]
  [0, 2, 0]
  [1, 1, 12]

📌 Per-Class Metrics:
  Class Data Journalism: TP=3, FP=1, FN=1, TN=15
  Class Half Data Journalism: TP=2, FP=2, FN=0, TN=16
  Class Not Data Journalism: TP=12, FP=0, FN=2, TN=6
----------------------------------------
Fold finished F1 Score: 0.8371794871794872 None
Fold 3/5
Loading model from HPC local scratch: /tmp/shapovalov_setfit_model_cache_1387365
{'embedding_loss': 0.3392, 'grad_norm': 2.816593647003174, 'learning_rate': 0.0, 'epoch': 0.01}
{'embedding_loss': 0.1533, 'grad_norm': 1.4565742015838623, 'learning_rate': 1.7685185185185187e-05, 'epoch': 0.62}
{'embedding_loss': 0.0301, 'grad_norm': 0.028422463685274124, 'learning_rate': 1.3055555555555557e-05, 'epoch': 1.25}
{'embedding_loss': 0.0152, 'grad_norm': 0.12420788407325745, 'learning_rate': 8.425925925925926e-06, 'epoch': 1.88}
{'embedding_loss': 0.0075, 'grad_norm': 0.08529823273420334, 'learning_rate': 3.796296296296297e-06, 'epoch': 2.5}
{'train_runtime': 188.2487, 'train_samples_per_second': 20.399, 'train_steps_per_second': 1.275, 'train_loss': 0.04420492397621274, 'epoch': 3.0}

🔍 Evaluation Metrics
----------------------------------------
📊 Label Distribution:
  Label Not Data Journalism: 13
  Label Half Data Journalism: 2
  Label Data Journalism: 5

✅ Overall Metrics:
  Accuracy : 0.8000
  Precision: 0.8708
  Recall   : 0.8000
  F1       : 0.8276

🧩 Confusion Matrix:
  [4, 1, 0]
  [0, 1, 1]
  [0, 2, 11]

📌 Per-Class Metrics:
  Class Data Journalism: TP=4, FP=0, FN=1, TN=15
  Class Half Data Journalism: TP=1, FP=3, FN=1, TN=15
  Class Not Data Journalism: TP=11, FP=1, FN=2, TN=6
----------------------------------------
Fold finished F1 Score: 0.7724444444444444 None
Fold 4/5
Loading model from HPC local scratch: /tmp/shapovalov_setfit_model_cache_1387365
{'embedding_loss': 0.2864, 'grad_norm': 2.9529924392700195, 'learning_rate': 0.0, 'epoch': 0.01}
{'embedding_loss': 0.1543, 'grad_norm': 0.8335371017456055, 'learning_rate': 1.7685185185185187e-05, 'epoch': 0.62}
{'embedding_loss': 0.0251, 'grad_norm': 0.09787995368242264, 'learning_rate': 1.3055555555555557e-05, 'epoch': 1.25}
{'embedding_loss': 0.0106, 'grad_norm': 1.250091791152954, 'learning_rate': 8.425925925925926e-06, 'epoch': 1.88}
{'embedding_loss': 0.002, 'grad_norm': 0.3062531054019928, 'learning_rate': 3.796296296296297e-06, 'epoch': 2.5}
{'train_runtime': 188.5719, 'train_samples_per_second': 20.364, 'train_steps_per_second': 1.273, 'train_loss': 0.04092647215972344, 'epoch': 3.0}

🔍 Evaluation Metrics
----------------------------------------
📊 Label Distribution:
  Label Not Data Journalism: 13
  Label Data Journalism: 4
  Label Half Data Journalism: 3

✅ Overall Metrics:
  Accuracy : 0.8000
  Precision: 0.7171
  Recall   : 0.8000
  F1       : 0.7556

🧩 Confusion Matrix:
  [4, 0, 0]
  [1, 0, 2]
  [0, 1, 12]

📌 Per-Class Metrics:
  Class Data Journalism: TP=4, FP=1, FN=0, TN=15
  Class Half Data Journalism: TP=0, FP=1, FN=3, TN=16
  Class Not Data Journalism: TP=12, FP=2, FN=1, TN=5
----------------------------------------
Fold finished F1 Score: 0.8444444444444443 None
Fold 5/5
Loading model from HPC local scratch: /tmp/shapovalov_setfit_model_cache_1387365
{'embedding_loss': 0.392, 'grad_norm': 2.9009206295013428, 'learning_rate': 0.0, 'epoch': 0.01}
{'embedding_loss': 0.1519, 'grad_norm': 0.7957608699798584, 'learning_rate': 1.7685185185185187e-05, 'epoch': 0.62}
{'embedding_loss': 0.0202, 'grad_norm': 0.2933466136455536, 'learning_rate': 1.3055555555555557e-05, 'epoch': 1.25}
{'embedding_loss': 0.0054, 'grad_norm': 0.05235496535897255, 'learning_rate': 8.425925925925926e-06, 'epoch': 1.88}
{'embedding_loss': 0.0011, 'grad_norm': 0.017965003848075867, 'learning_rate': 3.796296296296297e-06, 'epoch': 2.5}
{'train_runtime': 189.8452, 'train_samples_per_second': 20.227, 'train_steps_per_second': 1.264, 'train_loss': 0.03831217631231994, 'epoch': 3.0}

🔍 Evaluation Metrics
----------------------------------------
📊 Label Distribution:
  Label Not Data Journalism: 13
  Label Data Journalism: 4
  Label Half Data Journalism: 3

✅ Overall Metrics:
  Accuracy : 0.7000
  Precision: 0.5971
  Recall   : 0.7000
  F1       : 0.6300

🧩 Confusion Matrix:
  [1, 1, 2]
  [1, 0, 2]
  [0, 0, 13]

📌 Per-Class Metrics:
  Class Data Journalism: TP=1, FP=1, FN=3, TN=15
  Class Half Data Journalism: TP=0, FP=1, FN=3, TN=16
  Class Not Data Journalism: TP=13, FP=4, FN=0, TN=3
----------------------------------------
Fold finished F1 Score: 0.77 None
Average VRAM usage: 5546.45 MB, Max VRAM usage: 21284.26 MB
Trial 65 completed with avg fold F1 score: 0.8101470085470087
Trial 66: {'num_iterations': 8, 'num_epochs': 3, 'batch_size': 16, 'head_lr': 0.0008037164015187204}
Fold 1/5
Loading model from HPC local scratch: /tmp/shapovalov_setfit_model_cache_1387365
{'embedding_loss': 0.3451, 'grad_norm': 2.896070718765259, 'learning_rate': 0.0, 'epoch': 0.01}
{'embedding_loss': 0.1644, 'grad_norm': 0.5815149545669556, 'learning_rate': 1.7685185185185187e-05, 'epoch': 0.62}
{'embedding_loss': 0.0281, 'grad_norm': 0.13028492033481598, 'learning_rate': 1.3055555555555557e-05, 'epoch': 1.25}
{'embedding_loss': 0.0243, 'grad_norm': 0.2615799307823181, 'learning_rate': 8.425925925925926e-06, 'epoch': 1.88}
{'embedding_loss': 0.0111, 'grad_norm': 0.04009565711021423, 'learning_rate': 3.796296296296297e-06, 'epoch': 2.5}
{'train_runtime': 186.7788, 'train_samples_per_second': 20.559, 'train_steps_per_second': 1.285, 'train_loss': 0.04918667133897543, 'epoch': 3.0}

🔍 Evaluation Metrics
----------------------------------------
📊 Label Distribution:
  Label Data Journalism: 4
  Label Half Data Journalism: 2
  Label Not Data Journalism: 14

✅ Overall Metrics:
  Accuracy : 0.8000
  Precision: 0.8458
  Recall   : 0.8000
  F1       : 0.7733

🧩 Confusion Matrix:
  [1, 2, 1]
  [0, 1, 1]
  [0, 0, 14]

📌 Per-Class Metrics:
  Class Data Journalism: TP=1, FP=0, FN=3, TN=16
  Class Half Data Journalism: TP=1, FP=2, FN=1, TN=16
  Class Not Data Journalism: TP=14, FP=2, FN=0, TN=4
----------------------------------------
Fold finished F1 Score: 0.8266666666666668 None
Fold 2/5
Loading model from HPC local scratch: /tmp/shapovalov_setfit_model_cache_1387365
{'embedding_loss': 0.3706, 'grad_norm': 3.2043991088867188, 'learning_rate': 0.0, 'epoch': 0.01}
{'embedding_loss': 0.1545, 'grad_norm': 1.2442175149917603, 'learning_rate': 1.7685185185185187e-05, 'epoch': 0.62}
{'embedding_loss': 0.0344, 'grad_norm': 0.46935099363327026, 'learning_rate': 1.3055555555555557e-05, 'epoch': 1.25}
{'embedding_loss': 0.0249, 'grad_norm': 0.3180326819419861, 'learning_rate': 8.425925925925926e-06, 'epoch': 1.88}
{'embedding_loss': 0.0148, 'grad_norm': 0.37431642413139343, 'learning_rate': 3.796296296296297e-06, 'epoch': 2.5}
{'train_runtime': 187.057, 'train_samples_per_second': 20.529, 'train_steps_per_second': 1.283, 'train_loss': 0.050162357091903684, 'epoch': 3.0}

🔍 Evaluation Metrics
----------------------------------------
📊 Label Distribution:
  Label Not Data Journalism: 14
  Label Data Journalism: 4
  Label Half Data Journalism: 2

✅ Overall Metrics:
  Accuracy : 0.8500
  Precision: 0.9000
  Recall   : 0.8500
  F1       : 0.8628

🧩 Confusion Matrix:
  [3, 1, 0]
  [0, 2, 0]
  [1, 1, 12]

📌 Per-Class Metrics:
  Class Data Journalism: TP=3, FP=1, FN=1, TN=15
  Class Half Data Journalism: TP=2, FP=2, FN=0, TN=16
  Class Not Data Journalism: TP=12, FP=0, FN=2, TN=6
----------------------------------------
Fold finished F1 Score: 0.8371794871794872 None
Fold 3/5
Loading model from HPC local scratch: /tmp/shapovalov_setfit_model_cache_1387365
{'embedding_loss': 0.3392, 'grad_norm': 2.816593647003174, 'learning_rate': 0.0, 'epoch': 0.01}
{'embedding_loss': 0.1533, 'grad_norm': 1.4565742015838623, 'learning_rate': 1.7685185185185187e-05, 'epoch': 0.62}
{'embedding_loss': 0.0301, 'grad_norm': 0.028422463685274124, 'learning_rate': 1.3055555555555557e-05, 'epoch': 1.25}
{'embedding_loss': 0.0152, 'grad_norm': 0.12420788407325745, 'learning_rate': 8.425925925925926e-06, 'epoch': 1.88}
{'embedding_loss': 0.0075, 'grad_norm': 0.08529823273420334, 'learning_rate': 3.796296296296297e-06, 'epoch': 2.5}
{'train_runtime': 189.8807, 'train_samples_per_second': 20.223, 'train_steps_per_second': 1.264, 'train_loss': 0.04420492397621274, 'epoch': 3.0}

🔍 Evaluation Metrics
----------------------------------------
📊 Label Distribution:
  Label Not Data Journalism: 13
  Label Half Data Journalism: 2
  Label Data Journalism: 5

✅ Overall Metrics:
  Accuracy : 0.8000
  Precision: 0.8708
  Recall   : 0.8000
  F1       : 0.8276

🧩 Confusion Matrix:
  [4, 1, 0]
  [0, 1, 1]
  [0, 2, 11]

📌 Per-Class Metrics:
  Class Data Journalism: TP=4, FP=0, FN=1, TN=15
  Class Half Data Journalism: TP=1, FP=3, FN=1, TN=15
  Class Not Data Journalism: TP=11, FP=1, FN=2, TN=6
----------------------------------------
Fold finished F1 Score: 0.7724444444444444 None
Fold 4/5
Loading model from HPC local scratch: /tmp/shapovalov_setfit_model_cache_1387365
{'embedding_loss': 0.2864, 'grad_norm': 2.9529924392700195, 'learning_rate': 0.0, 'epoch': 0.01}
{'embedding_loss': 0.1543, 'grad_norm': 0.8335371017456055, 'learning_rate': 1.7685185185185187e-05, 'epoch': 0.62}
{'embedding_loss': 0.0251, 'grad_norm': 0.09787995368242264, 'learning_rate': 1.3055555555555557e-05, 'epoch': 1.25}
{'embedding_loss': 0.0106, 'grad_norm': 1.250091791152954, 'learning_rate': 8.425925925925926e-06, 'epoch': 1.88}
{'embedding_loss': 0.002, 'grad_norm': 0.3062531054019928, 'learning_rate': 3.796296296296297e-06, 'epoch': 2.5}
{'train_runtime': 190.4677, 'train_samples_per_second': 20.161, 'train_steps_per_second': 1.26, 'train_loss': 0.04092647215972344, 'epoch': 3.0}

🔍 Evaluation Metrics
----------------------------------------
📊 Label Distribution:
  Label Not Data Journalism: 13
  Label Data Journalism: 4
  Label Half Data Journalism: 3

✅ Overall Metrics:
  Accuracy : 0.8000
  Precision: 0.7171
  Recall   : 0.8000
  F1       : 0.7556

🧩 Confusion Matrix:
  [4, 0, 0]
  [1, 0, 2]
  [0, 1, 12]

📌 Per-Class Metrics:
  Class Data Journalism: TP=4, FP=1, FN=0, TN=15
  Class Half Data Journalism: TP=0, FP=1, FN=3, TN=16
  Class Not Data Journalism: TP=12, FP=2, FN=1, TN=5
----------------------------------------
Fold finished F1 Score: 0.8444444444444443 None
Fold 5/5
Loading model from HPC local scratch: /tmp/shapovalov_setfit_model_cache_1387365
{'embedding_loss': 0.392, 'grad_norm': 2.9009206295013428, 'learning_rate': 0.0, 'epoch': 0.01}
{'embedding_loss': 0.1519, 'grad_norm': 0.7957608699798584, 'learning_rate': 1.7685185185185187e-05, 'epoch': 0.62}
{'embedding_loss': 0.0202, 'grad_norm': 0.2933466136455536, 'learning_rate': 1.3055555555555557e-05, 'epoch': 1.25}
{'embedding_loss': 0.0054, 'grad_norm': 0.05235496535897255, 'learning_rate': 8.425925925925926e-06, 'epoch': 1.88}
{'embedding_loss': 0.0011, 'grad_norm': 0.017965003848075867, 'learning_rate': 3.796296296296297e-06, 'epoch': 2.5}
{'train_runtime': 188.4863, 'train_samples_per_second': 20.373, 'train_steps_per_second': 1.273, 'train_loss': 0.03831217631231994, 'epoch': 3.0}

🔍 Evaluation Metrics
----------------------------------------
📊 Label Distribution:
  Label Not Data Journalism: 13
  Label Data Journalism: 4
  Label Half Data Journalism: 3

✅ Overall Metrics:
  Accuracy : 0.7000
  Precision: 0.5971
  Recall   : 0.7000
  F1       : 0.6300

🧩 Confusion Matrix:
  [1, 1, 2]
  [1, 0, 2]
  [0, 0, 13]

📌 Per-Class Metrics:
  Class Data Journalism: TP=1, FP=1, FN=3, TN=15
  Class Half Data Journalism: TP=0, FP=1, FN=3, TN=16
  Class Not Data Journalism: TP=13, FP=4, FN=0, TN=3
----------------------------------------
Fold finished F1 Score: 0.77 None
Average VRAM usage: 5063.93 MB, Max VRAM usage: 21051.83 MB
Trial 66 completed with avg fold F1 score: 0.8101470085470087
Trial 67: {'num_iterations': 9, 'num_epochs': 3, 'batch_size': 16, 'head_lr': 2.127687891315899e-05}
Fold 1/5
Loading model from HPC local scratch: /tmp/shapovalov_setfit_model_cache_1387365
{'embedding_loss': 0.3055, 'grad_norm': 2.91137433052063, 'learning_rate': 0.0, 'epoch': 0.01}
{'embedding_loss': 0.1635, 'grad_norm': 1.1010459661483765, 'learning_rate': 1.8189300411522635e-05, 'epoch': 0.56}
{'embedding_loss': 0.0382, 'grad_norm': 1.1430509090423584, 'learning_rate': 1.4074074074074075e-05, 'epoch': 1.11}
{'embedding_loss': 0.0262, 'grad_norm': 0.38822174072265625, 'learning_rate': 9.958847736625515e-06, 'epoch': 1.67}
{'embedding_loss': 0.0097, 'grad_norm': 0.43022647500038147, 'learning_rate': 5.843621399176955e-06, 'epoch': 2.22}
{'embedding_loss': 0.0072, 'grad_norm': 0.01846178248524666, 'learning_rate': 1.7283950617283952e-06, 'epoch': 2.78}
{'train_runtime': 206.1828, 'train_samples_per_second': 20.952, 'train_steps_per_second': 1.31, 'train_loss': 0.04612644690054434, 'epoch': 3.0}

🔍 Evaluation Metrics
----------------------------------------
📊 Label Distribution:
  Label Data Journalism: 4
  Label Half Data Journalism: 2
  Label Not Data Journalism: 14

✅ Overall Metrics:
  Accuracy : 0.8000
  Precision: 0.8783
  Recall   : 0.8000
  F1       : 0.7892

🧩 Confusion Matrix:
  [1, 3, 0]
  [0, 1, 1]
  [0, 0, 14]

📌 Per-Class Metrics:
  Class Data Journalism: TP=1, FP=0, FN=3, TN=16
  Class Half Data Journalism: TP=1, FP=3, FN=1, TN=15
  Class Not Data Journalism: TP=14, FP=1, FN=0, TN=5
----------------------------------------
Fold finished F1 Score: 0.8108045977011494 None
Fold 2/5
Loading model from HPC local scratch: /tmp/shapovalov_setfit_model_cache_1387365
{'embedding_loss': 0.3031, 'grad_norm': 2.697917938232422, 'learning_rate': 0.0, 'epoch': 0.01}
{'embedding_loss': 0.1629, 'grad_norm': 1.2864246368408203, 'learning_rate': 1.8189300411522635e-05, 'epoch': 0.56}
{'embedding_loss': 0.0387, 'grad_norm': 0.5445811152458191, 'learning_rate': 1.4074074074074075e-05, 'epoch': 1.11}
{'embedding_loss': 0.0173, 'grad_norm': 0.4253438711166382, 'learning_rate': 9.958847736625515e-06, 'epoch': 1.67}
{'embedding_loss': 0.009, 'grad_norm': 0.023056894540786743, 'learning_rate': 5.843621399176955e-06, 'epoch': 2.22}
{'embedding_loss': 0.0036, 'grad_norm': 0.05188620835542679, 'learning_rate': 1.7283950617283952e-06, 'epoch': 2.78}
{'train_runtime': 206.0373, 'train_samples_per_second': 20.967, 'train_steps_per_second': 1.31, 'train_loss': 0.04360533784385081, 'epoch': 3.0}

🔍 Evaluation Metrics
----------------------------------------
📊 Label Distribution:
  Label Not Data Journalism: 14
  Label Data Journalism: 4
  Label Half Data Journalism: 2

✅ Overall Metrics:
  Accuracy : 0.8000
  Precision: 0.8900
  Recall   : 0.8000
  F1       : 0.8231

🧩 Confusion Matrix:
  [3, 1, 0]
  [0, 2, 0]
  [1, 2, 11]

📌 Per-Class Metrics:
  Class Data Journalism: TP=3, FP=1, FN=1, TN=15
  Class Half Data Journalism: TP=2, FP=3, FN=0, TN=15
  Class Not Data Journalism: TP=11, FP=0, FN=3, TN=6
----------------------------------------
Fold finished F1 Score: 0.7768571428571429 None
Fold 3/5
Loading model from HPC local scratch: /tmp/shapovalov_setfit_model_cache_1387365
{'embedding_loss': 0.3434, 'grad_norm': 3.14304518699646, 'learning_rate': 0.0, 'epoch': 0.01}
{'embedding_loss': 0.1601, 'grad_norm': 1.7531856298446655, 'learning_rate': 1.8189300411522635e-05, 'epoch': 0.56}
{'embedding_loss': 0.0294, 'grad_norm': 0.15435951948165894, 'learning_rate': 1.4074074074074075e-05, 'epoch': 1.11}
{'embedding_loss': 0.0182, 'grad_norm': 0.7828260660171509, 'learning_rate': 9.958847736625515e-06, 'epoch': 1.67}
{'embedding_loss': 0.0099, 'grad_norm': 0.11260239779949188, 'learning_rate': 5.843621399176955e-06, 'epoch': 2.22}
{'embedding_loss': 0.0021, 'grad_norm': 0.27623286843299866, 'learning_rate': 1.7283950617283952e-06, 'epoch': 2.78}
{'train_runtime': 208.9763, 'train_samples_per_second': 20.672, 'train_steps_per_second': 1.292, 'train_loss': 0.0417670167154736, 'epoch': 3.0}

🔍 Evaluation Metrics
----------------------------------------
📊 Label Distribution:
  Label Not Data Journalism: 13
  Label Half Data Journalism: 2
  Label Data Journalism: 5

✅ Overall Metrics:
  Accuracy : 0.6500
  Precision: 0.7292
  Recall   : 0.6500
  F1       : 0.6867

🧩 Confusion Matrix:
  [3, 1, 1]
  [1, 0, 1]
  [0, 3, 10]

📌 Per-Class Metrics:
  Class Data Journalism: TP=3, FP=1, FN=2, TN=14
  Class Half Data Journalism: TP=0, FP=4, FN=2, TN=14
  Class Not Data Journalism: TP=10, FP=2, FN=3, TN=5
----------------------------------------
Fold finished F1 Score: 0.6133333333333334 None
Fold 4/5
Loading model from HPC local scratch: /tmp/shapovalov_setfit_model_cache_1387365
{'embedding_loss': 0.3821, 'grad_norm': 3.3300387859344482, 'learning_rate': 0.0, 'epoch': 0.01}
{'embedding_loss': 0.1472, 'grad_norm': 0.38713881373405457, 'learning_rate': 1.8189300411522635e-05, 'epoch': 0.56}
{'embedding_loss': 0.0282, 'grad_norm': 0.9441004395484924, 'learning_rate': 1.4074074074074075e-05, 'epoch': 1.11}
{'embedding_loss': 0.0085, 'grad_norm': 0.11811885237693787, 'learning_rate': 9.958847736625515e-06, 'epoch': 1.67}
{'embedding_loss': 0.0042, 'grad_norm': 0.10699252784252167, 'learning_rate': 5.843621399176955e-06, 'epoch': 2.22}
{'embedding_loss': 0.0019, 'grad_norm': 0.08044295758008957, 'learning_rate': 1.7283950617283952e-06, 'epoch': 2.78}
{'train_runtime': 207.7158, 'train_samples_per_second': 20.798, 'train_steps_per_second': 1.3, 'train_loss': 0.03612085656711349, 'epoch': 3.0}

🔍 Evaluation Metrics
----------------------------------------
📊 Label Distribution:
  Label Not Data Journalism: 13
  Label Data Journalism: 4
  Label Half Data Journalism: 3

✅ Overall Metrics:
  Accuracy : 0.8000
  Precision: 0.7171
  Recall   : 0.8000
  F1       : 0.7556

🧩 Confusion Matrix:
  [4, 0, 0]
  [1, 0, 2]
  [0, 1, 12]

📌 Per-Class Metrics:
  Class Data Journalism: TP=4, FP=1, FN=0, TN=15
  Class Half Data Journalism: TP=0, FP=1, FN=3, TN=16
  Class Not Data Journalism: TP=12, FP=2, FN=1, TN=5
----------------------------------------
Fold finished F1 Score: 0.8444444444444443 None
Fold 5/5
Loading model from HPC local scratch: /tmp/shapovalov_setfit_model_cache_1387365
{'embedding_loss': 0.3429, 'grad_norm': 2.7064952850341797, 'learning_rate': 0.0, 'epoch': 0.01}
{'embedding_loss': 0.1563, 'grad_norm': 8.548178672790527, 'learning_rate': 1.8189300411522635e-05, 'epoch': 0.56}
{'embedding_loss': 0.027, 'grad_norm': 0.4518713653087616, 'learning_rate': 1.4074074074074075e-05, 'epoch': 1.11}
{'embedding_loss': 0.0056, 'grad_norm': 0.05060301348567009, 'learning_rate': 9.958847736625515e-06, 'epoch': 1.67}
{'embedding_loss': 0.0007, 'grad_norm': 0.007332084234803915, 'learning_rate': 5.843621399176955e-06, 'epoch': 2.22}
{'embedding_loss': 0.0011, 'grad_norm': 0.08425702899694443, 'learning_rate': 1.7283950617283952e-06, 'epoch': 2.78}
{'train_runtime': 209.4376, 'train_samples_per_second': 20.627, 'train_steps_per_second': 1.289, 'train_loss': 0.03603820821477307, 'epoch': 3.0}

🔍 Evaluation Metrics
----------------------------------------
📊 Label Distribution:
  Label Not Data Journalism: 13
  Label Data Journalism: 4
  Label Half Data Journalism: 3

✅ Overall Metrics:
  Accuracy : 0.7000
  Precision: 0.6281
  Recall   : 0.7000
  F1       : 0.6494

🧩 Confusion Matrix:
  [1, 2, 1]
  [1, 0, 2]
  [0, 0, 13]

📌 Per-Class Metrics:
  Class Data Journalism: TP=1, FP=1, FN=3, TN=15
  Class Half Data Journalism: TP=0, FP=2, FN=3, TN=15
  Class Not Data Journalism: TP=13, FP=3, FN=0, TN=4
----------------------------------------
Fold finished F1 Score: 0.7505747126436781 None
Average VRAM usage: 5830.74 MB, Max VRAM usage: 21440.97 MB
Trial 67 completed with avg fold F1 score: 0.7592028461959497
Trial 68: {'num_iterations': 8, 'num_epochs': 2, 'batch_size': 16, 'head_lr': 0.00013119782364669566}
Fold 1/5
Loading model from HPC local scratch: /tmp/shapovalov_setfit_model_cache_1387365
{'embedding_loss': 0.3451, 'grad_norm': 2.896070718765259, 'learning_rate': 0.0, 'epoch': 0.01}
{'embedding_loss': 0.1516, 'grad_norm': 0.5752060413360596, 'learning_rate': 1.5416666666666668e-05, 'epoch': 0.62}
{'embedding_loss': 0.0274, 'grad_norm': 0.05379689484834671, 'learning_rate': 8.472222222222223e-06, 'epoch': 1.25}
{'embedding_loss': 0.025, 'grad_norm': 0.3829774260520935, 'learning_rate': 1.527777777777778e-06, 'epoch': 1.88}
{'train_runtime': 121.6669, 'train_samples_per_second': 21.041, 'train_steps_per_second': 1.315, 'train_loss': 0.06648770878091455, 'epoch': 2.0}

🔍 Evaluation Metrics
----------------------------------------
📊 Label Distribution:
  Label Data Journalism: 4
  Label Half Data Journalism: 2
  Label Not Data Journalism: 14

✅ Overall Metrics:
  Accuracy : 0.8000
  Precision: 0.8458
  Recall   : 0.8000
  F1       : 0.7733

🧩 Confusion Matrix:
  [1, 2, 1]
  [0, 1, 1]
  [0, 0, 14]

📌 Per-Class Metrics:
  Class Data Journalism: TP=1, FP=0, FN=3, TN=16
  Class Half Data Journalism: TP=1, FP=2, FN=1, TN=16
  Class Not Data Journalism: TP=14, FP=2, FN=0, TN=4
----------------------------------------
Fold finished F1 Score: 0.8266666666666668 None
Fold 2/5
Loading model from HPC local scratch: /tmp/shapovalov_setfit_model_cache_1387365
{'embedding_loss': 0.3706, 'grad_norm': 3.2043991088867188, 'learning_rate': 0.0, 'epoch': 0.01}
{'embedding_loss': 0.1411, 'grad_norm': 1.0733898878097534, 'learning_rate': 1.5416666666666668e-05, 'epoch': 0.62}
{'embedding_loss': 0.0323, 'grad_norm': 0.49563542008399963, 'learning_rate': 8.472222222222223e-06, 'epoch': 1.25}
{'embedding_loss': 0.0255, 'grad_norm': 0.22552630305290222, 'learning_rate': 1.527777777777778e-06, 'epoch': 1.88}
{'train_runtime': 122.9025, 'train_samples_per_second': 20.83, 'train_steps_per_second': 1.302, 'train_loss': 0.06471095541492104, 'epoch': 2.0}

🔍 Evaluation Metrics
----------------------------------------
📊 Label Distribution:
  Label Not Data Journalism: 14
  Label Data Journalism: 4
  Label Half Data Journalism: 2

✅ Overall Metrics:
  Accuracy : 0.7500
  Precision: 0.8617
  Recall   : 0.7500
  F1       : 0.7923

🧩 Confusion Matrix:
  [3, 1, 0]
  [0, 1, 1]
  [0, 3, 11]

📌 Per-Class Metrics:
  Class Data Journalism: TP=3, FP=0, FN=1, TN=16
  Class Half Data Journalism: TP=1, FP=4, FN=1, TN=14
  Class Not Data Journalism: TP=11, FP=1, FN=3, TN=5
----------------------------------------
Fold finished F1 Score: 0.7076923076923076 None
Fold 3/5
Loading model from HPC local scratch: /tmp/shapovalov_setfit_model_cache_1387365
{'embedding_loss': 0.3392, 'grad_norm': 2.816593647003174, 'learning_rate': 0.0, 'epoch': 0.01}
{'embedding_loss': 0.1344, 'grad_norm': 1.0912376642227173, 'learning_rate': 1.5416666666666668e-05, 'epoch': 0.62}
{'embedding_loss': 0.0278, 'grad_norm': 0.03770431503653526, 'learning_rate': 8.472222222222223e-06, 'epoch': 1.25}
{'embedding_loss': 0.0151, 'grad_norm': 0.0682036280632019, 'learning_rate': 1.527777777777778e-06, 'epoch': 1.88}
{'train_runtime': 124.0248, 'train_samples_per_second': 20.641, 'train_steps_per_second': 1.29, 'train_loss': 0.057753275614231825, 'epoch': 2.0}

🔍 Evaluation Metrics
----------------------------------------
📊 Label Distribution:
  Label Not Data Journalism: 13
  Label Half Data Journalism: 2
  Label Data Journalism: 5

✅ Overall Metrics:
  Accuracy : 0.8500
  Precision: 0.8571
  Recall   : 0.8500
  F1       : 0.8500

🧩 Confusion Matrix:
  [4, 0, 1]
  [0, 1, 1]
  [0, 1, 12]

📌 Per-Class Metrics:
  Class Data Journalism: TP=4, FP=0, FN=1, TN=15
  Class Half Data Journalism: TP=1, FP=1, FN=1, TN=17
  Class Not Data Journalism: TP=12, FP=2, FN=1, TN=5
----------------------------------------
Fold finished F1 Score: 0.85 None
Fold 4/5
Loading model from HPC local scratch: /tmp/shapovalov_setfit_model_cache_1387365
{'embedding_loss': 0.2864, 'grad_norm': 2.9529924392700195, 'learning_rate': 0.0, 'epoch': 0.01}
{'embedding_loss': 0.1386, 'grad_norm': 0.7836949229240417, 'learning_rate': 1.5416666666666668e-05, 'epoch': 0.62}
{'embedding_loss': 0.0246, 'grad_norm': 0.15294700860977173, 'learning_rate': 8.472222222222223e-06, 'epoch': 1.25}
{'embedding_loss': 0.0121, 'grad_norm': 1.1332333087921143, 'learning_rate': 1.527777777777778e-06, 'epoch': 1.88}
{'train_runtime': 123.3906, 'train_samples_per_second': 20.747, 'train_steps_per_second': 1.297, 'train_loss': 0.056040085223503414, 'epoch': 2.0}

🔍 Evaluation Metrics
----------------------------------------
📊 Label Distribution:
  Label Not Data Journalism: 13
  Label Data Journalism: 4
  Label Half Data Journalism: 3

✅ Overall Metrics:
  Accuracy : 0.8000
  Precision: 0.7171
  Recall   : 0.8000
  F1       : 0.7556

🧩 Confusion Matrix:
  [4, 0, 0]
  [1, 0, 2]
  [0, 1, 12]

📌 Per-Class Metrics:
  Class Data Journalism: TP=4, FP=1, FN=0, TN=15
  Class Half Data Journalism: TP=0, FP=1, FN=3, TN=16
  Class Not Data Journalism: TP=12, FP=2, FN=1, TN=5
----------------------------------------
Fold finished F1 Score: 0.8444444444444443 None
Fold 5/5
Loading model from HPC local scratch: /tmp/shapovalov_setfit_model_cache_1387365
{'embedding_loss': 0.392, 'grad_norm': 2.9009206295013428, 'learning_rate': 0.0, 'epoch': 0.01}
{'embedding_loss': 0.1401, 'grad_norm': 0.591770589351654, 'learning_rate': 1.5416666666666668e-05, 'epoch': 0.62}
{'embedding_loss': 0.018, 'grad_norm': 0.32990825176239014, 'learning_rate': 8.472222222222223e-06, 'epoch': 1.25}
{'embedding_loss': 0.0082, 'grad_norm': 0.12503911554813385, 'learning_rate': 1.527777777777778e-06, 'epoch': 1.88}
{'train_runtime': 124.2124, 'train_samples_per_second': 20.61, 'train_steps_per_second': 1.288, 'train_loss': 0.0537567205959931, 'epoch': 2.0}

🔍 Evaluation Metrics
----------------------------------------
📊 Label Distribution:
  Label Not Data Journalism: 13
  Label Data Journalism: 4
  Label Half Data Journalism: 3

✅ Overall Metrics:
  Accuracy : 0.7000
  Precision: 0.5971
  Recall   : 0.7000
  F1       : 0.6300

🧩 Confusion Matrix:
  [1, 1, 2]
  [1, 0, 2]
  [0, 0, 13]

📌 Per-Class Metrics:
  Class Data Journalism: TP=1, FP=1, FN=3, TN=15
  Class Half Data Journalism: TP=0, FP=1, FN=3, TN=16
  Class Not Data Journalism: TP=13, FP=4, FN=0, TN=3
----------------------------------------
Fold finished F1 Score: 0.77 None
Average VRAM usage: 5271.45 MB, Max VRAM usage: 21261.75 MB
Trial 68 completed with avg fold F1 score: 0.7997606837606838
Trial 69: {'num_iterations': 8, 'num_epochs': 3, 'batch_size': 16, 'head_lr': 0.0020248596534503463}
Fold 1/5
Loading model from HPC local scratch: /tmp/shapovalov_setfit_model_cache_1387365
{'embedding_loss': 0.3451, 'grad_norm': 2.896070718765259, 'learning_rate': 0.0, 'epoch': 0.01}
{'embedding_loss': 0.1644, 'grad_norm': 0.5815149545669556, 'learning_rate': 1.7685185185185187e-05, 'epoch': 0.62}
{'embedding_loss': 0.0281, 'grad_norm': 0.13028492033481598, 'learning_rate': 1.3055555555555557e-05, 'epoch': 1.25}
{'embedding_loss': 0.0243, 'grad_norm': 0.2615799307823181, 'learning_rate': 8.425925925925926e-06, 'epoch': 1.88}
{'embedding_loss': 0.0111, 'grad_norm': 0.04009565711021423, 'learning_rate': 3.796296296296297e-06, 'epoch': 2.5}
{'train_runtime': 183.3086, 'train_samples_per_second': 20.948, 'train_steps_per_second': 1.309, 'train_loss': 0.04918667133897543, 'epoch': 3.0}

🔍 Evaluation Metrics
----------------------------------------
📊 Label Distribution:
  Label Data Journalism: 4
  Label Half Data Journalism: 2
  Label Not Data Journalism: 14

✅ Overall Metrics:
  Accuracy : 0.8000
  Precision: 0.8458
  Recall   : 0.8000
  F1       : 0.7733

🧩 Confusion Matrix:
  [1, 2, 1]
  [0, 1, 1]
  [0, 0, 14]

📌 Per-Class Metrics:
  Class Data Journalism: TP=1, FP=0, FN=3, TN=16
  Class Half Data Journalism: TP=1, FP=2, FN=1, TN=16
  Class Not Data Journalism: TP=14, FP=2, FN=0, TN=4
----------------------------------------
Fold finished F1 Score: 0.8266666666666668 None
Fold 2/5
Loading model from HPC local scratch: /tmp/shapovalov_setfit_model_cache_1387365
{'embedding_loss': 0.3706, 'grad_norm': 3.2043991088867188, 'learning_rate': 0.0, 'epoch': 0.01}
{'embedding_loss': 0.1545, 'grad_norm': 1.2442175149917603, 'learning_rate': 1.7685185185185187e-05, 'epoch': 0.62}
{'embedding_loss': 0.0344, 'grad_norm': 0.46935099363327026, 'learning_rate': 1.3055555555555557e-05, 'epoch': 1.25}
{'embedding_loss': 0.0249, 'grad_norm': 0.3180326819419861, 'learning_rate': 8.425925925925926e-06, 'epoch': 1.88}
{'embedding_loss': 0.0148, 'grad_norm': 0.37431642413139343, 'learning_rate': 3.796296296296297e-06, 'epoch': 2.5}
{'train_runtime': 184.242, 'train_samples_per_second': 20.842, 'train_steps_per_second': 1.303, 'train_loss': 0.050162357091903684, 'epoch': 3.0}

🔍 Evaluation Metrics
----------------------------------------
📊 Label Distribution:
  Label Not Data Journalism: 14
  Label Data Journalism: 4
  Label Half Data Journalism: 2

✅ Overall Metrics:
  Accuracy : 0.8500
  Precision: 0.9000
  Recall   : 0.8500
  F1       : 0.8628

🧩 Confusion Matrix:
  [3, 1, 0]
  [0, 2, 0]
  [1, 1, 12]

📌 Per-Class Metrics:
  Class Data Journalism: TP=3, FP=1, FN=1, TN=15
  Class Half Data Journalism: TP=2, FP=2, FN=0, TN=16
  Class Not Data Journalism: TP=12, FP=0, FN=2, TN=6
----------------------------------------
Fold finished F1 Score: 0.8371794871794872 None
Fold 3/5
Loading model from HPC local scratch: /tmp/shapovalov_setfit_model_cache_1387365
{'embedding_loss': 0.3392, 'grad_norm': 2.816593647003174, 'learning_rate': 0.0, 'epoch': 0.01}
{'embedding_loss': 0.1533, 'grad_norm': 1.4565742015838623, 'learning_rate': 1.7685185185185187e-05, 'epoch': 0.62}
{'embedding_loss': 0.0301, 'grad_norm': 0.028422463685274124, 'learning_rate': 1.3055555555555557e-05, 'epoch': 1.25}
{'embedding_loss': 0.0152, 'grad_norm': 0.12420788407325745, 'learning_rate': 8.425925925925926e-06, 'epoch': 1.88}
{'embedding_loss': 0.0075, 'grad_norm': 0.08529823273420334, 'learning_rate': 3.796296296296297e-06, 'epoch': 2.5}
{'train_runtime': 189.7073, 'train_samples_per_second': 20.242, 'train_steps_per_second': 1.265, 'train_loss': 0.04420492397621274, 'epoch': 3.0}

🔍 Evaluation Metrics
----------------------------------------
📊 Label Distribution:
  Label Not Data Journalism: 13
  Label Half Data Journalism: 2
  Label Data Journalism: 5

✅ Overall Metrics:
  Accuracy : 0.8000
  Precision: 0.8708
  Recall   : 0.8000
  F1       : 0.8276

🧩 Confusion Matrix:
  [4, 1, 0]
  [0, 1, 1]
  [0, 2, 11]

📌 Per-Class Metrics:
  Class Data Journalism: TP=4, FP=0, FN=1, TN=15
  Class Half Data Journalism: TP=1, FP=3, FN=1, TN=15
  Class Not Data Journalism: TP=11, FP=1, FN=2, TN=6
----------------------------------------
Fold finished F1 Score: 0.7724444444444444 None
Fold 4/5
Loading model from HPC local scratch: /tmp/shapovalov_setfit_model_cache_1387365
{'embedding_loss': 0.2864, 'grad_norm': 2.9529924392700195, 'learning_rate': 0.0, 'epoch': 0.01}
{'embedding_loss': 0.1543, 'grad_norm': 0.8335371017456055, 'learning_rate': 1.7685185185185187e-05, 'epoch': 0.62}
{'embedding_loss': 0.0251, 'grad_norm': 0.09787995368242264, 'learning_rate': 1.3055555555555557e-05, 'epoch': 1.25}
{'embedding_loss': 0.0106, 'grad_norm': 1.250091791152954, 'learning_rate': 8.425925925925926e-06, 'epoch': 1.88}
{'embedding_loss': 0.002, 'grad_norm': 0.3062531054019928, 'learning_rate': 3.796296296296297e-06, 'epoch': 2.5}
{'train_runtime': 188.679, 'train_samples_per_second': 20.352, 'train_steps_per_second': 1.272, 'train_loss': 0.04092647215972344, 'epoch': 3.0}

🔍 Evaluation Metrics
----------------------------------------
📊 Label Distribution:
  Label Not Data Journalism: 13
  Label Data Journalism: 4
  Label Half Data Journalism: 3

✅ Overall Metrics:
  Accuracy : 0.8000
  Precision: 0.7171
  Recall   : 0.8000
  F1       : 0.7556

🧩 Confusion Matrix:
  [4, 0, 0]
  [1, 0, 2]
  [0, 1, 12]

📌 Per-Class Metrics:
  Class Data Journalism: TP=4, FP=1, FN=0, TN=15
  Class Half Data Journalism: TP=0, FP=1, FN=3, TN=16
  Class Not Data Journalism: TP=12, FP=2, FN=1, TN=5
----------------------------------------
Fold finished F1 Score: 0.8444444444444443 None
Fold 5/5
Loading model from HPC local scratch: /tmp/shapovalov_setfit_model_cache_1387365
{'embedding_loss': 0.392, 'grad_norm': 2.9009206295013428, 'learning_rate': 0.0, 'epoch': 0.01}
{'embedding_loss': 0.1519, 'grad_norm': 0.7957608699798584, 'learning_rate': 1.7685185185185187e-05, 'epoch': 0.62}
{'embedding_loss': 0.0202, 'grad_norm': 0.2933466136455536, 'learning_rate': 1.3055555555555557e-05, 'epoch': 1.25}
{'embedding_loss': 0.0054, 'grad_norm': 0.05235496535897255, 'learning_rate': 8.425925925925926e-06, 'epoch': 1.88}
{'embedding_loss': 0.0011, 'grad_norm': 0.017965003848075867, 'learning_rate': 3.796296296296297e-06, 'epoch': 2.5}
{'train_runtime': 188.4762, 'train_samples_per_second': 20.374, 'train_steps_per_second': 1.273, 'train_loss': 0.03831217631231994, 'epoch': 3.0}

🔍 Evaluation Metrics
----------------------------------------
📊 Label Distribution:
  Label Not Data Journalism: 13
  Label Data Journalism: 4
  Label Half Data Journalism: 3

✅ Overall Metrics:
  Accuracy : 0.7000
  Precision: 0.5971
  Recall   : 0.7000
  F1       : 0.6300

🧩 Confusion Matrix:
  [1, 1, 2]
  [1, 0, 2]
  [0, 0, 13]

📌 Per-Class Metrics:
  Class Data Journalism: TP=1, FP=1, FN=3, TN=15
  Class Half Data Journalism: TP=0, FP=1, FN=3, TN=16
  Class Not Data Journalism: TP=13, FP=4, FN=0, TN=3
----------------------------------------
Fold finished F1 Score: 0.77 None
Average VRAM usage: 5239.49 MB, Max VRAM usage: 21282.63 MB
Trial 69 completed with avg fold F1 score: 0.8101470085470087
Trial 70: {'num_iterations': 7, 'num_epochs': 4, 'batch_size': 16, 'head_lr': 4.627562024069088e-05}
Fold 1/5
Loading model from HPC local scratch: /tmp/shapovalov_setfit_model_cache_1387365
{'embedding_loss': 0.3753, 'grad_norm': 3.523641347885132, 'learning_rate': 0.0, 'epoch': 0.01}
{'embedding_loss': 0.1711, 'grad_norm': 1.0992686748504639, 'learning_rate': 1.8333333333333333e-05, 'epoch': 0.71}
{'embedding_loss': 0.0365, 'grad_norm': 0.583549439907074, 'learning_rate': 1.4365079365079366e-05, 'epoch': 1.43}
{'embedding_loss': 0.0211, 'grad_norm': 0.43384453654289246, 'learning_rate': 1.0396825396825398e-05, 'epoch': 2.14}
{'embedding_loss': 0.0075, 'grad_norm': 0.06952089816331863, 'learning_rate': 6.4285714285714295e-06, 'epoch': 2.86}
{'embedding_loss': 0.0024, 'grad_norm': 0.08683845400810242, 'learning_rate': 2.4603174603174605e-06, 'epoch': 3.57}
{'train_runtime': 216.0168, 'train_samples_per_second': 20.739, 'train_steps_per_second': 1.296, 'train_loss': 0.04345290763303637, 'epoch': 4.0}

🔍 Evaluation Metrics
----------------------------------------
📊 Label Distribution:
  Label Data Journalism: 4
  Label Half Data Journalism: 2
  Label Not Data Journalism: 14

✅ Overall Metrics:
  Accuracy : 0.8500
  Precision: 0.8625
  Recall   : 0.8500
  F1       : 0.8367

🧩 Confusion Matrix:
  [2, 1, 1]
  [0, 1, 1]
  [0, 0, 14]

📌 Per-Class Metrics:
  Class Data Journalism: TP=2, FP=0, FN=2, TN=16
  Class Half Data Journalism: TP=1, FP=1, FN=1, TN=17
  Class Not Data Journalism: TP=14, FP=2, FN=0, TN=4
----------------------------------------
Fold finished F1 Score: 0.8633333333333333 None
Fold 2/5
Loading model from HPC local scratch: /tmp/shapovalov_setfit_model_cache_1387365
{'embedding_loss': 0.3604, 'grad_norm': 3.6940126419067383, 'learning_rate': 0.0, 'epoch': 0.01}
{'embedding_loss': 0.1652, 'grad_norm': 1.7277313470840454, 'learning_rate': 1.8333333333333333e-05, 'epoch': 0.71}
{'embedding_loss': 0.0307, 'grad_norm': 0.15537594258785248, 'learning_rate': 1.4365079365079366e-05, 'epoch': 1.43}
{'embedding_loss': 0.0247, 'grad_norm': 0.22162839770317078, 'learning_rate': 1.0396825396825398e-05, 'epoch': 2.14}
{'embedding_loss': 0.0121, 'grad_norm': 0.8466066718101501, 'learning_rate': 6.4285714285714295e-06, 'epoch': 2.86}
{'embedding_loss': 0.0059, 'grad_norm': 0.13523165881633759, 'learning_rate': 2.4603174603174605e-06, 'epoch': 3.57}
{'train_runtime': 216.7846, 'train_samples_per_second': 20.666, 'train_steps_per_second': 1.292, 'train_loss': 0.04394170535462243, 'epoch': 4.0}

🔍 Evaluation Metrics
----------------------------------------
📊 Label Distribution:
  Label Not Data Journalism: 14
  Label Data Journalism: 4
  Label Half Data Journalism: 2

✅ Overall Metrics:
  Accuracy : 0.7000
  Precision: 0.8286
  Recall   : 0.7000
  F1       : 0.7271

🧩 Confusion Matrix:
  [1, 3, 0]
  [0, 2, 0]
  [1, 2, 11]

📌 Per-Class Metrics:
  Class Data Journalism: TP=1, FP=1, FN=3, TN=15
  Class Half Data Journalism: TP=2, FP=5, FN=0, TN=13
  Class Not Data Journalism: TP=11, FP=0, FN=3, TN=6
----------------------------------------
Fold finished F1 Score: 0.6728888888888889 None
Fold 3/5
Loading model from HPC local scratch: /tmp/shapovalov_setfit_model_cache_1387365
{'embedding_loss': 0.3287, 'grad_norm': 3.3898487091064453, 'learning_rate': 0.0, 'epoch': 0.01}
{'embedding_loss': 0.1599, 'grad_norm': 1.1501715183258057, 'learning_rate': 1.8333333333333333e-05, 'epoch': 0.71}
{'embedding_loss': 0.0298, 'grad_norm': 0.13703902065753937, 'learning_rate': 1.4365079365079366e-05, 'epoch': 1.43}
{'embedding_loss': 0.0107, 'grad_norm': 0.49390918016433716, 'learning_rate': 1.0396825396825398e-05, 'epoch': 2.14}
{'embedding_loss': 0.0042, 'grad_norm': 0.04524746909737587, 'learning_rate': 6.4285714285714295e-06, 'epoch': 2.86}
{'embedding_loss': 0.0047, 'grad_norm': 0.05790926516056061, 'learning_rate': 2.4603174603174605e-06, 'epoch': 3.57}
{'train_runtime': 219.2594, 'train_samples_per_second': 20.432, 'train_steps_per_second': 1.277, 'train_loss': 0.038322210099015916, 'epoch': 4.0}

🔍 Evaluation Metrics
----------------------------------------
📊 Label Distribution:
  Label Not Data Journalism: 13
  Label Half Data Journalism: 2
  Label Data Journalism: 5

✅ Overall Metrics:
  Accuracy : 0.7500
  Precision: 0.7958
  Recall   : 0.7500
  F1       : 0.7720

🧩 Confusion Matrix:
  [4, 1, 0]
  [1, 0, 1]
  [0, 2, 11]

📌 Per-Class Metrics:
  Class Data Journalism: TP=4, FP=1, FN=1, TN=14
  Class Half Data Journalism: TP=0, FP=3, FN=2, TN=15
  Class Not Data Journalism: TP=11, FP=1, FN=2, TN=6
----------------------------------------
Fold finished F1 Score: 0.728 None
Fold 4/5
Loading model from HPC local scratch: /tmp/shapovalov_setfit_model_cache_1387365
{'embedding_loss': 0.4535, 'grad_norm': 3.461676836013794, 'learning_rate': 0.0, 'epoch': 0.01}
{'embedding_loss': 0.1645, 'grad_norm': 1.1943645477294922, 'learning_rate': 1.8333333333333333e-05, 'epoch': 0.71}
{'embedding_loss': 0.0233, 'grad_norm': 0.6556445360183716, 'learning_rate': 1.4365079365079366e-05, 'epoch': 1.43}
{'embedding_loss': 0.0089, 'grad_norm': 0.18165211379528046, 'learning_rate': 1.0396825396825398e-05, 'epoch': 2.14}
{'embedding_loss': 0.0029, 'grad_norm': 0.04053696244955063, 'learning_rate': 6.4285714285714295e-06, 'epoch': 2.86}
{'embedding_loss': 0.0008, 'grad_norm': 0.03239411488175392, 'learning_rate': 2.4603174603174605e-06, 'epoch': 3.57}
{'train_runtime': 220.0025, 'train_samples_per_second': 20.363, 'train_steps_per_second': 1.273, 'train_loss': 0.036905004210504036, 'epoch': 4.0}

🔍 Evaluation Metrics
----------------------------------------
📊 Label Distribution:
  Label Not Data Journalism: 13
  Label Data Journalism: 4
  Label Half Data Journalism: 3

✅ Overall Metrics:
  Accuracy : 0.8500
  Precision: 0.7233
  Recall   : 0.8500
  F1       : 0.7813

🧩 Confusion Matrix:
  [4, 0, 0]
  [1, 0, 2]
  [0, 0, 13]

📌 Per-Class Metrics:
  Class Data Journalism: TP=4, FP=1, FN=0, TN=15
  Class Half Data Journalism: TP=0, FP=0, FN=3, TN=17
  Class Not Data Journalism: TP=13, FP=2, FN=0, TN=5
----------------------------------------
Fold finished F1 Score: 0.9186507936507937 None
Fold 5/5
Loading model from HPC local scratch: /tmp/shapovalov_setfit_model_cache_1387365
{'embedding_loss': 0.4009, 'grad_norm': 3.7379493713378906, 'learning_rate': 0.0, 'epoch': 0.01}
{'embedding_loss': 0.1646, 'grad_norm': 1.0493298768997192, 'learning_rate': 1.8333333333333333e-05, 'epoch': 0.71}
{'embedding_loss': 0.0285, 'grad_norm': 0.03901967778801918, 'learning_rate': 1.4365079365079366e-05, 'epoch': 1.43}
{'embedding_loss': 0.0079, 'grad_norm': 0.022954534739255905, 'learning_rate': 1.0396825396825398e-05, 'epoch': 2.14}
{'embedding_loss': 0.0034, 'grad_norm': 0.4719381034374237, 'learning_rate': 6.4285714285714295e-06, 'epoch': 2.86}
{'embedding_loss': 0.0015, 'grad_norm': 0.03033328987658024, 'learning_rate': 2.4603174603174605e-06, 'epoch': 3.57}
{'train_runtime': 219.1315, 'train_samples_per_second': 20.444, 'train_steps_per_second': 1.278, 'train_loss': 0.037791136346225225, 'epoch': 4.0}

🔍 Evaluation Metrics
----------------------------------------
📊 Label Distribution:
  Label Not Data Journalism: 13
  Label Data Journalism: 4
  Label Half Data Journalism: 3

✅ Overall Metrics:
  Accuracy : 0.7000
  Precision: 0.5971
  Recall   : 0.7000
  F1       : 0.6300

🧩 Confusion Matrix:
  [1, 1, 2]
  [1, 0, 2]
  [0, 0, 13]

📌 Per-Class Metrics:
  Class Data Journalism: TP=1, FP=1, FN=3, TN=15
  Class Half Data Journalism: TP=0, FP=1, FN=3, TN=16
  Class Not Data Journalism: TP=13, FP=4, FN=0, TN=3
----------------------------------------
Fold finished F1 Score: 0.77 None
Average VRAM usage: 5280.44 MB, Max VRAM usage: 21331.88 MB
Trial 70 completed with avg fold F1 score: 0.7905746031746032
Trial 71: {'num_iterations': 8, 'num_epochs': 3, 'batch_size': 16, 'head_lr': 2.044216709657669e-05}
Fold 1/5
Loading model from HPC local scratch: /tmp/shapovalov_setfit_model_cache_1387365
{'embedding_loss': 0.3451, 'grad_norm': 2.896070718765259, 'learning_rate': 0.0, 'epoch': 0.01}
{'embedding_loss': 0.1644, 'grad_norm': 0.5815149545669556, 'learning_rate': 1.7685185185185187e-05, 'epoch': 0.62}
{'embedding_loss': 0.0281, 'grad_norm': 0.13028492033481598, 'learning_rate': 1.3055555555555557e-05, 'epoch': 1.25}
{'embedding_loss': 0.0243, 'grad_norm': 0.2615799307823181, 'learning_rate': 8.425925925925926e-06, 'epoch': 1.88}
{'embedding_loss': 0.0111, 'grad_norm': 0.04009565711021423, 'learning_rate': 3.796296296296297e-06, 'epoch': 2.5}
{'train_runtime': 186.07, 'train_samples_per_second': 20.637, 'train_steps_per_second': 1.29, 'train_loss': 0.04918667133897543, 'epoch': 3.0}

🔍 Evaluation Metrics
----------------------------------------
📊 Label Distribution:
  Label Data Journalism: 4
  Label Half Data Journalism: 2
  Label Not Data Journalism: 14

✅ Overall Metrics:
  Accuracy : 0.8000
  Precision: 0.8458
  Recall   : 0.8000
  F1       : 0.7733

🧩 Confusion Matrix:
  [1, 2, 1]
  [0, 1, 1]
  [0, 0, 14]

📌 Per-Class Metrics:
  Class Data Journalism: TP=1, FP=0, FN=3, TN=16
  Class Half Data Journalism: TP=1, FP=2, FN=1, TN=16
  Class Not Data Journalism: TP=14, FP=2, FN=0, TN=4
----------------------------------------
Fold finished F1 Score: 0.8266666666666668 None
Fold 2/5
Loading model from HPC local scratch: /tmp/shapovalov_setfit_model_cache_1387365
{'embedding_loss': 0.3706, 'grad_norm': 3.2043991088867188, 'learning_rate': 0.0, 'epoch': 0.01}
{'embedding_loss': 0.1545, 'grad_norm': 1.2442175149917603, 'learning_rate': 1.7685185185185187e-05, 'epoch': 0.62}
{'embedding_loss': 0.0344, 'grad_norm': 0.46935099363327026, 'learning_rate': 1.3055555555555557e-05, 'epoch': 1.25}
{'embedding_loss': 0.0249, 'grad_norm': 0.3180326819419861, 'learning_rate': 8.425925925925926e-06, 'epoch': 1.88}
{'embedding_loss': 0.0148, 'grad_norm': 0.37431642413139343, 'learning_rate': 3.796296296296297e-06, 'epoch': 2.5}
{'train_runtime': 186.5008, 'train_samples_per_second': 20.59, 'train_steps_per_second': 1.287, 'train_loss': 0.050162357091903684, 'epoch': 3.0}

🔍 Evaluation Metrics
----------------------------------------
📊 Label Distribution:
  Label Not Data Journalism: 14
  Label Data Journalism: 4
  Label Half Data Journalism: 2

✅ Overall Metrics:
  Accuracy : 0.8500
  Precision: 0.9000
  Recall   : 0.8500
  F1       : 0.8628

🧩 Confusion Matrix:
  [3, 1, 0]
  [0, 2, 0]
  [1, 1, 12]

📌 Per-Class Metrics:
  Class Data Journalism: TP=3, FP=1, FN=1, TN=15
  Class Half Data Journalism: TP=2, FP=2, FN=0, TN=16
  Class Not Data Journalism: TP=12, FP=0, FN=2, TN=6
----------------------------------------
Fold finished F1 Score: 0.8371794871794872 None
Fold 3/5
Loading model from HPC local scratch: /tmp/shapovalov_setfit_model_cache_1387365
{'embedding_loss': 0.3392, 'grad_norm': 2.816593647003174, 'learning_rate': 0.0, 'epoch': 0.01}
{'embedding_loss': 0.1533, 'grad_norm': 1.4565742015838623, 'learning_rate': 1.7685185185185187e-05, 'epoch': 0.62}
{'embedding_loss': 0.0301, 'grad_norm': 0.028422463685274124, 'learning_rate': 1.3055555555555557e-05, 'epoch': 1.25}
{'embedding_loss': 0.0152, 'grad_norm': 0.12420788407325745, 'learning_rate': 8.425925925925926e-06, 'epoch': 1.88}
{'embedding_loss': 0.0075, 'grad_norm': 0.08529823273420334, 'learning_rate': 3.796296296296297e-06, 'epoch': 2.5}
{'train_runtime': 188.1127, 'train_samples_per_second': 20.413, 'train_steps_per_second': 1.276, 'train_loss': 0.04420492397621274, 'epoch': 3.0}

🔍 Evaluation Metrics
----------------------------------------
📊 Label Distribution:
  Label Not Data Journalism: 13
  Label Half Data Journalism: 2
  Label Data Journalism: 5

✅ Overall Metrics:
  Accuracy : 0.8000
  Precision: 0.8708
  Recall   : 0.8000
  F1       : 0.8276

🧩 Confusion Matrix:
  [4, 1, 0]
  [0, 1, 1]
  [0, 2, 11]

📌 Per-Class Metrics:
  Class Data Journalism: TP=4, FP=0, FN=1, TN=15
  Class Half Data Journalism: TP=1, FP=3, FN=1, TN=15
  Class Not Data Journalism: TP=11, FP=1, FN=2, TN=6
----------------------------------------
Fold finished F1 Score: 0.7724444444444444 None
Fold 4/5
Loading model from HPC local scratch: /tmp/shapovalov_setfit_model_cache_1387365
{'embedding_loss': 0.2864, 'grad_norm': 2.9529924392700195, 'learning_rate': 0.0, 'epoch': 0.01}
{'embedding_loss': 0.1543, 'grad_norm': 0.8335371017456055, 'learning_rate': 1.7685185185185187e-05, 'epoch': 0.62}
{'embedding_loss': 0.0251, 'grad_norm': 0.09787995368242264, 'learning_rate': 1.3055555555555557e-05, 'epoch': 1.25}
{'embedding_loss': 0.0106, 'grad_norm': 1.250091791152954, 'learning_rate': 8.425925925925926e-06, 'epoch': 1.88}
{'embedding_loss': 0.002, 'grad_norm': 0.3062531054019928, 'learning_rate': 3.796296296296297e-06, 'epoch': 2.5}
{'train_runtime': 186.3946, 'train_samples_per_second': 20.601, 'train_steps_per_second': 1.288, 'train_loss': 0.04092647215972344, 'epoch': 3.0}

🔍 Evaluation Metrics
----------------------------------------
📊 Label Distribution:
  Label Not Data Journalism: 13
  Label Data Journalism: 4
  Label Half Data Journalism: 3

✅ Overall Metrics:
  Accuracy : 0.8000
  Precision: 0.7171
  Recall   : 0.8000
  F1       : 0.7556

🧩 Confusion Matrix:
  [4, 0, 0]
  [1, 0, 2]
  [0, 1, 12]

📌 Per-Class Metrics:
  Class Data Journalism: TP=4, FP=1, FN=0, TN=15
  Class Half Data Journalism: TP=0, FP=1, FN=3, TN=16
  Class Not Data Journalism: TP=12, FP=2, FN=1, TN=5
----------------------------------------
Fold finished F1 Score: 0.8444444444444443 None
Fold 5/5
Loading model from HPC local scratch: /tmp/shapovalov_setfit_model_cache_1387365
{'embedding_loss': 0.392, 'grad_norm': 2.9009206295013428, 'learning_rate': 0.0, 'epoch': 0.01}
{'embedding_loss': 0.1519, 'grad_norm': 0.7957608699798584, 'learning_rate': 1.7685185185185187e-05, 'epoch': 0.62}
{'embedding_loss': 0.0202, 'grad_norm': 0.2933466136455536, 'learning_rate': 1.3055555555555557e-05, 'epoch': 1.25}
{'embedding_loss': 0.0054, 'grad_norm': 0.05235496535897255, 'learning_rate': 8.425925925925926e-06, 'epoch': 1.88}
{'embedding_loss': 0.0011, 'grad_norm': 0.017965003848075867, 'learning_rate': 3.796296296296297e-06, 'epoch': 2.5}
{'train_runtime': 188.5815, 'train_samples_per_second': 20.363, 'train_steps_per_second': 1.273, 'train_loss': 0.03831217631231994, 'epoch': 3.0}

🔍 Evaluation Metrics
----------------------------------------
📊 Label Distribution:
  Label Not Data Journalism: 13
  Label Data Journalism: 4
  Label Half Data Journalism: 3

✅ Overall Metrics:
  Accuracy : 0.7000
  Precision: 0.5971
  Recall   : 0.7000
  F1       : 0.6300

🧩 Confusion Matrix:
  [1, 1, 2]
  [1, 0, 2]
  [0, 0, 13]

📌 Per-Class Metrics:
  Class Data Journalism: TP=1, FP=1, FN=3, TN=15
  Class Half Data Journalism: TP=0, FP=1, FN=3, TN=16
  Class Not Data Journalism: TP=13, FP=4, FN=0, TN=3
----------------------------------------
Fold finished F1 Score: 0.77 None
Average VRAM usage: 5301.47 MB, Max VRAM usage: 20815.58 MB
Trial 71 completed with avg fold F1 score: 0.8101470085470087
Trial 72: {'num_iterations': 8, 'num_epochs': 3, 'batch_size': 16, 'head_lr': 3.3312837990241626e-05}
Fold 1/5
Loading model from HPC local scratch: /tmp/shapovalov_setfit_model_cache_1387365
{'embedding_loss': 0.3451, 'grad_norm': 2.896070718765259, 'learning_rate': 0.0, 'epoch': 0.01}
{'embedding_loss': 0.1644, 'grad_norm': 0.5815149545669556, 'learning_rate': 1.7685185185185187e-05, 'epoch': 0.62}
{'embedding_loss': 0.0281, 'grad_norm': 0.13028492033481598, 'learning_rate': 1.3055555555555557e-05, 'epoch': 1.25}
{'embedding_loss': 0.0243, 'grad_norm': 0.2615799307823181, 'learning_rate': 8.425925925925926e-06, 'epoch': 1.88}
{'embedding_loss': 0.0111, 'grad_norm': 0.04009565711021423, 'learning_rate': 3.796296296296297e-06, 'epoch': 2.5}
{'train_runtime': 185.4708, 'train_samples_per_second': 20.704, 'train_steps_per_second': 1.294, 'train_loss': 0.04918667133897543, 'epoch': 3.0}

🔍 Evaluation Metrics
----------------------------------------
📊 Label Distribution:
  Label Data Journalism: 4
  Label Half Data Journalism: 2
  Label Not Data Journalism: 14

✅ Overall Metrics:
  Accuracy : 0.8000
  Precision: 0.8458
  Recall   : 0.8000
  F1       : 0.7733

🧩 Confusion Matrix:
  [1, 2, 1]
  [0, 1, 1]
  [0, 0, 14]

📌 Per-Class Metrics:
  Class Data Journalism: TP=1, FP=0, FN=3, TN=16
  Class Half Data Journalism: TP=1, FP=2, FN=1, TN=16
  Class Not Data Journalism: TP=14, FP=2, FN=0, TN=4
----------------------------------------
Fold finished F1 Score: 0.8266666666666668 None
Fold 2/5
Loading model from HPC local scratch: /tmp/shapovalov_setfit_model_cache_1387365
{'embedding_loss': 0.3706, 'grad_norm': 3.2043991088867188, 'learning_rate': 0.0, 'epoch': 0.01}
{'embedding_loss': 0.1545, 'grad_norm': 1.2442175149917603, 'learning_rate': 1.7685185185185187e-05, 'epoch': 0.62}
{'embedding_loss': 0.0344, 'grad_norm': 0.46935099363327026, 'learning_rate': 1.3055555555555557e-05, 'epoch': 1.25}
{'embedding_loss': 0.0249, 'grad_norm': 0.3180326819419861, 'learning_rate': 8.425925925925926e-06, 'epoch': 1.88}
{'embedding_loss': 0.0148, 'grad_norm': 0.37431642413139343, 'learning_rate': 3.796296296296297e-06, 'epoch': 2.5}
{'train_runtime': 186.3985, 'train_samples_per_second': 20.601, 'train_steps_per_second': 1.288, 'train_loss': 0.050162357091903684, 'epoch': 3.0}

🔍 Evaluation Metrics
----------------------------------------
📊 Label Distribution:
  Label Not Data Journalism: 14
  Label Data Journalism: 4
  Label Half Data Journalism: 2

✅ Overall Metrics:
  Accuracy : 0.8500
  Precision: 0.9000
  Recall   : 0.8500
  F1       : 0.8628

🧩 Confusion Matrix:
  [3, 1, 0]
  [0, 2, 0]
  [1, 1, 12]

📌 Per-Class Metrics:
  Class Data Journalism: TP=3, FP=1, FN=1, TN=15
  Class Half Data Journalism: TP=2, FP=2, FN=0, TN=16
  Class Not Data Journalism: TP=12, FP=0, FN=2, TN=6
----------------------------------------
Fold finished F1 Score: 0.8371794871794872 None
Fold 3/5
Loading model from HPC local scratch: /tmp/shapovalov_setfit_model_cache_1387365
{'embedding_loss': 0.3392, 'grad_norm': 2.816593647003174, 'learning_rate': 0.0, 'epoch': 0.01}
{'embedding_loss': 0.1533, 'grad_norm': 1.4565742015838623, 'learning_rate': 1.7685185185185187e-05, 'epoch': 0.62}
{'embedding_loss': 0.0301, 'grad_norm': 0.028422463685274124, 'learning_rate': 1.3055555555555557e-05, 'epoch': 1.25}
{'embedding_loss': 0.0152, 'grad_norm': 0.12420788407325745, 'learning_rate': 8.425925925925926e-06, 'epoch': 1.88}
{'embedding_loss': 0.0075, 'grad_norm': 0.08529823273420334, 'learning_rate': 3.796296296296297e-06, 'epoch': 2.5}
{'train_runtime': 185.5002, 'train_samples_per_second': 20.701, 'train_steps_per_second': 1.294, 'train_loss': 0.04420492397621274, 'epoch': 3.0}

🔍 Evaluation Metrics
----------------------------------------
📊 Label Distribution:
  Label Not Data Journalism: 13
  Label Half Data Journalism: 2
  Label Data Journalism: 5

✅ Overall Metrics:
  Accuracy : 0.8000
  Precision: 0.8708
  Recall   : 0.8000
  F1       : 0.8276

🧩 Confusion Matrix:
  [4, 1, 0]
  [0, 1, 1]
  [0, 2, 11]

📌 Per-Class Metrics:
  Class Data Journalism: TP=4, FP=0, FN=1, TN=15
  Class Half Data Journalism: TP=1, FP=3, FN=1, TN=15
  Class Not Data Journalism: TP=11, FP=1, FN=2, TN=6
----------------------------------------
Fold finished F1 Score: 0.7724444444444444 None
Fold 4/5
Loading model from HPC local scratch: /tmp/shapovalov_setfit_model_cache_1387365
{'embedding_loss': 0.2864, 'grad_norm': 2.9529924392700195, 'learning_rate': 0.0, 'epoch': 0.01}
{'embedding_loss': 0.1543, 'grad_norm': 0.8335371017456055, 'learning_rate': 1.7685185185185187e-05, 'epoch': 0.62}
{'embedding_loss': 0.0251, 'grad_norm': 0.09787995368242264, 'learning_rate': 1.3055555555555557e-05, 'epoch': 1.25}
{'embedding_loss': 0.0106, 'grad_norm': 1.250091791152954, 'learning_rate': 8.425925925925926e-06, 'epoch': 1.88}
{'embedding_loss': 0.002, 'grad_norm': 0.3062531054019928, 'learning_rate': 3.796296296296297e-06, 'epoch': 2.5}
{'train_runtime': 184.4077, 'train_samples_per_second': 20.823, 'train_steps_per_second': 1.301, 'train_loss': 0.04092647215972344, 'epoch': 3.0}

🔍 Evaluation Metrics
----------------------------------------
📊 Label Distribution:
  Label Not Data Journalism: 13
  Label Data Journalism: 4
  Label Half Data Journalism: 3

✅ Overall Metrics:
  Accuracy : 0.8000
  Precision: 0.7171
  Recall   : 0.8000
  F1       : 0.7556

🧩 Confusion Matrix:
  [4, 0, 0]
  [1, 0, 2]
  [0, 1, 12]

📌 Per-Class Metrics:
  Class Data Journalism: TP=4, FP=1, FN=0, TN=15
  Class Half Data Journalism: TP=0, FP=1, FN=3, TN=16
  Class Not Data Journalism: TP=12, FP=2, FN=1, TN=5
----------------------------------------
Fold finished F1 Score: 0.8444444444444443 None
Fold 5/5
Loading model from HPC local scratch: /tmp/shapovalov_setfit_model_cache_1387365
{'embedding_loss': 0.392, 'grad_norm': 2.9009206295013428, 'learning_rate': 0.0, 'epoch': 0.01}
{'embedding_loss': 0.1519, 'grad_norm': 0.7957608699798584, 'learning_rate': 1.7685185185185187e-05, 'epoch': 0.62}
{'embedding_loss': 0.0202, 'grad_norm': 0.2933466136455536, 'learning_rate': 1.3055555555555557e-05, 'epoch': 1.25}
{'embedding_loss': 0.0054, 'grad_norm': 0.05235496535897255, 'learning_rate': 8.425925925925926e-06, 'epoch': 1.88}
{'embedding_loss': 0.0011, 'grad_norm': 0.017965003848075867, 'learning_rate': 3.796296296296297e-06, 'epoch': 2.5}
{'train_runtime': 184.6409, 'train_samples_per_second': 20.797, 'train_steps_per_second': 1.3, 'train_loss': 0.03831217631231994, 'epoch': 3.0}

🔍 Evaluation Metrics
----------------------------------------
📊 Label Distribution:
  Label Not Data Journalism: 13
  Label Data Journalism: 4
  Label Half Data Journalism: 3

✅ Overall Metrics:
  Accuracy : 0.7000
  Precision: 0.5971
  Recall   : 0.7000
  F1       : 0.6300

🧩 Confusion Matrix:
  [1, 1, 2]
  [1, 0, 2]
  [0, 0, 13]

📌 Per-Class Metrics:
  Class Data Journalism: TP=1, FP=1, FN=3, TN=15
  Class Half Data Journalism: TP=0, FP=1, FN=3, TN=16
  Class Not Data Journalism: TP=13, FP=4, FN=0, TN=3
----------------------------------------
Fold finished F1 Score: 0.77 None
Average VRAM usage: 5276.56 MB, Max VRAM usage: 21284.68 MB
Trial 72 completed with avg fold F1 score: 0.8101470085470087
Trial 73: {'num_iterations': 8, 'num_epochs': 3, 'batch_size': 16, 'head_lr': 1.2630670152118646e-05}
Fold 1/5
Loading model from HPC local scratch: /tmp/shapovalov_setfit_model_cache_1387365
{'embedding_loss': 0.3451, 'grad_norm': 2.896070718765259, 'learning_rate': 0.0, 'epoch': 0.01}
{'embedding_loss': 0.1644, 'grad_norm': 0.5815149545669556, 'learning_rate': 1.7685185185185187e-05, 'epoch': 0.62}
{'embedding_loss': 0.0281, 'grad_norm': 0.13028492033481598, 'learning_rate': 1.3055555555555557e-05, 'epoch': 1.25}
{'embedding_loss': 0.0243, 'grad_norm': 0.2615799307823181, 'learning_rate': 8.425925925925926e-06, 'epoch': 1.88}
{'embedding_loss': 0.0111, 'grad_norm': 0.04009565711021423, 'learning_rate': 3.796296296296297e-06, 'epoch': 2.5}
{'train_runtime': 184.7795, 'train_samples_per_second': 20.782, 'train_steps_per_second': 1.299, 'train_loss': 0.04918667133897543, 'epoch': 3.0}

🔍 Evaluation Metrics
----------------------------------------
📊 Label Distribution:
  Label Data Journalism: 4
  Label Half Data Journalism: 2
  Label Not Data Journalism: 14

✅ Overall Metrics:
  Accuracy : 0.8000
  Precision: 0.8458
  Recall   : 0.8000
  F1       : 0.7733

🧩 Confusion Matrix:
  [1, 2, 1]
  [0, 1, 1]
  [0, 0, 14]

📌 Per-Class Metrics:
  Class Data Journalism: TP=1, FP=0, FN=3, TN=16
  Class Half Data Journalism: TP=1, FP=2, FN=1, TN=16
  Class Not Data Journalism: TP=14, FP=2, FN=0, TN=4
----------------------------------------
Fold finished F1 Score: 0.8266666666666668 None
Fold 2/5
Loading model from HPC local scratch: /tmp/shapovalov_setfit_model_cache_1387365
{'embedding_loss': 0.3706, 'grad_norm': 3.2043991088867188, 'learning_rate': 0.0, 'epoch': 0.01}
{'embedding_loss': 0.1545, 'grad_norm': 1.2442175149917603, 'learning_rate': 1.7685185185185187e-05, 'epoch': 0.62}
{'embedding_loss': 0.0344, 'grad_norm': 0.46935099363327026, 'learning_rate': 1.3055555555555557e-05, 'epoch': 1.25}
{'embedding_loss': 0.0249, 'grad_norm': 0.3180326819419861, 'learning_rate': 8.425925925925926e-06, 'epoch': 1.88}
{'embedding_loss': 0.0148, 'grad_norm': 0.37431642413139343, 'learning_rate': 3.796296296296297e-06, 'epoch': 2.5}
{'train_runtime': 184.7651, 'train_samples_per_second': 20.783, 'train_steps_per_second': 1.299, 'train_loss': 0.050162357091903684, 'epoch': 3.0}

🔍 Evaluation Metrics
----------------------------------------
📊 Label Distribution:
  Label Not Data Journalism: 14
  Label Data Journalism: 4
  Label Half Data Journalism: 2

✅ Overall Metrics:
  Accuracy : 0.8500
  Precision: 0.9000
  Recall   : 0.8500
  F1       : 0.8628

🧩 Confusion Matrix:
  [3, 1, 0]
  [0, 2, 0]
  [1, 1, 12]

📌 Per-Class Metrics:
  Class Data Journalism: TP=3, FP=1, FN=1, TN=15
  Class Half Data Journalism: TP=2, FP=2, FN=0, TN=16
  Class Not Data Journalism: TP=12, FP=0, FN=2, TN=6
----------------------------------------
Fold finished F1 Score: 0.8371794871794872 None
Fold 3/5
Loading model from HPC local scratch: /tmp/shapovalov_setfit_model_cache_1387365
{'embedding_loss': 0.3392, 'grad_norm': 2.816593647003174, 'learning_rate': 0.0, 'epoch': 0.01}
{'embedding_loss': 0.1533, 'grad_norm': 1.4565742015838623, 'learning_rate': 1.7685185185185187e-05, 'epoch': 0.62}
{'embedding_loss': 0.0301, 'grad_norm': 0.028422463685274124, 'learning_rate': 1.3055555555555557e-05, 'epoch': 1.25}
{'embedding_loss': 0.0152, 'grad_norm': 0.12420788407325745, 'learning_rate': 8.425925925925926e-06, 'epoch': 1.88}
{'embedding_loss': 0.0075, 'grad_norm': 0.08529823273420334, 'learning_rate': 3.796296296296297e-06, 'epoch': 2.5}
{'train_runtime': 183.9453, 'train_samples_per_second': 20.876, 'train_steps_per_second': 1.305, 'train_loss': 0.04420492397621274, 'epoch': 3.0}

🔍 Evaluation Metrics
----------------------------------------
📊 Label Distribution:
  Label Not Data Journalism: 13
  Label Half Data Journalism: 2
  Label Data Journalism: 5

✅ Overall Metrics:
  Accuracy : 0.8000
  Precision: 0.8708
  Recall   : 0.8000
  F1       : 0.8276

🧩 Confusion Matrix:
  [4, 1, 0]
  [0, 1, 1]
  [0, 2, 11]

📌 Per-Class Metrics:
  Class Data Journalism: TP=4, FP=0, FN=1, TN=15
  Class Half Data Journalism: TP=1, FP=3, FN=1, TN=15
  Class Not Data Journalism: TP=11, FP=1, FN=2, TN=6
----------------------------------------
Fold finished F1 Score: 0.7724444444444444 None
Fold 4/5
Loading model from HPC local scratch: /tmp/shapovalov_setfit_model_cache_1387365
{'embedding_loss': 0.2864, 'grad_norm': 2.9529924392700195, 'learning_rate': 0.0, 'epoch': 0.01}
{'embedding_loss': 0.1543, 'grad_norm': 0.8335371017456055, 'learning_rate': 1.7685185185185187e-05, 'epoch': 0.62}
{'embedding_loss': 0.0251, 'grad_norm': 0.09787995368242264, 'learning_rate': 1.3055555555555557e-05, 'epoch': 1.25}
{'embedding_loss': 0.0106, 'grad_norm': 1.250091791152954, 'learning_rate': 8.425925925925926e-06, 'epoch': 1.88}
{'embedding_loss': 0.002, 'grad_norm': 0.3062531054019928, 'learning_rate': 3.796296296296297e-06, 'epoch': 2.5}
{'train_runtime': 184.5044, 'train_samples_per_second': 20.813, 'train_steps_per_second': 1.301, 'train_loss': 0.04092647215972344, 'epoch': 3.0}

🔍 Evaluation Metrics
----------------------------------------
📊 Label Distribution:
  Label Not Data Journalism: 13
  Label Data Journalism: 4
  Label Half Data Journalism: 3

✅ Overall Metrics:
  Accuracy : 0.8000
  Precision: 0.7171
  Recall   : 0.8000
  F1       : 0.7556

🧩 Confusion Matrix:
  [4, 0, 0]
  [1, 0, 2]
  [0, 1, 12]

📌 Per-Class Metrics:
  Class Data Journalism: TP=4, FP=1, FN=0, TN=15
  Class Half Data Journalism: TP=0, FP=1, FN=3, TN=16
  Class Not Data Journalism: TP=12, FP=2, FN=1, TN=5
----------------------------------------
Fold finished F1 Score: 0.8444444444444443 None
Fold 5/5
Loading model from HPC local scratch: /tmp/shapovalov_setfit_model_cache_1387365
{'embedding_loss': 0.392, 'grad_norm': 2.9009206295013428, 'learning_rate': 0.0, 'epoch': 0.01}
{'embedding_loss': 0.1519, 'grad_norm': 0.7957608699798584, 'learning_rate': 1.7685185185185187e-05, 'epoch': 0.62}
{'embedding_loss': 0.0202, 'grad_norm': 0.2933466136455536, 'learning_rate': 1.3055555555555557e-05, 'epoch': 1.25}
{'embedding_loss': 0.0054, 'grad_norm': 0.05235496535897255, 'learning_rate': 8.425925925925926e-06, 'epoch': 1.88}
{'embedding_loss': 0.0011, 'grad_norm': 0.017965003848075867, 'learning_rate': 3.796296296296297e-06, 'epoch': 2.5}
{'train_runtime': 186.032, 'train_samples_per_second': 20.642, 'train_steps_per_second': 1.29, 'train_loss': 0.03831217631231994, 'epoch': 3.0}

🔍 Evaluation Metrics
----------------------------------------
📊 Label Distribution:
  Label Not Data Journalism: 13
  Label Data Journalism: 4
  Label Half Data Journalism: 3

✅ Overall Metrics:
  Accuracy : 0.7000
  Precision: 0.5971
  Recall   : 0.7000
  F1       : 0.6300

🧩 Confusion Matrix:
  [1, 1, 2]
  [1, 0, 2]
  [0, 0, 13]

📌 Per-Class Metrics:
  Class Data Journalism: TP=1, FP=1, FN=3, TN=15
  Class Half Data Journalism: TP=0, FP=1, FN=3, TN=16
  Class Not Data Journalism: TP=13, FP=4, FN=0, TN=3
----------------------------------------
Fold finished F1 Score: 0.77 None
Average VRAM usage: 4977.68 MB, Max VRAM usage: 21325.15 MB
Trial 73 completed with avg fold F1 score: 0.8101470085470087
Trial 74: {'num_iterations': 8, 'num_epochs': 3, 'batch_size': 16, 'head_lr': 1.7026408278063155e-05}
Fold 1/5
Loading model from HPC local scratch: /tmp/shapovalov_setfit_model_cache_1387365
{'embedding_loss': 0.3451, 'grad_norm': 2.896070718765259, 'learning_rate': 0.0, 'epoch': 0.01}
{'embedding_loss': 0.1644, 'grad_norm': 0.5815149545669556, 'learning_rate': 1.7685185185185187e-05, 'epoch': 0.62}
{'embedding_loss': 0.0281, 'grad_norm': 0.13028492033481598, 'learning_rate': 1.3055555555555557e-05, 'epoch': 1.25}
{'embedding_loss': 0.0243, 'grad_norm': 0.2615799307823181, 'learning_rate': 8.425925925925926e-06, 'epoch': 1.88}
{'embedding_loss': 0.0111, 'grad_norm': 0.04009565711021423, 'learning_rate': 3.796296296296297e-06, 'epoch': 2.5}
{'train_runtime': 185.1567, 'train_samples_per_second': 20.739, 'train_steps_per_second': 1.296, 'train_loss': 0.04918667133897543, 'epoch': 3.0}

🔍 Evaluation Metrics
----------------------------------------
📊 Label Distribution:
  Label Data Journalism: 4
  Label Half Data Journalism: 2
  Label Not Data Journalism: 14

✅ Overall Metrics:
  Accuracy : 0.8000
  Precision: 0.8458
  Recall   : 0.8000
  F1       : 0.7733

🧩 Confusion Matrix:
  [1, 2, 1]
  [0, 1, 1]
  [0, 0, 14]

📌 Per-Class Metrics:
  Class Data Journalism: TP=1, FP=0, FN=3, TN=16
  Class Half Data Journalism: TP=1, FP=2, FN=1, TN=16
  Class Not Data Journalism: TP=14, FP=2, FN=0, TN=4
----------------------------------------
Fold finished F1 Score: 0.8266666666666668 None
Fold 2/5
Loading model from HPC local scratch: /tmp/shapovalov_setfit_model_cache_1387365
{'embedding_loss': 0.3706, 'grad_norm': 3.2043991088867188, 'learning_rate': 0.0, 'epoch': 0.01}
{'embedding_loss': 0.1545, 'grad_norm': 1.2442175149917603, 'learning_rate': 1.7685185185185187e-05, 'epoch': 0.62}
{'embedding_loss': 0.0344, 'grad_norm': 0.46935099363327026, 'learning_rate': 1.3055555555555557e-05, 'epoch': 1.25}
{'embedding_loss': 0.0249, 'grad_norm': 0.3180326819419861, 'learning_rate': 8.425925925925926e-06, 'epoch': 1.88}
{'embedding_loss': 0.0148, 'grad_norm': 0.37431642413139343, 'learning_rate': 3.796296296296297e-06, 'epoch': 2.5}
{'train_runtime': 185.4252, 'train_samples_per_second': 20.709, 'train_steps_per_second': 1.294, 'train_loss': 0.050162357091903684, 'epoch': 3.0}

🔍 Evaluation Metrics
----------------------------------------
📊 Label Distribution:
  Label Not Data Journalism: 14
  Label Data Journalism: 4
  Label Half Data Journalism: 2

✅ Overall Metrics:
  Accuracy : 0.8500
  Precision: 0.9000
  Recall   : 0.8500
  F1       : 0.8628

🧩 Confusion Matrix:
  [3, 1, 0]
  [0, 2, 0]
  [1, 1, 12]

📌 Per-Class Metrics:
  Class Data Journalism: TP=3, FP=1, FN=1, TN=15
  Class Half Data Journalism: TP=2, FP=2, FN=0, TN=16
  Class Not Data Journalism: TP=12, FP=0, FN=2, TN=6
----------------------------------------
Fold finished F1 Score: 0.8371794871794872 None
Fold 3/5
Loading model from HPC local scratch: /tmp/shapovalov_setfit_model_cache_1387365
{'embedding_loss': 0.3392, 'grad_norm': 2.816593647003174, 'learning_rate': 0.0, 'epoch': 0.01}
{'embedding_loss': 0.1533, 'grad_norm': 1.4565742015838623, 'learning_rate': 1.7685185185185187e-05, 'epoch': 0.62}
{'embedding_loss': 0.0301, 'grad_norm': 0.028422463685274124, 'learning_rate': 1.3055555555555557e-05, 'epoch': 1.25}
{'embedding_loss': 0.0152, 'grad_norm': 0.12420788407325745, 'learning_rate': 8.425925925925926e-06, 'epoch': 1.88}
{'embedding_loss': 0.0075, 'grad_norm': 0.08529823273420334, 'learning_rate': 3.796296296296297e-06, 'epoch': 2.5}
{'train_runtime': 185.1384, 'train_samples_per_second': 20.741, 'train_steps_per_second': 1.296, 'train_loss': 0.04420492397621274, 'epoch': 3.0}

🔍 Evaluation Metrics
----------------------------------------
📊 Label Distribution:
  Label Not Data Journalism: 13
  Label Half Data Journalism: 2
  Label Data Journalism: 5

✅ Overall Metrics:
  Accuracy : 0.8000
  Precision: 0.8708
  Recall   : 0.8000
  F1       : 0.8276

🧩 Confusion Matrix:
  [4, 1, 0]
  [0, 1, 1]
  [0, 2, 11]

📌 Per-Class Metrics:
  Class Data Journalism: TP=4, FP=0, FN=1, TN=15
  Class Half Data Journalism: TP=1, FP=3, FN=1, TN=15
  Class Not Data Journalism: TP=11, FP=1, FN=2, TN=6
----------------------------------------
Fold finished F1 Score: 0.7724444444444444 None
Fold 4/5
Loading model from HPC local scratch: /tmp/shapovalov_setfit_model_cache_1387365
{'embedding_loss': 0.2864, 'grad_norm': 2.9529924392700195, 'learning_rate': 0.0, 'epoch': 0.01}
{'embedding_loss': 0.1543, 'grad_norm': 0.8335371017456055, 'learning_rate': 1.7685185185185187e-05, 'epoch': 0.62}
{'embedding_loss': 0.0251, 'grad_norm': 0.09787995368242264, 'learning_rate': 1.3055555555555557e-05, 'epoch': 1.25}
{'embedding_loss': 0.0106, 'grad_norm': 1.250091791152954, 'learning_rate': 8.425925925925926e-06, 'epoch': 1.88}
{'embedding_loss': 0.002, 'grad_norm': 0.3062531054019928, 'learning_rate': 3.796296296296297e-06, 'epoch': 2.5}
{'train_runtime': 187.789, 'train_samples_per_second': 20.448, 'train_steps_per_second': 1.278, 'train_loss': 0.04092647215972344, 'epoch': 3.0}

🔍 Evaluation Metrics
----------------------------------------
📊 Label Distribution:
  Label Not Data Journalism: 13
  Label Data Journalism: 4
  Label Half Data Journalism: 3

✅ Overall Metrics:
  Accuracy : 0.8000
  Precision: 0.7171
  Recall   : 0.8000
  F1       : 0.7556

🧩 Confusion Matrix:
  [4, 0, 0]
  [1, 0, 2]
  [0, 1, 12]

📌 Per-Class Metrics:
  Class Data Journalism: TP=4, FP=1, FN=0, TN=15
  Class Half Data Journalism: TP=0, FP=1, FN=3, TN=16
  Class Not Data Journalism: TP=12, FP=2, FN=1, TN=5
----------------------------------------
Fold finished F1 Score: 0.8444444444444443 None
Fold 5/5
Loading model from HPC local scratch: /tmp/shapovalov_setfit_model_cache_1387365
{'embedding_loss': 0.392, 'grad_norm': 2.9009206295013428, 'learning_rate': 0.0, 'epoch': 0.01}
{'embedding_loss': 0.1519, 'grad_norm': 0.7957608699798584, 'learning_rate': 1.7685185185185187e-05, 'epoch': 0.62}
{'embedding_loss': 0.0202, 'grad_norm': 0.2933466136455536, 'learning_rate': 1.3055555555555557e-05, 'epoch': 1.25}
{'embedding_loss': 0.0054, 'grad_norm': 0.05235496535897255, 'learning_rate': 8.425925925925926e-06, 'epoch': 1.88}
{'embedding_loss': 0.0011, 'grad_norm': 0.017965003848075867, 'learning_rate': 3.796296296296297e-06, 'epoch': 2.5}
{'train_runtime': 185.4794, 'train_samples_per_second': 20.703, 'train_steps_per_second': 1.294, 'train_loss': 0.03831217631231994, 'epoch': 3.0}

🔍 Evaluation Metrics
----------------------------------------
📊 Label Distribution:
  Label Not Data Journalism: 13
  Label Data Journalism: 4
  Label Half Data Journalism: 3

✅ Overall Metrics:
  Accuracy : 0.7000
  Precision: 0.5971
  Recall   : 0.7000
  F1       : 0.6300

🧩 Confusion Matrix:
  [1, 1, 2]
  [1, 0, 2]
  [0, 0, 13]

📌 Per-Class Metrics:
  Class Data Journalism: TP=1, FP=1, FN=3, TN=15
  Class Half Data Journalism: TP=0, FP=1, FN=3, TN=16
  Class Not Data Journalism: TP=13, FP=4, FN=0, TN=3
----------------------------------------
Fold finished F1 Score: 0.77 None
Average VRAM usage: 5242.52 MB, Max VRAM usage: 19924.32 MB
Trial 74 completed with avg fold F1 score: 0.8101470085470087
Trial 75: {'num_iterations': 8, 'num_epochs': 3, 'batch_size': 16, 'head_lr': 2.5396371030085093e-05}
Fold 1/5
Loading model from HPC local scratch: /tmp/shapovalov_setfit_model_cache_1387365
{'embedding_loss': 0.3451, 'grad_norm': 2.896070718765259, 'learning_rate': 0.0, 'epoch': 0.01}
{'embedding_loss': 0.1644, 'grad_norm': 0.5815149545669556, 'learning_rate': 1.7685185185185187e-05, 'epoch': 0.62}
{'embedding_loss': 0.0281, 'grad_norm': 0.13028492033481598, 'learning_rate': 1.3055555555555557e-05, 'epoch': 1.25}
{'embedding_loss': 0.0243, 'grad_norm': 0.2615799307823181, 'learning_rate': 8.425925925925926e-06, 'epoch': 1.88}
{'embedding_loss': 0.0111, 'grad_norm': 0.04009565711021423, 'learning_rate': 3.796296296296297e-06, 'epoch': 2.5}
{'train_runtime': 183.3322, 'train_samples_per_second': 20.946, 'train_steps_per_second': 1.309, 'train_loss': 0.04918667133897543, 'epoch': 3.0}

🔍 Evaluation Metrics
----------------------------------------
📊 Label Distribution:
  Label Data Journalism: 4
  Label Half Data Journalism: 2
  Label Not Data Journalism: 14

✅ Overall Metrics:
  Accuracy : 0.8000
  Precision: 0.8458
  Recall   : 0.8000
  F1       : 0.7733

🧩 Confusion Matrix:
  [1, 2, 1]
  [0, 1, 1]
  [0, 0, 14]

📌 Per-Class Metrics:
  Class Data Journalism: TP=1, FP=0, FN=3, TN=16
  Class Half Data Journalism: TP=1, FP=2, FN=1, TN=16
  Class Not Data Journalism: TP=14, FP=2, FN=0, TN=4
----------------------------------------
Fold finished F1 Score: 0.8266666666666668 None
Fold 2/5
Loading model from HPC local scratch: /tmp/shapovalov_setfit_model_cache_1387365
{'embedding_loss': 0.3706, 'grad_norm': 3.2043991088867188, 'learning_rate': 0.0, 'epoch': 0.01}
{'embedding_loss': 0.1545, 'grad_norm': 1.2442175149917603, 'learning_rate': 1.7685185185185187e-05, 'epoch': 0.62}
{'embedding_loss': 0.0344, 'grad_norm': 0.46935099363327026, 'learning_rate': 1.3055555555555557e-05, 'epoch': 1.25}
{'embedding_loss': 0.0249, 'grad_norm': 0.3180326819419861, 'learning_rate': 8.425925925925926e-06, 'epoch': 1.88}
{'embedding_loss': 0.0148, 'grad_norm': 0.37431642413139343, 'learning_rate': 3.796296296296297e-06, 'epoch': 2.5}
{'train_runtime': 184.1087, 'train_samples_per_second': 20.857, 'train_steps_per_second': 1.304, 'train_loss': 0.050162357091903684, 'epoch': 3.0}

🔍 Evaluation Metrics
----------------------------------------
📊 Label Distribution:
  Label Not Data Journalism: 14
  Label Data Journalism: 4
  Label Half Data Journalism: 2

✅ Overall Metrics:
  Accuracy : 0.8500
  Precision: 0.9000
  Recall   : 0.8500
  F1       : 0.8628

🧩 Confusion Matrix:
  [3, 1, 0]
  [0, 2, 0]
  [1, 1, 12]

📌 Per-Class Metrics:
  Class Data Journalism: TP=3, FP=1, FN=1, TN=15
  Class Half Data Journalism: TP=2, FP=2, FN=0, TN=16
  Class Not Data Journalism: TP=12, FP=0, FN=2, TN=6
----------------------------------------
Fold finished F1 Score: 0.8371794871794872 None
Fold 3/5
Loading model from HPC local scratch: /tmp/shapovalov_setfit_model_cache_1387365
{'embedding_loss': 0.3392, 'grad_norm': 2.816593647003174, 'learning_rate': 0.0, 'epoch': 0.01}
{'embedding_loss': 0.1533, 'grad_norm': 1.4565742015838623, 'learning_rate': 1.7685185185185187e-05, 'epoch': 0.62}
{'embedding_loss': 0.0301, 'grad_norm': 0.028422463685274124, 'learning_rate': 1.3055555555555557e-05, 'epoch': 1.25}
{'embedding_loss': 0.0152, 'grad_norm': 0.12420788407325745, 'learning_rate': 8.425925925925926e-06, 'epoch': 1.88}
{'embedding_loss': 0.0075, 'grad_norm': 0.08529823273420334, 'learning_rate': 3.796296296296297e-06, 'epoch': 2.5}
{'train_runtime': 184.9172, 'train_samples_per_second': 20.766, 'train_steps_per_second': 1.298, 'train_loss': 0.04420492397621274, 'epoch': 3.0}

🔍 Evaluation Metrics
----------------------------------------
📊 Label Distribution:
  Label Not Data Journalism: 13
  Label Half Data Journalism: 2
  Label Data Journalism: 5

✅ Overall Metrics:
  Accuracy : 0.8000
  Precision: 0.8708
  Recall   : 0.8000
  F1       : 0.8276

🧩 Confusion Matrix:
  [4, 1, 0]
  [0, 1, 1]
  [0, 2, 11]

📌 Per-Class Metrics:
  Class Data Journalism: TP=4, FP=0, FN=1, TN=15
  Class Half Data Journalism: TP=1, FP=3, FN=1, TN=15
  Class Not Data Journalism: TP=11, FP=1, FN=2, TN=6
----------------------------------------
Fold finished F1 Score: 0.7724444444444444 None
Fold 4/5
Loading model from HPC local scratch: /tmp/shapovalov_setfit_model_cache_1387365
{'embedding_loss': 0.2864, 'grad_norm': 2.9529924392700195, 'learning_rate': 0.0, 'epoch': 0.01}
{'embedding_loss': 0.1543, 'grad_norm': 0.8335371017456055, 'learning_rate': 1.7685185185185187e-05, 'epoch': 0.62}
{'embedding_loss': 0.0251, 'grad_norm': 0.09787995368242264, 'learning_rate': 1.3055555555555557e-05, 'epoch': 1.25}
{'embedding_loss': 0.0106, 'grad_norm': 1.250091791152954, 'learning_rate': 8.425925925925926e-06, 'epoch': 1.88}
{'embedding_loss': 0.002, 'grad_norm': 0.3062531054019928, 'learning_rate': 3.796296296296297e-06, 'epoch': 2.5}
{'train_runtime': 184.7401, 'train_samples_per_second': 20.786, 'train_steps_per_second': 1.299, 'train_loss': 0.04092647215972344, 'epoch': 3.0}

🔍 Evaluation Metrics
----------------------------------------
📊 Label Distribution:
  Label Not Data Journalism: 13
  Label Data Journalism: 4
  Label Half Data Journalism: 3

✅ Overall Metrics:
  Accuracy : 0.8000
  Precision: 0.7171
  Recall   : 0.8000
  F1       : 0.7556

🧩 Confusion Matrix:
  [4, 0, 0]
  [1, 0, 2]
  [0, 1, 12]

📌 Per-Class Metrics:
  Class Data Journalism: TP=4, FP=1, FN=0, TN=15
  Class Half Data Journalism: TP=0, FP=1, FN=3, TN=16
  Class Not Data Journalism: TP=12, FP=2, FN=1, TN=5
----------------------------------------
Fold finished F1 Score: 0.8444444444444443 None
Fold 5/5
Loading model from HPC local scratch: /tmp/shapovalov_setfit_model_cache_1387365
{'embedding_loss': 0.392, 'grad_norm': 2.9009206295013428, 'learning_rate': 0.0, 'epoch': 0.01}
{'embedding_loss': 0.1519, 'grad_norm': 0.7957608699798584, 'learning_rate': 1.7685185185185187e-05, 'epoch': 0.62}
{'embedding_loss': 0.0202, 'grad_norm': 0.2933466136455536, 'learning_rate': 1.3055555555555557e-05, 'epoch': 1.25}
{'embedding_loss': 0.0054, 'grad_norm': 0.05235496535897255, 'learning_rate': 8.425925925925926e-06, 'epoch': 1.88}
{'embedding_loss': 0.0011, 'grad_norm': 0.017965003848075867, 'learning_rate': 3.796296296296297e-06, 'epoch': 2.5}
{'train_runtime': 186.7888, 'train_samples_per_second': 20.558, 'train_steps_per_second': 1.285, 'train_loss': 0.03831217631231994, 'epoch': 3.0}

🔍 Evaluation Metrics
----------------------------------------
📊 Label Distribution:
  Label Not Data Journalism: 13
  Label Data Journalism: 4
  Label Half Data Journalism: 3

✅ Overall Metrics:
  Accuracy : 0.7000
  Precision: 0.5971
  Recall   : 0.7000
  F1       : 0.6300

🧩 Confusion Matrix:
  [1, 1, 2]
  [1, 0, 2]
  [0, 0, 13]

📌 Per-Class Metrics:
  Class Data Journalism: TP=1, FP=1, FN=3, TN=15
  Class Half Data Journalism: TP=0, FP=1, FN=3, TN=16
  Class Not Data Journalism: TP=13, FP=4, FN=0, TN=3
----------------------------------------
Fold finished F1 Score: 0.77 None
Average VRAM usage: 5256.89 MB, Max VRAM usage: 21474.40 MB
Trial 75 completed with avg fold F1 score: 0.8101470085470087
Trial 76: {'num_iterations': 8, 'num_epochs': 3, 'batch_size': 16, 'head_lr': 1.0326062005243758e-05}
Fold 1/5
Loading model from HPC local scratch: /tmp/shapovalov_setfit_model_cache_1387365
{'embedding_loss': 0.3451, 'grad_norm': 2.896070718765259, 'learning_rate': 0.0, 'epoch': 0.01}
{'embedding_loss': 0.1644, 'grad_norm': 0.5815149545669556, 'learning_rate': 1.7685185185185187e-05, 'epoch': 0.62}
{'embedding_loss': 0.0281, 'grad_norm': 0.13028492033481598, 'learning_rate': 1.3055555555555557e-05, 'epoch': 1.25}
{'embedding_loss': 0.0243, 'grad_norm': 0.2615799307823181, 'learning_rate': 8.425925925925926e-06, 'epoch': 1.88}
{'embedding_loss': 0.0111, 'grad_norm': 0.04009565711021423, 'learning_rate': 3.796296296296297e-06, 'epoch': 2.5}
{'train_runtime': 185.5659, 'train_samples_per_second': 20.693, 'train_steps_per_second': 1.293, 'train_loss': 0.04918667133897543, 'epoch': 3.0}

🔍 Evaluation Metrics
----------------------------------------
📊 Label Distribution:
  Label Data Journalism: 4
  Label Half Data Journalism: 2
  Label Not Data Journalism: 14

✅ Overall Metrics:
  Accuracy : 0.8000
  Precision: 0.8458
  Recall   : 0.8000
  F1       : 0.7733

🧩 Confusion Matrix:
  [1, 2, 1]
  [0, 1, 1]
  [0, 0, 14]

📌 Per-Class Metrics:
  Class Data Journalism: TP=1, FP=0, FN=3, TN=16
  Class Half Data Journalism: TP=1, FP=2, FN=1, TN=16
  Class Not Data Journalism: TP=14, FP=2, FN=0, TN=4
----------------------------------------
Fold finished F1 Score: 0.8266666666666668 None
Fold 2/5
Loading model from HPC local scratch: /tmp/shapovalov_setfit_model_cache_1387365
{'embedding_loss': 0.3706, 'grad_norm': 3.2043991088867188, 'learning_rate': 0.0, 'epoch': 0.01}
{'embedding_loss': 0.1545, 'grad_norm': 1.2442175149917603, 'learning_rate': 1.7685185185185187e-05, 'epoch': 0.62}
{'embedding_loss': 0.0344, 'grad_norm': 0.46935099363327026, 'learning_rate': 1.3055555555555557e-05, 'epoch': 1.25}
{'embedding_loss': 0.0249, 'grad_norm': 0.3180326819419861, 'learning_rate': 8.425925925925926e-06, 'epoch': 1.88}
{'embedding_loss': 0.0148, 'grad_norm': 0.37431642413139343, 'learning_rate': 3.796296296296297e-06, 'epoch': 2.5}
{'train_runtime': 186.9533, 'train_samples_per_second': 20.54, 'train_steps_per_second': 1.284, 'train_loss': 0.050162357091903684, 'epoch': 3.0}

🔍 Evaluation Metrics
----------------------------------------
📊 Label Distribution:
  Label Not Data Journalism: 14
  Label Data Journalism: 4
  Label Half Data Journalism: 2

✅ Overall Metrics:
  Accuracy : 0.8500
  Precision: 0.9000
  Recall   : 0.8500
  F1       : 0.8628

🧩 Confusion Matrix:
  [3, 1, 0]
  [0, 2, 0]
  [1, 1, 12]

📌 Per-Class Metrics:
  Class Data Journalism: TP=3, FP=1, FN=1, TN=15
  Class Half Data Journalism: TP=2, FP=2, FN=0, TN=16
  Class Not Data Journalism: TP=12, FP=0, FN=2, TN=6
----------------------------------------
Fold finished F1 Score: 0.8371794871794872 None
Fold 3/5
Loading model from HPC local scratch: /tmp/shapovalov_setfit_model_cache_1387365
{'embedding_loss': 0.3392, 'grad_norm': 2.816593647003174, 'learning_rate': 0.0, 'epoch': 0.01}
{'embedding_loss': 0.1533, 'grad_norm': 1.4565742015838623, 'learning_rate': 1.7685185185185187e-05, 'epoch': 0.62}
{'embedding_loss': 0.0301, 'grad_norm': 0.028422463685274124, 'learning_rate': 1.3055555555555557e-05, 'epoch': 1.25}
{'embedding_loss': 0.0152, 'grad_norm': 0.12420788407325745, 'learning_rate': 8.425925925925926e-06, 'epoch': 1.88}
{'embedding_loss': 0.0075, 'grad_norm': 0.08529823273420334, 'learning_rate': 3.796296296296297e-06, 'epoch': 2.5}
{'train_runtime': 187.7708, 'train_samples_per_second': 20.45, 'train_steps_per_second': 1.278, 'train_loss': 0.04420492397621274, 'epoch': 3.0}

🔍 Evaluation Metrics
----------------------------------------
📊 Label Distribution:
  Label Not Data Journalism: 13
  Label Half Data Journalism: 2
  Label Data Journalism: 5

✅ Overall Metrics:
  Accuracy : 0.8000
  Precision: 0.8708
  Recall   : 0.8000
  F1       : 0.8276

🧩 Confusion Matrix:
  [4, 1, 0]
  [0, 1, 1]
  [0, 2, 11]

📌 Per-Class Metrics:
  Class Data Journalism: TP=4, FP=0, FN=1, TN=15
  Class Half Data Journalism: TP=1, FP=3, FN=1, TN=15
  Class Not Data Journalism: TP=11, FP=1, FN=2, TN=6
----------------------------------------
Fold finished F1 Score: 0.7724444444444444 None
Fold 4/5
Loading model from HPC local scratch: /tmp/shapovalov_setfit_model_cache_1387365
{'embedding_loss': 0.2864, 'grad_norm': 2.9529924392700195, 'learning_rate': 0.0, 'epoch': 0.01}
{'embedding_loss': 0.1543, 'grad_norm': 0.8335371017456055, 'learning_rate': 1.7685185185185187e-05, 'epoch': 0.62}
{'embedding_loss': 0.0251, 'grad_norm': 0.09787995368242264, 'learning_rate': 1.3055555555555557e-05, 'epoch': 1.25}
{'embedding_loss': 0.0106, 'grad_norm': 1.250091791152954, 'learning_rate': 8.425925925925926e-06, 'epoch': 1.88}
{'embedding_loss': 0.002, 'grad_norm': 0.3062531054019928, 'learning_rate': 3.796296296296297e-06, 'epoch': 2.5}
{'train_runtime': 187.0483, 'train_samples_per_second': 20.529, 'train_steps_per_second': 1.283, 'train_loss': 0.04092647215972344, 'epoch': 3.0}

🔍 Evaluation Metrics
----------------------------------------
📊 Label Distribution:
  Label Not Data Journalism: 13
  Label Data Journalism: 4
  Label Half Data Journalism: 3

✅ Overall Metrics:
  Accuracy : 0.8000
  Precision: 0.7171
  Recall   : 0.8000
  F1       : 0.7556

🧩 Confusion Matrix:
  [4, 0, 0]
  [1, 0, 2]
  [0, 1, 12]

📌 Per-Class Metrics:
  Class Data Journalism: TP=4, FP=1, FN=0, TN=15
  Class Half Data Journalism: TP=0, FP=1, FN=3, TN=16
  Class Not Data Journalism: TP=12, FP=2, FN=1, TN=5
----------------------------------------
Fold finished F1 Score: 0.8444444444444443 None
Fold 5/5
Loading model from HPC local scratch: /tmp/shapovalov_setfit_model_cache_1387365
{'embedding_loss': 0.392, 'grad_norm': 2.9009206295013428, 'learning_rate': 0.0, 'epoch': 0.01}
{'embedding_loss': 0.1519, 'grad_norm': 0.7957608699798584, 'learning_rate': 1.7685185185185187e-05, 'epoch': 0.62}
{'embedding_loss': 0.0202, 'grad_norm': 0.2933466136455536, 'learning_rate': 1.3055555555555557e-05, 'epoch': 1.25}
{'embedding_loss': 0.0054, 'grad_norm': 0.05235496535897255, 'learning_rate': 8.425925925925926e-06, 'epoch': 1.88}
{'embedding_loss': 0.0011, 'grad_norm': 0.017965003848075867, 'learning_rate': 3.796296296296297e-06, 'epoch': 2.5}
{'train_runtime': 188.0429, 'train_samples_per_second': 20.421, 'train_steps_per_second': 1.276, 'train_loss': 0.03831217631231994, 'epoch': 3.0}

🔍 Evaluation Metrics
----------------------------------------
📊 Label Distribution:
  Label Not Data Journalism: 13
  Label Data Journalism: 4
  Label Half Data Journalism: 3

✅ Overall Metrics:
  Accuracy : 0.7000
  Precision: 0.5971
  Recall   : 0.7000
  F1       : 0.6300

🧩 Confusion Matrix:
  [1, 1, 2]
  [1, 0, 2]
  [0, 0, 13]

📌 Per-Class Metrics:
  Class Data Journalism: TP=1, FP=1, FN=3, TN=15
  Class Half Data Journalism: TP=0, FP=1, FN=3, TN=16
  Class Not Data Journalism: TP=13, FP=4, FN=0, TN=3
----------------------------------------
Fold finished F1 Score: 0.77 None
Average VRAM usage: 5475.44 MB, Max VRAM usage: 21003.08 MB
Trial 76 completed with avg fold F1 score: 0.8101470085470087
Trial 77: {'num_iterations': 8, 'num_epochs': 3, 'batch_size': 16, 'head_lr': 0.00038692941423321424}
Fold 1/5
Loading model from HPC local scratch: /tmp/shapovalov_setfit_model_cache_1387365
{'embedding_loss': 0.3451, 'grad_norm': 2.896070718765259, 'learning_rate': 0.0, 'epoch': 0.01}
{'embedding_loss': 0.1644, 'grad_norm': 0.5815149545669556, 'learning_rate': 1.7685185185185187e-05, 'epoch': 0.62}
{'embedding_loss': 0.0281, 'grad_norm': 0.13028492033481598, 'learning_rate': 1.3055555555555557e-05, 'epoch': 1.25}
{'embedding_loss': 0.0243, 'grad_norm': 0.2615799307823181, 'learning_rate': 8.425925925925926e-06, 'epoch': 1.88}
{'embedding_loss': 0.0111, 'grad_norm': 0.04009565711021423, 'learning_rate': 3.796296296296297e-06, 'epoch': 2.5}
{'train_runtime': 184.9196, 'train_samples_per_second': 20.766, 'train_steps_per_second': 1.298, 'train_loss': 0.04918667133897543, 'epoch': 3.0}

🔍 Evaluation Metrics
----------------------------------------
📊 Label Distribution:
  Label Data Journalism: 4
  Label Half Data Journalism: 2
  Label Not Data Journalism: 14

✅ Overall Metrics:
  Accuracy : 0.8000
  Precision: 0.8458
  Recall   : 0.8000
  F1       : 0.7733

🧩 Confusion Matrix:
  [1, 2, 1]
  [0, 1, 1]
  [0, 0, 14]

📌 Per-Class Metrics:
  Class Data Journalism: TP=1, FP=0, FN=3, TN=16
  Class Half Data Journalism: TP=1, FP=2, FN=1, TN=16
  Class Not Data Journalism: TP=14, FP=2, FN=0, TN=4
----------------------------------------
Fold finished F1 Score: 0.8266666666666668 None
Fold 2/5
Loading model from HPC local scratch: /tmp/shapovalov_setfit_model_cache_1387365
{'embedding_loss': 0.3706, 'grad_norm': 3.2043991088867188, 'learning_rate': 0.0, 'epoch': 0.01}
{'embedding_loss': 0.1545, 'grad_norm': 1.2442175149917603, 'learning_rate': 1.7685185185185187e-05, 'epoch': 0.62}
{'embedding_loss': 0.0344, 'grad_norm': 0.46935099363327026, 'learning_rate': 1.3055555555555557e-05, 'epoch': 1.25}
{'embedding_loss': 0.0249, 'grad_norm': 0.3180326819419861, 'learning_rate': 8.425925925925926e-06, 'epoch': 1.88}
{'embedding_loss': 0.0148, 'grad_norm': 0.37431642413139343, 'learning_rate': 3.796296296296297e-06, 'epoch': 2.5}
{'train_runtime': 187.8042, 'train_samples_per_second': 20.447, 'train_steps_per_second': 1.278, 'train_loss': 0.050162357091903684, 'epoch': 3.0}

🔍 Evaluation Metrics
----------------------------------------
📊 Label Distribution:
  Label Not Data Journalism: 14
  Label Data Journalism: 4
  Label Half Data Journalism: 2

✅ Overall Metrics:
  Accuracy : 0.8500
  Precision: 0.9000
  Recall   : 0.8500
  F1       : 0.8628

🧩 Confusion Matrix:
  [3, 1, 0]
  [0, 2, 0]
  [1, 1, 12]

📌 Per-Class Metrics:
  Class Data Journalism: TP=3, FP=1, FN=1, TN=15
  Class Half Data Journalism: TP=2, FP=2, FN=0, TN=16
  Class Not Data Journalism: TP=12, FP=0, FN=2, TN=6
----------------------------------------
Fold finished F1 Score: 0.8371794871794872 None
Fold 3/5
Loading model from HPC local scratch: /tmp/shapovalov_setfit_model_cache_1387365
{'embedding_loss': 0.3392, 'grad_norm': 2.816593647003174, 'learning_rate': 0.0, 'epoch': 0.01}
{'embedding_loss': 0.1533, 'grad_norm': 1.4565742015838623, 'learning_rate': 1.7685185185185187e-05, 'epoch': 0.62}
{'embedding_loss': 0.0301, 'grad_norm': 0.028422463685274124, 'learning_rate': 1.3055555555555557e-05, 'epoch': 1.25}
{'embedding_loss': 0.0152, 'grad_norm': 0.12420788407325745, 'learning_rate': 8.425925925925926e-06, 'epoch': 1.88}
{'embedding_loss': 0.0075, 'grad_norm': 0.08529823273420334, 'learning_rate': 3.796296296296297e-06, 'epoch': 2.5}
{'train_runtime': 188.0908, 'train_samples_per_second': 20.416, 'train_steps_per_second': 1.276, 'train_loss': 0.04420492397621274, 'epoch': 3.0}

🔍 Evaluation Metrics
----------------------------------------
📊 Label Distribution:
  Label Not Data Journalism: 13
  Label Half Data Journalism: 2
  Label Data Journalism: 5

✅ Overall Metrics:
  Accuracy : 0.8000
  Precision: 0.8708
  Recall   : 0.8000
  F1       : 0.8276

🧩 Confusion Matrix:
  [4, 1, 0]
  [0, 1, 1]
  [0, 2, 11]

📌 Per-Class Metrics:
  Class Data Journalism: TP=4, FP=0, FN=1, TN=15
  Class Half Data Journalism: TP=1, FP=3, FN=1, TN=15
  Class Not Data Journalism: TP=11, FP=1, FN=2, TN=6
----------------------------------------
Fold finished F1 Score: 0.7724444444444444 None
Fold 4/5
Loading model from HPC local scratch: /tmp/shapovalov_setfit_model_cache_1387365
{'embedding_loss': 0.2864, 'grad_norm': 2.9529924392700195, 'learning_rate': 0.0, 'epoch': 0.01}
{'embedding_loss': 0.1543, 'grad_norm': 0.8335371017456055, 'learning_rate': 1.7685185185185187e-05, 'epoch': 0.62}
{'embedding_loss': 0.0251, 'grad_norm': 0.09787995368242264, 'learning_rate': 1.3055555555555557e-05, 'epoch': 1.25}
{'embedding_loss': 0.0106, 'grad_norm': 1.250091791152954, 'learning_rate': 8.425925925925926e-06, 'epoch': 1.88}
{'embedding_loss': 0.002, 'grad_norm': 0.3062531054019928, 'learning_rate': 3.796296296296297e-06, 'epoch': 2.5}
{'train_runtime': 187.8772, 'train_samples_per_second': 20.439, 'train_steps_per_second': 1.277, 'train_loss': 0.04092647215972344, 'epoch': 3.0}

🔍 Evaluation Metrics
----------------------------------------
📊 Label Distribution:
  Label Not Data Journalism: 13
  Label Data Journalism: 4
  Label Half Data Journalism: 3

✅ Overall Metrics:
  Accuracy : 0.8000
  Precision: 0.7171
  Recall   : 0.8000
  F1       : 0.7556

🧩 Confusion Matrix:
  [4, 0, 0]
  [1, 0, 2]
  [0, 1, 12]

📌 Per-Class Metrics:
  Class Data Journalism: TP=4, FP=1, FN=0, TN=15
  Class Half Data Journalism: TP=0, FP=1, FN=3, TN=16
  Class Not Data Journalism: TP=12, FP=2, FN=1, TN=5
----------------------------------------
Fold finished F1 Score: 0.8444444444444443 None
Fold 5/5
Loading model from HPC local scratch: /tmp/shapovalov_setfit_model_cache_1387365
{'embedding_loss': 0.392, 'grad_norm': 2.9009206295013428, 'learning_rate': 0.0, 'epoch': 0.01}
{'embedding_loss': 0.1519, 'grad_norm': 0.7957608699798584, 'learning_rate': 1.7685185185185187e-05, 'epoch': 0.62}
{'embedding_loss': 0.0202, 'grad_norm': 0.2933466136455536, 'learning_rate': 1.3055555555555557e-05, 'epoch': 1.25}
{'embedding_loss': 0.0054, 'grad_norm': 0.05235496535897255, 'learning_rate': 8.425925925925926e-06, 'epoch': 1.88}
{'embedding_loss': 0.0011, 'grad_norm': 0.017965003848075867, 'learning_rate': 3.796296296296297e-06, 'epoch': 2.5}
{'train_runtime': 189.0207, 'train_samples_per_second': 20.315, 'train_steps_per_second': 1.27, 'train_loss': 0.03831217631231994, 'epoch': 3.0}

🔍 Evaluation Metrics
----------------------------------------
📊 Label Distribution:
  Label Not Data Journalism: 13
  Label Data Journalism: 4
  Label Half Data Journalism: 3

✅ Overall Metrics:
  Accuracy : 0.7000
  Precision: 0.5971
  Recall   : 0.7000
  F1       : 0.6300

🧩 Confusion Matrix:
  [1, 1, 2]
  [1, 0, 2]
  [0, 0, 13]

📌 Per-Class Metrics:
  Class Data Journalism: TP=1, FP=1, FN=3, TN=15
  Class Half Data Journalism: TP=0, FP=1, FN=3, TN=16
  Class Not Data Journalism: TP=13, FP=4, FN=0, TN=3
----------------------------------------
Fold finished F1 Score: 0.77 None
Average VRAM usage: 4970.38 MB, Max VRAM usage: 17297.53 MB
Trial 77 completed with avg fold F1 score: 0.8101470085470087
Trial 78: {'num_iterations': 6, 'num_epochs': 3, 'batch_size': 16, 'head_lr': 5.3671244746989434e-05}
Fold 1/5
Loading model from HPC local scratch: /tmp/shapovalov_setfit_model_cache_1387365
{'embedding_loss': 0.3249, 'grad_norm': 2.6149380207061768, 'learning_rate': 0.0, 'epoch': 0.02}
{'embedding_loss': 0.1477, 'grad_norm': 0.7716582417488098, 'learning_rate': 1.617283950617284e-05, 'epoch': 0.83}
{'embedding_loss': 0.032, 'grad_norm': 0.4950900375843048, 'learning_rate': 1e-05, 'epoch': 1.67}
{'embedding_loss': 0.0191, 'grad_norm': 0.19002872705459595, 'learning_rate': 3.827160493827161e-06, 'epoch': 2.5}
{'train_runtime': 138.6804, 'train_samples_per_second': 20.767, 'train_steps_per_second': 1.298, 'train_loss': 0.05912363231182098, 'epoch': 3.0}

🔍 Evaluation Metrics
----------------------------------------
📊 Label Distribution:
  Label Data Journalism: 4
  Label Half Data Journalism: 2
  Label Not Data Journalism: 14

✅ Overall Metrics:
  Accuracy : 0.8000
  Precision: 0.8458
  Recall   : 0.8000
  F1       : 0.7733

🧩 Confusion Matrix:
  [1, 2, 1]
  [0, 1, 1]
  [0, 0, 14]

📌 Per-Class Metrics:
  Class Data Journalism: TP=1, FP=0, FN=3, TN=16
  Class Half Data Journalism: TP=1, FP=2, FN=1, TN=16
  Class Not Data Journalism: TP=14, FP=2, FN=0, TN=4
----------------------------------------
Fold finished F1 Score: 0.8266666666666668 None
Fold 2/5
Loading model from HPC local scratch: /tmp/shapovalov_setfit_model_cache_1387365
{'embedding_loss': 0.4045, 'grad_norm': 3.366190195083618, 'learning_rate': 0.0, 'epoch': 0.02}
{'embedding_loss': 0.1513, 'grad_norm': 1.026811957359314, 'learning_rate': 1.617283950617284e-05, 'epoch': 0.83}
{'embedding_loss': 0.036, 'grad_norm': 0.4813402593135834, 'learning_rate': 1e-05, 'epoch': 1.67}
{'embedding_loss': 0.0188, 'grad_norm': 0.7739594578742981, 'learning_rate': 3.827160493827161e-06, 'epoch': 2.5}
{'train_runtime': 138.1378, 'train_samples_per_second': 20.849, 'train_steps_per_second': 1.303, 'train_loss': 0.061576266090075174, 'epoch': 3.0}

🔍 Evaluation Metrics
----------------------------------------
📊 Label Distribution:
  Label Not Data Journalism: 14
  Label Data Journalism: 4
  Label Half Data Journalism: 2

✅ Overall Metrics:
  Accuracy : 0.8000
  Precision: 0.8295
  Recall   : 0.8000
  F1       : 0.8122

🧩 Confusion Matrix:
  [3, 1, 0]
  [0, 1, 1]
  [1, 1, 12]

📌 Per-Class Metrics:
  Class Data Journalism: TP=3, FP=1, FN=1, TN=15
  Class Half Data Journalism: TP=1, FP=2, FN=1, TN=16
  Class Not Data Journalism: TP=12, FP=1, FN=2, TN=5
----------------------------------------
Fold finished F1 Score: 0.7877777777777778 None
Fold 3/5
Loading model from HPC local scratch: /tmp/shapovalov_setfit_model_cache_1387365
{'embedding_loss': 0.3841, 'grad_norm': 3.0262792110443115, 'learning_rate': 0.0, 'epoch': 0.02}
{'embedding_loss': 0.1363, 'grad_norm': 0.7158152461051941, 'learning_rate': 1.617283950617284e-05, 'epoch': 0.83}
{'embedding_loss': 0.0262, 'grad_norm': 0.3026493191719055, 'learning_rate': 1e-05, 'epoch': 1.67}
{'embedding_loss': 0.0148, 'grad_norm': 0.09256857633590698, 'learning_rate': 3.827160493827161e-06, 'epoch': 2.5}
{'train_runtime': 139.0225, 'train_samples_per_second': 20.716, 'train_steps_per_second': 1.295, 'train_loss': 0.051556174374288985, 'epoch': 3.0}

🔍 Evaluation Metrics
----------------------------------------
📊 Label Distribution:
  Label Not Data Journalism: 13
  Label Half Data Journalism: 2
  Label Data Journalism: 5

✅ Overall Metrics:
  Accuracy : 0.7000
  Precision: 0.7833
  Recall   : 0.7000
  F1       : 0.7387

🧩 Confusion Matrix:
  [3, 2, 0]
  [1, 0, 1]
  [0, 2, 11]

📌 Per-Class Metrics:
  Class Data Journalism: TP=3, FP=1, FN=2, TN=14
  Class Half Data Journalism: TP=0, FP=4, FN=2, TN=14
  Class Not Data Journalism: TP=11, FP=1, FN=2, TN=6
----------------------------------------
Fold finished F1 Score: 0.6613333333333333 None
Fold 4/5
Loading model from HPC local scratch: /tmp/shapovalov_setfit_model_cache_1387365
{'embedding_loss': 0.3682, 'grad_norm': 3.33510684967041, 'learning_rate': 0.0, 'epoch': 0.02}
{'embedding_loss': 0.1422, 'grad_norm': 0.9471743106842041, 'learning_rate': 1.617283950617284e-05, 'epoch': 0.83}
{'embedding_loss': 0.0217, 'grad_norm': 0.04926985502243042, 'learning_rate': 1e-05, 'epoch': 1.67}
{'embedding_loss': 0.0121, 'grad_norm': 0.06690944731235504, 'learning_rate': 3.827160493827161e-06, 'epoch': 2.5}
{'train_runtime': 138.2843, 'train_samples_per_second': 20.827, 'train_steps_per_second': 1.302, 'train_loss': 0.05122257752550973, 'epoch': 3.0}

🔍 Evaluation Metrics
----------------------------------------
📊 Label Distribution:
  Label Not Data Journalism: 13
  Label Data Journalism: 4
  Label Half Data Journalism: 3

✅ Overall Metrics:
  Accuracy : 0.8000
  Precision: 0.7171
  Recall   : 0.8000
  F1       : 0.7556

🧩 Confusion Matrix:
  [4, 0, 0]
  [1, 0, 2]
  [0, 1, 12]

📌 Per-Class Metrics:
  Class Data Journalism: TP=4, FP=1, FN=0, TN=15
  Class Half Data Journalism: TP=0, FP=1, FN=3, TN=16
  Class Not Data Journalism: TP=12, FP=2, FN=1, TN=5
----------------------------------------
Fold finished F1 Score: 0.8444444444444443 None
Fold 5/5
Loading model from HPC local scratch: /tmp/shapovalov_setfit_model_cache_1387365
{'embedding_loss': 0.3582, 'grad_norm': 2.8250327110290527, 'learning_rate': 0.0, 'epoch': 0.02}
{'embedding_loss': 0.1431, 'grad_norm': 0.31716910004615784, 'learning_rate': 1.617283950617284e-05, 'epoch': 0.83}
{'embedding_loss': 0.0212, 'grad_norm': 0.5200666189193726, 'learning_rate': 1e-05, 'epoch': 1.67}
{'embedding_loss': 0.0059, 'grad_norm': 0.4861917197704315, 'learning_rate': 3.827160493827161e-06, 'epoch': 2.5}
{'train_runtime': 139.8424, 'train_samples_per_second': 20.595, 'train_steps_per_second': 1.287, 'train_loss': 0.04867648805181186, 'epoch': 3.0}

🔍 Evaluation Metrics
----------------------------------------
📊 Label Distribution:
  Label Not Data Journalism: 13
  Label Data Journalism: 4
  Label Half Data Journalism: 3

✅ Overall Metrics:
  Accuracy : 0.7500
  Precision: 0.6615
  Recall   : 0.7500
  F1       : 0.6970

🧩 Confusion Matrix:
  [2, 1, 1]
  [1, 0, 2]
  [0, 0, 13]

📌 Per-Class Metrics:
  Class Data Journalism: TP=2, FP=1, FN=2, TN=15
  Class Half Data Journalism: TP=0, FP=1, FN=3, TN=16
  Class Not Data Journalism: TP=13, FP=3, FN=0, TN=4
----------------------------------------
Fold finished F1 Score: 0.8029556650246306 None
Average VRAM usage: 5355.90 MB, Max VRAM usage: 17731.42 MB
Trial 78 completed with avg fold F1 score: 0.7846355774493705
Trial 79: {'num_iterations': 8, 'num_epochs': 3, 'batch_size': 16, 'head_lr': 2.8623497295397194e-05}
Fold 1/5
Loading model from HPC local scratch: /tmp/shapovalov_setfit_model_cache_1387365
{'embedding_loss': 0.3451, 'grad_norm': 2.896070718765259, 'learning_rate': 0.0, 'epoch': 0.01}
{'embedding_loss': 0.1644, 'grad_norm': 0.5815149545669556, 'learning_rate': 1.7685185185185187e-05, 'epoch': 0.62}
{'embedding_loss': 0.0281, 'grad_norm': 0.13028492033481598, 'learning_rate': 1.3055555555555557e-05, 'epoch': 1.25}
{'embedding_loss': 0.0243, 'grad_norm': 0.2615799307823181, 'learning_rate': 8.425925925925926e-06, 'epoch': 1.88}
{'embedding_loss': 0.0111, 'grad_norm': 0.04009565711021423, 'learning_rate': 3.796296296296297e-06, 'epoch': 2.5}
{'train_runtime': 184.1056, 'train_samples_per_second': 20.858, 'train_steps_per_second': 1.304, 'train_loss': 0.04918667133897543, 'epoch': 3.0}

🔍 Evaluation Metrics
----------------------------------------
📊 Label Distribution:
  Label Data Journalism: 4
  Label Half Data Journalism: 2
  Label Not Data Journalism: 14

✅ Overall Metrics:
  Accuracy : 0.8000
  Precision: 0.8458
  Recall   : 0.8000
  F1       : 0.7733

🧩 Confusion Matrix:
  [1, 2, 1]
  [0, 1, 1]
  [0, 0, 14]

📌 Per-Class Metrics:
  Class Data Journalism: TP=1, FP=0, FN=3, TN=16
  Class Half Data Journalism: TP=1, FP=2, FN=1, TN=16
  Class Not Data Journalism: TP=14, FP=2, FN=0, TN=4
----------------------------------------
Fold finished F1 Score: 0.8266666666666668 None
Fold 2/5
Loading model from HPC local scratch: /tmp/shapovalov_setfit_model_cache_1387365
{'embedding_loss': 0.3706, 'grad_norm': 3.2043991088867188, 'learning_rate': 0.0, 'epoch': 0.01}
{'embedding_loss': 0.1545, 'grad_norm': 1.2442175149917603, 'learning_rate': 1.7685185185185187e-05, 'epoch': 0.62}
{'embedding_loss': 0.0344, 'grad_norm': 0.46935099363327026, 'learning_rate': 1.3055555555555557e-05, 'epoch': 1.25}
{'embedding_loss': 0.0249, 'grad_norm': 0.3180326819419861, 'learning_rate': 8.425925925925926e-06, 'epoch': 1.88}
{'embedding_loss': 0.0148, 'grad_norm': 0.37431642413139343, 'learning_rate': 3.796296296296297e-06, 'epoch': 2.5}
{'train_runtime': 184.4814, 'train_samples_per_second': 20.815, 'train_steps_per_second': 1.301, 'train_loss': 0.050162357091903684, 'epoch': 3.0}

🔍 Evaluation Metrics
----------------------------------------
📊 Label Distribution:
  Label Not Data Journalism: 14
  Label Data Journalism: 4
  Label Half Data Journalism: 2

✅ Overall Metrics:
  Accuracy : 0.8500
  Precision: 0.9000
  Recall   : 0.8500
  F1       : 0.8628

🧩 Confusion Matrix:
  [3, 1, 0]
  [0, 2, 0]
  [1, 1, 12]

📌 Per-Class Metrics:
  Class Data Journalism: TP=3, FP=1, FN=1, TN=15
  Class Half Data Journalism: TP=2, FP=2, FN=0, TN=16
  Class Not Data Journalism: TP=12, FP=0, FN=2, TN=6
----------------------------------------
Fold finished F1 Score: 0.8371794871794872 None
Fold 3/5
Loading model from HPC local scratch: /tmp/shapovalov_setfit_model_cache_1387365
{'embedding_loss': 0.3392, 'grad_norm': 2.816593647003174, 'learning_rate': 0.0, 'epoch': 0.01}
{'embedding_loss': 0.1533, 'grad_norm': 1.4565742015838623, 'learning_rate': 1.7685185185185187e-05, 'epoch': 0.62}
{'embedding_loss': 0.0301, 'grad_norm': 0.028422463685274124, 'learning_rate': 1.3055555555555557e-05, 'epoch': 1.25}
{'embedding_loss': 0.0152, 'grad_norm': 0.12420788407325745, 'learning_rate': 8.425925925925926e-06, 'epoch': 1.88}
{'embedding_loss': 0.0075, 'grad_norm': 0.08529823273420334, 'learning_rate': 3.796296296296297e-06, 'epoch': 2.5}
{'train_runtime': 185.8783, 'train_samples_per_second': 20.659, 'train_steps_per_second': 1.291, 'train_loss': 0.04420492397621274, 'epoch': 3.0}

🔍 Evaluation Metrics
----------------------------------------
📊 Label Distribution:
  Label Not Data Journalism: 13
  Label Half Data Journalism: 2
  Label Data Journalism: 5

✅ Overall Metrics:
  Accuracy : 0.8000
  Precision: 0.8708
  Recall   : 0.8000
  F1       : 0.8276

🧩 Confusion Matrix:
  [4, 1, 0]
  [0, 1, 1]
  [0, 2, 11]

📌 Per-Class Metrics:
  Class Data Journalism: TP=4, FP=0, FN=1, TN=15
  Class Half Data Journalism: TP=1, FP=3, FN=1, TN=15
  Class Not Data Journalism: TP=11, FP=1, FN=2, TN=6
----------------------------------------
Fold finished F1 Score: 0.7724444444444444 None
Fold 4/5
Loading model from HPC local scratch: /tmp/shapovalov_setfit_model_cache_1387365
{'embedding_loss': 0.2864, 'grad_norm': 2.9529924392700195, 'learning_rate': 0.0, 'epoch': 0.01}
{'embedding_loss': 0.1543, 'grad_norm': 0.8335371017456055, 'learning_rate': 1.7685185185185187e-05, 'epoch': 0.62}
{'embedding_loss': 0.0251, 'grad_norm': 0.09787995368242264, 'learning_rate': 1.3055555555555557e-05, 'epoch': 1.25}
{'embedding_loss': 0.0106, 'grad_norm': 1.250091791152954, 'learning_rate': 8.425925925925926e-06, 'epoch': 1.88}
{'embedding_loss': 0.002, 'grad_norm': 0.3062531054019928, 'learning_rate': 3.796296296296297e-06, 'epoch': 2.5}
{'train_runtime': 184.7823, 'train_samples_per_second': 20.781, 'train_steps_per_second': 1.299, 'train_loss': 0.04092647215972344, 'epoch': 3.0}

🔍 Evaluation Metrics
----------------------------------------
📊 Label Distribution:
  Label Not Data Journalism: 13
  Label Data Journalism: 4
  Label Half Data Journalism: 3

✅ Overall Metrics:
  Accuracy : 0.8000
  Precision: 0.7171
  Recall   : 0.8000
  F1       : 0.7556

🧩 Confusion Matrix:
  [4, 0, 0]
  [1, 0, 2]
  [0, 1, 12]

📌 Per-Class Metrics:
  Class Data Journalism: TP=4, FP=1, FN=0, TN=15
  Class Half Data Journalism: TP=0, FP=1, FN=3, TN=16
  Class Not Data Journalism: TP=12, FP=2, FN=1, TN=5
----------------------------------------
Fold finished F1 Score: 0.8444444444444443 None
Fold 5/5
Loading model from HPC local scratch: /tmp/shapovalov_setfit_model_cache_1387365
{'embedding_loss': 0.392, 'grad_norm': 2.9009206295013428, 'learning_rate': 0.0, 'epoch': 0.01}
{'embedding_loss': 0.1519, 'grad_norm': 0.7957608699798584, 'learning_rate': 1.7685185185185187e-05, 'epoch': 0.62}
{'embedding_loss': 0.0202, 'grad_norm': 0.2933466136455536, 'learning_rate': 1.3055555555555557e-05, 'epoch': 1.25}
{'embedding_loss': 0.0054, 'grad_norm': 0.05235496535897255, 'learning_rate': 8.425925925925926e-06, 'epoch': 1.88}
{'embedding_loss': 0.0011, 'grad_norm': 0.017965003848075867, 'learning_rate': 3.796296296296297e-06, 'epoch': 2.5}
{'train_runtime': 184.8998, 'train_samples_per_second': 20.768, 'train_steps_per_second': 1.298, 'train_loss': 0.03831217631231994, 'epoch': 3.0}

🔍 Evaluation Metrics
----------------------------------------
📊 Label Distribution:
  Label Not Data Journalism: 13
  Label Data Journalism: 4
  Label Half Data Journalism: 3

✅ Overall Metrics:
  Accuracy : 0.7000
  Precision: 0.5971
  Recall   : 0.7000
  F1       : 0.6300

🧩 Confusion Matrix:
  [1, 1, 2]
  [1, 0, 2]
  [0, 0, 13]

📌 Per-Class Metrics:
  Class Data Journalism: TP=1, FP=1, FN=3, TN=15
  Class Half Data Journalism: TP=0, FP=1, FN=3, TN=16
  Class Not Data Journalism: TP=13, FP=4, FN=0, TN=3
----------------------------------------
Fold finished F1 Score: 0.77 None
Average VRAM usage: 5059.62 MB, Max VRAM usage: 21331.44 MB
Trial 79 completed with avg fold F1 score: 0.8101470085470087
Trial 80: {'num_iterations': 8, 'num_epochs': 3, 'batch_size': 16, 'head_lr': 1.840354631211548e-05}
Fold 1/5
Loading model from HPC local scratch: /tmp/shapovalov_setfit_model_cache_1387365
{'embedding_loss': 0.3451, 'grad_norm': 2.896070718765259, 'learning_rate': 0.0, 'epoch': 0.01}
{'embedding_loss': 0.1644, 'grad_norm': 0.5815149545669556, 'learning_rate': 1.7685185185185187e-05, 'epoch': 0.62}
{'embedding_loss': 0.0281, 'grad_norm': 0.13028492033481598, 'learning_rate': 1.3055555555555557e-05, 'epoch': 1.25}
{'embedding_loss': 0.0243, 'grad_norm': 0.2615799307823181, 'learning_rate': 8.425925925925926e-06, 'epoch': 1.88}
{'embedding_loss': 0.0111, 'grad_norm': 0.04009565711021423, 'learning_rate': 3.796296296296297e-06, 'epoch': 2.5}
{'train_runtime': 183.5637, 'train_samples_per_second': 20.919, 'train_steps_per_second': 1.307, 'train_loss': 0.04918667133897543, 'epoch': 3.0}

🔍 Evaluation Metrics
----------------------------------------
📊 Label Distribution:
  Label Data Journalism: 4
  Label Half Data Journalism: 2
  Label Not Data Journalism: 14

✅ Overall Metrics:
  Accuracy : 0.8000
  Precision: 0.8458
  Recall   : 0.8000
  F1       : 0.7733

🧩 Confusion Matrix:
  [1, 2, 1]
  [0, 1, 1]
  [0, 0, 14]

📌 Per-Class Metrics:
  Class Data Journalism: TP=1, FP=0, FN=3, TN=16
  Class Half Data Journalism: TP=1, FP=2, FN=1, TN=16
  Class Not Data Journalism: TP=14, FP=2, FN=0, TN=4
----------------------------------------
Fold finished F1 Score: 0.8266666666666668 None
Fold 2/5
Loading model from HPC local scratch: /tmp/shapovalov_setfit_model_cache_1387365
{'embedding_loss': 0.3706, 'grad_norm': 3.2043991088867188, 'learning_rate': 0.0, 'epoch': 0.01}
{'embedding_loss': 0.1545, 'grad_norm': 1.2442175149917603, 'learning_rate': 1.7685185185185187e-05, 'epoch': 0.62}
{'embedding_loss': 0.0344, 'grad_norm': 0.46935099363327026, 'learning_rate': 1.3055555555555557e-05, 'epoch': 1.25}
{'embedding_loss': 0.0249, 'grad_norm': 0.3180326819419861, 'learning_rate': 8.425925925925926e-06, 'epoch': 1.88}
{'embedding_loss': 0.0148, 'grad_norm': 0.37431642413139343, 'learning_rate': 3.796296296296297e-06, 'epoch': 2.5}
{'train_runtime': 183.4671, 'train_samples_per_second': 20.93, 'train_steps_per_second': 1.308, 'train_loss': 0.050162357091903684, 'epoch': 3.0}

🔍 Evaluation Metrics
----------------------------------------
📊 Label Distribution:
  Label Not Data Journalism: 14
  Label Data Journalism: 4
  Label Half Data Journalism: 2

✅ Overall Metrics:
  Accuracy : 0.8500
  Precision: 0.9000
  Recall   : 0.8500
  F1       : 0.8628

🧩 Confusion Matrix:
  [3, 1, 0]
  [0, 2, 0]
  [1, 1, 12]

📌 Per-Class Metrics:
  Class Data Journalism: TP=3, FP=1, FN=1, TN=15
  Class Half Data Journalism: TP=2, FP=2, FN=0, TN=16
  Class Not Data Journalism: TP=12, FP=0, FN=2, TN=6
----------------------------------------
Fold finished F1 Score: 0.8371794871794872 None
Fold 3/5
Loading model from HPC local scratch: /tmp/shapovalov_setfit_model_cache_1387365
{'embedding_loss': 0.3392, 'grad_norm': 2.816593647003174, 'learning_rate': 0.0, 'epoch': 0.01}
{'embedding_loss': 0.1533, 'grad_norm': 1.4565742015838623, 'learning_rate': 1.7685185185185187e-05, 'epoch': 0.62}
{'embedding_loss': 0.0301, 'grad_norm': 0.028422463685274124, 'learning_rate': 1.3055555555555557e-05, 'epoch': 1.25}
{'embedding_loss': 0.0152, 'grad_norm': 0.12420788407325745, 'learning_rate': 8.425925925925926e-06, 'epoch': 1.88}
{'embedding_loss': 0.0075, 'grad_norm': 0.08529823273420334, 'learning_rate': 3.796296296296297e-06, 'epoch': 2.5}
{'train_runtime': 184.9914, 'train_samples_per_second': 20.758, 'train_steps_per_second': 1.297, 'train_loss': 0.04420492397621274, 'epoch': 3.0}

🔍 Evaluation Metrics
----------------------------------------
📊 Label Distribution:
  Label Not Data Journalism: 13
  Label Half Data Journalism: 2
  Label Data Journalism: 5

✅ Overall Metrics:
  Accuracy : 0.8000
  Precision: 0.8708
  Recall   : 0.8000
  F1       : 0.8276

🧩 Confusion Matrix:
  [4, 1, 0]
  [0, 1, 1]
  [0, 2, 11]

📌 Per-Class Metrics:
  Class Data Journalism: TP=4, FP=0, FN=1, TN=15
  Class Half Data Journalism: TP=1, FP=3, FN=1, TN=15
  Class Not Data Journalism: TP=11, FP=1, FN=2, TN=6
----------------------------------------
Fold finished F1 Score: 0.7724444444444444 None
Fold 4/5
Loading model from HPC local scratch: /tmp/shapovalov_setfit_model_cache_1387365
{'embedding_loss': 0.2864, 'grad_norm': 2.9529924392700195, 'learning_rate': 0.0, 'epoch': 0.01}
{'embedding_loss': 0.1543, 'grad_norm': 0.8335371017456055, 'learning_rate': 1.7685185185185187e-05, 'epoch': 0.62}
{'embedding_loss': 0.0251, 'grad_norm': 0.09787995368242264, 'learning_rate': 1.3055555555555557e-05, 'epoch': 1.25}
{'embedding_loss': 0.0106, 'grad_norm': 1.250091791152954, 'learning_rate': 8.425925925925926e-06, 'epoch': 1.88}
{'embedding_loss': 0.002, 'grad_norm': 0.3062531054019928, 'learning_rate': 3.796296296296297e-06, 'epoch': 2.5}
{'train_runtime': 186.9964, 'train_samples_per_second': 20.535, 'train_steps_per_second': 1.283, 'train_loss': 0.04092647215972344, 'epoch': 3.0}

🔍 Evaluation Metrics
----------------------------------------
📊 Label Distribution:
  Label Not Data Journalism: 13
  Label Data Journalism: 4
  Label Half Data Journalism: 3

✅ Overall Metrics:
  Accuracy : 0.8000
  Precision: 0.7171
  Recall   : 0.8000
  F1       : 0.7556

🧩 Confusion Matrix:
  [4, 0, 0]
  [1, 0, 2]
  [0, 1, 12]

📌 Per-Class Metrics:
  Class Data Journalism: TP=4, FP=1, FN=0, TN=15
  Class Half Data Journalism: TP=0, FP=1, FN=3, TN=16
  Class Not Data Journalism: TP=12, FP=2, FN=1, TN=5
----------------------------------------
Fold finished F1 Score: 0.8444444444444443 None
Fold 5/5
Loading model from HPC local scratch: /tmp/shapovalov_setfit_model_cache_1387365
{'embedding_loss': 0.392, 'grad_norm': 2.9009206295013428, 'learning_rate': 0.0, 'epoch': 0.01}
{'embedding_loss': 0.1519, 'grad_norm': 0.7957608699798584, 'learning_rate': 1.7685185185185187e-05, 'epoch': 0.62}
{'embedding_loss': 0.0202, 'grad_norm': 0.2933466136455536, 'learning_rate': 1.3055555555555557e-05, 'epoch': 1.25}
{'embedding_loss': 0.0054, 'grad_norm': 0.05235496535897255, 'learning_rate': 8.425925925925926e-06, 'epoch': 1.88}
{'embedding_loss': 0.0011, 'grad_norm': 0.017965003848075867, 'learning_rate': 3.796296296296297e-06, 'epoch': 2.5}
{'train_runtime': 184.5686, 'train_samples_per_second': 20.805, 'train_steps_per_second': 1.3, 'train_loss': 0.03831217631231994, 'epoch': 3.0}

🔍 Evaluation Metrics
----------------------------------------
📊 Label Distribution:
  Label Not Data Journalism: 13
  Label Data Journalism: 4
  Label Half Data Journalism: 3

✅ Overall Metrics:
  Accuracy : 0.7000
  Precision: 0.5971
  Recall   : 0.7000
  F1       : 0.6300

🧩 Confusion Matrix:
  [1, 1, 2]
  [1, 0, 2]
  [0, 0, 13]

📌 Per-Class Metrics:
  Class Data Journalism: TP=1, FP=1, FN=3, TN=15
  Class Half Data Journalism: TP=0, FP=1, FN=3, TN=16
  Class Not Data Journalism: TP=13, FP=4, FN=0, TN=3
----------------------------------------
Fold finished F1 Score: 0.77 None
Average VRAM usage: 5206.57 MB, Max VRAM usage: 16449.40 MB
Trial 80 completed with avg fold F1 score: 0.8101470085470087
Trial 81: {'num_iterations': 8, 'num_epochs': 3, 'batch_size': 16, 'head_lr': 1.0032742134031957e-05}
Fold 1/5
Loading model from HPC local scratch: /tmp/shapovalov_setfit_model_cache_1387365
{'embedding_loss': 0.3451, 'grad_norm': 2.896070718765259, 'learning_rate': 0.0, 'epoch': 0.01}
{'embedding_loss': 0.1644, 'grad_norm': 0.5815149545669556, 'learning_rate': 1.7685185185185187e-05, 'epoch': 0.62}
{'embedding_loss': 0.0281, 'grad_norm': 0.13028492033481598, 'learning_rate': 1.3055555555555557e-05, 'epoch': 1.25}
{'embedding_loss': 0.0243, 'grad_norm': 0.2615799307823181, 'learning_rate': 8.425925925925926e-06, 'epoch': 1.88}
{'embedding_loss': 0.0111, 'grad_norm': 0.04009565711021423, 'learning_rate': 3.796296296296297e-06, 'epoch': 2.5}
{'train_runtime': 183.9558, 'train_samples_per_second': 20.875, 'train_steps_per_second': 1.305, 'train_loss': 0.04918667133897543, 'epoch': 3.0}

🔍 Evaluation Metrics
----------------------------------------
📊 Label Distribution:
  Label Data Journalism: 4
  Label Half Data Journalism: 2
  Label Not Data Journalism: 14

✅ Overall Metrics:
  Accuracy : 0.8000
  Precision: 0.8458
  Recall   : 0.8000
  F1       : 0.7733

🧩 Confusion Matrix:
  [1, 2, 1]
  [0, 1, 1]
  [0, 0, 14]

📌 Per-Class Metrics:
  Class Data Journalism: TP=1, FP=0, FN=3, TN=16
  Class Half Data Journalism: TP=1, FP=2, FN=1, TN=16
  Class Not Data Journalism: TP=14, FP=2, FN=0, TN=4
----------------------------------------
Fold finished F1 Score: 0.8266666666666668 None
Fold 2/5
Loading model from HPC local scratch: /tmp/shapovalov_setfit_model_cache_1387365
{'embedding_loss': 0.3706, 'grad_norm': 3.2043991088867188, 'learning_rate': 0.0, 'epoch': 0.01}
{'embedding_loss': 0.1545, 'grad_norm': 1.2442175149917603, 'learning_rate': 1.7685185185185187e-05, 'epoch': 0.62}
{'embedding_loss': 0.0344, 'grad_norm': 0.46935099363327026, 'learning_rate': 1.3055555555555557e-05, 'epoch': 1.25}
{'embedding_loss': 0.0249, 'grad_norm': 0.3180326819419861, 'learning_rate': 8.425925925925926e-06, 'epoch': 1.88}
{'embedding_loss': 0.0148, 'grad_norm': 0.37431642413139343, 'learning_rate': 3.796296296296297e-06, 'epoch': 2.5}
{'train_runtime': 184.2399, 'train_samples_per_second': 20.842, 'train_steps_per_second': 1.303, 'train_loss': 0.050162357091903684, 'epoch': 3.0}

🔍 Evaluation Metrics
----------------------------------------
📊 Label Distribution:
  Label Not Data Journalism: 14
  Label Data Journalism: 4
  Label Half Data Journalism: 2

✅ Overall Metrics:
  Accuracy : 0.8500
  Precision: 0.9000
  Recall   : 0.8500
  F1       : 0.8628

🧩 Confusion Matrix:
  [3, 1, 0]
  [0, 2, 0]
  [1, 1, 12]

📌 Per-Class Metrics:
  Class Data Journalism: TP=3, FP=1, FN=1, TN=15
  Class Half Data Journalism: TP=2, FP=2, FN=0, TN=16
  Class Not Data Journalism: TP=12, FP=0, FN=2, TN=6
----------------------------------------
Fold finished F1 Score: 0.8371794871794872 None
Fold 3/5
Loading model from HPC local scratch: /tmp/shapovalov_setfit_model_cache_1387365
{'embedding_loss': 0.3392, 'grad_norm': 2.816593647003174, 'learning_rate': 0.0, 'epoch': 0.01}
{'embedding_loss': 0.1533, 'grad_norm': 1.4565742015838623, 'learning_rate': 1.7685185185185187e-05, 'epoch': 0.62}
{'embedding_loss': 0.0301, 'grad_norm': 0.028422463685274124, 'learning_rate': 1.3055555555555557e-05, 'epoch': 1.25}
{'embedding_loss': 0.0152, 'grad_norm': 0.12420788407325745, 'learning_rate': 8.425925925925926e-06, 'epoch': 1.88}
{'embedding_loss': 0.0075, 'grad_norm': 0.08529823273420334, 'learning_rate': 3.796296296296297e-06, 'epoch': 2.5}
{'train_runtime': 185.1587, 'train_samples_per_second': 20.739, 'train_steps_per_second': 1.296, 'train_loss': 0.04420492397621274, 'epoch': 3.0}

🔍 Evaluation Metrics
----------------------------------------
📊 Label Distribution:
  Label Not Data Journalism: 13
  Label Half Data Journalism: 2
  Label Data Journalism: 5

✅ Overall Metrics:
  Accuracy : 0.8000
  Precision: 0.8708
  Recall   : 0.8000
  F1       : 0.8276

🧩 Confusion Matrix:
  [4, 1, 0]
  [0, 1, 1]
  [0, 2, 11]

📌 Per-Class Metrics:
  Class Data Journalism: TP=4, FP=0, FN=1, TN=15
  Class Half Data Journalism: TP=1, FP=3, FN=1, TN=15
  Class Not Data Journalism: TP=11, FP=1, FN=2, TN=6
----------------------------------------
Fold finished F1 Score: 0.7724444444444444 None
Fold 4/5
Loading model from HPC local scratch: /tmp/shapovalov_setfit_model_cache_1387365
{'embedding_loss': 0.2864, 'grad_norm': 2.9529924392700195, 'learning_rate': 0.0, 'epoch': 0.01}
{'embedding_loss': 0.1543, 'grad_norm': 0.8335371017456055, 'learning_rate': 1.7685185185185187e-05, 'epoch': 0.62}
{'embedding_loss': 0.0251, 'grad_norm': 0.09787995368242264, 'learning_rate': 1.3055555555555557e-05, 'epoch': 1.25}
{'embedding_loss': 0.0106, 'grad_norm': 1.250091791152954, 'learning_rate': 8.425925925925926e-06, 'epoch': 1.88}
{'embedding_loss': 0.002, 'grad_norm': 0.3062531054019928, 'learning_rate': 3.796296296296297e-06, 'epoch': 2.5}
{'train_runtime': 187.1481, 'train_samples_per_second': 20.519, 'train_steps_per_second': 1.282, 'train_loss': 0.04092647215972344, 'epoch': 3.0}

🔍 Evaluation Metrics
----------------------------------------
📊 Label Distribution:
  Label Not Data Journalism: 13
  Label Data Journalism: 4
  Label Half Data Journalism: 3

✅ Overall Metrics:
  Accuracy : 0.8000
  Precision: 0.7171
  Recall   : 0.8000
  F1       : 0.7556

🧩 Confusion Matrix:
  [4, 0, 0]
  [1, 0, 2]
  [0, 1, 12]

📌 Per-Class Metrics:
  Class Data Journalism: TP=4, FP=1, FN=0, TN=15
  Class Half Data Journalism: TP=0, FP=1, FN=3, TN=16
  Class Not Data Journalism: TP=12, FP=2, FN=1, TN=5
----------------------------------------
Fold finished F1 Score: 0.8444444444444443 None
Fold 5/5
Loading model from HPC local scratch: /tmp/shapovalov_setfit_model_cache_1387365
{'embedding_loss': 0.392, 'grad_norm': 2.9009206295013428, 'learning_rate': 0.0, 'epoch': 0.01}
{'embedding_loss': 0.1519, 'grad_norm': 0.7957608699798584, 'learning_rate': 1.7685185185185187e-05, 'epoch': 0.62}
{'embedding_loss': 0.0202, 'grad_norm': 0.2933466136455536, 'learning_rate': 1.3055555555555557e-05, 'epoch': 1.25}
{'embedding_loss': 0.0054, 'grad_norm': 0.05235496535897255, 'learning_rate': 8.425925925925926e-06, 'epoch': 1.88}
{'embedding_loss': 0.0011, 'grad_norm': 0.017965003848075867, 'learning_rate': 3.796296296296297e-06, 'epoch': 2.5}
{'train_runtime': 185.5619, 'train_samples_per_second': 20.694, 'train_steps_per_second': 1.293, 'train_loss': 0.03831217631231994, 'epoch': 3.0}

🔍 Evaluation Metrics
----------------------------------------
📊 Label Distribution:
  Label Not Data Journalism: 13
  Label Data Journalism: 4
  Label Half Data Journalism: 3

✅ Overall Metrics:
  Accuracy : 0.7000
  Precision: 0.5971
  Recall   : 0.7000
  F1       : 0.6300

🧩 Confusion Matrix:
  [1, 1, 2]
  [1, 0, 2]
  [0, 0, 13]

📌 Per-Class Metrics:
  Class Data Journalism: TP=1, FP=1, FN=3, TN=15
  Class Half Data Journalism: TP=0, FP=1, FN=3, TN=16
  Class Not Data Journalism: TP=13, FP=4, FN=0, TN=3
----------------------------------------
Fold finished F1 Score: 0.77 None
Average VRAM usage: 5375.22 MB, Max VRAM usage: 20319.71 MB
Trial 81 completed with avg fold F1 score: 0.8101470085470087
Trial 82: {'num_iterations': 8, 'num_epochs': 3, 'batch_size': 16, 'head_lr': 1.3691619911519312e-05}
Fold 1/5
Loading model from HPC local scratch: /tmp/shapovalov_setfit_model_cache_1387365
{'embedding_loss': 0.3451, 'grad_norm': 2.896070718765259, 'learning_rate': 0.0, 'epoch': 0.01}
{'embedding_loss': 0.1644, 'grad_norm': 0.5815149545669556, 'learning_rate': 1.7685185185185187e-05, 'epoch': 0.62}
{'embedding_loss': 0.0281, 'grad_norm': 0.13028492033481598, 'learning_rate': 1.3055555555555557e-05, 'epoch': 1.25}
{'embedding_loss': 0.0243, 'grad_norm': 0.2615799307823181, 'learning_rate': 8.425925925925926e-06, 'epoch': 1.88}
{'embedding_loss': 0.0111, 'grad_norm': 0.04009565711021423, 'learning_rate': 3.796296296296297e-06, 'epoch': 2.5}
{'train_runtime': 183.2533, 'train_samples_per_second': 20.955, 'train_steps_per_second': 1.31, 'train_loss': 0.04918667133897543, 'epoch': 3.0}

🔍 Evaluation Metrics
----------------------------------------
📊 Label Distribution:
  Label Data Journalism: 4
  Label Half Data Journalism: 2
  Label Not Data Journalism: 14

✅ Overall Metrics:
  Accuracy : 0.8000
  Precision: 0.8458
  Recall   : 0.8000
  F1       : 0.7733

🧩 Confusion Matrix:
  [1, 2, 1]
  [0, 1, 1]
  [0, 0, 14]

📌 Per-Class Metrics:
  Class Data Journalism: TP=1, FP=0, FN=3, TN=16
  Class Half Data Journalism: TP=1, FP=2, FN=1, TN=16
  Class Not Data Journalism: TP=14, FP=2, FN=0, TN=4
----------------------------------------
Fold finished F1 Score: 0.8266666666666668 None
Fold 2/5
Loading model from HPC local scratch: /tmp/shapovalov_setfit_model_cache_1387365
{'embedding_loss': 0.3706, 'grad_norm': 3.2043991088867188, 'learning_rate': 0.0, 'epoch': 0.01}
{'embedding_loss': 0.1545, 'grad_norm': 1.2442175149917603, 'learning_rate': 1.7685185185185187e-05, 'epoch': 0.62}
{'embedding_loss': 0.0344, 'grad_norm': 0.46935099363327026, 'learning_rate': 1.3055555555555557e-05, 'epoch': 1.25}
{'embedding_loss': 0.0249, 'grad_norm': 0.3180326819419861, 'learning_rate': 8.425925925925926e-06, 'epoch': 1.88}
{'embedding_loss': 0.0148, 'grad_norm': 0.37431642413139343, 'learning_rate': 3.796296296296297e-06, 'epoch': 2.5}
{'train_runtime': 185.9419, 'train_samples_per_second': 20.652, 'train_steps_per_second': 1.291, 'train_loss': 0.050162357091903684, 'epoch': 3.0}

🔍 Evaluation Metrics
----------------------------------------
📊 Label Distribution:
  Label Not Data Journalism: 14
  Label Data Journalism: 4
  Label Half Data Journalism: 2

✅ Overall Metrics:
  Accuracy : 0.8500
  Precision: 0.9000
  Recall   : 0.8500
  F1       : 0.8628

🧩 Confusion Matrix:
  [3, 1, 0]
  [0, 2, 0]
  [1, 1, 12]

📌 Per-Class Metrics:
  Class Data Journalism: TP=3, FP=1, FN=1, TN=15
  Class Half Data Journalism: TP=2, FP=2, FN=0, TN=16
  Class Not Data Journalism: TP=12, FP=0, FN=2, TN=6
----------------------------------------
Fold finished F1 Score: 0.8371794871794872 None
Fold 3/5
Loading model from HPC local scratch: /tmp/shapovalov_setfit_model_cache_1387365
{'embedding_loss': 0.3392, 'grad_norm': 2.816593647003174, 'learning_rate': 0.0, 'epoch': 0.01}
{'embedding_loss': 0.1533, 'grad_norm': 1.4565742015838623, 'learning_rate': 1.7685185185185187e-05, 'epoch': 0.62}
{'embedding_loss': 0.0301, 'grad_norm': 0.028422463685274124, 'learning_rate': 1.3055555555555557e-05, 'epoch': 1.25}
{'embedding_loss': 0.0152, 'grad_norm': 0.12420788407325745, 'learning_rate': 8.425925925925926e-06, 'epoch': 1.88}
{'embedding_loss': 0.0075, 'grad_norm': 0.08529823273420334, 'learning_rate': 3.796296296296297e-06, 'epoch': 2.5}
{'train_runtime': 185.4954, 'train_samples_per_second': 20.701, 'train_steps_per_second': 1.294, 'train_loss': 0.04420492397621274, 'epoch': 3.0}

🔍 Evaluation Metrics
----------------------------------------
📊 Label Distribution:
  Label Not Data Journalism: 13
  Label Half Data Journalism: 2
  Label Data Journalism: 5

✅ Overall Metrics:
  Accuracy : 0.8000
  Precision: 0.8708
  Recall   : 0.8000
  F1       : 0.8276

🧩 Confusion Matrix:
  [4, 1, 0]
  [0, 1, 1]
  [0, 2, 11]

📌 Per-Class Metrics:
  Class Data Journalism: TP=4, FP=0, FN=1, TN=15
  Class Half Data Journalism: TP=1, FP=3, FN=1, TN=15
  Class Not Data Journalism: TP=11, FP=1, FN=2, TN=6
----------------------------------------
Fold finished F1 Score: 0.7724444444444444 None
Fold 4/5
Loading model from HPC local scratch: /tmp/shapovalov_setfit_model_cache_1387365
{'embedding_loss': 0.2864, 'grad_norm': 2.9529924392700195, 'learning_rate': 0.0, 'epoch': 0.01}
{'embedding_loss': 0.1543, 'grad_norm': 0.8335371017456055, 'learning_rate': 1.7685185185185187e-05, 'epoch': 0.62}
{'embedding_loss': 0.0251, 'grad_norm': 0.09787995368242264, 'learning_rate': 1.3055555555555557e-05, 'epoch': 1.25}
{'embedding_loss': 0.0106, 'grad_norm': 1.250091791152954, 'learning_rate': 8.425925925925926e-06, 'epoch': 1.88}
{'embedding_loss': 0.002, 'grad_norm': 0.3062531054019928, 'learning_rate': 3.796296296296297e-06, 'epoch': 2.5}
{'train_runtime': 184.839, 'train_samples_per_second': 20.775, 'train_steps_per_second': 1.298, 'train_loss': 0.04092647215972344, 'epoch': 3.0}

🔍 Evaluation Metrics
----------------------------------------
📊 Label Distribution:
  Label Not Data Journalism: 13
  Label Data Journalism: 4
  Label Half Data Journalism: 3

✅ Overall Metrics:
  Accuracy : 0.8000
  Precision: 0.7171
  Recall   : 0.8000
  F1       : 0.7556

🧩 Confusion Matrix:
  [4, 0, 0]
  [1, 0, 2]
  [0, 1, 12]

📌 Per-Class Metrics:
  Class Data Journalism: TP=4, FP=1, FN=0, TN=15
  Class Half Data Journalism: TP=0, FP=1, FN=3, TN=16
  Class Not Data Journalism: TP=12, FP=2, FN=1, TN=5
----------------------------------------
Fold finished F1 Score: 0.8444444444444443 None
Fold 5/5
Loading model from HPC local scratch: /tmp/shapovalov_setfit_model_cache_1387365
{'embedding_loss': 0.392, 'grad_norm': 2.9009206295013428, 'learning_rate': 0.0, 'epoch': 0.01}
{'embedding_loss': 0.1519, 'grad_norm': 0.7957608699798584, 'learning_rate': 1.7685185185185187e-05, 'epoch': 0.62}
{'embedding_loss': 0.0202, 'grad_norm': 0.2933466136455536, 'learning_rate': 1.3055555555555557e-05, 'epoch': 1.25}
{'embedding_loss': 0.0054, 'grad_norm': 0.05235496535897255, 'learning_rate': 8.425925925925926e-06, 'epoch': 1.88}
{'embedding_loss': 0.0011, 'grad_norm': 0.017965003848075867, 'learning_rate': 3.796296296296297e-06, 'epoch': 2.5}
{'train_runtime': 185.8835, 'train_samples_per_second': 20.658, 'train_steps_per_second': 1.291, 'train_loss': 0.03831217631231994, 'epoch': 3.0}

🔍 Evaluation Metrics
----------------------------------------
📊 Label Distribution:
  Label Not Data Journalism: 13
  Label Data Journalism: 4
  Label Half Data Journalism: 3

✅ Overall Metrics:
  Accuracy : 0.7000
  Precision: 0.5971
  Recall   : 0.7000
  F1       : 0.6300

🧩 Confusion Matrix:
  [1, 1, 2]
  [1, 0, 2]
  [0, 0, 13]

📌 Per-Class Metrics:
  Class Data Journalism: TP=1, FP=1, FN=3, TN=15
  Class Half Data Journalism: TP=0, FP=1, FN=3, TN=16
  Class Not Data Journalism: TP=13, FP=4, FN=0, TN=3
----------------------------------------
Fold finished F1 Score: 0.77 None
Average VRAM usage: 5369.31 MB, Max VRAM usage: 21322.53 MB
Trial 82 completed with avg fold F1 score: 0.8101470085470087
Trial 83: {'num_iterations': 8, 'num_epochs': 3, 'batch_size': 16, 'head_lr': 2.483364941203194e-05}
Fold 1/5
Loading model from HPC local scratch: /tmp/shapovalov_setfit_model_cache_1387365
{'embedding_loss': 0.3451, 'grad_norm': 2.896070718765259, 'learning_rate': 0.0, 'epoch': 0.01}
{'embedding_loss': 0.1644, 'grad_norm': 0.5815149545669556, 'learning_rate': 1.7685185185185187e-05, 'epoch': 0.62}
{'embedding_loss': 0.0281, 'grad_norm': 0.13028492033481598, 'learning_rate': 1.3055555555555557e-05, 'epoch': 1.25}
{'embedding_loss': 0.0243, 'grad_norm': 0.2615799307823181, 'learning_rate': 8.425925925925926e-06, 'epoch': 1.88}
{'embedding_loss': 0.0111, 'grad_norm': 0.04009565711021423, 'learning_rate': 3.796296296296297e-06, 'epoch': 2.5}
{'train_runtime': 183.7003, 'train_samples_per_second': 20.904, 'train_steps_per_second': 1.306, 'train_loss': 0.04918667133897543, 'epoch': 3.0}

🔍 Evaluation Metrics
----------------------------------------
📊 Label Distribution:
  Label Data Journalism: 4
  Label Half Data Journalism: 2
  Label Not Data Journalism: 14

✅ Overall Metrics:
  Accuracy : 0.8000
  Precision: 0.8458
  Recall   : 0.8000
  F1       : 0.7733

🧩 Confusion Matrix:
  [1, 2, 1]
  [0, 1, 1]
  [0, 0, 14]

📌 Per-Class Metrics:
  Class Data Journalism: TP=1, FP=0, FN=3, TN=16
  Class Half Data Journalism: TP=1, FP=2, FN=1, TN=16
  Class Not Data Journalism: TP=14, FP=2, FN=0, TN=4
----------------------------------------
Fold finished F1 Score: 0.8266666666666668 None
Fold 2/5
Loading model from HPC local scratch: /tmp/shapovalov_setfit_model_cache_1387365
{'embedding_loss': 0.3706, 'grad_norm': 3.2043991088867188, 'learning_rate': 0.0, 'epoch': 0.01}
{'embedding_loss': 0.1545, 'grad_norm': 1.2442175149917603, 'learning_rate': 1.7685185185185187e-05, 'epoch': 0.62}
{'embedding_loss': 0.0344, 'grad_norm': 0.46935099363327026, 'learning_rate': 1.3055555555555557e-05, 'epoch': 1.25}
{'embedding_loss': 0.0249, 'grad_norm': 0.3180326819419861, 'learning_rate': 8.425925925925926e-06, 'epoch': 1.88}
{'embedding_loss': 0.0148, 'grad_norm': 0.37431642413139343, 'learning_rate': 3.796296296296297e-06, 'epoch': 2.5}
{'train_runtime': 183.815, 'train_samples_per_second': 20.891, 'train_steps_per_second': 1.306, 'train_loss': 0.050162357091903684, 'epoch': 3.0}

🔍 Evaluation Metrics
----------------------------------------
📊 Label Distribution:
  Label Not Data Journalism: 14
  Label Data Journalism: 4
  Label Half Data Journalism: 2

✅ Overall Metrics:
  Accuracy : 0.8500
  Precision: 0.9000
  Recall   : 0.8500
  F1       : 0.8628

🧩 Confusion Matrix:
  [3, 1, 0]
  [0, 2, 0]
  [1, 1, 12]

📌 Per-Class Metrics:
  Class Data Journalism: TP=3, FP=1, FN=1, TN=15
  Class Half Data Journalism: TP=2, FP=2, FN=0, TN=16
  Class Not Data Journalism: TP=12, FP=0, FN=2, TN=6
----------------------------------------
Fold finished F1 Score: 0.8371794871794872 None
Fold 3/5
Loading model from HPC local scratch: /tmp/shapovalov_setfit_model_cache_1387365
{'embedding_loss': 0.3392, 'grad_norm': 2.816593647003174, 'learning_rate': 0.0, 'epoch': 0.01}
{'embedding_loss': 0.1533, 'grad_norm': 1.4565742015838623, 'learning_rate': 1.7685185185185187e-05, 'epoch': 0.62}
{'embedding_loss': 0.0301, 'grad_norm': 0.028422463685274124, 'learning_rate': 1.3055555555555557e-05, 'epoch': 1.25}
{'embedding_loss': 0.0152, 'grad_norm': 0.12420788407325745, 'learning_rate': 8.425925925925926e-06, 'epoch': 1.88}
{'embedding_loss': 0.0075, 'grad_norm': 0.08529823273420334, 'learning_rate': 3.796296296296297e-06, 'epoch': 2.5}
{'train_runtime': 188.1554, 'train_samples_per_second': 20.409, 'train_steps_per_second': 1.276, 'train_loss': 0.04420492397621274, 'epoch': 3.0}

🔍 Evaluation Metrics
----------------------------------------
📊 Label Distribution:
  Label Not Data Journalism: 13
  Label Half Data Journalism: 2
  Label Data Journalism: 5

✅ Overall Metrics:
  Accuracy : 0.8000
  Precision: 0.8708
  Recall   : 0.8000
  F1       : 0.8276

🧩 Confusion Matrix:
  [4, 1, 0]
  [0, 1, 1]
  [0, 2, 11]

📌 Per-Class Metrics:
  Class Data Journalism: TP=4, FP=0, FN=1, TN=15
  Class Half Data Journalism: TP=1, FP=3, FN=1, TN=15
  Class Not Data Journalism: TP=11, FP=1, FN=2, TN=6
----------------------------------------
Fold finished F1 Score: 0.7724444444444444 None
Fold 4/5
Loading model from HPC local scratch: /tmp/shapovalov_setfit_model_cache_1387365
{'embedding_loss': 0.2864, 'grad_norm': 2.9529924392700195, 'learning_rate': 0.0, 'epoch': 0.01}
{'embedding_loss': 0.1543, 'grad_norm': 0.8335371017456055, 'learning_rate': 1.7685185185185187e-05, 'epoch': 0.62}
{'embedding_loss': 0.0251, 'grad_norm': 0.09787995368242264, 'learning_rate': 1.3055555555555557e-05, 'epoch': 1.25}
{'embedding_loss': 0.0106, 'grad_norm': 1.250091791152954, 'learning_rate': 8.425925925925926e-06, 'epoch': 1.88}
{'embedding_loss': 0.002, 'grad_norm': 0.3062531054019928, 'learning_rate': 3.796296296296297e-06, 'epoch': 2.5}
{'train_runtime': 189.6135, 'train_samples_per_second': 20.252, 'train_steps_per_second': 1.266, 'train_loss': 0.04092647215972344, 'epoch': 3.0}

🔍 Evaluation Metrics
----------------------------------------
📊 Label Distribution:
  Label Not Data Journalism: 13
  Label Data Journalism: 4
  Label Half Data Journalism: 3

✅ Overall Metrics:
  Accuracy : 0.8000
  Precision: 0.7171
  Recall   : 0.8000
  F1       : 0.7556

🧩 Confusion Matrix:
  [4, 0, 0]
  [1, 0, 2]
  [0, 1, 12]

📌 Per-Class Metrics:
  Class Data Journalism: TP=4, FP=1, FN=0, TN=15
  Class Half Data Journalism: TP=0, FP=1, FN=3, TN=16
  Class Not Data Journalism: TP=12, FP=2, FN=1, TN=5
----------------------------------------
Fold finished F1 Score: 0.8444444444444443 None
Fold 5/5
Loading model from HPC local scratch: /tmp/shapovalov_setfit_model_cache_1387365
{'embedding_loss': 0.392, 'grad_norm': 2.9009206295013428, 'learning_rate': 0.0, 'epoch': 0.01}
{'embedding_loss': 0.1519, 'grad_norm': 0.7957608699798584, 'learning_rate': 1.7685185185185187e-05, 'epoch': 0.62}
{'embedding_loss': 0.0202, 'grad_norm': 0.2933466136455536, 'learning_rate': 1.3055555555555557e-05, 'epoch': 1.25}
{'embedding_loss': 0.0054, 'grad_norm': 0.05235496535897255, 'learning_rate': 8.425925925925926e-06, 'epoch': 1.88}
{'embedding_loss': 0.0011, 'grad_norm': 0.017965003848075867, 'learning_rate': 3.796296296296297e-06, 'epoch': 2.5}
{'train_runtime': 188.7454, 'train_samples_per_second': 20.345, 'train_steps_per_second': 1.272, 'train_loss': 0.03831217631231994, 'epoch': 3.0}

🔍 Evaluation Metrics
----------------------------------------
📊 Label Distribution:
  Label Not Data Journalism: 13
  Label Data Journalism: 4
  Label Half Data Journalism: 3

✅ Overall Metrics:
  Accuracy : 0.7000
  Precision: 0.5971
  Recall   : 0.7000
  F1       : 0.6300

🧩 Confusion Matrix:
  [1, 1, 2]
  [1, 0, 2]
  [0, 0, 13]

📌 Per-Class Metrics:
  Class Data Journalism: TP=1, FP=1, FN=3, TN=15
  Class Half Data Journalism: TP=0, FP=1, FN=3, TN=16
  Class Not Data Journalism: TP=13, FP=4, FN=0, TN=3
----------------------------------------
Fold finished F1 Score: 0.77 None
Average VRAM usage: 5347.17 MB, Max VRAM usage: 21258.75 MB
Trial 83 completed with avg fold F1 score: 0.8101470085470087
Trial 84: {'num_iterations': 8, 'num_epochs': 3, 'batch_size': 16, 'head_lr': 1.619261185338654e-05}
Fold 1/5
Loading model from HPC local scratch: /tmp/shapovalov_setfit_model_cache_1387365
{'embedding_loss': 0.3451, 'grad_norm': 2.896070718765259, 'learning_rate': 0.0, 'epoch': 0.01}
{'embedding_loss': 0.1644, 'grad_norm': 0.5815149545669556, 'learning_rate': 1.7685185185185187e-05, 'epoch': 0.62}
{'embedding_loss': 0.0281, 'grad_norm': 0.13028492033481598, 'learning_rate': 1.3055555555555557e-05, 'epoch': 1.25}
{'embedding_loss': 0.0243, 'grad_norm': 0.2615799307823181, 'learning_rate': 8.425925925925926e-06, 'epoch': 1.88}
{'embedding_loss': 0.0111, 'grad_norm': 0.04009565711021423, 'learning_rate': 3.796296296296297e-06, 'epoch': 2.5}
{'train_runtime': 185.3966, 'train_samples_per_second': 20.712, 'train_steps_per_second': 1.295, 'train_loss': 0.04918667133897543, 'epoch': 3.0}

🔍 Evaluation Metrics
----------------------------------------
📊 Label Distribution:
  Label Data Journalism: 4
  Label Half Data Journalism: 2
  Label Not Data Journalism: 14

✅ Overall Metrics:
  Accuracy : 0.8000
  Precision: 0.8458
  Recall   : 0.8000
  F1       : 0.7733

🧩 Confusion Matrix:
  [1, 2, 1]
  [0, 1, 1]
  [0, 0, 14]

📌 Per-Class Metrics:
  Class Data Journalism: TP=1, FP=0, FN=3, TN=16
  Class Half Data Journalism: TP=1, FP=2, FN=1, TN=16
  Class Not Data Journalism: TP=14, FP=2, FN=0, TN=4
----------------------------------------
Fold finished F1 Score: 0.8266666666666668 None
Fold 2/5
Loading model from HPC local scratch: /tmp/shapovalov_setfit_model_cache_1387365
{'embedding_loss': 0.3706, 'grad_norm': 3.2043991088867188, 'learning_rate': 0.0, 'epoch': 0.01}
{'embedding_loss': 0.1545, 'grad_norm': 1.2442175149917603, 'learning_rate': 1.7685185185185187e-05, 'epoch': 0.62}
{'embedding_loss': 0.0344, 'grad_norm': 0.46935099363327026, 'learning_rate': 1.3055555555555557e-05, 'epoch': 1.25}
{'embedding_loss': 0.0249, 'grad_norm': 0.3180326819419861, 'learning_rate': 8.425925925925926e-06, 'epoch': 1.88}
{'embedding_loss': 0.0148, 'grad_norm': 0.37431642413139343, 'learning_rate': 3.796296296296297e-06, 'epoch': 2.5}
{'train_runtime': 187.2489, 'train_samples_per_second': 20.507, 'train_steps_per_second': 1.282, 'train_loss': 0.050162357091903684, 'epoch': 3.0}

🔍 Evaluation Metrics
----------------------------------------
📊 Label Distribution:
  Label Not Data Journalism: 14
  Label Data Journalism: 4
  Label Half Data Journalism: 2

✅ Overall Metrics:
  Accuracy : 0.8500
  Precision: 0.9000
  Recall   : 0.8500
  F1       : 0.8628

🧩 Confusion Matrix:
  [3, 1, 0]
  [0, 2, 0]
  [1, 1, 12]

📌 Per-Class Metrics:
  Class Data Journalism: TP=3, FP=1, FN=1, TN=15
  Class Half Data Journalism: TP=2, FP=2, FN=0, TN=16
  Class Not Data Journalism: TP=12, FP=0, FN=2, TN=6
----------------------------------------
Fold finished F1 Score: 0.8371794871794872 None
Fold 3/5
Loading model from HPC local scratch: /tmp/shapovalov_setfit_model_cache_1387365
{'embedding_loss': 0.3392, 'grad_norm': 2.816593647003174, 'learning_rate': 0.0, 'epoch': 0.01}
{'embedding_loss': 0.1533, 'grad_norm': 1.4565742015838623, 'learning_rate': 1.7685185185185187e-05, 'epoch': 0.62}
{'embedding_loss': 0.0301, 'grad_norm': 0.028422463685274124, 'learning_rate': 1.3055555555555557e-05, 'epoch': 1.25}
{'embedding_loss': 0.0152, 'grad_norm': 0.12420788407325745, 'learning_rate': 8.425925925925926e-06, 'epoch': 1.88}
{'embedding_loss': 0.0075, 'grad_norm': 0.08529823273420334, 'learning_rate': 3.796296296296297e-06, 'epoch': 2.5}
{'train_runtime': 187.6744, 'train_samples_per_second': 20.461, 'train_steps_per_second': 1.279, 'train_loss': 0.04420492397621274, 'epoch': 3.0}

🔍 Evaluation Metrics
----------------------------------------
📊 Label Distribution:
  Label Not Data Journalism: 13
  Label Half Data Journalism: 2
  Label Data Journalism: 5

✅ Overall Metrics:
  Accuracy : 0.8000
  Precision: 0.8708
  Recall   : 0.8000
  F1       : 0.8276

🧩 Confusion Matrix:
  [4, 1, 0]
  [0, 1, 1]
  [0, 2, 11]

📌 Per-Class Metrics:
  Class Data Journalism: TP=4, FP=0, FN=1, TN=15
  Class Half Data Journalism: TP=1, FP=3, FN=1, TN=15
  Class Not Data Journalism: TP=11, FP=1, FN=2, TN=6
----------------------------------------
Fold finished F1 Score: 0.7724444444444444 None
Fold 4/5
Loading model from HPC local scratch: /tmp/shapovalov_setfit_model_cache_1387365
{'embedding_loss': 0.2864, 'grad_norm': 2.9529924392700195, 'learning_rate': 0.0, 'epoch': 0.01}
{'embedding_loss': 0.1543, 'grad_norm': 0.8335371017456055, 'learning_rate': 1.7685185185185187e-05, 'epoch': 0.62}
{'embedding_loss': 0.0251, 'grad_norm': 0.09787995368242264, 'learning_rate': 1.3055555555555557e-05, 'epoch': 1.25}
{'embedding_loss': 0.0106, 'grad_norm': 1.250091791152954, 'learning_rate': 8.425925925925926e-06, 'epoch': 1.88}
{'embedding_loss': 0.002, 'grad_norm': 0.3062531054019928, 'learning_rate': 3.796296296296297e-06, 'epoch': 2.5}
{'train_runtime': 188.1445, 'train_samples_per_second': 20.41, 'train_steps_per_second': 1.276, 'train_loss': 0.04092647215972344, 'epoch': 3.0}

🔍 Evaluation Metrics
----------------------------------------
📊 Label Distribution:
  Label Not Data Journalism: 13
  Label Data Journalism: 4
  Label Half Data Journalism: 3

✅ Overall Metrics:
  Accuracy : 0.8000
  Precision: 0.7171
  Recall   : 0.8000
  F1       : 0.7556

🧩 Confusion Matrix:
  [4, 0, 0]
  [1, 0, 2]
  [0, 1, 12]

📌 Per-Class Metrics:
  Class Data Journalism: TP=4, FP=1, FN=0, TN=15
  Class Half Data Journalism: TP=0, FP=1, FN=3, TN=16
  Class Not Data Journalism: TP=12, FP=2, FN=1, TN=5
----------------------------------------
Fold finished F1 Score: 0.8444444444444443 None
Fold 5/5
Loading model from HPC local scratch: /tmp/shapovalov_setfit_model_cache_1387365
{'embedding_loss': 0.392, 'grad_norm': 2.9009206295013428, 'learning_rate': 0.0, 'epoch': 0.01}
{'embedding_loss': 0.1519, 'grad_norm': 0.7957608699798584, 'learning_rate': 1.7685185185185187e-05, 'epoch': 0.62}
{'embedding_loss': 0.0202, 'grad_norm': 0.2933466136455536, 'learning_rate': 1.3055555555555557e-05, 'epoch': 1.25}
{'embedding_loss': 0.0054, 'grad_norm': 0.05235496535897255, 'learning_rate': 8.425925925925926e-06, 'epoch': 1.88}
{'embedding_loss': 0.0011, 'grad_norm': 0.017965003848075867, 'learning_rate': 3.796296296296297e-06, 'epoch': 2.5}
{'train_runtime': 188.0045, 'train_samples_per_second': 20.425, 'train_steps_per_second': 1.277, 'train_loss': 0.03831217631231994, 'epoch': 3.0}

🔍 Evaluation Metrics
----------------------------------------
📊 Label Distribution:
  Label Not Data Journalism: 13
  Label Data Journalism: 4
  Label Half Data Journalism: 3

✅ Overall Metrics:
  Accuracy : 0.7000
  Precision: 0.5971
  Recall   : 0.7000
  F1       : 0.6300

🧩 Confusion Matrix:
  [1, 1, 2]
  [1, 0, 2]
  [0, 0, 13]

📌 Per-Class Metrics:
  Class Data Journalism: TP=1, FP=1, FN=3, TN=15
  Class Half Data Journalism: TP=0, FP=1, FN=3, TN=16
  Class Not Data Journalism: TP=13, FP=4, FN=0, TN=3
----------------------------------------
Fold finished F1 Score: 0.77 None
Average VRAM usage: 5309.32 MB, Max VRAM usage: 21258.06 MB
Trial 84 completed with avg fold F1 score: 0.8101470085470087
Trial 85: {'num_iterations': 9, 'num_epochs': 3, 'batch_size': 16, 'head_lr': 1.2696676930991332e-05}
Fold 1/5
Loading model from HPC local scratch: /tmp/shapovalov_setfit_model_cache_1387365
{'embedding_loss': 0.3055, 'grad_norm': 2.91137433052063, 'learning_rate': 0.0, 'epoch': 0.01}
{'embedding_loss': 0.1635, 'grad_norm': 1.1010459661483765, 'learning_rate': 1.8189300411522635e-05, 'epoch': 0.56}
{'embedding_loss': 0.0382, 'grad_norm': 1.1430509090423584, 'learning_rate': 1.4074074074074075e-05, 'epoch': 1.11}
{'embedding_loss': 0.0262, 'grad_norm': 0.38822174072265625, 'learning_rate': 9.958847736625515e-06, 'epoch': 1.67}
{'embedding_loss': 0.0097, 'grad_norm': 0.43022647500038147, 'learning_rate': 5.843621399176955e-06, 'epoch': 2.22}
{'embedding_loss': 0.0072, 'grad_norm': 0.01846178248524666, 'learning_rate': 1.7283950617283952e-06, 'epoch': 2.78}
{'train_runtime': 208.9879, 'train_samples_per_second': 20.671, 'train_steps_per_second': 1.292, 'train_loss': 0.04612644690054434, 'epoch': 3.0}

🔍 Evaluation Metrics
----------------------------------------
📊 Label Distribution:
  Label Data Journalism: 4
  Label Half Data Journalism: 2
  Label Not Data Journalism: 14

✅ Overall Metrics:
  Accuracy : 0.8000
  Precision: 0.8783
  Recall   : 0.8000
  F1       : 0.7892

🧩 Confusion Matrix:
  [1, 3, 0]
  [0, 1, 1]
  [0, 0, 14]

📌 Per-Class Metrics:
  Class Data Journalism: TP=1, FP=0, FN=3, TN=16
  Class Half Data Journalism: TP=1, FP=3, FN=1, TN=15
  Class Not Data Journalism: TP=14, FP=1, FN=0, TN=5
----------------------------------------
Fold finished F1 Score: 0.8108045977011494 None
Fold 2/5
Loading model from HPC local scratch: /tmp/shapovalov_setfit_model_cache_1387365
{'embedding_loss': 0.3031, 'grad_norm': 2.697917938232422, 'learning_rate': 0.0, 'epoch': 0.01}
{'embedding_loss': 0.1629, 'grad_norm': 1.2864246368408203, 'learning_rate': 1.8189300411522635e-05, 'epoch': 0.56}
{'embedding_loss': 0.0387, 'grad_norm': 0.5445811152458191, 'learning_rate': 1.4074074074074075e-05, 'epoch': 1.11}
{'embedding_loss': 0.0173, 'grad_norm': 0.4253438711166382, 'learning_rate': 9.958847736625515e-06, 'epoch': 1.67}
{'embedding_loss': 0.009, 'grad_norm': 0.023056894540786743, 'learning_rate': 5.843621399176955e-06, 'epoch': 2.22}
{'embedding_loss': 0.0036, 'grad_norm': 0.05188620835542679, 'learning_rate': 1.7283950617283952e-06, 'epoch': 2.78}
{'train_runtime': 209.9475, 'train_samples_per_second': 20.577, 'train_steps_per_second': 1.286, 'train_loss': 0.04360533784385081, 'epoch': 3.0}

🔍 Evaluation Metrics
----------------------------------------
📊 Label Distribution:
  Label Not Data Journalism: 14
  Label Data Journalism: 4
  Label Half Data Journalism: 2

✅ Overall Metrics:
  Accuracy : 0.8000
  Precision: 0.8900
  Recall   : 0.8000
  F1       : 0.8231

🧩 Confusion Matrix:
  [3, 1, 0]
  [0, 2, 0]
  [1, 2, 11]

📌 Per-Class Metrics:
  Class Data Journalism: TP=3, FP=1, FN=1, TN=15
  Class Half Data Journalism: TP=2, FP=3, FN=0, TN=15
  Class Not Data Journalism: TP=11, FP=0, FN=3, TN=6
----------------------------------------
Fold finished F1 Score: 0.7768571428571429 None
Fold 3/5
Loading model from HPC local scratch: /tmp/shapovalov_setfit_model_cache_1387365
{'embedding_loss': 0.3434, 'grad_norm': 3.14304518699646, 'learning_rate': 0.0, 'epoch': 0.01}
{'embedding_loss': 0.1601, 'grad_norm': 1.7531856298446655, 'learning_rate': 1.8189300411522635e-05, 'epoch': 0.56}
{'embedding_loss': 0.0294, 'grad_norm': 0.15435951948165894, 'learning_rate': 1.4074074074074075e-05, 'epoch': 1.11}
{'embedding_loss': 0.0182, 'grad_norm': 0.7828260660171509, 'learning_rate': 9.958847736625515e-06, 'epoch': 1.67}
{'embedding_loss': 0.0099, 'grad_norm': 0.11260239779949188, 'learning_rate': 5.843621399176955e-06, 'epoch': 2.22}
{'embedding_loss': 0.0021, 'grad_norm': 0.27623286843299866, 'learning_rate': 1.7283950617283952e-06, 'epoch': 2.78}
{'train_runtime': 211.7157, 'train_samples_per_second': 20.405, 'train_steps_per_second': 1.275, 'train_loss': 0.0417670167154736, 'epoch': 3.0}

🔍 Evaluation Metrics
----------------------------------------
📊 Label Distribution:
  Label Not Data Journalism: 13
  Label Half Data Journalism: 2
  Label Data Journalism: 5

✅ Overall Metrics:
  Accuracy : 0.6500
  Precision: 0.7292
  Recall   : 0.6500
  F1       : 0.6867

🧩 Confusion Matrix:
  [3, 1, 1]
  [1, 0, 1]
  [0, 3, 10]

📌 Per-Class Metrics:
  Class Data Journalism: TP=3, FP=1, FN=2, TN=14
  Class Half Data Journalism: TP=0, FP=4, FN=2, TN=14
  Class Not Data Journalism: TP=10, FP=2, FN=3, TN=5
----------------------------------------
Fold finished F1 Score: 0.6133333333333334 None
Fold 4/5
Loading model from HPC local scratch: /tmp/shapovalov_setfit_model_cache_1387365
{'embedding_loss': 0.3821, 'grad_norm': 3.3300387859344482, 'learning_rate': 0.0, 'epoch': 0.01}
{'embedding_loss': 0.1472, 'grad_norm': 0.38713881373405457, 'learning_rate': 1.8189300411522635e-05, 'epoch': 0.56}
{'embedding_loss': 0.0282, 'grad_norm': 0.9441004395484924, 'learning_rate': 1.4074074074074075e-05, 'epoch': 1.11}
{'embedding_loss': 0.0085, 'grad_norm': 0.11811885237693787, 'learning_rate': 9.958847736625515e-06, 'epoch': 1.67}
{'embedding_loss': 0.0042, 'grad_norm': 0.10699252784252167, 'learning_rate': 5.843621399176955e-06, 'epoch': 2.22}
{'embedding_loss': 0.0019, 'grad_norm': 0.08044295758008957, 'learning_rate': 1.7283950617283952e-06, 'epoch': 2.78}
{'train_runtime': 212.3558, 'train_samples_per_second': 20.343, 'train_steps_per_second': 1.271, 'train_loss': 0.03612085656711349, 'epoch': 3.0}

🔍 Evaluation Metrics
----------------------------------------
📊 Label Distribution:
  Label Not Data Journalism: 13
  Label Data Journalism: 4
  Label Half Data Journalism: 3

✅ Overall Metrics:
  Accuracy : 0.8000
  Precision: 0.7171
  Recall   : 0.8000
  F1       : 0.7556

🧩 Confusion Matrix:
  [4, 0, 0]
  [1, 0, 2]
  [0, 1, 12]

📌 Per-Class Metrics:
  Class Data Journalism: TP=4, FP=1, FN=0, TN=15
  Class Half Data Journalism: TP=0, FP=1, FN=3, TN=16
  Class Not Data Journalism: TP=12, FP=2, FN=1, TN=5
----------------------------------------
Fold finished F1 Score: 0.8444444444444443 None
Fold 5/5
Loading model from HPC local scratch: /tmp/shapovalov_setfit_model_cache_1387365
{'embedding_loss': 0.3429, 'grad_norm': 2.7064952850341797, 'learning_rate': 0.0, 'epoch': 0.01}
{'embedding_loss': 0.1563, 'grad_norm': 8.548178672790527, 'learning_rate': 1.8189300411522635e-05, 'epoch': 0.56}
{'embedding_loss': 0.027, 'grad_norm': 0.4518713653087616, 'learning_rate': 1.4074074074074075e-05, 'epoch': 1.11}
{'embedding_loss': 0.0056, 'grad_norm': 0.05060301348567009, 'learning_rate': 9.958847736625515e-06, 'epoch': 1.67}
{'embedding_loss': 0.0007, 'grad_norm': 0.007332084234803915, 'learning_rate': 5.843621399176955e-06, 'epoch': 2.22}
{'embedding_loss': 0.0011, 'grad_norm': 0.08425702899694443, 'learning_rate': 1.7283950617283952e-06, 'epoch': 2.78}
{'train_runtime': 213.3096, 'train_samples_per_second': 20.252, 'train_steps_per_second': 1.266, 'train_loss': 0.03603820821477307, 'epoch': 3.0}

🔍 Evaluation Metrics
----------------------------------------
📊 Label Distribution:
  Label Not Data Journalism: 13
  Label Data Journalism: 4
  Label Half Data Journalism: 3

✅ Overall Metrics:
  Accuracy : 0.7000
  Precision: 0.6281
  Recall   : 0.7000
  F1       : 0.6494

🧩 Confusion Matrix:
  [1, 2, 1]
  [1, 0, 2]
  [0, 0, 13]

📌 Per-Class Metrics:
  Class Data Journalism: TP=1, FP=1, FN=3, TN=15
  Class Half Data Journalism: TP=0, FP=2, FN=3, TN=15
  Class Not Data Journalism: TP=13, FP=3, FN=0, TN=4
----------------------------------------
Fold finished F1 Score: 0.7505747126436781 None
Average VRAM usage: 5023.90 MB, Max VRAM usage: 20717.71 MB
Trial 85 completed with avg fold F1 score: 0.7592028461959497
Trial 86: {'num_iterations': 8, 'num_epochs': 3, 'batch_size': 16, 'head_lr': 3.69769619280136e-05}
Fold 1/5
Loading model from HPC local scratch: /tmp/shapovalov_setfit_model_cache_1387365
{'embedding_loss': 0.3451, 'grad_norm': 2.896070718765259, 'learning_rate': 0.0, 'epoch': 0.01}
{'embedding_loss': 0.1644, 'grad_norm': 0.5815149545669556, 'learning_rate': 1.7685185185185187e-05, 'epoch': 0.62}
{'embedding_loss': 0.0281, 'grad_norm': 0.13028492033481598, 'learning_rate': 1.3055555555555557e-05, 'epoch': 1.25}
{'embedding_loss': 0.0243, 'grad_norm': 0.2615799307823181, 'learning_rate': 8.425925925925926e-06, 'epoch': 1.88}
{'embedding_loss': 0.0111, 'grad_norm': 0.04009565711021423, 'learning_rate': 3.796296296296297e-06, 'epoch': 2.5}
{'train_runtime': 186.0854, 'train_samples_per_second': 20.636, 'train_steps_per_second': 1.29, 'train_loss': 0.04918667133897543, 'epoch': 3.0}

🔍 Evaluation Metrics
----------------------------------------
📊 Label Distribution:
  Label Data Journalism: 4
  Label Half Data Journalism: 2
  Label Not Data Journalism: 14

✅ Overall Metrics:
  Accuracy : 0.8000
  Precision: 0.8458
  Recall   : 0.8000
  F1       : 0.7733

🧩 Confusion Matrix:
  [1, 2, 1]
  [0, 1, 1]
  [0, 0, 14]

📌 Per-Class Metrics:
  Class Data Journalism: TP=1, FP=0, FN=3, TN=16
  Class Half Data Journalism: TP=1, FP=2, FN=1, TN=16
  Class Not Data Journalism: TP=14, FP=2, FN=0, TN=4
----------------------------------------
Fold finished F1 Score: 0.8266666666666668 None
Fold 2/5
Loading model from HPC local scratch: /tmp/shapovalov_setfit_model_cache_1387365
{'embedding_loss': 0.3706, 'grad_norm': 3.2043991088867188, 'learning_rate': 0.0, 'epoch': 0.01}
{'embedding_loss': 0.1545, 'grad_norm': 1.2442175149917603, 'learning_rate': 1.7685185185185187e-05, 'epoch': 0.62}
{'embedding_loss': 0.0344, 'grad_norm': 0.46935099363327026, 'learning_rate': 1.3055555555555557e-05, 'epoch': 1.25}
{'embedding_loss': 0.0249, 'grad_norm': 0.3180326819419861, 'learning_rate': 8.425925925925926e-06, 'epoch': 1.88}
{'embedding_loss': 0.0148, 'grad_norm': 0.37431642413139343, 'learning_rate': 3.796296296296297e-06, 'epoch': 2.5}
{'train_runtime': 188.0263, 'train_samples_per_second': 20.423, 'train_steps_per_second': 1.276, 'train_loss': 0.050162357091903684, 'epoch': 3.0}

🔍 Evaluation Metrics
----------------------------------------
📊 Label Distribution:
  Label Not Data Journalism: 14
  Label Data Journalism: 4
  Label Half Data Journalism: 2

✅ Overall Metrics:
  Accuracy : 0.8500
  Precision: 0.9000
  Recall   : 0.8500
  F1       : 0.8628

🧩 Confusion Matrix:
  [3, 1, 0]
  [0, 2, 0]
  [1, 1, 12]

📌 Per-Class Metrics:
  Class Data Journalism: TP=3, FP=1, FN=1, TN=15
  Class Half Data Journalism: TP=2, FP=2, FN=0, TN=16
  Class Not Data Journalism: TP=12, FP=0, FN=2, TN=6
----------------------------------------
Fold finished F1 Score: 0.8371794871794872 None
Fold 3/5
Loading model from HPC local scratch: /tmp/shapovalov_setfit_model_cache_1387365
{'embedding_loss': 0.3392, 'grad_norm': 2.816593647003174, 'learning_rate': 0.0, 'epoch': 0.01}
{'embedding_loss': 0.1533, 'grad_norm': 1.4565742015838623, 'learning_rate': 1.7685185185185187e-05, 'epoch': 0.62}
{'embedding_loss': 0.0301, 'grad_norm': 0.028422463685274124, 'learning_rate': 1.3055555555555557e-05, 'epoch': 1.25}
{'embedding_loss': 0.0152, 'grad_norm': 0.12420788407325745, 'learning_rate': 8.425925925925926e-06, 'epoch': 1.88}
{'embedding_loss': 0.0075, 'grad_norm': 0.08529823273420334, 'learning_rate': 3.796296296296297e-06, 'epoch': 2.5}
{'train_runtime': 187.6841, 'train_samples_per_second': 20.46, 'train_steps_per_second': 1.279, 'train_loss': 0.04420492397621274, 'epoch': 3.0}

🔍 Evaluation Metrics
----------------------------------------
📊 Label Distribution:
  Label Not Data Journalism: 13
  Label Half Data Journalism: 2
  Label Data Journalism: 5

✅ Overall Metrics:
  Accuracy : 0.8000
  Precision: 0.8708
  Recall   : 0.8000
  F1       : 0.8276

🧩 Confusion Matrix:
  [4, 1, 0]
  [0, 1, 1]
  [0, 2, 11]

📌 Per-Class Metrics:
  Class Data Journalism: TP=4, FP=0, FN=1, TN=15
  Class Half Data Journalism: TP=1, FP=3, FN=1, TN=15
  Class Not Data Journalism: TP=11, FP=1, FN=2, TN=6
----------------------------------------
Fold finished F1 Score: 0.7724444444444444 None
Fold 4/5
Loading model from HPC local scratch: /tmp/shapovalov_setfit_model_cache_1387365
{'embedding_loss': 0.2864, 'grad_norm': 2.9529924392700195, 'learning_rate': 0.0, 'epoch': 0.01}
{'embedding_loss': 0.1543, 'grad_norm': 0.8335371017456055, 'learning_rate': 1.7685185185185187e-05, 'epoch': 0.62}
{'embedding_loss': 0.0251, 'grad_norm': 0.09787995368242264, 'learning_rate': 1.3055555555555557e-05, 'epoch': 1.25}
{'embedding_loss': 0.0106, 'grad_norm': 1.250091791152954, 'learning_rate': 8.425925925925926e-06, 'epoch': 1.88}
{'embedding_loss': 0.002, 'grad_norm': 0.3062531054019928, 'learning_rate': 3.796296296296297e-06, 'epoch': 2.5}
{'train_runtime': 188.4719, 'train_samples_per_second': 20.374, 'train_steps_per_second': 1.273, 'train_loss': 0.04092647215972344, 'epoch': 3.0}

🔍 Evaluation Metrics
----------------------------------------
📊 Label Distribution:
  Label Not Data Journalism: 13
  Label Data Journalism: 4
  Label Half Data Journalism: 3

✅ Overall Metrics:
  Accuracy : 0.8000
  Precision: 0.7171
  Recall   : 0.8000
  F1       : 0.7556

🧩 Confusion Matrix:
  [4, 0, 0]
  [1, 0, 2]
  [0, 1, 12]

📌 Per-Class Metrics:
  Class Data Journalism: TP=4, FP=1, FN=0, TN=15
  Class Half Data Journalism: TP=0, FP=1, FN=3, TN=16
  Class Not Data Journalism: TP=12, FP=2, FN=1, TN=5
----------------------------------------
Fold finished F1 Score: 0.8444444444444443 None
Fold 5/5
Loading model from HPC local scratch: /tmp/shapovalov_setfit_model_cache_1387365
{'embedding_loss': 0.392, 'grad_norm': 2.9009206295013428, 'learning_rate': 0.0, 'epoch': 0.01}
{'embedding_loss': 0.1519, 'grad_norm': 0.7957608699798584, 'learning_rate': 1.7685185185185187e-05, 'epoch': 0.62}
{'embedding_loss': 0.0202, 'grad_norm': 0.2933466136455536, 'learning_rate': 1.3055555555555557e-05, 'epoch': 1.25}
{'embedding_loss': 0.0054, 'grad_norm': 0.05235496535897255, 'learning_rate': 8.425925925925926e-06, 'epoch': 1.88}
{'embedding_loss': 0.0011, 'grad_norm': 0.017965003848075867, 'learning_rate': 3.796296296296297e-06, 'epoch': 2.5}
{'train_runtime': 189.5387, 'train_samples_per_second': 20.26, 'train_steps_per_second': 1.266, 'train_loss': 0.03831217631231994, 'epoch': 3.0}

🔍 Evaluation Metrics
----------------------------------------
📊 Label Distribution:
  Label Not Data Journalism: 13
  Label Data Journalism: 4
  Label Half Data Journalism: 3

✅ Overall Metrics:
  Accuracy : 0.7000
  Precision: 0.5971
  Recall   : 0.7000
  F1       : 0.6300

🧩 Confusion Matrix:
  [1, 1, 2]
  [1, 0, 2]
  [0, 0, 13]

📌 Per-Class Metrics:
  Class Data Journalism: TP=1, FP=1, FN=3, TN=15
  Class Half Data Journalism: TP=0, FP=1, FN=3, TN=16
  Class Not Data Journalism: TP=13, FP=4, FN=0, TN=3
----------------------------------------
Fold finished F1 Score: 0.77 None
Average VRAM usage: 5567.59 MB, Max VRAM usage: 20670.34 MB
Trial 86 completed with avg fold F1 score: 0.8101470085470087
Trial 87: {'num_iterations': 8, 'num_epochs': 3, 'batch_size': 16, 'head_lr': 0.00025274874676194683}
Fold 1/5
Loading model from HPC local scratch: /tmp/shapovalov_setfit_model_cache_1387365
{'embedding_loss': 0.3451, 'grad_norm': 2.896070718765259, 'learning_rate': 0.0, 'epoch': 0.01}
{'embedding_loss': 0.1644, 'grad_norm': 0.5815149545669556, 'learning_rate': 1.7685185185185187e-05, 'epoch': 0.62}
{'embedding_loss': 0.0281, 'grad_norm': 0.13028492033481598, 'learning_rate': 1.3055555555555557e-05, 'epoch': 1.25}
{'embedding_loss': 0.0243, 'grad_norm': 0.2615799307823181, 'learning_rate': 8.425925925925926e-06, 'epoch': 1.88}
{'embedding_loss': 0.0111, 'grad_norm': 0.04009565711021423, 'learning_rate': 3.796296296296297e-06, 'epoch': 2.5}
{'train_runtime': 185.3778, 'train_samples_per_second': 20.714, 'train_steps_per_second': 1.295, 'train_loss': 0.04918667133897543, 'epoch': 3.0}

🔍 Evaluation Metrics
----------------------------------------
📊 Label Distribution:
  Label Data Journalism: 4
  Label Half Data Journalism: 2
  Label Not Data Journalism: 14

✅ Overall Metrics:
  Accuracy : 0.8000
  Precision: 0.8458
  Recall   : 0.8000
  F1       : 0.7733

🧩 Confusion Matrix:
  [1, 2, 1]
  [0, 1, 1]
  [0, 0, 14]

📌 Per-Class Metrics:
  Class Data Journalism: TP=1, FP=0, FN=3, TN=16
  Class Half Data Journalism: TP=1, FP=2, FN=1, TN=16
  Class Not Data Journalism: TP=14, FP=2, FN=0, TN=4
----------------------------------------
Fold finished F1 Score: 0.8266666666666668 None
Fold 2/5
Loading model from HPC local scratch: /tmp/shapovalov_setfit_model_cache_1387365
{'embedding_loss': 0.3706, 'grad_norm': 3.2043991088867188, 'learning_rate': 0.0, 'epoch': 0.01}
{'embedding_loss': 0.1545, 'grad_norm': 1.2442175149917603, 'learning_rate': 1.7685185185185187e-05, 'epoch': 0.62}
{'embedding_loss': 0.0344, 'grad_norm': 0.46935099363327026, 'learning_rate': 1.3055555555555557e-05, 'epoch': 1.25}
{'embedding_loss': 0.0249, 'grad_norm': 0.3180326819419861, 'learning_rate': 8.425925925925926e-06, 'epoch': 1.88}
{'embedding_loss': 0.0148, 'grad_norm': 0.37431642413139343, 'learning_rate': 3.796296296296297e-06, 'epoch': 2.5}
{'train_runtime': 189.016, 'train_samples_per_second': 20.316, 'train_steps_per_second': 1.27, 'train_loss': 0.050162357091903684, 'epoch': 3.0}

🔍 Evaluation Metrics
----------------------------------------
📊 Label Distribution:
  Label Not Data Journalism: 14
  Label Data Journalism: 4
  Label Half Data Journalism: 2

✅ Overall Metrics:
  Accuracy : 0.8500
  Precision: 0.9000
  Recall   : 0.8500
  F1       : 0.8628

🧩 Confusion Matrix:
  [3, 1, 0]
  [0, 2, 0]
  [1, 1, 12]

📌 Per-Class Metrics:
  Class Data Journalism: TP=3, FP=1, FN=1, TN=15
  Class Half Data Journalism: TP=2, FP=2, FN=0, TN=16
  Class Not Data Journalism: TP=12, FP=0, FN=2, TN=6
----------------------------------------
Fold finished F1 Score: 0.8371794871794872 None
Fold 3/5
Loading model from HPC local scratch: /tmp/shapovalov_setfit_model_cache_1387365
{'embedding_loss': 0.3392, 'grad_norm': 2.816593647003174, 'learning_rate': 0.0, 'epoch': 0.01}
{'embedding_loss': 0.1533, 'grad_norm': 1.4565742015838623, 'learning_rate': 1.7685185185185187e-05, 'epoch': 0.62}
{'embedding_loss': 0.0301, 'grad_norm': 0.028422463685274124, 'learning_rate': 1.3055555555555557e-05, 'epoch': 1.25}
{'embedding_loss': 0.0152, 'grad_norm': 0.12420788407325745, 'learning_rate': 8.425925925925926e-06, 'epoch': 1.88}
{'embedding_loss': 0.0075, 'grad_norm': 0.08529823273420334, 'learning_rate': 3.796296296296297e-06, 'epoch': 2.5}
{'train_runtime': 187.9835, 'train_samples_per_second': 20.427, 'train_steps_per_second': 1.277, 'train_loss': 0.04420492397621274, 'epoch': 3.0}

🔍 Evaluation Metrics
----------------------------------------
📊 Label Distribution:
  Label Not Data Journalism: 13
  Label Half Data Journalism: 2
  Label Data Journalism: 5

✅ Overall Metrics:
  Accuracy : 0.8000
  Precision: 0.8708
  Recall   : 0.8000
  F1       : 0.8276

🧩 Confusion Matrix:
  [4, 1, 0]
  [0, 1, 1]
  [0, 2, 11]

📌 Per-Class Metrics:
  Class Data Journalism: TP=4, FP=0, FN=1, TN=15
  Class Half Data Journalism: TP=1, FP=3, FN=1, TN=15
  Class Not Data Journalism: TP=11, FP=1, FN=2, TN=6
----------------------------------------
Fold finished F1 Score: 0.7724444444444444 None
Fold 4/5
Loading model from HPC local scratch: /tmp/shapovalov_setfit_model_cache_1387365
{'embedding_loss': 0.2864, 'grad_norm': 2.9529924392700195, 'learning_rate': 0.0, 'epoch': 0.01}
{'embedding_loss': 0.1543, 'grad_norm': 0.8335371017456055, 'learning_rate': 1.7685185185185187e-05, 'epoch': 0.62}
{'embedding_loss': 0.0251, 'grad_norm': 0.09787995368242264, 'learning_rate': 1.3055555555555557e-05, 'epoch': 1.25}
{'embedding_loss': 0.0106, 'grad_norm': 1.250091791152954, 'learning_rate': 8.425925925925926e-06, 'epoch': 1.88}
{'embedding_loss': 0.002, 'grad_norm': 0.3062531054019928, 'learning_rate': 3.796296296296297e-06, 'epoch': 2.5}
{'train_runtime': 188.0155, 'train_samples_per_second': 20.424, 'train_steps_per_second': 1.276, 'train_loss': 0.04092647215972344, 'epoch': 3.0}

🔍 Evaluation Metrics
----------------------------------------
📊 Label Distribution:
  Label Not Data Journalism: 13
  Label Data Journalism: 4
  Label Half Data Journalism: 3

✅ Overall Metrics:
  Accuracy : 0.8000
  Precision: 0.7171
  Recall   : 0.8000
  F1       : 0.7556

🧩 Confusion Matrix:
  [4, 0, 0]
  [1, 0, 2]
  [0, 1, 12]

📌 Per-Class Metrics:
  Class Data Journalism: TP=4, FP=1, FN=0, TN=15
  Class Half Data Journalism: TP=0, FP=1, FN=3, TN=16
  Class Not Data Journalism: TP=12, FP=2, FN=1, TN=5
----------------------------------------
Fold finished F1 Score: 0.8444444444444443 None
Fold 5/5
Loading model from HPC local scratch: /tmp/shapovalov_setfit_model_cache_1387365
{'embedding_loss': 0.392, 'grad_norm': 2.9009206295013428, 'learning_rate': 0.0, 'epoch': 0.01}
{'embedding_loss': 0.1519, 'grad_norm': 0.7957608699798584, 'learning_rate': 1.7685185185185187e-05, 'epoch': 0.62}
{'embedding_loss': 0.0202, 'grad_norm': 0.2933466136455536, 'learning_rate': 1.3055555555555557e-05, 'epoch': 1.25}
{'embedding_loss': 0.0054, 'grad_norm': 0.05235496535897255, 'learning_rate': 8.425925925925926e-06, 'epoch': 1.88}
{'embedding_loss': 0.0011, 'grad_norm': 0.017965003848075867, 'learning_rate': 3.796296296296297e-06, 'epoch': 2.5}
{'train_runtime': 189.1244, 'train_samples_per_second': 20.304, 'train_steps_per_second': 1.269, 'train_loss': 0.03831217631231994, 'epoch': 3.0}

🔍 Evaluation Metrics
----------------------------------------
📊 Label Distribution:
  Label Not Data Journalism: 13
  Label Data Journalism: 4
  Label Half Data Journalism: 3

✅ Overall Metrics:
  Accuracy : 0.7000
  Precision: 0.5971
  Recall   : 0.7000
  F1       : 0.6300

🧩 Confusion Matrix:
  [1, 1, 2]
  [1, 0, 2]
  [0, 0, 13]

📌 Per-Class Metrics:
  Class Data Journalism: TP=1, FP=1, FN=3, TN=15
  Class Half Data Journalism: TP=0, FP=1, FN=3, TN=16
  Class Not Data Journalism: TP=13, FP=4, FN=0, TN=3
----------------------------------------
Fold finished F1 Score: 0.77 None
Average VRAM usage: 5442.41 MB, Max VRAM usage: 21305.49 MB
Trial 87 completed with avg fold F1 score: 0.8101470085470087
Trial 88: {'num_iterations': 8, 'num_epochs': 3, 'batch_size': 16, 'head_lr': 1.9708757821355376e-05}
Fold 1/5
Loading model from HPC local scratch: /tmp/shapovalov_setfit_model_cache_1387365
{'embedding_loss': 0.3451, 'grad_norm': 2.896070718765259, 'learning_rate': 0.0, 'epoch': 0.01}
{'embedding_loss': 0.1644, 'grad_norm': 0.5815149545669556, 'learning_rate': 1.7685185185185187e-05, 'epoch': 0.62}
{'embedding_loss': 0.0281, 'grad_norm': 0.13028492033481598, 'learning_rate': 1.3055555555555557e-05, 'epoch': 1.25}
{'embedding_loss': 0.0243, 'grad_norm': 0.2615799307823181, 'learning_rate': 8.425925925925926e-06, 'epoch': 1.88}
{'embedding_loss': 0.0111, 'grad_norm': 0.04009565711021423, 'learning_rate': 3.796296296296297e-06, 'epoch': 2.5}
{'train_runtime': 186.129, 'train_samples_per_second': 20.631, 'train_steps_per_second': 1.289, 'train_loss': 0.04918667133897543, 'epoch': 3.0}

🔍 Evaluation Metrics
----------------------------------------
📊 Label Distribution:
  Label Data Journalism: 4
  Label Half Data Journalism: 2
  Label Not Data Journalism: 14

✅ Overall Metrics:
  Accuracy : 0.8000
  Precision: 0.8458
  Recall   : 0.8000
  F1       : 0.7733

🧩 Confusion Matrix:
  [1, 2, 1]
  [0, 1, 1]
  [0, 0, 14]

📌 Per-Class Metrics:
  Class Data Journalism: TP=1, FP=0, FN=3, TN=16
  Class Half Data Journalism: TP=1, FP=2, FN=1, TN=16
  Class Not Data Journalism: TP=14, FP=2, FN=0, TN=4
----------------------------------------
Fold finished F1 Score: 0.8266666666666668 None
Fold 2/5
Loading model from HPC local scratch: /tmp/shapovalov_setfit_model_cache_1387365
{'embedding_loss': 0.3706, 'grad_norm': 3.2043991088867188, 'learning_rate': 0.0, 'epoch': 0.01}
{'embedding_loss': 0.1545, 'grad_norm': 1.2442175149917603, 'learning_rate': 1.7685185185185187e-05, 'epoch': 0.62}
{'embedding_loss': 0.0344, 'grad_norm': 0.46935099363327026, 'learning_rate': 1.3055555555555557e-05, 'epoch': 1.25}
{'embedding_loss': 0.0249, 'grad_norm': 0.3180326819419861, 'learning_rate': 8.425925925925926e-06, 'epoch': 1.88}
{'embedding_loss': 0.0148, 'grad_norm': 0.37431642413139343, 'learning_rate': 3.796296296296297e-06, 'epoch': 2.5}
{'train_runtime': 187.3889, 'train_samples_per_second': 20.492, 'train_steps_per_second': 1.281, 'train_loss': 0.050162357091903684, 'epoch': 3.0}

🔍 Evaluation Metrics
----------------------------------------
📊 Label Distribution:
  Label Not Data Journalism: 14
  Label Data Journalism: 4
  Label Half Data Journalism: 2

✅ Overall Metrics:
  Accuracy : 0.8500
  Precision: 0.9000
  Recall   : 0.8500
  F1       : 0.8628

🧩 Confusion Matrix:
  [3, 1, 0]
  [0, 2, 0]
  [1, 1, 12]

📌 Per-Class Metrics:
  Class Data Journalism: TP=3, FP=1, FN=1, TN=15
  Class Half Data Journalism: TP=2, FP=2, FN=0, TN=16
  Class Not Data Journalism: TP=12, FP=0, FN=2, TN=6
----------------------------------------
Fold finished F1 Score: 0.8371794871794872 None
Fold 3/5
Loading model from HPC local scratch: /tmp/shapovalov_setfit_model_cache_1387365
{'embedding_loss': 0.3392, 'grad_norm': 2.816593647003174, 'learning_rate': 0.0, 'epoch': 0.01}
{'embedding_loss': 0.1533, 'grad_norm': 1.4565742015838623, 'learning_rate': 1.7685185185185187e-05, 'epoch': 0.62}
{'embedding_loss': 0.0301, 'grad_norm': 0.028422463685274124, 'learning_rate': 1.3055555555555557e-05, 'epoch': 1.25}
{'embedding_loss': 0.0152, 'grad_norm': 0.12420788407325745, 'learning_rate': 8.425925925925926e-06, 'epoch': 1.88}
{'embedding_loss': 0.0075, 'grad_norm': 0.08529823273420334, 'learning_rate': 3.796296296296297e-06, 'epoch': 2.5}
{'train_runtime': 188.0459, 'train_samples_per_second': 20.421, 'train_steps_per_second': 1.276, 'train_loss': 0.04420492397621274, 'epoch': 3.0}

🔍 Evaluation Metrics
----------------------------------------
📊 Label Distribution:
  Label Not Data Journalism: 13
  Label Half Data Journalism: 2
  Label Data Journalism: 5

✅ Overall Metrics:
  Accuracy : 0.8000
  Precision: 0.8708
  Recall   : 0.8000
  F1       : 0.8276

🧩 Confusion Matrix:
  [4, 1, 0]
  [0, 1, 1]
  [0, 2, 11]

📌 Per-Class Metrics:
  Class Data Journalism: TP=4, FP=0, FN=1, TN=15
  Class Half Data Journalism: TP=1, FP=3, FN=1, TN=15
  Class Not Data Journalism: TP=11, FP=1, FN=2, TN=6
----------------------------------------
Fold finished F1 Score: 0.7724444444444444 None
Fold 4/5
Loading model from HPC local scratch: /tmp/shapovalov_setfit_model_cache_1387365
{'embedding_loss': 0.2864, 'grad_norm': 2.9529924392700195, 'learning_rate': 0.0, 'epoch': 0.01}
{'embedding_loss': 0.1543, 'grad_norm': 0.8335371017456055, 'learning_rate': 1.7685185185185187e-05, 'epoch': 0.62}
{'embedding_loss': 0.0251, 'grad_norm': 0.09787995368242264, 'learning_rate': 1.3055555555555557e-05, 'epoch': 1.25}
{'embedding_loss': 0.0106, 'grad_norm': 1.250091791152954, 'learning_rate': 8.425925925925926e-06, 'epoch': 1.88}
{'embedding_loss': 0.002, 'grad_norm': 0.3062531054019928, 'learning_rate': 3.796296296296297e-06, 'epoch': 2.5}
{'train_runtime': 188.9873, 'train_samples_per_second': 20.319, 'train_steps_per_second': 1.27, 'train_loss': 0.04092647215972344, 'epoch': 3.0}

🔍 Evaluation Metrics
----------------------------------------
📊 Label Distribution:
  Label Not Data Journalism: 13
  Label Data Journalism: 4
  Label Half Data Journalism: 3

✅ Overall Metrics:
  Accuracy : 0.8000
  Precision: 0.7171
  Recall   : 0.8000
  F1       : 0.7556

🧩 Confusion Matrix:
  [4, 0, 0]
  [1, 0, 2]
  [0, 1, 12]

📌 Per-Class Metrics:
  Class Data Journalism: TP=4, FP=1, FN=0, TN=15
  Class Half Data Journalism: TP=0, FP=1, FN=3, TN=16
  Class Not Data Journalism: TP=12, FP=2, FN=1, TN=5
----------------------------------------
Fold finished F1 Score: 0.8444444444444443 None
Fold 5/5
Loading model from HPC local scratch: /tmp/shapovalov_setfit_model_cache_1387365
{'embedding_loss': 0.392, 'grad_norm': 2.9009206295013428, 'learning_rate': 0.0, 'epoch': 0.01}
{'embedding_loss': 0.1519, 'grad_norm': 0.7957608699798584, 'learning_rate': 1.7685185185185187e-05, 'epoch': 0.62}
{'embedding_loss': 0.0202, 'grad_norm': 0.2933466136455536, 'learning_rate': 1.3055555555555557e-05, 'epoch': 1.25}
{'embedding_loss': 0.0054, 'grad_norm': 0.05235496535897255, 'learning_rate': 8.425925925925926e-06, 'epoch': 1.88}
{'embedding_loss': 0.0011, 'grad_norm': 0.017965003848075867, 'learning_rate': 3.796296296296297e-06, 'epoch': 2.5}
{'train_runtime': 189.9686, 'train_samples_per_second': 20.214, 'train_steps_per_second': 1.263, 'train_loss': 0.03831217631231994, 'epoch': 3.0}

🔍 Evaluation Metrics
----------------------------------------
📊 Label Distribution:
  Label Not Data Journalism: 13
  Label Data Journalism: 4
  Label Half Data Journalism: 3

✅ Overall Metrics:
  Accuracy : 0.7000
  Precision: 0.5971
  Recall   : 0.7000
  F1       : 0.6300

🧩 Confusion Matrix:
  [1, 1, 2]
  [1, 0, 2]
  [0, 0, 13]

📌 Per-Class Metrics:
  Class Data Journalism: TP=1, FP=1, FN=3, TN=15
  Class Half Data Journalism: TP=0, FP=1, FN=3, TN=16
  Class Not Data Journalism: TP=13, FP=4, FN=0, TN=3
----------------------------------------
Fold finished F1 Score: 0.77 None
Average VRAM usage: 4825.25 MB, Max VRAM usage: 19938.01 MB
Trial 88 completed with avg fold F1 score: 0.8101470085470087
Trial 89: {'num_iterations': 8, 'num_epochs': 3, 'batch_size': 16, 'head_lr': 0.00010578582830222037}
Fold 1/5
Loading model from HPC local scratch: /tmp/shapovalov_setfit_model_cache_1387365
{'embedding_loss': 0.3451, 'grad_norm': 2.896070718765259, 'learning_rate': 0.0, 'epoch': 0.01}
{'embedding_loss': 0.1644, 'grad_norm': 0.5815149545669556, 'learning_rate': 1.7685185185185187e-05, 'epoch': 0.62}
{'embedding_loss': 0.0281, 'grad_norm': 0.13028492033481598, 'learning_rate': 1.3055555555555557e-05, 'epoch': 1.25}
{'embedding_loss': 0.0243, 'grad_norm': 0.2615799307823181, 'learning_rate': 8.425925925925926e-06, 'epoch': 1.88}
{'embedding_loss': 0.0111, 'grad_norm': 0.04009565711021423, 'learning_rate': 3.796296296296297e-06, 'epoch': 2.5}
{'train_runtime': 186.0488, 'train_samples_per_second': 20.64, 'train_steps_per_second': 1.29, 'train_loss': 0.04918667133897543, 'epoch': 3.0}

🔍 Evaluation Metrics
----------------------------------------
📊 Label Distribution:
  Label Data Journalism: 4
  Label Half Data Journalism: 2
  Label Not Data Journalism: 14

✅ Overall Metrics:
  Accuracy : 0.8000
  Precision: 0.8458
  Recall   : 0.8000
  F1       : 0.7733

🧩 Confusion Matrix:
  [1, 2, 1]
  [0, 1, 1]
  [0, 0, 14]

📌 Per-Class Metrics:
  Class Data Journalism: TP=1, FP=0, FN=3, TN=16
  Class Half Data Journalism: TP=1, FP=2, FN=1, TN=16
  Class Not Data Journalism: TP=14, FP=2, FN=0, TN=4
----------------------------------------
Fold finished F1 Score: 0.8266666666666668 None
Fold 2/5
Loading model from HPC local scratch: /tmp/shapovalov_setfit_model_cache_1387365
{'embedding_loss': 0.3706, 'grad_norm': 3.2043991088867188, 'learning_rate': 0.0, 'epoch': 0.01}
{'embedding_loss': 0.1545, 'grad_norm': 1.2442175149917603, 'learning_rate': 1.7685185185185187e-05, 'epoch': 0.62}
{'embedding_loss': 0.0344, 'grad_norm': 0.46935099363327026, 'learning_rate': 1.3055555555555557e-05, 'epoch': 1.25}
{'embedding_loss': 0.0249, 'grad_norm': 0.3180326819419861, 'learning_rate': 8.425925925925926e-06, 'epoch': 1.88}
{'embedding_loss': 0.0148, 'grad_norm': 0.37431642413139343, 'learning_rate': 3.796296296296297e-06, 'epoch': 2.5}
{'train_runtime': 186.6471, 'train_samples_per_second': 20.574, 'train_steps_per_second': 1.286, 'train_loss': 0.050162357091903684, 'epoch': 3.0}

🔍 Evaluation Metrics
----------------------------------------
📊 Label Distribution:
  Label Not Data Journalism: 14
  Label Data Journalism: 4
  Label Half Data Journalism: 2

✅ Overall Metrics:
  Accuracy : 0.8500
  Precision: 0.9000
  Recall   : 0.8500
  F1       : 0.8628

🧩 Confusion Matrix:
  [3, 1, 0]
  [0, 2, 0]
  [1, 1, 12]

📌 Per-Class Metrics:
  Class Data Journalism: TP=3, FP=1, FN=1, TN=15
  Class Half Data Journalism: TP=2, FP=2, FN=0, TN=16
  Class Not Data Journalism: TP=12, FP=0, FN=2, TN=6
----------------------------------------
Fold finished F1 Score: 0.8371794871794872 None
Fold 3/5
Loading model from HPC local scratch: /tmp/shapovalov_setfit_model_cache_1387365
{'embedding_loss': 0.3392, 'grad_norm': 2.816593647003174, 'learning_rate': 0.0, 'epoch': 0.01}
{'embedding_loss': 0.1533, 'grad_norm': 1.4565742015838623, 'learning_rate': 1.7685185185185187e-05, 'epoch': 0.62}
{'embedding_loss': 0.0301, 'grad_norm': 0.028422463685274124, 'learning_rate': 1.3055555555555557e-05, 'epoch': 1.25}
{'embedding_loss': 0.0152, 'grad_norm': 0.12420788407325745, 'learning_rate': 8.425925925925926e-06, 'epoch': 1.88}
{'embedding_loss': 0.0075, 'grad_norm': 0.08529823273420334, 'learning_rate': 3.796296296296297e-06, 'epoch': 2.5}
{'train_runtime': 188.5515, 'train_samples_per_second': 20.366, 'train_steps_per_second': 1.273, 'train_loss': 0.04420492397621274, 'epoch': 3.0}

🔍 Evaluation Metrics
----------------------------------------
📊 Label Distribution:
  Label Not Data Journalism: 13
  Label Half Data Journalism: 2
  Label Data Journalism: 5

✅ Overall Metrics:
  Accuracy : 0.8000
  Precision: 0.8708
  Recall   : 0.8000
  F1       : 0.8276

🧩 Confusion Matrix:
  [4, 1, 0]
  [0, 1, 1]
  [0, 2, 11]

📌 Per-Class Metrics:
  Class Data Journalism: TP=4, FP=0, FN=1, TN=15
  Class Half Data Journalism: TP=1, FP=3, FN=1, TN=15
  Class Not Data Journalism: TP=11, FP=1, FN=2, TN=6
----------------------------------------
Fold finished F1 Score: 0.7724444444444444 None
Fold 4/5
Loading model from HPC local scratch: /tmp/shapovalov_setfit_model_cache_1387365
{'embedding_loss': 0.2864, 'grad_norm': 2.9529924392700195, 'learning_rate': 0.0, 'epoch': 0.01}
{'embedding_loss': 0.1543, 'grad_norm': 0.8335371017456055, 'learning_rate': 1.7685185185185187e-05, 'epoch': 0.62}
{'embedding_loss': 0.0251, 'grad_norm': 0.09787995368242264, 'learning_rate': 1.3055555555555557e-05, 'epoch': 1.25}
{'embedding_loss': 0.0106, 'grad_norm': 1.250091791152954, 'learning_rate': 8.425925925925926e-06, 'epoch': 1.88}
{'embedding_loss': 0.002, 'grad_norm': 0.3062531054019928, 'learning_rate': 3.796296296296297e-06, 'epoch': 2.5}
{'train_runtime': 188.8031, 'train_samples_per_second': 20.339, 'train_steps_per_second': 1.271, 'train_loss': 0.04092647215972344, 'epoch': 3.0}

🔍 Evaluation Metrics
----------------------------------------
📊 Label Distribution:
  Label Not Data Journalism: 13
  Label Data Journalism: 4
  Label Half Data Journalism: 3

✅ Overall Metrics:
  Accuracy : 0.8000
  Precision: 0.7171
  Recall   : 0.8000
  F1       : 0.7556

🧩 Confusion Matrix:
  [4, 0, 0]
  [1, 0, 2]
  [0, 1, 12]

📌 Per-Class Metrics:
  Class Data Journalism: TP=4, FP=1, FN=0, TN=15
  Class Half Data Journalism: TP=0, FP=1, FN=3, TN=16
  Class Not Data Journalism: TP=12, FP=2, FN=1, TN=5
----------------------------------------
Fold finished F1 Score: 0.8444444444444443 None
Fold 5/5
Loading model from HPC local scratch: /tmp/shapovalov_setfit_model_cache_1387365
{'embedding_loss': 0.392, 'grad_norm': 2.9009206295013428, 'learning_rate': 0.0, 'epoch': 0.01}
{'embedding_loss': 0.1519, 'grad_norm': 0.7957608699798584, 'learning_rate': 1.7685185185185187e-05, 'epoch': 0.62}
{'embedding_loss': 0.0202, 'grad_norm': 0.2933466136455536, 'learning_rate': 1.3055555555555557e-05, 'epoch': 1.25}
{'embedding_loss': 0.0054, 'grad_norm': 0.05235496535897255, 'learning_rate': 8.425925925925926e-06, 'epoch': 1.88}
{'embedding_loss': 0.0011, 'grad_norm': 0.017965003848075867, 'learning_rate': 3.796296296296297e-06, 'epoch': 2.5}
{'train_runtime': 189.1419, 'train_samples_per_second': 20.302, 'train_steps_per_second': 1.269, 'train_loss': 0.03831217631231994, 'epoch': 3.0}

🔍 Evaluation Metrics
----------------------------------------
📊 Label Distribution:
  Label Not Data Journalism: 13
  Label Data Journalism: 4
  Label Half Data Journalism: 3

✅ Overall Metrics:
  Accuracy : 0.7000
  Precision: 0.5971
  Recall   : 0.7000
  F1       : 0.6300

🧩 Confusion Matrix:
  [1, 1, 2]
  [1, 0, 2]
  [0, 0, 13]

📌 Per-Class Metrics:
  Class Data Journalism: TP=1, FP=1, FN=3, TN=15
  Class Half Data Journalism: TP=0, FP=1, FN=3, TN=16
  Class Not Data Journalism: TP=13, FP=4, FN=0, TN=3
----------------------------------------
Fold finished F1 Score: 0.77 None
Average VRAM usage: 5401.38 MB, Max VRAM usage: 21324.34 MB
Trial 89 completed with avg fold F1 score: 0.8101470085470087
Trial 90: {'num_iterations': 8, 'num_epochs': 3, 'batch_size': 16, 'head_lr': 3.0613789246648064e-05}
Fold 1/5
Loading model from HPC local scratch: /tmp/shapovalov_setfit_model_cache_1387365
{'embedding_loss': 0.3451, 'grad_norm': 2.896070718765259, 'learning_rate': 0.0, 'epoch': 0.01}
{'embedding_loss': 0.1644, 'grad_norm': 0.5815149545669556, 'learning_rate': 1.7685185185185187e-05, 'epoch': 0.62}
{'embedding_loss': 0.0281, 'grad_norm': 0.13028492033481598, 'learning_rate': 1.3055555555555557e-05, 'epoch': 1.25}
{'embedding_loss': 0.0243, 'grad_norm': 0.2615799307823181, 'learning_rate': 8.425925925925926e-06, 'epoch': 1.88}
{'embedding_loss': 0.0111, 'grad_norm': 0.04009565711021423, 'learning_rate': 3.796296296296297e-06, 'epoch': 2.5}
{'train_runtime': 187.0013, 'train_samples_per_second': 20.535, 'train_steps_per_second': 1.283, 'train_loss': 0.04918667133897543, 'epoch': 3.0}

🔍 Evaluation Metrics
----------------------------------------
📊 Label Distribution:
  Label Data Journalism: 4
  Label Half Data Journalism: 2
  Label Not Data Journalism: 14

✅ Overall Metrics:
  Accuracy : 0.8000
  Precision: 0.8458
  Recall   : 0.8000
  F1       : 0.7733

🧩 Confusion Matrix:
  [1, 2, 1]
  [0, 1, 1]
  [0, 0, 14]

📌 Per-Class Metrics:
  Class Data Journalism: TP=1, FP=0, FN=3, TN=16
  Class Half Data Journalism: TP=1, FP=2, FN=1, TN=16
  Class Not Data Journalism: TP=14, FP=2, FN=0, TN=4
----------------------------------------
Fold finished F1 Score: 0.8266666666666668 None
Fold 2/5
Loading model from HPC local scratch: /tmp/shapovalov_setfit_model_cache_1387365
{'embedding_loss': 0.3706, 'grad_norm': 3.2043991088867188, 'learning_rate': 0.0, 'epoch': 0.01}
{'embedding_loss': 0.1545, 'grad_norm': 1.2442175149917603, 'learning_rate': 1.7685185185185187e-05, 'epoch': 0.62}
{'embedding_loss': 0.0344, 'grad_norm': 0.46935099363327026, 'learning_rate': 1.3055555555555557e-05, 'epoch': 1.25}
{'embedding_loss': 0.0249, 'grad_norm': 0.3180326819419861, 'learning_rate': 8.425925925925926e-06, 'epoch': 1.88}
{'embedding_loss': 0.0148, 'grad_norm': 0.37431642413139343, 'learning_rate': 3.796296296296297e-06, 'epoch': 2.5}
{'train_runtime': 186.9461, 'train_samples_per_second': 20.541, 'train_steps_per_second': 1.284, 'train_loss': 0.050162357091903684, 'epoch': 3.0}

🔍 Evaluation Metrics
----------------------------------------
📊 Label Distribution:
  Label Not Data Journalism: 14
  Label Data Journalism: 4
  Label Half Data Journalism: 2

✅ Overall Metrics:
  Accuracy : 0.8500
  Precision: 0.9000
  Recall   : 0.8500
  F1       : 0.8628

🧩 Confusion Matrix:
  [3, 1, 0]
  [0, 2, 0]
  [1, 1, 12]

📌 Per-Class Metrics:
  Class Data Journalism: TP=3, FP=1, FN=1, TN=15
  Class Half Data Journalism: TP=2, FP=2, FN=0, TN=16
  Class Not Data Journalism: TP=12, FP=0, FN=2, TN=6
----------------------------------------
Fold finished F1 Score: 0.8371794871794872 None
Fold 3/5
Loading model from HPC local scratch: /tmp/shapovalov_setfit_model_cache_1387365
{'embedding_loss': 0.3392, 'grad_norm': 2.816593647003174, 'learning_rate': 0.0, 'epoch': 0.01}
{'embedding_loss': 0.1533, 'grad_norm': 1.4565742015838623, 'learning_rate': 1.7685185185185187e-05, 'epoch': 0.62}
{'embedding_loss': 0.0301, 'grad_norm': 0.028422463685274124, 'learning_rate': 1.3055555555555557e-05, 'epoch': 1.25}
{'embedding_loss': 0.0152, 'grad_norm': 0.12420788407325745, 'learning_rate': 8.425925925925926e-06, 'epoch': 1.88}
{'embedding_loss': 0.0075, 'grad_norm': 0.08529823273420334, 'learning_rate': 3.796296296296297e-06, 'epoch': 2.5}
{'train_runtime': 190.3787, 'train_samples_per_second': 20.17, 'train_steps_per_second': 1.261, 'train_loss': 0.04420492397621274, 'epoch': 3.0}

🔍 Evaluation Metrics
----------------------------------------
📊 Label Distribution:
  Label Not Data Journalism: 13
  Label Half Data Journalism: 2
  Label Data Journalism: 5

✅ Overall Metrics:
  Accuracy : 0.8000
  Precision: 0.8708
  Recall   : 0.8000
  F1       : 0.8276

🧩 Confusion Matrix:
  [4, 1, 0]
  [0, 1, 1]
  [0, 2, 11]

📌 Per-Class Metrics:
  Class Data Journalism: TP=4, FP=0, FN=1, TN=15
  Class Half Data Journalism: TP=1, FP=3, FN=1, TN=15
  Class Not Data Journalism: TP=11, FP=1, FN=2, TN=6
----------------------------------------
Fold finished F1 Score: 0.7724444444444444 None
Fold 4/5
Loading model from HPC local scratch: /tmp/shapovalov_setfit_model_cache_1387365
{'embedding_loss': 0.2864, 'grad_norm': 2.9529924392700195, 'learning_rate': 0.0, 'epoch': 0.01}
{'embedding_loss': 0.1543, 'grad_norm': 0.8335371017456055, 'learning_rate': 1.7685185185185187e-05, 'epoch': 0.62}
{'embedding_loss': 0.0251, 'grad_norm': 0.09787995368242264, 'learning_rate': 1.3055555555555557e-05, 'epoch': 1.25}
{'embedding_loss': 0.0106, 'grad_norm': 1.250091791152954, 'learning_rate': 8.425925925925926e-06, 'epoch': 1.88}
{'embedding_loss': 0.002, 'grad_norm': 0.3062531054019928, 'learning_rate': 3.796296296296297e-06, 'epoch': 2.5}
{'train_runtime': 188.5887, 'train_samples_per_second': 20.362, 'train_steps_per_second': 1.273, 'train_loss': 0.04092647215972344, 'epoch': 3.0}

🔍 Evaluation Metrics
----------------------------------------
📊 Label Distribution:
  Label Not Data Journalism: 13
  Label Data Journalism: 4
  Label Half Data Journalism: 3

✅ Overall Metrics:
  Accuracy : 0.8000
  Precision: 0.7171
  Recall   : 0.8000
  F1       : 0.7556

🧩 Confusion Matrix:
  [4, 0, 0]
  [1, 0, 2]
  [0, 1, 12]

📌 Per-Class Metrics:
  Class Data Journalism: TP=4, FP=1, FN=0, TN=15
  Class Half Data Journalism: TP=0, FP=1, FN=3, TN=16
  Class Not Data Journalism: TP=12, FP=2, FN=1, TN=5
----------------------------------------
Fold finished F1 Score: 0.8444444444444443 None
Fold 5/5
Loading model from HPC local scratch: /tmp/shapovalov_setfit_model_cache_1387365
{'embedding_loss': 0.392, 'grad_norm': 2.9009206295013428, 'learning_rate': 0.0, 'epoch': 0.01}
{'embedding_loss': 0.1519, 'grad_norm': 0.7957608699798584, 'learning_rate': 1.7685185185185187e-05, 'epoch': 0.62}
{'embedding_loss': 0.0202, 'grad_norm': 0.2933466136455536, 'learning_rate': 1.3055555555555557e-05, 'epoch': 1.25}
{'embedding_loss': 0.0054, 'grad_norm': 0.05235496535897255, 'learning_rate': 8.425925925925926e-06, 'epoch': 1.88}
{'embedding_loss': 0.0011, 'grad_norm': 0.017965003848075867, 'learning_rate': 3.796296296296297e-06, 'epoch': 2.5}
{'train_runtime': 189.279, 'train_samples_per_second': 20.288, 'train_steps_per_second': 1.268, 'train_loss': 0.03831217631231994, 'epoch': 3.0}

🔍 Evaluation Metrics
----------------------------------------
📊 Label Distribution:
  Label Not Data Journalism: 13
  Label Data Journalism: 4
  Label Half Data Journalism: 3

✅ Overall Metrics:
  Accuracy : 0.7000
  Precision: 0.5971
  Recall   : 0.7000
  F1       : 0.6300

🧩 Confusion Matrix:
  [1, 1, 2]
  [1, 0, 2]
  [0, 0, 13]

📌 Per-Class Metrics:
  Class Data Journalism: TP=1, FP=1, FN=3, TN=15
  Class Half Data Journalism: TP=0, FP=1, FN=3, TN=16
  Class Not Data Journalism: TP=13, FP=4, FN=0, TN=3
----------------------------------------
Fold finished F1 Score: 0.77 None
Average VRAM usage: 5136.01 MB, Max VRAM usage: 20419.69 MB
Trial 90 completed with avg fold F1 score: 0.8101470085470087
Trial 91: {'num_iterations': 8, 'num_epochs': 3, 'batch_size': 16, 'head_lr': 1.2755727179349677e-05}
Fold 1/5
Loading model from HPC local scratch: /tmp/shapovalov_setfit_model_cache_1387365
{'embedding_loss': 0.3451, 'grad_norm': 2.896070718765259, 'learning_rate': 0.0, 'epoch': 0.01}
{'embedding_loss': 0.1644, 'grad_norm': 0.5815149545669556, 'learning_rate': 1.7685185185185187e-05, 'epoch': 0.62}
{'embedding_loss': 0.0281, 'grad_norm': 0.13028492033481598, 'learning_rate': 1.3055555555555557e-05, 'epoch': 1.25}
{'embedding_loss': 0.0243, 'grad_norm': 0.2615799307823181, 'learning_rate': 8.425925925925926e-06, 'epoch': 1.88}
{'embedding_loss': 0.0111, 'grad_norm': 0.04009565711021423, 'learning_rate': 3.796296296296297e-06, 'epoch': 2.5}
{'train_runtime': 185.9022, 'train_samples_per_second': 20.656, 'train_steps_per_second': 1.291, 'train_loss': 0.04918667133897543, 'epoch': 3.0}

🔍 Evaluation Metrics
----------------------------------------
📊 Label Distribution:
  Label Data Journalism: 4
  Label Half Data Journalism: 2
  Label Not Data Journalism: 14

✅ Overall Metrics:
  Accuracy : 0.8000
  Precision: 0.8458
  Recall   : 0.8000
  F1       : 0.7733

🧩 Confusion Matrix:
  [1, 2, 1]
  [0, 1, 1]
  [0, 0, 14]

📌 Per-Class Metrics:
  Class Data Journalism: TP=1, FP=0, FN=3, TN=16
  Class Half Data Journalism: TP=1, FP=2, FN=1, TN=16
  Class Not Data Journalism: TP=14, FP=2, FN=0, TN=4
----------------------------------------
Fold finished F1 Score: 0.8266666666666668 None
Fold 2/5
Loading model from HPC local scratch: /tmp/shapovalov_setfit_model_cache_1387365
{'embedding_loss': 0.3706, 'grad_norm': 3.2043991088867188, 'learning_rate': 0.0, 'epoch': 0.01}
{'embedding_loss': 0.1545, 'grad_norm': 1.2442175149917603, 'learning_rate': 1.7685185185185187e-05, 'epoch': 0.62}
{'embedding_loss': 0.0344, 'grad_norm': 0.46935099363327026, 'learning_rate': 1.3055555555555557e-05, 'epoch': 1.25}
{'embedding_loss': 0.0249, 'grad_norm': 0.3180326819419861, 'learning_rate': 8.425925925925926e-06, 'epoch': 1.88}
{'embedding_loss': 0.0148, 'grad_norm': 0.37431642413139343, 'learning_rate': 3.796296296296297e-06, 'epoch': 2.5}
{'train_runtime': 188.0381, 'train_samples_per_second': 20.421, 'train_steps_per_second': 1.276, 'train_loss': 0.050162357091903684, 'epoch': 3.0}

🔍 Evaluation Metrics
----------------------------------------
📊 Label Distribution:
  Label Not Data Journalism: 14
  Label Data Journalism: 4
  Label Half Data Journalism: 2

✅ Overall Metrics:
  Accuracy : 0.8500
  Precision: 0.9000
  Recall   : 0.8500
  F1       : 0.8628

🧩 Confusion Matrix:
  [3, 1, 0]
  [0, 2, 0]
  [1, 1, 12]

📌 Per-Class Metrics:
  Class Data Journalism: TP=3, FP=1, FN=1, TN=15
  Class Half Data Journalism: TP=2, FP=2, FN=0, TN=16
  Class Not Data Journalism: TP=12, FP=0, FN=2, TN=6
----------------------------------------
Fold finished F1 Score: 0.8371794871794872 None
Fold 3/5
Loading model from HPC local scratch: /tmp/shapovalov_setfit_model_cache_1387365
{'embedding_loss': 0.3392, 'grad_norm': 2.816593647003174, 'learning_rate': 0.0, 'epoch': 0.01}
{'embedding_loss': 0.1533, 'grad_norm': 1.4565742015838623, 'learning_rate': 1.7685185185185187e-05, 'epoch': 0.62}
{'embedding_loss': 0.0301, 'grad_norm': 0.028422463685274124, 'learning_rate': 1.3055555555555557e-05, 'epoch': 1.25}
{'embedding_loss': 0.0152, 'grad_norm': 0.12420788407325745, 'learning_rate': 8.425925925925926e-06, 'epoch': 1.88}
{'embedding_loss': 0.0075, 'grad_norm': 0.08529823273420334, 'learning_rate': 3.796296296296297e-06, 'epoch': 2.5}
{'train_runtime': 188.0863, 'train_samples_per_second': 20.416, 'train_steps_per_second': 1.276, 'train_loss': 0.04420492397621274, 'epoch': 3.0}

🔍 Evaluation Metrics
----------------------------------------
📊 Label Distribution:
  Label Not Data Journalism: 13
  Label Half Data Journalism: 2
  Label Data Journalism: 5

✅ Overall Metrics:
  Accuracy : 0.8000
  Precision: 0.8708
  Recall   : 0.8000
  F1       : 0.8276

🧩 Confusion Matrix:
  [4, 1, 0]
  [0, 1, 1]
  [0, 2, 11]

📌 Per-Class Metrics:
  Class Data Journalism: TP=4, FP=0, FN=1, TN=15
  Class Half Data Journalism: TP=1, FP=3, FN=1, TN=15
  Class Not Data Journalism: TP=11, FP=1, FN=2, TN=6
----------------------------------------
Fold finished F1 Score: 0.7724444444444444 None
Fold 4/5
Loading model from HPC local scratch: /tmp/shapovalov_setfit_model_cache_1387365
{'embedding_loss': 0.2864, 'grad_norm': 2.9529924392700195, 'learning_rate': 0.0, 'epoch': 0.01}
{'embedding_loss': 0.1543, 'grad_norm': 0.8335371017456055, 'learning_rate': 1.7685185185185187e-05, 'epoch': 0.62}
{'embedding_loss': 0.0251, 'grad_norm': 0.09787995368242264, 'learning_rate': 1.3055555555555557e-05, 'epoch': 1.25}
{'embedding_loss': 0.0106, 'grad_norm': 1.250091791152954, 'learning_rate': 8.425925925925926e-06, 'epoch': 1.88}
{'embedding_loss': 0.002, 'grad_norm': 0.3062531054019928, 'learning_rate': 3.796296296296297e-06, 'epoch': 2.5}
{'train_runtime': 189.5666, 'train_samples_per_second': 20.257, 'train_steps_per_second': 1.266, 'train_loss': 0.04092647215972344, 'epoch': 3.0}

🔍 Evaluation Metrics
----------------------------------------
📊 Label Distribution:
  Label Not Data Journalism: 13
  Label Data Journalism: 4
  Label Half Data Journalism: 3

✅ Overall Metrics:
  Accuracy : 0.8000
  Precision: 0.7171
  Recall   : 0.8000
  F1       : 0.7556

🧩 Confusion Matrix:
  [4, 0, 0]
  [1, 0, 2]
  [0, 1, 12]

📌 Per-Class Metrics:
  Class Data Journalism: TP=4, FP=1, FN=0, TN=15
  Class Half Data Journalism: TP=0, FP=1, FN=3, TN=16
  Class Not Data Journalism: TP=12, FP=2, FN=1, TN=5
----------------------------------------
Fold finished F1 Score: 0.8444444444444443 None
Fold 5/5
Loading model from HPC local scratch: /tmp/shapovalov_setfit_model_cache_1387365
{'embedding_loss': 0.392, 'grad_norm': 2.9009206295013428, 'learning_rate': 0.0, 'epoch': 0.01}
{'embedding_loss': 0.1519, 'grad_norm': 0.7957608699798584, 'learning_rate': 1.7685185185185187e-05, 'epoch': 0.62}
{'embedding_loss': 0.0202, 'grad_norm': 0.2933466136455536, 'learning_rate': 1.3055555555555557e-05, 'epoch': 1.25}
{'embedding_loss': 0.0054, 'grad_norm': 0.05235496535897255, 'learning_rate': 8.425925925925926e-06, 'epoch': 1.88}
{'embedding_loss': 0.0011, 'grad_norm': 0.017965003848075867, 'learning_rate': 3.796296296296297e-06, 'epoch': 2.5}
{'train_runtime': 189.0898, 'train_samples_per_second': 20.308, 'train_steps_per_second': 1.269, 'train_loss': 0.03831217631231994, 'epoch': 3.0}

🔍 Evaluation Metrics
----------------------------------------
📊 Label Distribution:
  Label Not Data Journalism: 13
  Label Data Journalism: 4
  Label Half Data Journalism: 3

✅ Overall Metrics:
  Accuracy : 0.7000
  Precision: 0.5971
  Recall   : 0.7000
  F1       : 0.6300

🧩 Confusion Matrix:
  [1, 1, 2]
  [1, 0, 2]
  [0, 0, 13]

📌 Per-Class Metrics:
  Class Data Journalism: TP=1, FP=1, FN=3, TN=15
  Class Half Data Journalism: TP=0, FP=1, FN=3, TN=16
  Class Not Data Journalism: TP=13, FP=4, FN=0, TN=3
----------------------------------------
Fold finished F1 Score: 0.77 None
Average VRAM usage: 5477.05 MB, Max VRAM usage: 16775.15 MB
Trial 91 completed with avg fold F1 score: 0.8101470085470087
Trial 92: {'num_iterations': 8, 'num_epochs': 3, 'batch_size': 16, 'head_lr': 2.277910568536878e-05}
Fold 1/5
Loading model from HPC local scratch: /tmp/shapovalov_setfit_model_cache_1387365
{'embedding_loss': 0.3451, 'grad_norm': 2.896070718765259, 'learning_rate': 0.0, 'epoch': 0.01}
{'embedding_loss': 0.1644, 'grad_norm': 0.5815149545669556, 'learning_rate': 1.7685185185185187e-05, 'epoch': 0.62}
{'embedding_loss': 0.0281, 'grad_norm': 0.13028492033481598, 'learning_rate': 1.3055555555555557e-05, 'epoch': 1.25}
{'embedding_loss': 0.0243, 'grad_norm': 0.2615799307823181, 'learning_rate': 8.425925925925926e-06, 'epoch': 1.88}
{'embedding_loss': 0.0111, 'grad_norm': 0.04009565711021423, 'learning_rate': 3.796296296296297e-06, 'epoch': 2.5}
{'train_runtime': 186.6102, 'train_samples_per_second': 20.578, 'train_steps_per_second': 1.286, 'train_loss': 0.04918667133897543, 'epoch': 3.0}

🔍 Evaluation Metrics
----------------------------------------
📊 Label Distribution:
  Label Data Journalism: 4
  Label Half Data Journalism: 2
  Label Not Data Journalism: 14

✅ Overall Metrics:
  Accuracy : 0.8000
  Precision: 0.8458
  Recall   : 0.8000
  F1       : 0.7733

🧩 Confusion Matrix:
  [1, 2, 1]
  [0, 1, 1]
  [0, 0, 14]

📌 Per-Class Metrics:
  Class Data Journalism: TP=1, FP=0, FN=3, TN=16
  Class Half Data Journalism: TP=1, FP=2, FN=1, TN=16
  Class Not Data Journalism: TP=14, FP=2, FN=0, TN=4
----------------------------------------
Fold finished F1 Score: 0.8266666666666668 None
Fold 2/5
Loading model from HPC local scratch: /tmp/shapovalov_setfit_model_cache_1387365
{'embedding_loss': 0.3706, 'grad_norm': 3.2043991088867188, 'learning_rate': 0.0, 'epoch': 0.01}
{'embedding_loss': 0.1545, 'grad_norm': 1.2442175149917603, 'learning_rate': 1.7685185185185187e-05, 'epoch': 0.62}
{'embedding_loss': 0.0344, 'grad_norm': 0.46935099363327026, 'learning_rate': 1.3055555555555557e-05, 'epoch': 1.25}
{'embedding_loss': 0.0249, 'grad_norm': 0.3180326819419861, 'learning_rate': 8.425925925925926e-06, 'epoch': 1.88}
{'embedding_loss': 0.0148, 'grad_norm': 0.37431642413139343, 'learning_rate': 3.796296296296297e-06, 'epoch': 2.5}
{'train_runtime': 187.6529, 'train_samples_per_second': 20.463, 'train_steps_per_second': 1.279, 'train_loss': 0.050162357091903684, 'epoch': 3.0}

🔍 Evaluation Metrics
----------------------------------------
📊 Label Distribution:
  Label Not Data Journalism: 14
  Label Data Journalism: 4
  Label Half Data Journalism: 2

✅ Overall Metrics:
  Accuracy : 0.8500
  Precision: 0.9000
  Recall   : 0.8500
  F1       : 0.8628

🧩 Confusion Matrix:
  [3, 1, 0]
  [0, 2, 0]
  [1, 1, 12]

📌 Per-Class Metrics:
  Class Data Journalism: TP=3, FP=1, FN=1, TN=15
  Class Half Data Journalism: TP=2, FP=2, FN=0, TN=16
  Class Not Data Journalism: TP=12, FP=0, FN=2, TN=6
----------------------------------------
Fold finished F1 Score: 0.8371794871794872 None
Fold 3/5
Loading model from HPC local scratch: /tmp/shapovalov_setfit_model_cache_1387365
{'embedding_loss': 0.3392, 'grad_norm': 2.816593647003174, 'learning_rate': 0.0, 'epoch': 0.01}
{'embedding_loss': 0.1533, 'grad_norm': 1.4565742015838623, 'learning_rate': 1.7685185185185187e-05, 'epoch': 0.62}
{'embedding_loss': 0.0301, 'grad_norm': 0.028422463685274124, 'learning_rate': 1.3055555555555557e-05, 'epoch': 1.25}
{'embedding_loss': 0.0152, 'grad_norm': 0.12420788407325745, 'learning_rate': 8.425925925925926e-06, 'epoch': 1.88}
{'embedding_loss': 0.0075, 'grad_norm': 0.08529823273420334, 'learning_rate': 3.796296296296297e-06, 'epoch': 2.5}
{'train_runtime': 188.2906, 'train_samples_per_second': 20.394, 'train_steps_per_second': 1.275, 'train_loss': 0.04420492397621274, 'epoch': 3.0}

🔍 Evaluation Metrics
----------------------------------------
📊 Label Distribution:
  Label Not Data Journalism: 13
  Label Half Data Journalism: 2
  Label Data Journalism: 5

✅ Overall Metrics:
  Accuracy : 0.8000
  Precision: 0.8708
  Recall   : 0.8000
  F1       : 0.8276

🧩 Confusion Matrix:
  [4, 1, 0]
  [0, 1, 1]
  [0, 2, 11]

📌 Per-Class Metrics:
  Class Data Journalism: TP=4, FP=0, FN=1, TN=15
  Class Half Data Journalism: TP=1, FP=3, FN=1, TN=15
  Class Not Data Journalism: TP=11, FP=1, FN=2, TN=6
----------------------------------------
Fold finished F1 Score: 0.7724444444444444 None
Fold 4/5
Loading model from HPC local scratch: /tmp/shapovalov_setfit_model_cache_1387365
{'embedding_loss': 0.2864, 'grad_norm': 2.9529924392700195, 'learning_rate': 0.0, 'epoch': 0.01}
{'embedding_loss': 0.1543, 'grad_norm': 0.8335371017456055, 'learning_rate': 1.7685185185185187e-05, 'epoch': 0.62}
{'embedding_loss': 0.0251, 'grad_norm': 0.09787995368242264, 'learning_rate': 1.3055555555555557e-05, 'epoch': 1.25}
{'embedding_loss': 0.0106, 'grad_norm': 1.250091791152954, 'learning_rate': 8.425925925925926e-06, 'epoch': 1.88}
{'embedding_loss': 0.002, 'grad_norm': 0.3062531054019928, 'learning_rate': 3.796296296296297e-06, 'epoch': 2.5}
{'train_runtime': 188.5031, 'train_samples_per_second': 20.371, 'train_steps_per_second': 1.273, 'train_loss': 0.04092647215972344, 'epoch': 3.0}

🔍 Evaluation Metrics
----------------------------------------
📊 Label Distribution:
  Label Not Data Journalism: 13
  Label Data Journalism: 4
  Label Half Data Journalism: 3

✅ Overall Metrics:
  Accuracy : 0.8000
  Precision: 0.7171
  Recall   : 0.8000
  F1       : 0.7556

🧩 Confusion Matrix:
  [4, 0, 0]
  [1, 0, 2]
  [0, 1, 12]

📌 Per-Class Metrics:
  Class Data Journalism: TP=4, FP=1, FN=0, TN=15
  Class Half Data Journalism: TP=0, FP=1, FN=3, TN=16
  Class Not Data Journalism: TP=12, FP=2, FN=1, TN=5
----------------------------------------
Fold finished F1 Score: 0.8444444444444443 None
Fold 5/5
Loading model from HPC local scratch: /tmp/shapovalov_setfit_model_cache_1387365
{'embedding_loss': 0.392, 'grad_norm': 2.9009206295013428, 'learning_rate': 0.0, 'epoch': 0.01}
{'embedding_loss': 0.1519, 'grad_norm': 0.7957608699798584, 'learning_rate': 1.7685185185185187e-05, 'epoch': 0.62}
{'embedding_loss': 0.0202, 'grad_norm': 0.2933466136455536, 'learning_rate': 1.3055555555555557e-05, 'epoch': 1.25}
{'embedding_loss': 0.0054, 'grad_norm': 0.05235496535897255, 'learning_rate': 8.425925925925926e-06, 'epoch': 1.88}
{'embedding_loss': 0.0011, 'grad_norm': 0.017965003848075867, 'learning_rate': 3.796296296296297e-06, 'epoch': 2.5}
{'train_runtime': 189.2399, 'train_samples_per_second': 20.292, 'train_steps_per_second': 1.268, 'train_loss': 0.03831217631231994, 'epoch': 3.0}

🔍 Evaluation Metrics
----------------------------------------
📊 Label Distribution:
  Label Not Data Journalism: 13
  Label Data Journalism: 4
  Label Half Data Journalism: 3

✅ Overall Metrics:
  Accuracy : 0.7000
  Precision: 0.5971
  Recall   : 0.7000
  F1       : 0.6300

🧩 Confusion Matrix:
  [1, 1, 2]
  [1, 0, 2]
  [0, 0, 13]

📌 Per-Class Metrics:
  Class Data Journalism: TP=1, FP=1, FN=3, TN=15
  Class Half Data Journalism: TP=0, FP=1, FN=3, TN=16
  Class Not Data Journalism: TP=13, FP=4, FN=0, TN=3
----------------------------------------
Fold finished F1 Score: 0.77 None
Average VRAM usage: 5091.38 MB, Max VRAM usage: 21310.45 MB
Trial 92 completed with avg fold F1 score: 0.8101470085470087
Trial 93: {'num_iterations': 8, 'num_epochs': 3, 'batch_size': 16, 'head_lr': 6.146608656742395e-05}
Fold 1/5
Loading model from HPC local scratch: /tmp/shapovalov_setfit_model_cache_1387365
{'embedding_loss': 0.3451, 'grad_norm': 2.896070718765259, 'learning_rate': 0.0, 'epoch': 0.01}
{'embedding_loss': 0.1644, 'grad_norm': 0.5815149545669556, 'learning_rate': 1.7685185185185187e-05, 'epoch': 0.62}
{'embedding_loss': 0.0281, 'grad_norm': 0.13028492033481598, 'learning_rate': 1.3055555555555557e-05, 'epoch': 1.25}
{'embedding_loss': 0.0243, 'grad_norm': 0.2615799307823181, 'learning_rate': 8.425925925925926e-06, 'epoch': 1.88}
{'embedding_loss': 0.0111, 'grad_norm': 0.04009565711021423, 'learning_rate': 3.796296296296297e-06, 'epoch': 2.5}
{'train_runtime': 185.7134, 'train_samples_per_second': 20.677, 'train_steps_per_second': 1.292, 'train_loss': 0.04918667133897543, 'epoch': 3.0}

🔍 Evaluation Metrics
----------------------------------------
📊 Label Distribution:
  Label Data Journalism: 4
  Label Half Data Journalism: 2
  Label Not Data Journalism: 14

✅ Overall Metrics:
  Accuracy : 0.8000
  Precision: 0.8458
  Recall   : 0.8000
  F1       : 0.7733

🧩 Confusion Matrix:
  [1, 2, 1]
  [0, 1, 1]
  [0, 0, 14]

📌 Per-Class Metrics:
  Class Data Journalism: TP=1, FP=0, FN=3, TN=16
  Class Half Data Journalism: TP=1, FP=2, FN=1, TN=16
  Class Not Data Journalism: TP=14, FP=2, FN=0, TN=4
----------------------------------------
Fold finished F1 Score: 0.8266666666666668 None
Fold 2/5
Loading model from HPC local scratch: /tmp/shapovalov_setfit_model_cache_1387365
{'embedding_loss': 0.3706, 'grad_norm': 3.2043991088867188, 'learning_rate': 0.0, 'epoch': 0.01}
{'embedding_loss': 0.1545, 'grad_norm': 1.2442175149917603, 'learning_rate': 1.7685185185185187e-05, 'epoch': 0.62}
{'embedding_loss': 0.0344, 'grad_norm': 0.46935099363327026, 'learning_rate': 1.3055555555555557e-05, 'epoch': 1.25}
{'embedding_loss': 0.0249, 'grad_norm': 0.3180326819419861, 'learning_rate': 8.425925925925926e-06, 'epoch': 1.88}
{'embedding_loss': 0.0148, 'grad_norm': 0.37431642413139343, 'learning_rate': 3.796296296296297e-06, 'epoch': 2.5}
{'train_runtime': 186.9328, 'train_samples_per_second': 20.542, 'train_steps_per_second': 1.284, 'train_loss': 0.050162357091903684, 'epoch': 3.0}

🔍 Evaluation Metrics
----------------------------------------
📊 Label Distribution:
  Label Not Data Journalism: 14
  Label Data Journalism: 4
  Label Half Data Journalism: 2

✅ Overall Metrics:
  Accuracy : 0.8500
  Precision: 0.9000
  Recall   : 0.8500
  F1       : 0.8628

🧩 Confusion Matrix:
  [3, 1, 0]
  [0, 2, 0]
  [1, 1, 12]

📌 Per-Class Metrics:
  Class Data Journalism: TP=3, FP=1, FN=1, TN=15
  Class Half Data Journalism: TP=2, FP=2, FN=0, TN=16
  Class Not Data Journalism: TP=12, FP=0, FN=2, TN=6
----------------------------------------
Fold finished F1 Score: 0.8371794871794872 None
Fold 3/5
Loading model from HPC local scratch: /tmp/shapovalov_setfit_model_cache_1387365
{'embedding_loss': 0.3392, 'grad_norm': 2.816593647003174, 'learning_rate': 0.0, 'epoch': 0.01}
{'embedding_loss': 0.1533, 'grad_norm': 1.4565742015838623, 'learning_rate': 1.7685185185185187e-05, 'epoch': 0.62}
{'embedding_loss': 0.0301, 'grad_norm': 0.028422463685274124, 'learning_rate': 1.3055555555555557e-05, 'epoch': 1.25}
{'embedding_loss': 0.0152, 'grad_norm': 0.12420788407325745, 'learning_rate': 8.425925925925926e-06, 'epoch': 1.88}
{'embedding_loss': 0.0075, 'grad_norm': 0.08529823273420334, 'learning_rate': 3.796296296296297e-06, 'epoch': 2.5}
{'train_runtime': 188.583, 'train_samples_per_second': 20.362, 'train_steps_per_second': 1.273, 'train_loss': 0.04420492397621274, 'epoch': 3.0}

🔍 Evaluation Metrics
----------------------------------------
📊 Label Distribution:
  Label Not Data Journalism: 13
  Label Half Data Journalism: 2
  Label Data Journalism: 5

✅ Overall Metrics:
  Accuracy : 0.8000
  Precision: 0.8708
  Recall   : 0.8000
  F1       : 0.8276

🧩 Confusion Matrix:
  [4, 1, 0]
  [0, 1, 1]
  [0, 2, 11]

📌 Per-Class Metrics:
  Class Data Journalism: TP=4, FP=0, FN=1, TN=15
  Class Half Data Journalism: TP=1, FP=3, FN=1, TN=15
  Class Not Data Journalism: TP=11, FP=1, FN=2, TN=6
----------------------------------------
Fold finished F1 Score: 0.7724444444444444 None
Fold 4/5
Loading model from HPC local scratch: /tmp/shapovalov_setfit_model_cache_1387365
{'embedding_loss': 0.2864, 'grad_norm': 2.9529924392700195, 'learning_rate': 0.0, 'epoch': 0.01}
{'embedding_loss': 0.1543, 'grad_norm': 0.8335371017456055, 'learning_rate': 1.7685185185185187e-05, 'epoch': 0.62}
{'embedding_loss': 0.0251, 'grad_norm': 0.09787995368242264, 'learning_rate': 1.3055555555555557e-05, 'epoch': 1.25}
{'embedding_loss': 0.0106, 'grad_norm': 1.250091791152954, 'learning_rate': 8.425925925925926e-06, 'epoch': 1.88}
{'embedding_loss': 0.002, 'grad_norm': 0.3062531054019928, 'learning_rate': 3.796296296296297e-06, 'epoch': 2.5}
{'train_runtime': 189.1534, 'train_samples_per_second': 20.301, 'train_steps_per_second': 1.269, 'train_loss': 0.04092647215972344, 'epoch': 3.0}

🔍 Evaluation Metrics
----------------------------------------
📊 Label Distribution:
  Label Not Data Journalism: 13
  Label Data Journalism: 4
  Label Half Data Journalism: 3

✅ Overall Metrics:
  Accuracy : 0.8000
  Precision: 0.7171
  Recall   : 0.8000
  F1       : 0.7556

🧩 Confusion Matrix:
  [4, 0, 0]
  [1, 0, 2]
  [0, 1, 12]

📌 Per-Class Metrics:
  Class Data Journalism: TP=4, FP=1, FN=0, TN=15
  Class Half Data Journalism: TP=0, FP=1, FN=3, TN=16
  Class Not Data Journalism: TP=12, FP=2, FN=1, TN=5
----------------------------------------
Fold finished F1 Score: 0.8444444444444443 None
Fold 5/5
Loading model from HPC local scratch: /tmp/shapovalov_setfit_model_cache_1387365
{'embedding_loss': 0.392, 'grad_norm': 2.9009206295013428, 'learning_rate': 0.0, 'epoch': 0.01}
{'embedding_loss': 0.1519, 'grad_norm': 0.7957608699798584, 'learning_rate': 1.7685185185185187e-05, 'epoch': 0.62}
{'embedding_loss': 0.0202, 'grad_norm': 0.2933466136455536, 'learning_rate': 1.3055555555555557e-05, 'epoch': 1.25}
{'embedding_loss': 0.0054, 'grad_norm': 0.05235496535897255, 'learning_rate': 8.425925925925926e-06, 'epoch': 1.88}
{'embedding_loss': 0.0011, 'grad_norm': 0.017965003848075867, 'learning_rate': 3.796296296296297e-06, 'epoch': 2.5}
{'train_runtime': 190.7031, 'train_samples_per_second': 20.136, 'train_steps_per_second': 1.259, 'train_loss': 0.03831217631231994, 'epoch': 3.0}

🔍 Evaluation Metrics
----------------------------------------
📊 Label Distribution:
  Label Not Data Journalism: 13
  Label Data Journalism: 4
  Label Half Data Journalism: 3

✅ Overall Metrics:
  Accuracy : 0.7000
  Precision: 0.5971
  Recall   : 0.7000
  F1       : 0.6300

🧩 Confusion Matrix:
  [1, 1, 2]
  [1, 0, 2]
  [0, 0, 13]

📌 Per-Class Metrics:
  Class Data Journalism: TP=1, FP=1, FN=3, TN=15
  Class Half Data Journalism: TP=0, FP=1, FN=3, TN=16
  Class Not Data Journalism: TP=13, FP=4, FN=0, TN=3
----------------------------------------
Fold finished F1 Score: 0.77 None
Average VRAM usage: 5314.03 MB, Max VRAM usage: 21261.37 MB
Trial 93 completed with avg fold F1 score: 0.8101470085470087
Trial 94: {'num_iterations': 8, 'num_epochs': 3, 'batch_size': 16, 'head_lr': 1.705956926813452e-05}
Fold 1/5
Loading model from HPC local scratch: /tmp/shapovalov_setfit_model_cache_1387365
{'embedding_loss': 0.3451, 'grad_norm': 2.896070718765259, 'learning_rate': 0.0, 'epoch': 0.01}
{'embedding_loss': 0.1644, 'grad_norm': 0.5815149545669556, 'learning_rate': 1.7685185185185187e-05, 'epoch': 0.62}
{'embedding_loss': 0.0281, 'grad_norm': 0.13028492033481598, 'learning_rate': 1.3055555555555557e-05, 'epoch': 1.25}
{'embedding_loss': 0.0243, 'grad_norm': 0.2615799307823181, 'learning_rate': 8.425925925925926e-06, 'epoch': 1.88}
{'embedding_loss': 0.0111, 'grad_norm': 0.04009565711021423, 'learning_rate': 3.796296296296297e-06, 'epoch': 2.5}
{'train_runtime': 185.7196, 'train_samples_per_second': 20.676, 'train_steps_per_second': 1.292, 'train_loss': 0.04918667133897543, 'epoch': 3.0}

🔍 Evaluation Metrics
----------------------------------------
📊 Label Distribution:
  Label Data Journalism: 4
  Label Half Data Journalism: 2
  Label Not Data Journalism: 14

✅ Overall Metrics:
  Accuracy : 0.8000
  Precision: 0.8458
  Recall   : 0.8000
  F1       : 0.7733

🧩 Confusion Matrix:
  [1, 2, 1]
  [0, 1, 1]
  [0, 0, 14]

📌 Per-Class Metrics:
  Class Data Journalism: TP=1, FP=0, FN=3, TN=16
  Class Half Data Journalism: TP=1, FP=2, FN=1, TN=16
  Class Not Data Journalism: TP=14, FP=2, FN=0, TN=4
----------------------------------------
Fold finished F1 Score: 0.8266666666666668 None
Fold 2/5
Loading model from HPC local scratch: /tmp/shapovalov_setfit_model_cache_1387365
{'embedding_loss': 0.3706, 'grad_norm': 3.2043991088867188, 'learning_rate': 0.0, 'epoch': 0.01}
{'embedding_loss': 0.1545, 'grad_norm': 1.2442175149917603, 'learning_rate': 1.7685185185185187e-05, 'epoch': 0.62}
{'embedding_loss': 0.0344, 'grad_norm': 0.46935099363327026, 'learning_rate': 1.3055555555555557e-05, 'epoch': 1.25}
{'embedding_loss': 0.0249, 'grad_norm': 0.3180326819419861, 'learning_rate': 8.425925925925926e-06, 'epoch': 1.88}
{'embedding_loss': 0.0148, 'grad_norm': 0.37431642413139343, 'learning_rate': 3.796296296296297e-06, 'epoch': 2.5}
{'train_runtime': 187.2463, 'train_samples_per_second': 20.508, 'train_steps_per_second': 1.282, 'train_loss': 0.050162357091903684, 'epoch': 3.0}

🔍 Evaluation Metrics
----------------------------------------
📊 Label Distribution:
  Label Not Data Journalism: 14
  Label Data Journalism: 4
  Label Half Data Journalism: 2

✅ Overall Metrics:
  Accuracy : 0.8500
  Precision: 0.9000
  Recall   : 0.8500
  F1       : 0.8628

🧩 Confusion Matrix:
  [3, 1, 0]
  [0, 2, 0]
  [1, 1, 12]

📌 Per-Class Metrics:
  Class Data Journalism: TP=3, FP=1, FN=1, TN=15
  Class Half Data Journalism: TP=2, FP=2, FN=0, TN=16
  Class Not Data Journalism: TP=12, FP=0, FN=2, TN=6
----------------------------------------
Fold finished F1 Score: 0.8371794871794872 None
Fold 3/5
Loading model from HPC local scratch: /tmp/shapovalov_setfit_model_cache_1387365
{'embedding_loss': 0.3392, 'grad_norm': 2.816593647003174, 'learning_rate': 0.0, 'epoch': 0.01}
{'embedding_loss': 0.1533, 'grad_norm': 1.4565742015838623, 'learning_rate': 1.7685185185185187e-05, 'epoch': 0.62}
{'embedding_loss': 0.0301, 'grad_norm': 0.028422463685274124, 'learning_rate': 1.3055555555555557e-05, 'epoch': 1.25}
{'embedding_loss': 0.0152, 'grad_norm': 0.12420788407325745, 'learning_rate': 8.425925925925926e-06, 'epoch': 1.88}
{'embedding_loss': 0.0075, 'grad_norm': 0.08529823273420334, 'learning_rate': 3.796296296296297e-06, 'epoch': 2.5}
{'train_runtime': 189.073, 'train_samples_per_second': 20.31, 'train_steps_per_second': 1.269, 'train_loss': 0.04420492397621274, 'epoch': 3.0}

🔍 Evaluation Metrics
----------------------------------------
📊 Label Distribution:
  Label Not Data Journalism: 13
  Label Half Data Journalism: 2
  Label Data Journalism: 5

✅ Overall Metrics:
  Accuracy : 0.8000
  Precision: 0.8708
  Recall   : 0.8000
  F1       : 0.8276

🧩 Confusion Matrix:
  [4, 1, 0]
  [0, 1, 1]
  [0, 2, 11]

📌 Per-Class Metrics:
  Class Data Journalism: TP=4, FP=0, FN=1, TN=15
  Class Half Data Journalism: TP=1, FP=3, FN=1, TN=15
  Class Not Data Journalism: TP=11, FP=1, FN=2, TN=6
----------------------------------------
Fold finished F1 Score: 0.7724444444444444 None
Fold 4/5
Loading model from HPC local scratch: /tmp/shapovalov_setfit_model_cache_1387365
{'embedding_loss': 0.2864, 'grad_norm': 2.9529924392700195, 'learning_rate': 0.0, 'epoch': 0.01}
{'embedding_loss': 0.1543, 'grad_norm': 0.8335371017456055, 'learning_rate': 1.7685185185185187e-05, 'epoch': 0.62}
{'embedding_loss': 0.0251, 'grad_norm': 0.09787995368242264, 'learning_rate': 1.3055555555555557e-05, 'epoch': 1.25}
{'embedding_loss': 0.0106, 'grad_norm': 1.250091791152954, 'learning_rate': 8.425925925925926e-06, 'epoch': 1.88}
{'embedding_loss': 0.002, 'grad_norm': 0.3062531054019928, 'learning_rate': 3.796296296296297e-06, 'epoch': 2.5}
{'train_runtime': 187.6282, 'train_samples_per_second': 20.466, 'train_steps_per_second': 1.279, 'train_loss': 0.04092647215972344, 'epoch': 3.0}

🔍 Evaluation Metrics
----------------------------------------
📊 Label Distribution:
  Label Not Data Journalism: 13
  Label Data Journalism: 4
  Label Half Data Journalism: 3

✅ Overall Metrics:
  Accuracy : 0.8000
  Precision: 0.7171
  Recall   : 0.8000
  F1       : 0.7556

🧩 Confusion Matrix:
  [4, 0, 0]
  [1, 0, 2]
  [0, 1, 12]

📌 Per-Class Metrics:
  Class Data Journalism: TP=4, FP=1, FN=0, TN=15
  Class Half Data Journalism: TP=0, FP=1, FN=3, TN=16
  Class Not Data Journalism: TP=12, FP=2, FN=1, TN=5
----------------------------------------
Fold finished F1 Score: 0.8444444444444443 None
Fold 5/5
Loading model from HPC local scratch: /tmp/shapovalov_setfit_model_cache_1387365
{'embedding_loss': 0.392, 'grad_norm': 2.9009206295013428, 'learning_rate': 0.0, 'epoch': 0.01}
{'embedding_loss': 0.1519, 'grad_norm': 0.7957608699798584, 'learning_rate': 1.7685185185185187e-05, 'epoch': 0.62}
{'embedding_loss': 0.0202, 'grad_norm': 0.2933466136455536, 'learning_rate': 1.3055555555555557e-05, 'epoch': 1.25}
{'embedding_loss': 0.0054, 'grad_norm': 0.05235496535897255, 'learning_rate': 8.425925925925926e-06, 'epoch': 1.88}
{'embedding_loss': 0.0011, 'grad_norm': 0.017965003848075867, 'learning_rate': 3.796296296296297e-06, 'epoch': 2.5}
{'train_runtime': 189.2117, 'train_samples_per_second': 20.295, 'train_steps_per_second': 1.268, 'train_loss': 0.03831217631231994, 'epoch': 3.0}

🔍 Evaluation Metrics
----------------------------------------
📊 Label Distribution:
  Label Not Data Journalism: 13
  Label Data Journalism: 4
  Label Half Data Journalism: 3

✅ Overall Metrics:
  Accuracy : 0.7000
  Precision: 0.5971
  Recall   : 0.7000
  F1       : 0.6300

🧩 Confusion Matrix:
  [1, 1, 2]
  [1, 0, 2]
  [0, 0, 13]

📌 Per-Class Metrics:
  Class Data Journalism: TP=1, FP=1, FN=3, TN=15
  Class Half Data Journalism: TP=0, FP=1, FN=3, TN=16
  Class Not Data Journalism: TP=13, FP=4, FN=0, TN=3
----------------------------------------
Fold finished F1 Score: 0.77 None
Average VRAM usage: 5010.06 MB, Max VRAM usage: 21287.88 MB
Trial 94 completed with avg fold F1 score: 0.8101470085470087
Trial 95: {'num_iterations': 8, 'num_epochs': 3, 'batch_size': 16, 'head_lr': 4.3739861234565315e-05}
Fold 1/5
Loading model from HPC local scratch: /tmp/shapovalov_setfit_model_cache_1387365
{'embedding_loss': 0.3451, 'grad_norm': 2.896070718765259, 'learning_rate': 0.0, 'epoch': 0.01}
{'embedding_loss': 0.1644, 'grad_norm': 0.5815149545669556, 'learning_rate': 1.7685185185185187e-05, 'epoch': 0.62}
{'embedding_loss': 0.0281, 'grad_norm': 0.13028492033481598, 'learning_rate': 1.3055555555555557e-05, 'epoch': 1.25}
{'embedding_loss': 0.0243, 'grad_norm': 0.2615799307823181, 'learning_rate': 8.425925925925926e-06, 'epoch': 1.88}
{'embedding_loss': 0.0111, 'grad_norm': 0.04009565711021423, 'learning_rate': 3.796296296296297e-06, 'epoch': 2.5}
{'train_runtime': 185.9828, 'train_samples_per_second': 20.647, 'train_steps_per_second': 1.29, 'train_loss': 0.04918667133897543, 'epoch': 3.0}

🔍 Evaluation Metrics
----------------------------------------
📊 Label Distribution:
  Label Data Journalism: 4
  Label Half Data Journalism: 2
  Label Not Data Journalism: 14

✅ Overall Metrics:
  Accuracy : 0.8000
  Precision: 0.8458
  Recall   : 0.8000
  F1       : 0.7733

🧩 Confusion Matrix:
  [1, 2, 1]
  [0, 1, 1]
  [0, 0, 14]

📌 Per-Class Metrics:
  Class Data Journalism: TP=1, FP=0, FN=3, TN=16
  Class Half Data Journalism: TP=1, FP=2, FN=1, TN=16
  Class Not Data Journalism: TP=14, FP=2, FN=0, TN=4
----------------------------------------
Fold finished F1 Score: 0.8266666666666668 None
Fold 2/5
Loading model from HPC local scratch: /tmp/shapovalov_setfit_model_cache_1387365
{'embedding_loss': 0.3706, 'grad_norm': 3.2043991088867188, 'learning_rate': 0.0, 'epoch': 0.01}
{'embedding_loss': 0.1545, 'grad_norm': 1.2442175149917603, 'learning_rate': 1.7685185185185187e-05, 'epoch': 0.62}
{'embedding_loss': 0.0344, 'grad_norm': 0.46935099363327026, 'learning_rate': 1.3055555555555557e-05, 'epoch': 1.25}
{'embedding_loss': 0.0249, 'grad_norm': 0.3180326819419861, 'learning_rate': 8.425925925925926e-06, 'epoch': 1.88}
{'embedding_loss': 0.0148, 'grad_norm': 0.37431642413139343, 'learning_rate': 3.796296296296297e-06, 'epoch': 2.5}
{'train_runtime': 186.7837, 'train_samples_per_second': 20.559, 'train_steps_per_second': 1.285, 'train_loss': 0.050162357091903684, 'epoch': 3.0}

🔍 Evaluation Metrics
----------------------------------------
📊 Label Distribution:
  Label Not Data Journalism: 14
  Label Data Journalism: 4
  Label Half Data Journalism: 2

✅ Overall Metrics:
  Accuracy : 0.8500
  Precision: 0.9000
  Recall   : 0.8500
  F1       : 0.8628

🧩 Confusion Matrix:
  [3, 1, 0]
  [0, 2, 0]
  [1, 1, 12]

📌 Per-Class Metrics:
  Class Data Journalism: TP=3, FP=1, FN=1, TN=15
  Class Half Data Journalism: TP=2, FP=2, FN=0, TN=16
  Class Not Data Journalism: TP=12, FP=0, FN=2, TN=6
----------------------------------------
Fold finished F1 Score: 0.8371794871794872 None
Fold 3/5
Loading model from HPC local scratch: /tmp/shapovalov_setfit_model_cache_1387365
{'embedding_loss': 0.3392, 'grad_norm': 2.816593647003174, 'learning_rate': 0.0, 'epoch': 0.01}
{'embedding_loss': 0.1533, 'grad_norm': 1.4565742015838623, 'learning_rate': 1.7685185185185187e-05, 'epoch': 0.62}
{'embedding_loss': 0.0301, 'grad_norm': 0.028422463685274124, 'learning_rate': 1.3055555555555557e-05, 'epoch': 1.25}
{'embedding_loss': 0.0152, 'grad_norm': 0.12420788407325745, 'learning_rate': 8.425925925925926e-06, 'epoch': 1.88}
{'embedding_loss': 0.0075, 'grad_norm': 0.08529823273420334, 'learning_rate': 3.796296296296297e-06, 'epoch': 2.5}
{'train_runtime': 188.765, 'train_samples_per_second': 20.343, 'train_steps_per_second': 1.271, 'train_loss': 0.04420492397621274, 'epoch': 3.0}

🔍 Evaluation Metrics
----------------------------------------
📊 Label Distribution:
  Label Not Data Journalism: 13
  Label Half Data Journalism: 2
  Label Data Journalism: 5

✅ Overall Metrics:
  Accuracy : 0.8000
  Precision: 0.8708
  Recall   : 0.8000
  F1       : 0.8276

🧩 Confusion Matrix:
  [4, 1, 0]
  [0, 1, 1]
  [0, 2, 11]

📌 Per-Class Metrics:
  Class Data Journalism: TP=4, FP=0, FN=1, TN=15
  Class Half Data Journalism: TP=1, FP=3, FN=1, TN=15
  Class Not Data Journalism: TP=11, FP=1, FN=2, TN=6
----------------------------------------
Fold finished F1 Score: 0.7724444444444444 None
Fold 4/5
Loading model from HPC local scratch: /tmp/shapovalov_setfit_model_cache_1387365
{'embedding_loss': 0.2864, 'grad_norm': 2.9529924392700195, 'learning_rate': 0.0, 'epoch': 0.01}
{'embedding_loss': 0.1543, 'grad_norm': 0.8335371017456055, 'learning_rate': 1.7685185185185187e-05, 'epoch': 0.62}
{'embedding_loss': 0.0251, 'grad_norm': 0.09787995368242264, 'learning_rate': 1.3055555555555557e-05, 'epoch': 1.25}
{'embedding_loss': 0.0106, 'grad_norm': 1.250091791152954, 'learning_rate': 8.425925925925926e-06, 'epoch': 1.88}
{'embedding_loss': 0.002, 'grad_norm': 0.3062531054019928, 'learning_rate': 3.796296296296297e-06, 'epoch': 2.5}
{'train_runtime': 188.7751, 'train_samples_per_second': 20.342, 'train_steps_per_second': 1.271, 'train_loss': 0.04092647215972344, 'epoch': 3.0}

🔍 Evaluation Metrics
----------------------------------------
📊 Label Distribution:
  Label Not Data Journalism: 13
  Label Data Journalism: 4
  Label Half Data Journalism: 3

✅ Overall Metrics:
  Accuracy : 0.8000
  Precision: 0.7171
  Recall   : 0.8000
  F1       : 0.7556

🧩 Confusion Matrix:
  [4, 0, 0]
  [1, 0, 2]
  [0, 1, 12]

📌 Per-Class Metrics:
  Class Data Journalism: TP=4, FP=1, FN=0, TN=15
  Class Half Data Journalism: TP=0, FP=1, FN=3, TN=16
  Class Not Data Journalism: TP=12, FP=2, FN=1, TN=5
----------------------------------------
Fold finished F1 Score: 0.8444444444444443 None
Fold 5/5
Loading model from HPC local scratch: /tmp/shapovalov_setfit_model_cache_1387365
{'embedding_loss': 0.392, 'grad_norm': 2.9009206295013428, 'learning_rate': 0.0, 'epoch': 0.01}
{'embedding_loss': 0.1519, 'grad_norm': 0.7957608699798584, 'learning_rate': 1.7685185185185187e-05, 'epoch': 0.62}
{'embedding_loss': 0.0202, 'grad_norm': 0.2933466136455536, 'learning_rate': 1.3055555555555557e-05, 'epoch': 1.25}
{'embedding_loss': 0.0054, 'grad_norm': 0.05235496535897255, 'learning_rate': 8.425925925925926e-06, 'epoch': 1.88}
{'embedding_loss': 0.0011, 'grad_norm': 0.017965003848075867, 'learning_rate': 3.796296296296297e-06, 'epoch': 2.5}
{'train_runtime': 188.7026, 'train_samples_per_second': 20.349, 'train_steps_per_second': 1.272, 'train_loss': 0.03831217631231994, 'epoch': 3.0}

🔍 Evaluation Metrics
----------------------------------------
📊 Label Distribution:
  Label Not Data Journalism: 13
  Label Data Journalism: 4
  Label Half Data Journalism: 3

✅ Overall Metrics:
  Accuracy : 0.7000
  Precision: 0.5971
  Recall   : 0.7000
  F1       : 0.6300

🧩 Confusion Matrix:
  [1, 1, 2]
  [1, 0, 2]
  [0, 0, 13]

📌 Per-Class Metrics:
  Class Data Journalism: TP=1, FP=1, FN=3, TN=15
  Class Half Data Journalism: TP=0, FP=1, FN=3, TN=16
  Class Not Data Journalism: TP=13, FP=4, FN=0, TN=3
----------------------------------------
Fold finished F1 Score: 0.77 None
Average VRAM usage: 4933.80 MB, Max VRAM usage: 14168.73 MB
Trial 95 completed with avg fold F1 score: 0.8101470085470087
Trial 96: {'num_iterations': 8, 'num_epochs': 3, 'batch_size': 16, 'head_lr': 2.7670769707196262e-05}
Fold 1/5
Loading model from HPC local scratch: /tmp/shapovalov_setfit_model_cache_1387365
{'embedding_loss': 0.3451, 'grad_norm': 2.896070718765259, 'learning_rate': 0.0, 'epoch': 0.01}
{'embedding_loss': 0.1644, 'grad_norm': 0.5815149545669556, 'learning_rate': 1.7685185185185187e-05, 'epoch': 0.62}
{'embedding_loss': 0.0281, 'grad_norm': 0.13028492033481598, 'learning_rate': 1.3055555555555557e-05, 'epoch': 1.25}
{'embedding_loss': 0.0243, 'grad_norm': 0.2615799307823181, 'learning_rate': 8.425925925925926e-06, 'epoch': 1.88}
{'embedding_loss': 0.0111, 'grad_norm': 0.04009565711021423, 'learning_rate': 3.796296296296297e-06, 'epoch': 2.5}
{'train_runtime': 185.8636, 'train_samples_per_second': 20.66, 'train_steps_per_second': 1.291, 'train_loss': 0.04918667133897543, 'epoch': 3.0}

🔍 Evaluation Metrics
----------------------------------------
📊 Label Distribution:
  Label Data Journalism: 4
  Label Half Data Journalism: 2
  Label Not Data Journalism: 14

✅ Overall Metrics:
  Accuracy : 0.8000
  Precision: 0.8458
  Recall   : 0.8000
  F1       : 0.7733

🧩 Confusion Matrix:
  [1, 2, 1]
  [0, 1, 1]
  [0, 0, 14]

📌 Per-Class Metrics:
  Class Data Journalism: TP=1, FP=0, FN=3, TN=16
  Class Half Data Journalism: TP=1, FP=2, FN=1, TN=16
  Class Not Data Journalism: TP=14, FP=2, FN=0, TN=4
----------------------------------------
Fold finished F1 Score: 0.8266666666666668 None
Fold 2/5
Loading model from HPC local scratch: /tmp/shapovalov_setfit_model_cache_1387365
{'embedding_loss': 0.3706, 'grad_norm': 3.2043991088867188, 'learning_rate': 0.0, 'epoch': 0.01}
{'embedding_loss': 0.1545, 'grad_norm': 1.2442175149917603, 'learning_rate': 1.7685185185185187e-05, 'epoch': 0.62}
{'embedding_loss': 0.0344, 'grad_norm': 0.46935099363327026, 'learning_rate': 1.3055555555555557e-05, 'epoch': 1.25}
{'embedding_loss': 0.0249, 'grad_norm': 0.3180326819419861, 'learning_rate': 8.425925925925926e-06, 'epoch': 1.88}
{'embedding_loss': 0.0148, 'grad_norm': 0.37431642413139343, 'learning_rate': 3.796296296296297e-06, 'epoch': 2.5}
{'train_runtime': 187.2983, 'train_samples_per_second': 20.502, 'train_steps_per_second': 1.281, 'train_loss': 0.050162357091903684, 'epoch': 3.0}

🔍 Evaluation Metrics
----------------------------------------
📊 Label Distribution:
  Label Not Data Journalism: 14
  Label Data Journalism: 4
  Label Half Data Journalism: 2

✅ Overall Metrics:
  Accuracy : 0.8500
  Precision: 0.9000
  Recall   : 0.8500
  F1       : 0.8628

🧩 Confusion Matrix:
  [3, 1, 0]
  [0, 2, 0]
  [1, 1, 12]

📌 Per-Class Metrics:
  Class Data Journalism: TP=3, FP=1, FN=1, TN=15
  Class Half Data Journalism: TP=2, FP=2, FN=0, TN=16
  Class Not Data Journalism: TP=12, FP=0, FN=2, TN=6
----------------------------------------
Fold finished F1 Score: 0.8371794871794872 None
Fold 3/5
Loading model from HPC local scratch: /tmp/shapovalov_setfit_model_cache_1387365
{'embedding_loss': 0.3392, 'grad_norm': 2.816593647003174, 'learning_rate': 0.0, 'epoch': 0.01}
{'embedding_loss': 0.1533, 'grad_norm': 1.4565742015838623, 'learning_rate': 1.7685185185185187e-05, 'epoch': 0.62}
{'embedding_loss': 0.0301, 'grad_norm': 0.028422463685274124, 'learning_rate': 1.3055555555555557e-05, 'epoch': 1.25}
{'embedding_loss': 0.0152, 'grad_norm': 0.12420788407325745, 'learning_rate': 8.425925925925926e-06, 'epoch': 1.88}
{'embedding_loss': 0.0075, 'grad_norm': 0.08529823273420334, 'learning_rate': 3.796296296296297e-06, 'epoch': 2.5}
{'train_runtime': 187.8348, 'train_samples_per_second': 20.443, 'train_steps_per_second': 1.278, 'train_loss': 0.04420492397621274, 'epoch': 3.0}

🔍 Evaluation Metrics
----------------------------------------
📊 Label Distribution:
  Label Not Data Journalism: 13
  Label Half Data Journalism: 2
  Label Data Journalism: 5

✅ Overall Metrics:
  Accuracy : 0.8000
  Precision: 0.8708
  Recall   : 0.8000
  F1       : 0.8276

🧩 Confusion Matrix:
  [4, 1, 0]
  [0, 1, 1]
  [0, 2, 11]

📌 Per-Class Metrics:
  Class Data Journalism: TP=4, FP=0, FN=1, TN=15
  Class Half Data Journalism: TP=1, FP=3, FN=1, TN=15
  Class Not Data Journalism: TP=11, FP=1, FN=2, TN=6
----------------------------------------
Fold finished F1 Score: 0.7724444444444444 None
Fold 4/5
Loading model from HPC local scratch: /tmp/shapovalov_setfit_model_cache_1387365
{'embedding_loss': 0.2864, 'grad_norm': 2.9529924392700195, 'learning_rate': 0.0, 'epoch': 0.01}
{'embedding_loss': 0.1543, 'grad_norm': 0.8335371017456055, 'learning_rate': 1.7685185185185187e-05, 'epoch': 0.62}
{'embedding_loss': 0.0251, 'grad_norm': 0.09787995368242264, 'learning_rate': 1.3055555555555557e-05, 'epoch': 1.25}
{'embedding_loss': 0.0106, 'grad_norm': 1.250091791152954, 'learning_rate': 8.425925925925926e-06, 'epoch': 1.88}
{'embedding_loss': 0.002, 'grad_norm': 0.3062531054019928, 'learning_rate': 3.796296296296297e-06, 'epoch': 2.5}
{'train_runtime': 188.2415, 'train_samples_per_second': 20.399, 'train_steps_per_second': 1.275, 'train_loss': 0.04092647215972344, 'epoch': 3.0}

🔍 Evaluation Metrics
----------------------------------------
📊 Label Distribution:
  Label Not Data Journalism: 13
  Label Data Journalism: 4
  Label Half Data Journalism: 3

✅ Overall Metrics:
  Accuracy : 0.8000
  Precision: 0.7171
  Recall   : 0.8000
  F1       : 0.7556

🧩 Confusion Matrix:
  [4, 0, 0]
  [1, 0, 2]
  [0, 1, 12]

📌 Per-Class Metrics:
  Class Data Journalism: TP=4, FP=1, FN=0, TN=15
  Class Half Data Journalism: TP=0, FP=1, FN=3, TN=16
  Class Not Data Journalism: TP=12, FP=2, FN=1, TN=5
----------------------------------------
Fold finished F1 Score: 0.8444444444444443 None
Fold 5/5
Loading model from HPC local scratch: /tmp/shapovalov_setfit_model_cache_1387365
{'embedding_loss': 0.392, 'grad_norm': 2.9009206295013428, 'learning_rate': 0.0, 'epoch': 0.01}
{'embedding_loss': 0.1519, 'grad_norm': 0.7957608699798584, 'learning_rate': 1.7685185185185187e-05, 'epoch': 0.62}
{'embedding_loss': 0.0202, 'grad_norm': 0.2933466136455536, 'learning_rate': 1.3055555555555557e-05, 'epoch': 1.25}
{'embedding_loss': 0.0054, 'grad_norm': 0.05235496535897255, 'learning_rate': 8.425925925925926e-06, 'epoch': 1.88}
{'embedding_loss': 0.0011, 'grad_norm': 0.017965003848075867, 'learning_rate': 3.796296296296297e-06, 'epoch': 2.5}
{'train_runtime': 189.1904, 'train_samples_per_second': 20.297, 'train_steps_per_second': 1.269, 'train_loss': 0.03831217631231994, 'epoch': 3.0}

🔍 Evaluation Metrics
----------------------------------------
📊 Label Distribution:
  Label Not Data Journalism: 13
  Label Data Journalism: 4
  Label Half Data Journalism: 3

✅ Overall Metrics:
  Accuracy : 0.7000
  Precision: 0.5971
  Recall   : 0.7000
  F1       : 0.6300

🧩 Confusion Matrix:
  [1, 1, 2]
  [1, 0, 2]
  [0, 0, 13]

📌 Per-Class Metrics:
  Class Data Journalism: TP=1, FP=1, FN=3, TN=15
  Class Half Data Journalism: TP=0, FP=1, FN=3, TN=16
  Class Not Data Journalism: TP=13, FP=4, FN=0, TN=3
----------------------------------------
Fold finished F1 Score: 0.77 None
Average VRAM usage: 5251.11 MB, Max VRAM usage: 20771.60 MB
Trial 96 completed with avg fold F1 score: 0.8101470085470087
Trial 97: {'num_iterations': 8, 'num_epochs': 3, 'batch_size': 16, 'head_lr': 1.626486628195255e-05}
Fold 1/5
Loading model from HPC local scratch: /tmp/shapovalov_setfit_model_cache_1387365
{'embedding_loss': 0.3451, 'grad_norm': 2.896070718765259, 'learning_rate': 0.0, 'epoch': 0.01}
{'embedding_loss': 0.1644, 'grad_norm': 0.5815149545669556, 'learning_rate': 1.7685185185185187e-05, 'epoch': 0.62}
{'embedding_loss': 0.0281, 'grad_norm': 0.13028492033481598, 'learning_rate': 1.3055555555555557e-05, 'epoch': 1.25}
{'embedding_loss': 0.0243, 'grad_norm': 0.2615799307823181, 'learning_rate': 8.425925925925926e-06, 'epoch': 1.88}
{'embedding_loss': 0.0111, 'grad_norm': 0.04009565711021423, 'learning_rate': 3.796296296296297e-06, 'epoch': 2.5}
{'train_runtime': 185.6217, 'train_samples_per_second': 20.687, 'train_steps_per_second': 1.293, 'train_loss': 0.04918667133897543, 'epoch': 3.0}

🔍 Evaluation Metrics
----------------------------------------
📊 Label Distribution:
  Label Data Journalism: 4
  Label Half Data Journalism: 2
  Label Not Data Journalism: 14

✅ Overall Metrics:
  Accuracy : 0.8000
  Precision: 0.8458
  Recall   : 0.8000
  F1       : 0.7733

🧩 Confusion Matrix:
  [1, 2, 1]
  [0, 1, 1]
  [0, 0, 14]

📌 Per-Class Metrics:
  Class Data Journalism: TP=1, FP=0, FN=3, TN=16
  Class Half Data Journalism: TP=1, FP=2, FN=1, TN=16
  Class Not Data Journalism: TP=14, FP=2, FN=0, TN=4
----------------------------------------
Fold finished F1 Score: 0.8266666666666668 None
Fold 2/5
Loading model from HPC local scratch: /tmp/shapovalov_setfit_model_cache_1387365
{'embedding_loss': 0.3706, 'grad_norm': 3.2043991088867188, 'learning_rate': 0.0, 'epoch': 0.01}
{'embedding_loss': 0.1545, 'grad_norm': 1.2442175149917603, 'learning_rate': 1.7685185185185187e-05, 'epoch': 0.62}
{'embedding_loss': 0.0344, 'grad_norm': 0.46935099363327026, 'learning_rate': 1.3055555555555557e-05, 'epoch': 1.25}
{'embedding_loss': 0.0249, 'grad_norm': 0.3180326819419861, 'learning_rate': 8.425925925925926e-06, 'epoch': 1.88}
{'embedding_loss': 0.0148, 'grad_norm': 0.37431642413139343, 'learning_rate': 3.796296296296297e-06, 'epoch': 2.5}
{'train_runtime': 187.2002, 'train_samples_per_second': 20.513, 'train_steps_per_second': 1.282, 'train_loss': 0.050162357091903684, 'epoch': 3.0}

🔍 Evaluation Metrics
----------------------------------------
📊 Label Distribution:
  Label Not Data Journalism: 14
  Label Data Journalism: 4
  Label Half Data Journalism: 2

✅ Overall Metrics:
  Accuracy : 0.8500
  Precision: 0.9000
  Recall   : 0.8500
  F1       : 0.8628

🧩 Confusion Matrix:
  [3, 1, 0]
  [0, 2, 0]
  [1, 1, 12]

📌 Per-Class Metrics:
  Class Data Journalism: TP=3, FP=1, FN=1, TN=15
  Class Half Data Journalism: TP=2, FP=2, FN=0, TN=16
  Class Not Data Journalism: TP=12, FP=0, FN=2, TN=6
----------------------------------------
Fold finished F1 Score: 0.8371794871794872 None
Fold 3/5
Loading model from HPC local scratch: /tmp/shapovalov_setfit_model_cache_1387365
{'embedding_loss': 0.3392, 'grad_norm': 2.816593647003174, 'learning_rate': 0.0, 'epoch': 0.01}
{'embedding_loss': 0.1533, 'grad_norm': 1.4565742015838623, 'learning_rate': 1.7685185185185187e-05, 'epoch': 0.62}
{'embedding_loss': 0.0301, 'grad_norm': 0.028422463685274124, 'learning_rate': 1.3055555555555557e-05, 'epoch': 1.25}
{'embedding_loss': 0.0152, 'grad_norm': 0.12420788407325745, 'learning_rate': 8.425925925925926e-06, 'epoch': 1.88}
{'embedding_loss': 0.0075, 'grad_norm': 0.08529823273420334, 'learning_rate': 3.796296296296297e-06, 'epoch': 2.5}
{'train_runtime': 188.0236, 'train_samples_per_second': 20.423, 'train_steps_per_second': 1.276, 'train_loss': 0.04420492397621274, 'epoch': 3.0}

🔍 Evaluation Metrics
----------------------------------------
📊 Label Distribution:
  Label Not Data Journalism: 13
  Label Half Data Journalism: 2
  Label Data Journalism: 5

✅ Overall Metrics:
  Accuracy : 0.8000
  Precision: 0.8708
  Recall   : 0.8000
  F1       : 0.8276

🧩 Confusion Matrix:
  [4, 1, 0]
  [0, 1, 1]
  [0, 2, 11]

📌 Per-Class Metrics:
  Class Data Journalism: TP=4, FP=0, FN=1, TN=15
  Class Half Data Journalism: TP=1, FP=3, FN=1, TN=15
  Class Not Data Journalism: TP=11, FP=1, FN=2, TN=6
----------------------------------------
Fold finished F1 Score: 0.7724444444444444 None
Fold 4/5
Loading model from HPC local scratch: /tmp/shapovalov_setfit_model_cache_1387365
{'embedding_loss': 0.2864, 'grad_norm': 2.9529924392700195, 'learning_rate': 0.0, 'epoch': 0.01}
{'embedding_loss': 0.1543, 'grad_norm': 0.8335371017456055, 'learning_rate': 1.7685185185185187e-05, 'epoch': 0.62}
{'embedding_loss': 0.0251, 'grad_norm': 0.09787995368242264, 'learning_rate': 1.3055555555555557e-05, 'epoch': 1.25}
{'embedding_loss': 0.0106, 'grad_norm': 1.250091791152954, 'learning_rate': 8.425925925925926e-06, 'epoch': 1.88}
{'embedding_loss': 0.002, 'grad_norm': 0.3062531054019928, 'learning_rate': 3.796296296296297e-06, 'epoch': 2.5}
{'train_runtime': 188.1463, 'train_samples_per_second': 20.41, 'train_steps_per_second': 1.276, 'train_loss': 0.04092647215972344, 'epoch': 3.0}

🔍 Evaluation Metrics
----------------------------------------
📊 Label Distribution:
  Label Not Data Journalism: 13
  Label Data Journalism: 4
  Label Half Data Journalism: 3

✅ Overall Metrics:
  Accuracy : 0.8000
  Precision: 0.7171
  Recall   : 0.8000
  F1       : 0.7556

🧩 Confusion Matrix:
  [4, 0, 0]
  [1, 0, 2]
  [0, 1, 12]

📌 Per-Class Metrics:
  Class Data Journalism: TP=4, FP=1, FN=0, TN=15
  Class Half Data Journalism: TP=0, FP=1, FN=3, TN=16
  Class Not Data Journalism: TP=12, FP=2, FN=1, TN=5
----------------------------------------
Fold finished F1 Score: 0.8444444444444443 None
Fold 5/5
Loading model from HPC local scratch: /tmp/shapovalov_setfit_model_cache_1387365
{'embedding_loss': 0.392, 'grad_norm': 2.9009206295013428, 'learning_rate': 0.0, 'epoch': 0.01}
{'embedding_loss': 0.1519, 'grad_norm': 0.7957608699798584, 'learning_rate': 1.7685185185185187e-05, 'epoch': 0.62}
{'embedding_loss': 0.0202, 'grad_norm': 0.2933466136455536, 'learning_rate': 1.3055555555555557e-05, 'epoch': 1.25}
{'embedding_loss': 0.0054, 'grad_norm': 0.05235496535897255, 'learning_rate': 8.425925925925926e-06, 'epoch': 1.88}
{'embedding_loss': 0.0011, 'grad_norm': 0.017965003848075867, 'learning_rate': 3.796296296296297e-06, 'epoch': 2.5}
{'train_runtime': 187.9479, 'train_samples_per_second': 20.431, 'train_steps_per_second': 1.277, 'train_loss': 0.03831217631231994, 'epoch': 3.0}

🔍 Evaluation Metrics
----------------------------------------
📊 Label Distribution:
  Label Not Data Journalism: 13
  Label Data Journalism: 4
  Label Half Data Journalism: 3

✅ Overall Metrics:
  Accuracy : 0.7000
  Precision: 0.5971
  Recall   : 0.7000
  F1       : 0.6300

🧩 Confusion Matrix:
  [1, 1, 2]
  [1, 0, 2]
  [0, 0, 13]

📌 Per-Class Metrics:
  Class Data Journalism: TP=1, FP=1, FN=3, TN=15
  Class Half Data Journalism: TP=0, FP=1, FN=3, TN=16
  Class Not Data Journalism: TP=13, FP=4, FN=0, TN=3
----------------------------------------
Fold finished F1 Score: 0.77 None
Average VRAM usage: 5430.28 MB, Max VRAM usage: 20769.34 MB
Trial 97 completed with avg fold F1 score: 0.8101470085470087
Trial 98: {'num_iterations': 8, 'num_epochs': 3, 'batch_size': 16, 'head_lr': 0.0013604685984194415}
Fold 1/5
Loading model from HPC local scratch: /tmp/shapovalov_setfit_model_cache_1387365
{'embedding_loss': 0.3451, 'grad_norm': 2.896070718765259, 'learning_rate': 0.0, 'epoch': 0.01}
{'embedding_loss': 0.1644, 'grad_norm': 0.5815149545669556, 'learning_rate': 1.7685185185185187e-05, 'epoch': 0.62}
{'embedding_loss': 0.0281, 'grad_norm': 0.13028492033481598, 'learning_rate': 1.3055555555555557e-05, 'epoch': 1.25}
{'embedding_loss': 0.0243, 'grad_norm': 0.2615799307823181, 'learning_rate': 8.425925925925926e-06, 'epoch': 1.88}
{'embedding_loss': 0.0111, 'grad_norm': 0.04009565711021423, 'learning_rate': 3.796296296296297e-06, 'epoch': 2.5}
{'train_runtime': 185.553, 'train_samples_per_second': 20.695, 'train_steps_per_second': 1.293, 'train_loss': 0.04918667133897543, 'epoch': 3.0}

🔍 Evaluation Metrics
----------------------------------------
📊 Label Distribution:
  Label Data Journalism: 4
  Label Half Data Journalism: 2
  Label Not Data Journalism: 14

✅ Overall Metrics:
  Accuracy : 0.8000
  Precision: 0.8458
  Recall   : 0.8000
  F1       : 0.7733

🧩 Confusion Matrix:
  [1, 2, 1]
  [0, 1, 1]
  [0, 0, 14]

📌 Per-Class Metrics:
  Class Data Journalism: TP=1, FP=0, FN=3, TN=16
  Class Half Data Journalism: TP=1, FP=2, FN=1, TN=16
  Class Not Data Journalism: TP=14, FP=2, FN=0, TN=4
----------------------------------------
Fold finished F1 Score: 0.8266666666666668 None
Fold 2/5
Loading model from HPC local scratch: /tmp/shapovalov_setfit_model_cache_1387365
{'embedding_loss': 0.3706, 'grad_norm': 3.2043991088867188, 'learning_rate': 0.0, 'epoch': 0.01}
{'embedding_loss': 0.1545, 'grad_norm': 1.2442175149917603, 'learning_rate': 1.7685185185185187e-05, 'epoch': 0.62}
{'embedding_loss': 0.0344, 'grad_norm': 0.46935099363327026, 'learning_rate': 1.3055555555555557e-05, 'epoch': 1.25}
{'embedding_loss': 0.0249, 'grad_norm': 0.3180326819419861, 'learning_rate': 8.425925925925926e-06, 'epoch': 1.88}
{'embedding_loss': 0.0148, 'grad_norm': 0.37431642413139343, 'learning_rate': 3.796296296296297e-06, 'epoch': 2.5}
{'train_runtime': 186.7734, 'train_samples_per_second': 20.56, 'train_steps_per_second': 1.285, 'train_loss': 0.050162357091903684, 'epoch': 3.0}

🔍 Evaluation Metrics
----------------------------------------
📊 Label Distribution:
  Label Not Data Journalism: 14
  Label Data Journalism: 4
  Label Half Data Journalism: 2

✅ Overall Metrics:
  Accuracy : 0.8500
  Precision: 0.9000
  Recall   : 0.8500
  F1       : 0.8628

🧩 Confusion Matrix:
  [3, 1, 0]
  [0, 2, 0]
  [1, 1, 12]

📌 Per-Class Metrics:
  Class Data Journalism: TP=3, FP=1, FN=1, TN=15
  Class Half Data Journalism: TP=2, FP=2, FN=0, TN=16
  Class Not Data Journalism: TP=12, FP=0, FN=2, TN=6
----------------------------------------
Fold finished F1 Score: 0.8371794871794872 None
Fold 3/5
Loading model from HPC local scratch: /tmp/shapovalov_setfit_model_cache_1387365
{'embedding_loss': 0.3392, 'grad_norm': 2.816593647003174, 'learning_rate': 0.0, 'epoch': 0.01}
{'embedding_loss': 0.1533, 'grad_norm': 1.4565742015838623, 'learning_rate': 1.7685185185185187e-05, 'epoch': 0.62}
{'embedding_loss': 0.0301, 'grad_norm': 0.028422463685274124, 'learning_rate': 1.3055555555555557e-05, 'epoch': 1.25}
{'embedding_loss': 0.0152, 'grad_norm': 0.12420788407325745, 'learning_rate': 8.425925925925926e-06, 'epoch': 1.88}
{'embedding_loss': 0.0075, 'grad_norm': 0.08529823273420334, 'learning_rate': 3.796296296296297e-06, 'epoch': 2.5}
{'train_runtime': 188.2915, 'train_samples_per_second': 20.394, 'train_steps_per_second': 1.275, 'train_loss': 0.04420492397621274, 'epoch': 3.0}

🔍 Evaluation Metrics
----------------------------------------
📊 Label Distribution:
  Label Not Data Journalism: 13
  Label Half Data Journalism: 2
  Label Data Journalism: 5

✅ Overall Metrics:
  Accuracy : 0.8000
  Precision: 0.8708
  Recall   : 0.8000
  F1       : 0.8276

🧩 Confusion Matrix:
  [4, 1, 0]
  [0, 1, 1]
  [0, 2, 11]

📌 Per-Class Metrics:
  Class Data Journalism: TP=4, FP=0, FN=1, TN=15
  Class Half Data Journalism: TP=1, FP=3, FN=1, TN=15
  Class Not Data Journalism: TP=11, FP=1, FN=2, TN=6
----------------------------------------
Fold finished F1 Score: 0.7724444444444444 None
Fold 4/5
Loading model from HPC local scratch: /tmp/shapovalov_setfit_model_cache_1387365
{'embedding_loss': 0.2864, 'grad_norm': 2.9529924392700195, 'learning_rate': 0.0, 'epoch': 0.01}
{'embedding_loss': 0.1543, 'grad_norm': 0.8335371017456055, 'learning_rate': 1.7685185185185187e-05, 'epoch': 0.62}
{'embedding_loss': 0.0251, 'grad_norm': 0.09787995368242264, 'learning_rate': 1.3055555555555557e-05, 'epoch': 1.25}
{'embedding_loss': 0.0106, 'grad_norm': 1.250091791152954, 'learning_rate': 8.425925925925926e-06, 'epoch': 1.88}
{'embedding_loss': 0.002, 'grad_norm': 0.3062531054019928, 'learning_rate': 3.796296296296297e-06, 'epoch': 2.5}
{'train_runtime': 188.331, 'train_samples_per_second': 20.39, 'train_steps_per_second': 1.274, 'train_loss': 0.04092647215972344, 'epoch': 3.0}

🔍 Evaluation Metrics
----------------------------------------
📊 Label Distribution:
  Label Not Data Journalism: 13
  Label Data Journalism: 4
  Label Half Data Journalism: 3

✅ Overall Metrics:
  Accuracy : 0.8000
  Precision: 0.7171
  Recall   : 0.8000
  F1       : 0.7556

🧩 Confusion Matrix:
  [4, 0, 0]
  [1, 0, 2]
  [0, 1, 12]

📌 Per-Class Metrics:
  Class Data Journalism: TP=4, FP=1, FN=0, TN=15
  Class Half Data Journalism: TP=0, FP=1, FN=3, TN=16
  Class Not Data Journalism: TP=12, FP=2, FN=1, TN=5
----------------------------------------
Fold finished F1 Score: 0.8444444444444443 None
Fold 5/5
Loading model from HPC local scratch: /tmp/shapovalov_setfit_model_cache_1387365
{'embedding_loss': 0.392, 'grad_norm': 2.9009206295013428, 'learning_rate': 0.0, 'epoch': 0.01}
{'embedding_loss': 0.1519, 'grad_norm': 0.7957608699798584, 'learning_rate': 1.7685185185185187e-05, 'epoch': 0.62}
{'embedding_loss': 0.0202, 'grad_norm': 0.2933466136455536, 'learning_rate': 1.3055555555555557e-05, 'epoch': 1.25}
{'embedding_loss': 0.0054, 'grad_norm': 0.05235496535897255, 'learning_rate': 8.425925925925926e-06, 'epoch': 1.88}
{'embedding_loss': 0.0011, 'grad_norm': 0.017965003848075867, 'learning_rate': 3.796296296296297e-06, 'epoch': 2.5}
{'train_runtime': 188.3918, 'train_samples_per_second': 20.383, 'train_steps_per_second': 1.274, 'train_loss': 0.03831217631231994, 'epoch': 3.0}

🔍 Evaluation Metrics
----------------------------------------
📊 Label Distribution:
  Label Not Data Journalism: 13
  Label Data Journalism: 4
  Label Half Data Journalism: 3

✅ Overall Metrics:
  Accuracy : 0.7000
  Precision: 0.5971
  Recall   : 0.7000
  F1       : 0.6300

🧩 Confusion Matrix:
  [1, 1, 2]
  [1, 0, 2]
  [0, 0, 13]

📌 Per-Class Metrics:
  Class Data Journalism: TP=1, FP=1, FN=3, TN=15
  Class Half Data Journalism: TP=0, FP=1, FN=3, TN=16
  Class Not Data Journalism: TP=13, FP=4, FN=0, TN=3
----------------------------------------
Fold finished F1 Score: 0.77 None
Average VRAM usage: 5071.57 MB, Max VRAM usage: 18055.11 MB
Trial 98 completed with avg fold F1 score: 0.8101470085470087
Trial 99: {'num_iterations': 7, 'num_epochs': 3, 'batch_size': 16, 'head_lr': 7.860422074209657e-05}
Fold 1/5
Loading model from HPC local scratch: /tmp/shapovalov_setfit_model_cache_1387365
{'embedding_loss': 0.3753, 'grad_norm': 3.523641347885132, 'learning_rate': 0.0, 'epoch': 0.01}
{'embedding_loss': 0.1579, 'grad_norm': 0.6305482387542725, 'learning_rate': 1.7037037037037038e-05, 'epoch': 0.71}
{'embedding_loss': 0.0345, 'grad_norm': 0.5553069710731506, 'learning_rate': 1.1746031746031748e-05, 'epoch': 1.43}
{'embedding_loss': 0.0216, 'grad_norm': 1.4073874950408936, 'learning_rate': 6.455026455026455e-06, 'epoch': 2.14}
{'embedding_loss': 0.0128, 'grad_norm': 0.54205721616745, 'learning_rate': 1.164021164021164e-06, 'epoch': 2.86}
{'train_runtime': 162.7362, 'train_samples_per_second': 20.647, 'train_steps_per_second': 1.29, 'train_loss': 0.055485513806343076, 'epoch': 3.0}

🔍 Evaluation Metrics
----------------------------------------
📊 Label Distribution:
  Label Data Journalism: 4
  Label Half Data Journalism: 2
  Label Not Data Journalism: 14

✅ Overall Metrics:
  Accuracy : 0.8500
  Precision: 0.8867
  Recall   : 0.8500
  F1       : 0.8492

🧩 Confusion Matrix:
  [2, 2, 0]
  [0, 1, 1]
  [0, 0, 14]

📌 Per-Class Metrics:
  Class Data Journalism: TP=2, FP=0, FN=2, TN=16
  Class Half Data Journalism: TP=1, FP=2, FN=1, TN=16
  Class Not Data Journalism: TP=14, FP=1, FN=0, TN=5
----------------------------------------
Fold finished F1 Score: 0.8508045977011495 None
Fold 2/5
Loading model from HPC local scratch: /tmp/shapovalov_setfit_model_cache_1387365
{'embedding_loss': 0.3604, 'grad_norm': 3.6940126419067383, 'learning_rate': 0.0, 'epoch': 0.01}
{'embedding_loss': 0.1515, 'grad_norm': 0.5727890729904175, 'learning_rate': 1.7037037037037038e-05, 'epoch': 0.71}
{'embedding_loss': 0.0323, 'grad_norm': 0.14159029722213745, 'learning_rate': 1.1746031746031748e-05, 'epoch': 1.43}
{'embedding_loss': 0.0234, 'grad_norm': 0.3818378448486328, 'learning_rate': 6.455026455026455e-06, 'epoch': 2.14}
{'embedding_loss': 0.0148, 'grad_norm': 0.9097439050674438, 'learning_rate': 1.164021164021164e-06, 'epoch': 2.86}
{'train_runtime': 163.4102, 'train_samples_per_second': 20.562, 'train_steps_per_second': 1.285, 'train_loss': 0.05471398929754893, 'epoch': 3.0}

🔍 Evaluation Metrics
----------------------------------------
📊 Label Distribution:
  Label Not Data Journalism: 14
  Label Data Journalism: 4
  Label Half Data Journalism: 2

✅ Overall Metrics:
  Accuracy : 0.7000
  Precision: 0.8286
  Recall   : 0.7000
  F1       : 0.7271

🧩 Confusion Matrix:
  [1, 3, 0]
  [0, 2, 0]
  [1, 2, 11]

📌 Per-Class Metrics:
  Class Data Journalism: TP=1, FP=1, FN=3, TN=15
  Class Half Data Journalism: TP=2, FP=5, FN=0, TN=13
  Class Not Data Journalism: TP=11, FP=0, FN=3, TN=6
----------------------------------------
Fold finished F1 Score: 0.6728888888888889 None
Fold 3/5
Loading model from HPC local scratch: /tmp/shapovalov_setfit_model_cache_1387365
{'embedding_loss': 0.3287, 'grad_norm': 3.3898487091064453, 'learning_rate': 0.0, 'epoch': 0.01}
{'embedding_loss': 0.1464, 'grad_norm': 1.0560283660888672, 'learning_rate': 1.7037037037037038e-05, 'epoch': 0.71}
{'embedding_loss': 0.0306, 'grad_norm': 0.1651388704776764, 'learning_rate': 1.1746031746031748e-05, 'epoch': 1.43}
{'embedding_loss': 0.0127, 'grad_norm': 0.5470564365386963, 'learning_rate': 6.455026455026455e-06, 'epoch': 2.14}
{'embedding_loss': 0.0052, 'grad_norm': 0.11787008494138718, 'learning_rate': 1.164021164021164e-06, 'epoch': 2.86}
{'train_runtime': 164.268, 'train_samples_per_second': 20.454, 'train_steps_per_second': 1.278, 'train_loss': 0.047756146923417134, 'epoch': 3.0}

🔍 Evaluation Metrics
----------------------------------------
📊 Label Distribution:
  Label Not Data Journalism: 13
  Label Half Data Journalism: 2
  Label Data Journalism: 5

✅ Overall Metrics:
  Accuracy : 0.8000
  Precision: 0.8708
  Recall   : 0.8000
  F1       : 0.8276

🧩 Confusion Matrix:
  [4, 1, 0]
  [0, 1, 1]
  [0, 2, 11]

📌 Per-Class Metrics:
  Class Data Journalism: TP=4, FP=0, FN=1, TN=15
  Class Half Data Journalism: TP=1, FP=3, FN=1, TN=15
  Class Not Data Journalism: TP=11, FP=1, FN=2, TN=6
----------------------------------------
Fold finished F1 Score: 0.7724444444444444 None
Fold 4/5
Loading model from HPC local scratch: /tmp/shapovalov_setfit_model_cache_1387365
{'embedding_loss': 0.4535, 'grad_norm': 3.461676836013794, 'learning_rate': 0.0, 'epoch': 0.01}
{'embedding_loss': 0.1508, 'grad_norm': 1.2352181673049927, 'learning_rate': 1.7037037037037038e-05, 'epoch': 0.71}
{'embedding_loss': 0.0211, 'grad_norm': 0.7159741520881653, 'learning_rate': 1.1746031746031748e-05, 'epoch': 1.43}
{'embedding_loss': 0.0079, 'grad_norm': 0.19666072726249695, 'learning_rate': 6.455026455026455e-06, 'epoch': 2.14}
{'embedding_loss': 0.0026, 'grad_norm': 0.04652692377567291, 'learning_rate': 1.164021164021164e-06, 'epoch': 2.86}
{'train_runtime': 165.9369, 'train_samples_per_second': 20.249, 'train_steps_per_second': 1.266, 'train_loss': 0.044979362855000156, 'epoch': 3.0}

🔍 Evaluation Metrics
----------------------------------------
📊 Label Distribution:
  Label Not Data Journalism: 13
  Label Data Journalism: 4
  Label Half Data Journalism: 3

✅ Overall Metrics:
  Accuracy : 0.8500
  Precision: 0.7233
  Recall   : 0.8500
  F1       : 0.7813

🧩 Confusion Matrix:
  [4, 0, 0]
  [1, 0, 2]
  [0, 0, 13]

📌 Per-Class Metrics:
  Class Data Journalism: TP=4, FP=1, FN=0, TN=15
  Class Half Data Journalism: TP=0, FP=0, FN=3, TN=17
  Class Not Data Journalism: TP=13, FP=2, FN=0, TN=5
----------------------------------------
Fold finished F1 Score: 0.9186507936507937 None
Fold 5/5
Loading model from HPC local scratch: /tmp/shapovalov_setfit_model_cache_1387365
{'embedding_loss': 0.4009, 'grad_norm': 3.7379493713378906, 'learning_rate': 0.0, 'epoch': 0.01}
{'embedding_loss': 0.1542, 'grad_norm': 1.0762884616851807, 'learning_rate': 1.7037037037037038e-05, 'epoch': 0.71}
{'embedding_loss': 0.0266, 'grad_norm': 0.048244230449199677, 'learning_rate': 1.1746031746031748e-05, 'epoch': 1.43}
{'embedding_loss': 0.0049, 'grad_norm': 0.013027084060013294, 'learning_rate': 6.455026455026455e-06, 'epoch': 2.14}
{'embedding_loss': 0.0023, 'grad_norm': 0.09483475983142853, 'learning_rate': 1.164021164021164e-06, 'epoch': 2.86}
{'train_runtime': 165.6405, 'train_samples_per_second': 20.285, 'train_steps_per_second': 1.268, 'train_loss': 0.04596453011922893, 'epoch': 3.0}

🔍 Evaluation Metrics
----------------------------------------
📊 Label Distribution:
  Label Not Data Journalism: 13
  Label Data Journalism: 4
  Label Half Data Journalism: 3

✅ Overall Metrics:
  Accuracy : 0.7000
  Precision: 0.5971
  Recall   : 0.7000
  F1       : 0.6300

🧩 Confusion Matrix:
  [1, 1, 2]
  [1, 0, 2]
  [0, 0, 13]

📌 Per-Class Metrics:
  Class Data Journalism: TP=1, FP=1, FN=3, TN=15
  Class Half Data Journalism: TP=0, FP=1, FN=3, TN=16
  Class Not Data Journalism: TP=13, FP=4, FN=0, TN=3
----------------------------------------
Fold finished F1 Score: 0.77 None
Average VRAM usage: 5477.80 MB, Max VRAM usage: 21258.00 MB
Trial 99 completed with avg fold F1 score: 0.7969577449370553


Best Trial Found 9:
FrozenTrial(number=9, state=1, values=[0.8101470085470087], datetime_start=datetime.datetime(2025, 10, 13, 19, 40, 54, 621502), datetime_complete=datetime.datetime(2025, 10, 13, 19, 56, 49, 802985), params={'num_iterations': 8, 'num_epochs': 3, 'batch_size': 16, 'head_learning_rate': 1.5339162591163613e-05}, user_attrs={}, system_attrs={}, intermediate_values={}, distributions={'num_iterations': IntDistribution(high=9, log=False, low=6, step=1), 'num_epochs': IntDistribution(high=4, log=False, low=2, step=1), 'batch_size': CategoricalDistribution(choices=(16,)), 'head_learning_rate': FloatDistribution(high=0.1, log=True, low=1e-05, step=None)}, trial_id=9, value=None)

Metrics: 

Fold 1 Metrics:

🔍 Evaluation Metrics
----------------------------------------
📊 Label Distribution:
  Label Data Journalism: 4
  Label Half Data Journalism: 2
  Label Not Data Journalism: 14

✅ Overall Metrics:
  Accuracy : 0.8000
  Precision: 0.8458
  Recall   : 0.8000
  F1       : 0.7733

🧩 Confusion Matrix:
  [1, 2, 1]
  [0, 1, 1]
  [0, 0, 14]

📌 Per-Class Metrics:
  Class Data Journalism: TP=1, FP=0, FN=3, TN=16
  Class Half Data Journalism: TP=1, FP=2, FN=1, TN=16
  Class Not Data Journalism: TP=14, FP=2, FN=0, TN=4
----------------------------------------

Fold 2 Metrics:

🔍 Evaluation Metrics
----------------------------------------
📊 Label Distribution:
  Label Not Data Journalism: 14
  Label Data Journalism: 4
  Label Half Data Journalism: 2

✅ Overall Metrics:
  Accuracy : 0.8500
  Precision: 0.9000
  Recall   : 0.8500
  F1       : 0.8628

🧩 Confusion Matrix:
  [3, 1, 0]
  [0, 2, 0]
  [1, 1, 12]

📌 Per-Class Metrics:
  Class Data Journalism: TP=3, FP=1, FN=1, TN=15
  Class Half Data Journalism: TP=2, FP=2, FN=0, TN=16
  Class Not Data Journalism: TP=12, FP=0, FN=2, TN=6
----------------------------------------

Fold 3 Metrics:

🔍 Evaluation Metrics
----------------------------------------
📊 Label Distribution:
  Label Not Data Journalism: 13
  Label Half Data Journalism: 2
  Label Data Journalism: 5

✅ Overall Metrics:
  Accuracy : 0.8000
  Precision: 0.8708
  Recall   : 0.8000
  F1       : 0.8276

🧩 Confusion Matrix:
  [4, 1, 0]
  [0, 1, 1]
  [0, 2, 11]

📌 Per-Class Metrics:
  Class Data Journalism: TP=4, FP=0, FN=1, TN=15
  Class Half Data Journalism: TP=1, FP=3, FN=1, TN=15
  Class Not Data Journalism: TP=11, FP=1, FN=2, TN=6
----------------------------------------

Fold 4 Metrics:

🔍 Evaluation Metrics
----------------------------------------
📊 Label Distribution:
  Label Not Data Journalism: 13
  Label Data Journalism: 4
  Label Half Data Journalism: 3

✅ Overall Metrics:
  Accuracy : 0.8000
  Precision: 0.7171
  Recall   : 0.8000
  F1       : 0.7556

🧩 Confusion Matrix:
  [4, 0, 0]
  [1, 0, 2]
  [0, 1, 12]

📌 Per-Class Metrics:
  Class Data Journalism: TP=4, FP=1, FN=0, TN=15
  Class Half Data Journalism: TP=0, FP=1, FN=3, TN=16
  Class Not Data Journalism: TP=12, FP=2, FN=1, TN=5
----------------------------------------

Fold 5 Metrics:

🔍 Evaluation Metrics
----------------------------------------
📊 Label Distribution:
  Label Not Data Journalism: 13
  Label Data Journalism: 4
  Label Half Data Journalism: 3

✅ Overall Metrics:
  Accuracy : 0.7000
  Precision: 0.5971
  Recall   : 0.7000
  F1       : 0.6300

🧩 Confusion Matrix:
  [1, 1, 2]
  [1, 0, 2]
  [0, 0, 13]

📌 Per-Class Metrics:
  Class Data Journalism: TP=1, FP=1, FN=3, TN=15
  Class Half Data Journalism: TP=0, FP=1, FN=3, TN=16
  Class Not Data Journalism: TP=13, FP=4, FN=0, TN=3
----------------------------------------
Cross validation completed.
Training final model on full dataset with optimal fold average parameters...
Loading model from HPC local scratch: /tmp/shapovalov_setfit_model_cache_1387365
{'embedding_loss': 0.4043, 'grad_norm': 3.6487672328948975, 'learning_rate': 0.0, 'epoch': 0.01}
{'embedding_loss': 0.1793, 'grad_norm': 2.020247220993042, 'learning_rate': 1.8592592592592592e-05, 'epoch': 0.5}
{'embedding_loss': 0.0371, 'grad_norm': 0.9260664582252502, 'learning_rate': 1.488888888888889e-05, 'epoch': 1.0}
Few_Shot_Training.py finished.
